sku,product_name,location,current_qty,unit_cost,supplier,recent_units,recent_revenue,avg_weekly_demand
SKU0583,Product 0583,Store A,510.0,0.0251,Supplier 64,1567.0,75.696,119.2283
SKU0583,Product 0583,Store B,354.0,0.0251,Supplier 64,1348.0,57.519,102.5652
SKU0883,Product 0883,Store B,168.0,0.0706,Multiple suppliers,931.0,141.6395,70.837
SKU0583,Product 0583,Store C,1187.0,0.0251,Supplier 64,736.0,39.342,56.0
SKU0189,Product 0189,Store A,120.0,0.0264,Supplier 68,691.0,34.943,52.5761
SKU0867,Product 0867,Store A,-45.0,0.0171,Supplier 69,594.0,24.651,45.1957
SKU0867,Product 0867,Store B,115.0,0.0171,Supplier 69,578.0,23.987,43.9783
SKU0867,Product 0867,Store C,197.0,0.0181,Supplier 69,380.0,15.77,28.913
SKU1629,Product 1629,Store C,112.0,0.083,Supplier 07,371.0,30.793,28.2283
SKU0861,Product 0861,Store C,0.0,0.2847,Supplier 69,355.0,174.9972,27.0109
SKU0841,Product 0841,Store C,80.0,0.1826,Supplier 25,342.0,98.2056,26.0217
SKU1629,Product 1629,Store A,61.0,0.083,Supplier 07,324.0,26.892,24.6522
SKU0569,Product 0569,Store B,0.0,0.0084,Supplier 05,306.0,58.93,23.2826
SKU0883,Product 0883,Store C,100.0,0.0706,Multiple suppliers,295.0,48.057,22.4457
SKU0569,Product 0569,Store A,0.0,0.0084,Supplier 05,293.0,66.898,22.2935
SKU0841,Product 0841,Store A,263.0,0.1826,Supplier 25,286.0,80.8088,21.7609
SKU1485,Product 1485,Store C,0.0,0.0,Multiple suppliers,283.0,72.625,21.5326
SKU1629,Product 1629,Store B,75.0,0.083,Supplier 07,259.0,21.4638,19.7065
SKU0228,Product 0228,Store C,96.0,0.0602,Multiple suppliers,235.0,42.5541,17.8804
SKU0441,Product 0441,Store B,0.0,0.0243,Supplier 68,225.0,18.675,17.1196
SKU0692,Product 0692,Store C,31.0,0.21,Supplier 02,213.0,104.7294,16.2065
SKU0569,Product 0569,Store C,0.0,0.0083,Supplier 05,212.0,37.7235,16.1304
SKU0519,Product 0519,Store C,93.0,0.0796,Multiple suppliers,210.0,69.4212,15.9783
SKU0438,Product 0438,Store B,0.0,0.0,Multiple suppliers,208.0,17.264,15.8261
SKU1485,Product 1485,Store B,0.0,0.0,Multiple suppliers,185.0,46.065,14.0761
SKU1398,Product 1398,Store A,173.0,0.0743,Multiple suppliers,182.0,43.9236,13.8478
SKU1424,Product 1424,Store C,69.0,0.0743,Multiple suppliers,177.0,43.7742,13.4674
SKU0879,Product 0879,Store B,76.0,0.0311,Supplier 69,172.0,20.4097,13.087
SKU0841,Product 0841,Store B,213.0,0.1883,Supplier 25,169.0,48.1151,12.8587
SKU0655,Product 0655,Store C,26.0,0.4324,Supplier 02,167.0,275.726,12.7065
SKU0189,Product 0189,Store B,81.0,0.0264,Supplier 68,165.0,13.695,12.5543
SKU0633,Product 0633,Store C,55.0,0.7968,Supplier 02,163.0,323.1024,12.4022
SKU1077,Product 1077,Store B,0.0,0.4756,Supplier 02,162.0,267.177,12.3261
SKU0519,Product 0519,Store A,48.0,0.0796,Multiple suppliers,159.0,51.7588,12.0978
SKU1231,Product 1231,Store C,-9.0,0.0498,Supplier 19,159.0,26.3442,12.0978
SKU1424,Product 1424,Store A,206.0,0.0743,Multiple suppliers,158.0,37.848,12.0217
SKU1398,Product 1398,Store C,108.0,0.0743,Multiple suppliers,156.0,38.4207,11.8696
SKU1787,Product 1787,Store C,0.0,1.2367,Supplier 42,156.0,448.8225,11.8696
SKU0839,Product 0839,Store C,135.0,0.093,Supplier 02,149.0,36.5781,11.337
SKU0692,Product 0692,Store B,22.0,0.21,Supplier 02,143.0,70.5666,10.8804
SKU1404,Product 1404,Store B,158.0,0.381,Multiple suppliers,143.0,141.1332,10.8804
SKU0518,Product 0518,Store C,57.0,0.2229,Multiple suppliers,142.0,81.9791,10.8043
SKU1404,Product 1404,Store A,179.0,0.381,Multiple suppliers,139.0,134.7588,10.5761
SKU1404,Product 1404,Store C,108.0,0.381,Multiple suppliers,139.0,137.448,10.5761
SKU1365,Product 1365,Store B,76.0,0.1411,Supplier 59,137.0,41.6328,10.4239
SKU1687,Product 1687,Store C,0.0,0.0,Supplier 42,137.0,68.226,10.4239
SKU1229,Product 1229,Store C,-1.0,0.0498,Supplier 19,135.0,27.6971,10.2717
SKU0668,Product 0668,Store C,0.0,1.9124,Supplier 61,133.0,469.0164,10.1196
SKU0839,Product 0839,Store B,171.0,0.093,Supplier 02,133.0,32.9178,10.1196
SKU0189,Product 0189,Store C,26.0,0.0264,Supplier 68,130.0,10.79,9.8913
SKU0441,Product 0441,Store A,0.0,0.0243,Supplier 68,130.0,10.79,9.8913
SKU1735,Product 1735,Store C,11.0,0.415,Supplier 09,128.0,189.8874,9.7391
SKU0228,Product 0228,Store B,42.0,0.0602,Multiple suppliers,126.0,32.7933,9.587
SKU0652,Product 0652,Store C,23.0,0.4084,Supplier 02,126.0,156.2475,9.587
SKU0681,Product 0681,Store C,0.0,0.3826,Supplier 02,125.0,144.4366,9.5109
SKU0861,Product 0861,Store B,0.0,0.2847,Supplier 69,125.0,61.752,9.5109
SKU0839,Product 0839,Store A,135.0,0.093,Supplier 02,123.0,29.1579,9.3587
SKU0863,Product 0863,Store C,2.0,0.4316,Supplier 69,122.0,64.242,9.2826
SKU1744,Product 1744,Store C,78.0,0.083,Multiple suppliers,122.0,10.126,9.2826
SKU1502,Product 1502,Store C,67.0,0.2303,Multiple suppliers,120.0,98.853,9.1304
SKU1416,Product 1416,Store C,0.0,0.4778,Multiple suppliers,119.0,127.9694,9.0543
SKU1743,Product 1743,Store C,0.0,0.083,Supplier 43,118.0,9.794,8.9783
SKU1744,Product 1744,Store B,87.0,0.083,Multiple suppliers,118.0,9.7608,8.9783
SKU1384,Product 1384,Store C,6.0,0.4897,Multiple suppliers,117.0,115.8348,8.9022
SKU0232,Product 0232,Store C,15.0,0.1328,Supplier 02,116.0,60.424,8.8261
SKU1239,Product 1239,Store C,0.0,0.4176,Supplier 04,114.0,7.553,8.6739
SKU0883,Product 0883,Store A,345.0,0.0706,Multiple suppliers,113.0,17.596,8.5978
SKU1744,Product 1744,Store A,97.0,0.083,Multiple suppliers,113.0,9.379,8.5978
SKU0681,Product 0681,Store B,3.0,0.3826,Supplier 02,112.0,127.7038,8.5217
SKU0655,Product 0655,Store B,34.0,0.4324,Supplier 02,111.0,173.304,8.4457
SKU1328,Product 1328,Store C,0.0,0.0,Supplier 03,110.0,152.6702,8.3696
SKU0248,Product 0248,Store C,33.0,0.679,Multiple suppliers,108.0,169.2121,8.2174
SKU0681,Product 0681,Store A,0.0,0.3826,Supplier 02,106.0,121.5452,8.0652
SKU0803,Product 0803,Store B,0.0,0.2407,Supplier 66,105.0,137.448,7.9891
SKU1030,Product 1030,Store B,0.0,0.4399,Supplier 69,103.0,68.392,7.837
SKU0438,Product 0438,Store C,1.0,0.0265,Multiple suppliers,101.0,8.383,7.6848
SKU0655,Product 0655,Store A,3.0,0.4324,Supplier 02,101.0,163.51,7.6848
SKU1485,Product 1485,Store A,0.0,0.0,Multiple suppliers,100.0,24.9,7.6087
SKU1686,Product 1686,Store C,18.0,0.4897,Supplier 42,100.0,116.2,7.6087
SKU0882,Product 0882,Store B,86.0,0.0784,Supplier 69,99.0,22.7088,7.5326
SKU1077,Product 1077,Store C,0.0,0.4756,Supplier 02,98.0,161.518,7.4565
SKU0247,Product 0247,Store C,0.0,0.679,Multiple suppliers,97.0,152.1805,7.3804
SKU1790,Product 1790,Store C,54.0,1.2376,Supplier 42,97.0,230.3665,7.3804
SKU1436,Product 1436,Store A,300.0,0.0743,Multiple suppliers,96.0,23.7297,7.3043
SKU0692,Product 0692,Store A,68.0,0.21,Supplier 02,95.0,46.9614,7.2283
SKU1084,Product 1084,Store C,2.0,0.3196,Supplier 02,95.0,118.275,7.2283
SKU1323,Product 1323,Store B,0.0,0.6226,Supplier 03,94.0,131.0819,7.1522
SKU0738,Product 0738,Store C,36.0,0.6391,Supplier 69,92.0,137.448,7.0
SKU0861,Product 0861,Store A,0.0,0.2846,Supplier 69,92.0,44.6208,7.0
SKU1084,Product 1084,Store B,15.0,0.3196,Supplier 02,92.0,112.9215,7.0
SKU1231,Product 1231,Store B,49.0,0.0498,Supplier 19,91.0,15.0064,6.9239
SKU1030,Product 1030,Store A,0.0,0.0,Supplier 69,90.0,59.76,6.8478
SKU0518,Product 0518,Store A,39.0,0.2229,Multiple suppliers,88.0,49.9079,6.6957
SKU1106,Product 1106,Store A,96.0,0.0415,Supplier 19,88.0,14.027,6.6957
SKU0260,Product 0260,Store C,8.0,0.7171,Supplier 02,87.0,158.3142,6.6196
SKU0831,Product 0831,Store C,45.0,0.1701,Supplier 70,87.0,38.8938,6.6196
SKU1077,Product 1077,Store A,0.0,0.4757,Supplier 02,87.0,142.262,6.6196
SKU0668,Product 0668,Store B,11.0,1.9124,Supplier 61,84.0,300.4351,6.3913
SKU1424,Product 1424,Store B,111.0,0.0743,Multiple suppliers,84.0,20.5923,6.3913
SKU1647,Product 1647,Store C,19.0,1.0458,Supplier 75,84.0,143.9552,6.3913
SKU0438,Product 0438,Store A,0.0,0.0,Multiple suppliers,83.0,6.889,6.3152
SKU0070,Product 0070,Store C,39.0,0.6225,Supplier 66,82.0,127.8947,6.2391
SKU0801,Product 0801,Store C,46.0,0.6225,Supplier 66,82.0,128.3678,6.2391
SKU1416,Product 1416,Store A,3.0,0.4777,Multiple suppliers,82.0,87.1832,6.2391
SKU1106,Product 1106,Store C,97.0,0.0415,Supplier 19,81.0,13.363,6.163
SKU1216,Product 1216,Store B,13.0,0.4731,Multiple suppliers,80.0,92.1466,6.087
SKU1323,Product 1323,Store C,0.0,0.0,Supplier 03,80.0,111.7512,6.087
SKU1327,Product 1327,Store C,0.0,0.0,Supplier 03,80.0,112.5978,6.087
SKU1365,Product 1365,Store C,3.0,0.1411,Supplier 59,80.0,25.9956,6.087
SKU0803,Product 0803,Store A,0.0,0.2407,Supplier 66,79.0,103.1856,6.0109
SKU0906,Product 0906,Store C,7.0,0.7055,Supplier 69,79.0,178.8152,6.0109
SKU0878,Product 0878,Store B,29.0,0.1992,Supplier 19,78.0,32.0712,5.9348
SKU0980,Product 0980,Store C,0.0,0.3072,Supplier 22,78.0,29.5065,5.9348
SKU1436,Product 1436,Store C,60.0,0.0743,Multiple suppliers,78.0,19.3224,5.9348
SKU0081,Product 0081,Store C,0.0,0.6225,Supplier 66,77.0,71.546,5.8587
SKU0247,Product 0247,Store A,15.0,0.679,Multiple suppliers,77.0,99.6913,5.8587
SKU1416,Product 1416,Store B,6.0,0.4777,Multiple suppliers,77.0,82.1119,5.8587
SKU1685,Product 1685,Store C,0.0,0.996,Supplier 42,77.0,103.418,5.8587
SKU0123,Product 0123,Store C,1.0,0.3652,Supplier 05,76.0,88.1958,5.7826
SKU0831,Product 0831,Store B,115.0,0.1701,Supplier 70,76.0,34.279,5.7826
SKU0441,Product 0441,Store C,2.0,0.0245,Supplier 68,75.0,6.225,5.7065
SKU0658,Product 0658,Store C,1.0,0.2716,Supplier 16,75.0,62.167,5.7065
SKU1230,Product 1230,Store C,57.0,0.0498,Supplier 19,75.0,15.4795,5.7065
SKU1735,Product 1735,Store A,5.0,0.415,Supplier 09,75.0,110.1078,5.7065
SKU0653,Product 0653,Store B,38.0,0.4067,Supplier 02,74.0,118.5074,5.6304
SKU1443,Product 1443,Store C,54.0,0.4482,Supplier 24,74.0,67.4707,5.6304
SKU0858,Product 0858,Store B,0.0,0.3022,Supplier 16,72.0,37.35,5.4783
SKU0157,Product 0157,Store C,25.0,0.3569,Supplier 68,71.0,64.4744,5.4022
SKU0652,Product 0652,Store B,17.0,0.4084,Supplier 02,71.0,84.162,5.4022
SKU1402,Product 1402,Store C,0.0,0.1494,Supplier 24,71.0,33.7312,5.4022
SKU0144,Product 0144,Store B,87.0,0.1231,Supplier 68,70.0,25.3482,5.3261
SKU0878,Product 0878,Store C,24.0,0.1992,Supplier 19,70.0,31.2744,5.3261
SKU1327,Product 1327,Store B,0.0,0.0,Supplier 03,70.0,97.7823,5.3261
SKU1789,Product 1789,Store C,-1.0,1.328,Supplier 42,70.0,90.221,5.3261
SKU0858,Product 0858,Store C,7.0,0.3021,Supplier 16,69.0,33.034,5.25
SKU0878,Product 0878,Store A,22.0,0.1992,Supplier 19,69.0,29.1413,5.25
SKU0882,Product 0882,Store C,131.0,0.0784,Supplier 69,69.0,15.4131,5.25
SKU1283,Product 1283,Store C,11.0,0.2988,Supplier 24,69.0,45.816,5.25
SKU1328,Product 1328,Store B,0.0,0.0,Supplier 03,69.0,96.2302,5.25
SKU0710,Product 0710,Store B,21.0,0.3154,Supplier 02,68.0,61.7188,5.1739
SKU1323,Product 1323,Store A,0.0,0.6228,Supplier 03,68.0,94.8192,5.1739
SKU1328,Product 1328,Store A,0.0,0.6226,Supplier 03,68.0,93.5493,5.1739
SKU0880,Product 0880,Store B,0.0,0.0208,Supplier 69,67.2,5.4033,5.113
SKU1501,Product 1501,Store B,18.0,0.4897,Multiple suppliers,67.0,82.17,5.0978
SKU1735,Product 1735,Store B,33.0,0.415,Supplier 09,67.0,99.0522,5.0978
SKU1787,Product 1787,Store A,0.0,1.2367,Supplier 42,67.0,185.339,5.0978
SKU0061,Product 0061,Store C,0.0,0.3405,Supplier 68,66.0,49.0032,5.0217
SKU1501,Product 1501,Store A,35.0,0.4897,Multiple suppliers,66.0,80.925,5.0217
SKU0146,Product 0146,Store C,33.0,0.3403,Supplier 68,65.0,58.9798,4.9457
SKU0232,Product 0232,Store B,83.0,0.1328,Supplier 02,65.0,42.9608,4.9457
SKU1013,Product 1013,Store C,28.0,0.4648,Supplier 03,65.0,66.8814,4.9457
SKU1216,Product 1216,Store C,1.0,0.3619,Multiple suppliers,65.0,75.1814,4.9457
SKU1687,Product 1687,Store A,0.0,0.0,Supplier 42,65.0,32.37,4.9457
SKU0145,Product 0145,Store B,77.0,0.1231,Supplier 68,64.0,22.6175,4.8696
SKU0209,Product 0209,Store C,0.0,0.5148,Supplier 59,64.0,35.358,4.8696
SKU0635,Product 0635,Store C,0.0,0.7139,Supplier 02,64.0,126.2928,4.8696
SKU1051,Product 1051,Store C,0.0,0.0,Supplier 05,64.0,84.8592,4.8696
SKU0802,Product 0802,Store C,44.0,0.6225,Supplier 66,62.0,97.3009,4.7174
SKU1788,Product 1788,Store C,1.0,1.328,Supplier 42,62.0,76.1525,4.7174
SKU0981,Product 0981,Store C,17.0,0.2905,Supplier 22,61.0,40.3712,4.6413
SKU1687,Product 1687,Store B,0.0,0.0,Supplier 42,61.0,30.378,4.6413
SKU0123,Product 0123,Store B,0.0,0.0,Supplier 05,60.0,68.2094,4.5652
SKU0509,Product 0509,Store C,7.0,0.7609,Supplier 57,60.0,119.1216,4.5652
SKU0711,Product 0711,Store B,1.0,0.2906,Supplier 02,60.0,44.5959,4.5652
SKU0880,Product 0880,Store C,1142.0,0.0198,Supplier 69,60.0,4.9883,4.5652
SKU1034,Product 1034,Store C,4.0,0.2656,Supplier 19,60.0,32.37,4.5652
SKU1232,Product 1232,Store C,0.0,0.1328,Supplier 19,60.0,19.92,4.5652
SKU1324,Product 1324,Store C,0.0,0.0,Supplier 03,60.0,82.9668,4.5652
SKU1398,Product 1398,Store B,98.0,0.0743,Multiple suppliers,60.0,14.6661,4.5652
SKU1436,Product 1436,Store B,33.0,0.0743,Multiple suppliers,59.0,14.3424,4.4891
SKU0463,Product 0463,Store C,32.0,0.1577,Supplier 02,58.0,28.4358,4.413
SKU0653,Product 0653,Store C,29.0,0.4067,Supplier 02,58.0,104.995,4.413
SKU1013,Product 1013,Store B,28.0,0.4648,Supplier 03,58.0,59.6936,4.413
SKU1079,Product 1079,Store C,33.0,0.3776,Supplier 02,58.0,91.466,4.413
SKU1606,Product 1606,Store C,17.0,0.6641,Supplier 07,58.0,81.5558,4.413
SKU0709,Product 0709,Store B,0.0,0.2,Supplier 02,57.0,46.978,4.337
SKU0711,Product 0711,Store C,0.0,0.2905,Supplier 02,57.0,42.5043,4.337
SKU0152,Product 0152,Store B,90.0,0.1231,Supplier 68,56.0,19.3971,4.2609
SKU1034,Product 1034,Store B,13.0,0.2656,Supplier 19,56.0,30.1041,4.2609
SKU1090,Product 1090,Store B,59.0,1.0375,Supplier 67,56.0,130.9408,4.2609
SKU1216,Product 1216,Store A,1.0,0.4537,Multiple suppliers,56.0,63.91,4.2609
SKU0678,Product 0678,Store C,8.0,0.4117,Supplier 02,55.0,100.43,4.1848
SKU1079,Product 1079,Store B,41.0,0.3776,Supplier 02,55.0,78.85,4.1848
SKU0474,Product 0474,Store C,52.0,0.1826,Supplier 59,54.0,22.327,4.1087
SKU0666,Product 0666,Store C,2.0,1.9123,Supplier 61,54.0,209.9817,4.1087
SKU0831,Product 0831,Store A,100.0,0.1701,Supplier 70,54.0,25.4644,4.1087
SKU1051,Product 1051,Store B,0.0,0.0,Supplier 05,54.0,71.1808,4.1087
SKU1096,Product 1096,Store C,10.0,0.415,Supplier 09,54.0,79.3314,4.1087
SKU1513,Product 1513,Store C,3.0,0.3818,Supplier 24,54.0,43.575,4.1087
SKU1743,Product 1743,Store A,0.0,0.083,Supplier 43,54.0,4.482,4.1087
SKU1606,Product 1606,Store A,20.0,0.6641,Supplier 07,53.0,73.2309,4.0326
SKU0248,Product 0248,Store B,27.0,0.679,Multiple suppliers,52.0,79.9539,3.9565
SKU0702,Product 0702,Store B,12.0,0.3503,Supplier 02,52.0,60.1916,3.9565
SKU1685,Product 1685,Store B,0.0,0.9961,Supplier 42,52.0,68.89,3.9565
SKU1787,Product 1787,Store B,0.0,1.2367,Supplier 42,52.0,149.6075,3.9565
SKU0100,Product 0100,Store C,0.0,0.0744,Supplier 68,51.0,5.727,3.8804
SKU0144,Product 0144,Store A,45.0,0.1231,Supplier 68,51.0,18.7663,3.8804
SKU0664,Product 0664,Store A,0.0,1.9124,Supplier 61,51.0,175.7774,3.8804
SKU1088,Product 1088,Store C,1.0,0.3654,Supplier 51,51.0,26.726,3.8804
SKU1615,Product 1615,Store C,19.0,0.664,Supplier 07,51.0,71.1144,3.8804
SKU1685,Product 1685,Store A,0.0,0.996,Supplier 42,51.0,75.945,3.8804
SKU0984,Product 0984,Store C,2.0,0.913,Supplier 46,50.0,102.7125,3.8043
SKU1106,Product 1106,Store B,150.0,0.0415,Supplier 19,50.0,8.2668,3.8043
SKU1325,Product 1325,Store B,0.0,0.0,Supplier 03,50.0,69.5623,3.8043
SKU1325,Product 1325,Store C,0.0,0.0,Supplier 03,50.0,69.4212,3.8043
SKU1326,Product 1326,Store C,0.0,0.0,Supplier 03,50.0,70.1267,3.8043
SKU1615,Product 1615,Store A,13.0,0.664,Supplier 07,50.0,69.7034,3.8043
SKU1663,Product 1663,Store C,0.0,1.0259,Supplier 29,50.0,48.97,3.8043
SKU1788,Product 1788,Store B,20.0,1.328,Supplier 42,50.0,66.1925,3.8043
SKU0081,Product 0081,Store A,0.0,0.6226,Supplier 66,49.0,26.145,3.7283
SKU0119,Product 0119,Store C,12.0,0.4897,Supplier 05,49.0,73.206,3.7283
SKU0582,Product 0582,Store C,7.0,0.0913,Supplier 64,49.0,17.596,3.7283
SKU0652,Product 0652,Store A,10.0,0.4084,Supplier 02,49.0,59.8845,3.7283
SKU0863,Product 0863,Store B,0.0,0.0,Supplier 69,49.0,28.7595,3.7283
SKU0874,Product 0874,Store A,1.0,0.1245,Supplier 19,49.0,15.438,3.7283
SKU1324,Product 1324,Store B,0.0,0.0,Supplier 03,49.0,68.5746,3.7283
SKU1326,Product 1326,Store B,0.0,0.6225,Supplier 03,49.0,68.0102,3.7283
SKU1513,Product 1513,Store B,6.0,0.3818,Supplier 24,49.0,38.5867,3.7283
SKU1613,Product 1613,Store C,0.0,0.6691,Supplier 07,49.0,47.2934,3.7283
SKU1686,Product 1686,Store A,40.0,0.4897,Supplier 42,49.0,56.938,3.7283
SKU0153,Product 0153,Store B,0.0,0.1826,Multiple suppliers,48.0,17.1644,3.6522
SKU0664,Product 0664,Store C,0.0,0.0,Supplier 61,48.0,163.925,3.6522
SKU0682,Product 0682,Store B,36.0,0.3154,Supplier 66,48.0,27.39,3.6522
SKU0709,Product 0709,Store A,0.0,0.2,Supplier 02,48.0,38.927,3.6522
SKU0880,Product 0880,Store A,0.0,0.0,Supplier 69,48.0,4.3326,3.6522
SKU0882,Product 0882,Store A,229.0,0.0784,Supplier 69,48.0,10.9809,3.6522
SKU0888,Product 0888,Store C,58.0,0.0988,Supplier 02,48.0,11.3793,3.6522
SKU1098,Product 1098,Store C,0.0,0.6558,Supplier 09,48.0,63.3456,3.6522
SKU1229,Product 1229,Store B,89.0,0.0498,Supplier 19,48.0,9.9351,3.6522
SKU1326,Product 1326,Store A,0.0,0.0,Supplier 03,48.0,67.4458,3.6522
SKU1384,Product 1384,Store B,13.0,0.4897,Multiple suppliers,48.0,46.9116,3.6522
SKU1729,Product 1729,Store C,0.0,1.1954,Supplier 09,48.0,157.036,3.6522
SKU0007,Product 0007,Store C,1.0,0.2093,Supplier 64,47.0,26.9584,3.5761
SKU0094,Product 0094,Store C,8.0,0.3735,Supplier 68,47.0,42.3632,3.5761
SKU0124,Product 0124,Store C,27.0,0.507,Supplier 05,47.0,85.822,3.5761
SKU0148,Product 0148,Store C,27.0,0.3569,Supplier 68,47.0,42.8197,3.5761
SKU0519,Product 0519,Store B,85.0,0.0796,Multiple suppliers,47.0,15.4048,3.5761
SKU0640,Product 0640,Store C,20.0,0.6201,Supplier 02,47.0,77.854,3.5761
SKU1230,Product 1230,Store B,93.0,0.0498,Supplier 19,47.0,9.6197,3.5761
SKU1325,Product 1325,Store A,0.0,0.0,Supplier 03,47.0,64.7649,3.5761
SKU1327,Product 1327,Store A,0.0,0.0,Supplier 03,47.0,65.7526,3.5761
SKU0803,Product 0803,Store C,0.0,0.0,Supplier 66,46.0,60.5568,3.5
SKU0852,Product 0852,Store C,0.0,0.2739,Supplier 43,46.0,20.5342,3.5
SKU0879,Product 0879,Store A,80.0,0.0311,Supplier 69,46.0,5.6025,3.5
SKU1013,Product 1013,Store A,28.0,0.4648,Supplier 03,46.0,42.6454,3.5
SKU1231,Product 1231,Store A,98.0,0.0498,Supplier 19,46.0,7.553,3.5
SKU0152,Product 0152,Store A,45.0,0.1231,Supplier 68,45.0,16.4589,3.4239
SKU0247,Product 0247,Store B,10.0,0.679,Multiple suppliers,45.0,69.8611,3.4239
SKU0248,Product 0248,Store A,5.0,0.679,Multiple suppliers,45.0,69.7034,3.4239
SKU1370,Product 1370,Store C,3.0,0.4067,Supplier 24,45.0,36.852,3.4239
SKU1615,Product 1615,Store B,6.0,0.664,Supplier 07,45.0,62.3662,3.4239
SKU1730,Product 1730,Store B,11.0,1.0707,Supplier 09,45.0,125.164,3.4239
SKU0064,Product 0064,Store C,1.0,0.3735,Supplier 68,44.0,40.006,3.3478
SKU0564,Product 0564,Store C,0.0,0.4897,Supplier 02,44.0,71.712,3.3478
SKU0582,Product 0582,Store A,0.0,0.0913,Supplier 64,44.0,15.8115,3.3478
SKU1000,Product 1000,Store C,0.0,0.2491,Supplier 22,44.0,29.1496,3.3478
SKU1084,Product 1084,Store A,7.0,0.3196,Supplier 02,44.0,53.535,3.3478
SKU1402,Product 1402,Store A,0.0,0.1494,Supplier 24,44.0,21.4472,3.3478
SKU1611,Product 1611,Store C,6.0,0.664,Supplier 07,44.0,60.2414,3.3478
SKU1788,Product 1788,Store A,0.0,1.328,Supplier 42,44.0,51.46,3.3478
SKU0087,Product 0087,Store C,0.0,0.3735,Supplier 68,43.0,39.259,3.2717
SKU0145,Product 0145,Store A,73.0,0.1231,Supplier 68,43.0,15.7783,3.2717
SKU0710,Product 0710,Store C,32.0,0.3154,Supplier 02,43.0,39.1677,3.2717
SKU0892,Product 0892,Store B,0.0,0.3959,Supplier 02,43.0,56.1744,3.2717
SKU1298,Product 1298,Store C,27.0,0.9545,Supplier 06,43.0,135.3066,3.2717
SKU1300,Product 1300,Store C,4.0,0.5395,Supplier 17,43.0,49.8498,3.2717
SKU1501,Product 1501,Store C,29.0,0.4897,Multiple suppliers,43.0,52.539,3.2717
SKU0916,Product 0916,Store A,8.497,3.0272,Supplier 69,42.947,3.6022,3.2677
SKU0228,Product 0228,Store A,222.0,0.0602,Multiple suppliers,42.0,11.2963,3.1957
SKU0232,Product 0232,Store A,99.0,0.1328,Supplier 02,42.0,27.4896,3.1957
SKU0474,Product 0474,Store B,33.0,0.1826,Supplier 59,42.0,17.264,3.1957
SKU0668,Product 0668,Store A,17.0,1.9123,Supplier 61,42.0,145.4077,3.1957
SKU0679,Product 0679,Store C,18.0,0.498,Supplier 02,42.0,52.1655,3.1957
SKU0682,Product 0682,Store C,22.0,0.3154,Supplier 66,42.0,20.833,3.1957
SKU0899,Product 0899,Store C,22.0,0.1577,Supplier 02,42.0,20.5674,3.1957
SKU1034,Product 1034,Store A,8.0,0.2656,Supplier 19,42.0,21.8622,3.1957
SKU1051,Product 1051,Store A,-2.0,0.4401,Supplier 05,42.0,54.9792,3.1957
SKU1322,Product 1322,Store C,0.0,0.0,Supplier 03,42.0,58.8387,3.1957
SKU1559,Product 1559,Store B,16.0,0.3818,Supplier 24,42.0,32.7186,3.1957
SKU0147,Product 0147,Store C,24.0,0.3403,Supplier 68,41.0,36.2129,3.1196
SKU0155,Product 0155,Store C,27.0,0.332,Supplier 66,41.0,48.638,3.1196
SKU0659,Product 0659,Store A,5.0,0.2716,Supplier 16,41.0,33.034,3.1196
SKU1098,Product 1098,Store B,0.0,0.0,Supplier 09,41.0,53.2528,3.1196
SKU1229,Product 1229,Store A,109.0,0.0498,Supplier 19,41.0,8.2419,3.1196
SKU1789,Product 1789,Store A,0.0,1.328,Supplier 42,41.0,53.867,3.1196
SKU0152,Product 0152,Store C,33.0,0.1231,Supplier 68,40.0,14.8985,3.0435
SKU1197,Product 1197,Store C,0.0,0.9469,Supplier 43,40.0,79.68,3.0435
SKU1321,Product 1321,Store C,0.0,0.0,Supplier 03,40.0,56.2989,3.0435
SKU1502,Product 1502,Store A,57.0,0.2303,Multiple suppliers,40.0,31.374,3.0435
SKU1701,Product 1701,Store C,0.0,0.4897,Supplier 74,40.0,43.16,3.0435
SKU1766,Product 1766,Store C,0.0,0.7946,Multiple suppliers,40.0,77.024,3.0435
SKU1789,Product 1789,Store B,29.0,1.328,Supplier 42,40.0,48.8455,3.0435
SKU1088,Product 1088,Store B,1.0,0.3652,Supplier 51,39.0,20.418,2.9674
SKU1420,Product 1420,Store C,23.0,0.4482,Supplier 24,39.0,35.2418,2.9674
SKU1609,Product 1609,Store B,12.0,0.6641,Supplier 07,39.0,52.6303,2.9674
SKU1618,Product 1618,Store A,14.0,0.498,Supplier 07,39.0,37.848,2.9674
SKU1618,Product 1618,Store C,12.0,0.4981,Supplier 07,39.0,38.5452,2.9674
SKU1729,Product 1729,Store A,7.0,1.1953,Supplier 09,39.0,127.156,2.9674
SKU0807,Product 0807,Store C,0.0,0.2739,Supplier 66,38.0,50.464,2.8913
SKU0879,Product 0879,Store C,734.0,0.0311,Supplier 69,38.0,4.7476,2.8913
SKU0891,Product 0891,Store C,16.0,0.3644,Supplier 02,38.0,44.156,2.8913
SKU1324,Product 1324,Store A,0.0,0.6226,Supplier 03,38.0,51.7837,2.8913
SKU1502,Product 1502,Store B,57.0,0.2304,Multiple suppliers,38.0,30.793,2.8913
SKU1607,Product 1607,Store C,0.0,0.6641,Supplier 07,38.0,41.7573,2.8913
SKU1686,Product 1686,Store B,57.0,0.4897,Supplier 42,38.0,44.156,2.8913
SKU1734,Product 1734,Store B,9.0,0.415,Supplier 09,38.0,56.0084,2.8913
SKU0518,Product 0518,Store B,31.0,0.2229,Multiple suppliers,37.0,21.497,2.8152
SKU0658,Product 0658,Store B,1.0,0.2714,Supplier 16,37.0,30.544,2.8152
SKU0678,Product 0678,Store B,13.0,0.4117,Supplier 02,37.0,66.8316,2.8152
SKU0713,Product 0713,Store A,0.0,0.3071,Supplier 02,37.0,44.9445,2.8152
SKU1009,Product 1009,Store B,31.0,0.4648,Supplier 03,37.0,48.2811,2.8152
SKU1232,Product 1232,Store B,27.0,0.1328,Supplier 19,37.0,12.284,2.8152
SKU1730,Product 1730,Store C,11.0,1.0708,Supplier 09,37.0,98.106,2.8152
SKU0064,Product 0064,Store B,0.0,0.3735,Supplier 68,36.0,32.6854,2.7391
SKU0145,Product 0145,Store C,24.0,0.1231,Supplier 68,36.0,13.3713,2.7391
SKU0154,Product 0154,Store C,32.0,0.332,Supplier 66,36.0,42.164,2.7391
SKU0509,Product 0509,Store A,27.0,0.7357,Supplier 57,36.0,69.9192,2.7391
SKU0564,Product 0564,Store A,0.0,0.4899,Supplier 02,36.0,58.432,2.7391
SKU0688,Product 0688,Store C,43.0,0.3586,Multiple suppliers,36.0,49.302,2.7391
SKU0702,Product 0702,Store A,2.0,0.3503,Supplier 02,36.0,41.1348,2.7391
SKU0850,Product 0850,Store C,0.0,0.2739,Supplier 43,36.0,16.0688,2.7391
SKU0851,Product 0851,Store C,0.0,0.0,Supplier 43,36.0,15.9775,2.7391
SKU0887,Product 0887,Store C,43.0,0.2598,Supplier 02,36.0,41.832,2.7391
SKU0950,Product 0950,Store A,56.0,0.1743,Supplier 02,36.0,17.7786,2.7391
SKU1009,Product 1009,Store A,40.0,0.4648,Supplier 03,36.0,46.4136,2.7391
SKU1249,Product 1249,Store A,16.0,0.3154,Supplier 24,36.0,27.5643,2.7391
SKU1559,Product 1559,Store A,21.0,0.3818,Supplier 24,36.0,26.8588,2.7391
SKU1647,Product 1647,Store B,37.0,1.0458,Supplier 75,36.0,66.7071,2.7391
SKU1729,Product 1729,Store B,0.0,1.1952,Supplier 09,36.0,115.868,2.7391
SKU0061,Product 0061,Store B,1.0,0.3403,Supplier 68,35.0,25.6968,2.663
SKU0091,Product 0091,Store C,23.0,0.3735,Supplier 68,35.0,29.6725,2.663
SKU0564,Product 0564,Store B,0.0,0.4901,Supplier 02,35.0,57.436,2.663
SKU0738,Product 0738,Store B,40.0,0.6391,Supplier 69,35.0,52.1406,2.663
SKU0874,Product 0874,Store B,15.0,0.1245,Supplier 19,35.0,11.454,2.663
SKU1030,Product 1030,Store C,10.0,0.4399,Supplier 69,35.0,23.24,2.663
SKU1048,Product 1048,Store C,16.0,0.4067,Supplier 05,35.0,43.575,2.663
SKU1098,Product 1098,Store A,0.0,0.6557,Supplier 09,35.0,45.152,2.663
SKU1609,Product 1609,Store A,1.0,0.6641,Supplier 07,35.0,47.974,2.663
SKU1716,Product 1716,Store A,0.0,0.4982,Supplier 46,35.0,44.488,2.663
SKU0140,Product 0140,Store C,0.0,0.9133,Supplier 59,34.0,61.7188,2.587
SKU0660,Product 0660,Store C,0.0,0.7943,Supplier 16,34.0,73.372,2.587
SKU0664,Product 0664,Store B,2.0,1.913,Supplier 61,34.0,119.7607,2.587
SKU0708,Product 0708,Store B,0.0,0.0,Supplier 02,34.0,33.6648,2.587
SKU1509,Product 1509,Store C,18.0,0.3818,Supplier 24,34.0,26.4272,2.587
SKU1766,Product 1766,Store A,0.0,0.0,Multiple suppliers,34.0,64.076,2.587
SKU0007,Product 0007,Store A,0.0,0.0,Supplier 64,33.0,19.0568,2.5109
SKU0666,Product 0666,Store B,5.0,1.9124,Supplier 61,33.0,129.2227,2.5109
SKU0713,Product 0713,Store B,-1.0,0.3071,Supplier 02,33.0,40.587,2.5109
SKU0713,Product 0713,Store C,0.0,0.3072,Supplier 02,33.0,41.085,2.5109
SKU0982,Product 0982,Store A,0.0,0.5064,Supplier 46,33.0,42.2304,2.5109
SKU0982,Product 0982,Store B,0.0,0.5065,Supplier 46,33.0,42.496,2.5109
SKU0984,Product 0984,Store B,-1.0,0.9131,Supplier 46,33.0,67.23,2.5109
SKU1002,Product 1002,Store B,0.0,0.747,Supplier 19,33.0,34.2375,2.5109
SKU1332,Product 1332,Store C,23.0,0.5727,Supplier 03,33.0,42.9276,2.5109
SKU0001,Product 0001,Store A,0.0,0.0,Supplier 64,32.0,5.312,2.4348
SKU0050,Product 0050,Store C,0.0,0.7056,Supplier 66,32.0,71.712,2.4348
SKU0123,Product 0123,Store A,0.0,0.3653,Supplier 05,32.0,36.4868,2.4348
SKU0144,Product 0144,Store C,19.0,0.1231,Supplier 68,32.0,11.952,2.4348
SKU0660,Product 0660,Store A,0.0,0.7948,Supplier 16,32.0,67.1138,2.4348
SKU0702,Product 0702,Store C,6.0,0.3503,Supplier 02,32.0,37.184,2.4348
SKU0982,Product 0982,Store C,0.0,0.5064,Supplier 46,32.0,42.3632,2.4348
SKU1365,Product 1365,Store A,49.0,0.1411,Supplier 59,32.0,9.96,2.4348
SKU1384,Product 1384,Store A,5.0,0.4897,Multiple suppliers,32.0,30.7764,2.4348
SKU1511,Product 1511,Store C,13.0,0.3818,Supplier 24,32.0,24.0202,2.4348
SKU1537,Product 1537,Store A,0.0,0.4814,Supplier 24,32.0,39.591,2.4348
SKU1537,Product 1537,Store C,0.0,0.4814,Supplier 24,32.0,39.7155,2.4348
SKU1547,Product 1547,Store C,2.0,0.3154,Supplier 24,32.0,26.477,2.4348
SKU1716,Product 1716,Store B,0.0,0.5019,Supplier 46,32.0,41.832,2.4348
SKU0086,Product 0086,Store C,11.0,0.3735,Supplier 68,31.0,27.9378,2.3587
SKU0095,Product 0095,Store C,11.0,0.3735,Supplier 68,31.0,28.1204,2.3587
SKU0108,Product 0108,Store A,12.0,0.3735,Supplier 68,31.0,27.39,2.3587
SKU0874,Product 0874,Store C,20.0,0.1245,Supplier 19,31.0,9.96,2.3587
SKU0899,Product 0899,Store A,22.0,0.1577,Supplier 02,31.0,15.2886,2.3587
SKU0924,Product 0924,Store C,30.0,0.1003,Supplier 69,31.0,6.059,2.3587
SKU1202,Product 1202,Store C,5.0,1.2367,Multiple suppliers,31.0,72.957,2.3587
SKU1217,Product 1217,Store C,16.0,0.2739,Supplier 24,31.0,16.7245,2.3587
SKU1234,Product 1234,Store C,0.0,0.0,Supplier 24,31.0,59.179,2.3587
SKU1332,Product 1332,Store A,29.0,0.5727,Supplier 03,31.0,39.0432,2.3587
SKU1364,Product 1364,Store C,26.0,0.7886,Supplier 24,31.0,63.495,2.3587
SKU1513,Product 1513,Store A,10.0,0.3818,Supplier 24,31.0,23.7795,2.3587
SKU1537,Product 1537,Store B,0.0,0.4814,Supplier 24,31.0,38.097,2.3587
SKU1768,Product 1768,Store C,0.0,0.7965,Multiple suppliers,31.0,66.6822,2.3587
SKU0100,Product 0100,Store A,0.0,0.0744,Supplier 68,30.0,2.573,2.2826
SKU0209,Product 0209,Store A,0.0,0.5148,Supplier 59,30.0,17.596,2.2826
SKU0612,Product 0612,Store C,0.0,0.5395,Supplier 17,30.0,34.5114,2.2826
SKU0633,Product 0633,Store A,19.0,0.7968,Supplier 02,30.0,59.5608,2.2826
SKU0634,Product 0634,Store C,0.0,0.7289,Supplier 02,30.0,54.0496,2.2826
SKU0659,Product 0659,Store B,-1.0,0.2714,Supplier 16,30.0,24.651,2.2826
SKU0659,Product 0659,Store C,1.0,0.2714,Supplier 16,30.0,24.9,2.2826
SKU0661,Product 0661,Store C,4.0,0.415,Supplier 16,30.0,37.101,2.2826
SKU0666,Product 0666,Store A,0.0,1.9125,Supplier 61,30.0,114.3408,2.2826
SKU0712,Product 0712,Store B,1.0,0.3072,Supplier 02,30.0,37.2255,2.2826
SKU0807,Product 0807,Store B,17.0,0.2739,Supplier 66,30.0,39.0432,2.2826
SKU0906,Product 0906,Store B,9.0,0.7055,Supplier 69,30.0,64.408,2.2826
SKU1096,Product 1096,Store A,16.0,0.415,Supplier 09,30.0,42.8778,2.2826
SKU1096,Product 1096,Store B,15.0,0.415,Supplier 09,30.0,43.6248,2.2826
SKU1249,Product 1249,Store C,0.0,0.3154,Supplier 24,30.0,24.07,2.2826
SKU1299,Product 1299,Store C,0.0,0.5397,Supplier 17,30.0,34.86,2.2826
SKU1322,Product 1322,Store B,0.0,0.6225,Supplier 03,30.0,41.6245,2.2826
SKU1613,Product 1613,Store A,0.0,0.664,Supplier 07,30.0,30.212,2.2826
SKU1616,Product 1616,Store A,3.0,0.664,Supplier 07,30.0,41.0601,2.2826
SKU1734,Product 1734,Store A,37.0,0.415,Supplier 09,30.0,43.0272,2.2826
SKU1734,Product 1734,Store C,21.0,0.415,Supplier 09,30.0,44.5212,2.2826
SKU1736,Product 1736,Store C,21.0,0.415,Supplier 09,30.0,44.5212,2.2826
SKU0153,Product 0153,Store C,14.0,0.1826,Multiple suppliers,29.0,10.6655,2.2065
SKU0698,Product 0698,Store C,3.0,0.6033,Supplier 05,29.0,55.1701,2.2065
SKU0708,Product 0708,Store A,0.0,0.0,Supplier 02,29.0,28.4856,2.2065
SKU0983,Product 0983,Store B,6.0,0.5063,Supplier 46,29.0,37.848,2.2065
SKU1049,Product 1049,Store C,0.0,0.3584,Supplier 05,29.0,36.105,2.2065
SKU1425,Product 1425,Store C,0.0,0.7387,Supplier 24,29.0,48.14,2.2065
SKU1444,Product 1444,Store C,12.0,0.4482,Supplier 24,29.0,26.2944,2.2065
SKU1512,Product 1512,Store C,16.0,0.3818,Supplier 24,29.0,23.489,2.2065
SKU1598,Product 1598,Store C,7.0,1.3698,Supplier 07,29.0,77.024,2.2065
SKU1607,Product 1607,Store A,0.0,0.0,Supplier 07,29.0,28.884,2.2065
SKU1730,Product 1730,Store A,5.0,1.0708,Supplier 09,29.0,80.344,2.2065
SKU1761,Product 1761,Store A,7.0,0.5063,Supplier 46,29.0,36.3872,2.2065
SKU1766,Product 1766,Store B,0.0,0.7944,Multiple suppliers,29.0,58.266,2.2065
SKU0094,Product 0094,Store A,2.0,0.3735,Supplier 68,28.0,24.8336,2.1304
SKU0119,Product 0119,Store B,14.0,0.4897,Supplier 05,28.0,41.3838,2.1304
SKU0209,Product 0209,Store B,0.0,0.5148,Supplier 59,28.0,15.687,2.1304
SKU0633,Product 0633,Store B,28.0,0.7968,Supplier 02,28.0,55.5768,2.1304
SKU0710,Product 0710,Store A,19.0,0.3154,Supplier 02,28.0,25.564,2.1304
SKU1001,Product 1001,Store B,13.0,0.2075,Supplier 19,28.0,15.9775,2.1304
SKU1050,Product 1050,Store B,15.0,0.3076,Supplier 05,28.0,34.611,2.1304
SKU1068,Product 1068,Store C,25.0,0.4374,Supplier 02,28.0,37.0512,2.1304
SKU1102,Product 1102,Store C,0.0,1.5394,Supplier 51,28.0,34.86,2.1304
SKU1237,Product 1237,Store C,0.0,0.4899,Supplier 04,28.0,33.9885,2.1304
SKU1321,Product 1321,Store B,0.0,0.6225,Supplier 03,28.0,39.3669,2.1304
SKU1394,Product 1394,Store C,5.0,0.7138,Supplier 24,28.0,58.1,2.1304
SKU1559,Product 1559,Store C,7.0,0.3818,Supplier 24,28.0,22.41,2.1304
SKU1716,Product 1716,Store C,0.0,0.0,Supplier 46,28.0,36.7856,2.1304
SKU1736,Product 1736,Store B,17.0,0.415,Supplier 09,28.0,40.7862,2.1304
SKU1745,Product 1745,Store B,4.0,0.083,Supplier 10,28.0,2.324,2.1304
SKU1745,Product 1745,Store C,4.0,0.083,Supplier 10,28.0,2.324,2.1304
SKU0105,Product 0105,Store C,13.0,0.3735,Supplier 68,27.0,24.651,2.0543
SKU0463,Product 0463,Store B,36.0,0.1577,Supplier 02,27.0,13.3464,2.0543
SKU0532,Product 0532,Store C,0.0,0.9817,Supplier 59,27.0,82.917,2.0543
SKU0821,Product 0821,Store C,3.0,0.0637,Supplier 69,27.0,4.233,2.0543
SKU0875,Product 0875,Store C,3.0,0.1992,Supplier 19,27.0,11.039,2.0543
SKU1049,Product 1049,Store B,0.0,0.3585,Supplier 05,27.0,33.615,2.0543
SKU1050,Product 1050,Store C,12.0,0.3071,Supplier 05,27.0,33.615,2.0543
SKU1230,Product 1230,Store A,123.0,0.0498,Supplier 19,27.0,5.3701,2.0543
SKU1236,Product 1236,Store C,6.0,0.4897,Supplier 04,27.0,33.117,2.0543
SKU1321,Product 1321,Store A,0.0,0.0,Supplier 03,27.0,37.9559,2.0543
SKU1606,Product 1606,Store B,18.0,0.664,Supplier 07,27.0,37.6737,2.0543
SKU1616,Product 1616,Store C,22.0,0.664,Supplier 07,27.0,37.6737,2.0543
SKU1768,Product 1768,Store B,0.0,0.0,Multiple suppliers,27.0,56.5396,2.0543
SKU0119,Product 0119,Store A,9.0,0.4973,Supplier 05,26.0,38.2464,1.9783
SKU0147,Product 0147,Store B,19.0,0.3403,Supplier 68,26.0,23.6467,1.9783
SKU0738,Product 0738,Store A,48.0,0.6391,Supplier 69,26.0,37.7982,1.9783
SKU0863,Product 0863,Store A,0.0,0.0,Supplier 69,26.0,14.3175,1.9783
SKU0876,Product 0876,Store C,11.0,0.1992,Supplier 19,26.0,10.624,1.9783
SKU0884,Product 0884,Store C,15.0,0.5113,Supplier 02,26.0,34.528,1.9783
SKU0899,Product 0899,Store B,30.0,0.1577,Supplier 02,26.0,12.7986,1.9783
SKU1022,Product 1022,Store C,10.0,0.5666,Supplier 42,26.0,42.994,1.9783
SKU1237,Product 1237,Store B,16.0,0.4897,Supplier 04,26.0,31.9965,1.9783
SKU1419,Product 1419,Store A,30.0,0.2988,Supplier 24,26.0,16.6664,1.9783
SKU1536,Product 1536,Store C,0.0,0.4234,Supplier 24,26.0,25.7964,1.9783
SKU1587,Product 1587,Store B,19.0,0.5063,Supplier 46,26.0,34.2624,1.9783
SKU1609,Product 1609,Store C,23.0,0.664,Supplier 07,26.0,36.1216,1.9783
SKU0121,Product 0121,Store A,40.0,0.6903,Supplier 05,25.0,49.6008,1.9022
SKU0153,Product 0153,Store A,24.0,0.1826,Multiple suppliers,25.0,9.1051,1.9022
SKU0398,Product 0398,Store C,0.0,0.996,Supplier 59,25.0,59.2122,1.9022
SKU0658,Product 0658,Store A,0.0,0.2716,Supplier 16,25.0,20.335,1.9022
SKU0708,Product 0708,Store C,1.0,0.366,Supplier 02,25.0,24.9,1.9022
SKU0711,Product 0711,Store A,0.0,0.2905,Supplier 02,25.0,18.1521,1.9022
SKU0798,Product 0798,Store C,0.0,0.0,Supplier 66,25.0,78.85,1.9022
SKU0801,Product 0801,Store B,13.0,0.6225,Supplier 66,25.0,39.425,1.9022
SKU0901,Product 0901,Store B,1.0,0.2548,Supplier 02,25.0,12.45,1.9022
SKU0986,Product 0986,Store C,4.0,0.6059,Supplier 46,25.0,37.35,1.9022
SKU1071,Product 1071,Store C,5.0,0.406,Supplier 02,25.0,33.2,1.9022
SKU1088,Product 1088,Store A,8.0,0.3652,Supplier 51,25.0,12.948,1.9022
SKU1322,Product 1322,Store A,0.0,0.0,Supplier 03,25.0,34.9928,1.9022
SKU1482,Product 1482,Store C,9.0,0.5312,Supplier 24,25.0,31.125,1.9022
SKU1648,Product 1648,Store C,13.0,1.1538,Supplier 75,25.0,42.0312,1.9022
SKU1743,Product 1743,Store B,6.0,0.083,Supplier 43,25.0,2.075,1.9022
SKU0064,Product 0064,Store A,0.0,0.3737,Supplier 68,24.0,20.9077,1.8261
SKU0260,Product 0260,Store A,12.0,0.7171,Supplier 02,24.0,42.911,1.8261
SKU0851,Product 0851,Store A,0.0,0.2742,Supplier 43,24.0,9.8023,1.8261
SKU0892,Product 0892,Store A,0.0,0.3959,Supplier 02,24.0,31.208,1.8261
SKU0892,Product 0892,Store C,0.0,0.3959,Supplier 02,24.0,31.6064,1.8261
SKU0980,Product 0980,Store B,0.0,0.3071,Supplier 22,24.0,9.3375,1.8261
SKU1000,Product 1000,Store A,3.0,0.249,Supplier 22,24.0,15.4712,1.8261
SKU1001,Product 1001,Store A,18.0,0.2075,Supplier 19,24.0,13.5373,1.8261
SKU1009,Product 1009,Store C,27.0,0.4648,Supplier 03,24.0,31.5234,1.8261
SKU1070,Product 1070,Store A,37.0,0.406,Supplier 02,24.0,31.3408,1.8261
SKU1070,Product 1070,Store B,20.0,0.4059,Supplier 02,24.0,31.0752,1.8261
SKU1215,Product 1215,Store C,0.0,0.4233,Supplier 43,24.0,21.7294,1.8261
SKU1402,Product 1402,Store B,0.0,0.1494,Supplier 24,24.0,11.786,1.8261
SKU1419,Product 1419,Store C,39.0,0.3005,Supplier 24,24.0,15.8032,1.8261
SKU1510,Product 1510,Store C,19.0,0.3818,Supplier 24,24.0,19.505,1.8261
SKU1524,Product 1524,Store C,29.0,0.9296,Supplier 24,24.0,49.1775,1.8261
SKU1558,Product 1558,Store A,0.0,0.3818,Supplier 24,24.0,18.758,1.8261
SKU1607,Product 1607,Store B,0.0,0.6642,Supplier 07,24.0,30.9092,1.8261
SKU1616,Product 1616,Store B,3.0,0.6641,Supplier 07,24.0,32.1708,1.8261
SKU1647,Product 1647,Store A,36.0,1.0458,Supplier 75,24.0,41.6079,1.8261
SKU1736,Product 1736,Store A,21.0,0.415,Supplier 09,24.0,35.5572,1.8261
SKU0008,Product 0008,Store C,0.0,0.0,Supplier 64,23.0,9.545,1.75
SKU0121,Product 0121,Store C,6.0,0.6904,Supplier 05,23.0,45.816,1.75
SKU0126,Product 0126,Store C,8.0,0.6377,Supplier 05,23.0,41.998,1.75
SKU0398,Product 0398,Store B,1.0,0.9962,Supplier 59,23.0,54.1575,1.75
SKU0582,Product 0582,Store B,-1.0,0.0913,Supplier 64,23.0,8.6735,1.75
SKU0616,Product 0616,Store C,1.0,0.5395,Supplier 17,23.0,26.6098,1.75
SKU0653,Product 0653,Store A,49.0,0.4067,Supplier 02,23.0,41.2676,1.75
SKU0712,Product 0712,Store C,0.0,0.3073,Supplier 02,23.0,28.386,1.75
SKU0858,Product 0858,Store A,0.0,0.0,Supplier 16,23.0,11.8026,1.75
SKU0901,Product 0901,Store A,0.0,0.2548,Supplier 02,23.0,11.454,1.75
SKU0906,Product 0906,Store A,9.0,0.7055,Supplier 69,23.0,50.547,1.75
SKU0924,Product 0924,Store A,10.0,0.1003,Supplier 69,23.0,4.316,1.75
SKU0950,Product 0950,Store C,33.0,0.1743,Supplier 02,23.0,11.454,1.75
SKU1233,Product 1233,Store C,0.0,0.5146,Supplier 17,23.0,27.888,1.75
SKU1305,Product 1305,Store C,0.0,0.6226,Multiple suppliers,23.0,47.1025,1.75
SKU1332,Product 1332,Store B,28.0,0.5727,Supplier 03,23.0,28.0872,1.75
SKU1435,Product 1435,Store B,26.0,0.4482,Supplier 24,23.0,20.999,1.75
SKU1466,Product 1466,Store C,0.0,1.2888,Supplier 66,23.0,72.542,1.75
SKU1492,Product 1492,Store C,17.0,0.4233,Supplier 24,23.0,22.908,1.75
SKU1613,Product 1613,Store B,0.0,0.0,Supplier 07,23.0,28.967,1.75
SKU1645,Product 1645,Store B,19.0,1.0873,Supplier 75,23.0,57.104,1.75
SKU1715,Product 1715,Store C,0.0,0.0,Supplier 46,23.0,30.0128,1.75
SKU1768,Product 1768,Store A,1.0,0.7943,Multiple suppliers,23.0,48.7708,1.75
SKU1794,Product 1794,Store C,23.0,0.2988,Supplier 42,23.0,21.9867,1.75
SKU0108,Product 0108,Store B,11.0,0.3735,Supplier 68,22.0,19.9947,1.6739
SKU0122,Product 0122,Store B,10.0,0.5588,Supplier 05,22.0,39.4416,1.6739
SKU0125,Product 0125,Store C,7.0,0.5417,Supplier 05,22.0,40.172,1.6739
SKU0157,Product 0157,Store A,15.0,0.3569,Supplier 68,22.0,19.173,1.6739
SKU0165,Product 0165,Store C,0.0,0.4151,Multiple suppliers,22.0,24.07,1.6739
SKU0698,Product 0698,Store B,15.0,0.6032,Supplier 05,22.0,41.8071,1.6739
SKU0877,Product 0877,Store C,1.0,0.7139,Supplier 19,22.0,30.7598,1.6739
SKU0890,Product 0890,Store C,20.0,0.4955,Supplier 02,22.0,36.354,1.6739
SKU1025,Product 1025,Store A,0.0,0.332,Supplier 11,22.0,15.3882,1.6739
SKU1249,Product 1249,Store B,5.0,0.3154,Supplier 24,22.0,17.347,1.6739
SKU1283,Product 1283,Store A,30.0,0.2988,Supplier 24,22.0,14.276,1.6739
SKU1370,Product 1370,Store B,9.0,0.4067,Supplier 24,22.0,17.596,1.6739
SKU1610,Product 1610,Store C,17.0,0.6645,Supplier 07,22.0,31.042,1.6739
SKU1618,Product 1618,Store B,16.0,0.4981,Supplier 07,22.0,21.3144,1.6739
SKU1715,Product 1715,Store B,0.0,0.0,Supplier 46,22.0,28.4192,1.6739
SKU0061,Product 0061,Store A,0.0,0.3408,Supplier 68,21.0,15.2388,1.5978
SKU0146,Product 0146,Store B,12.0,0.3403,Supplier 68,21.0,19.0817,1.5978
SKU0474,Product 0474,Store A,50.0,0.1826,Supplier 59,21.0,8.715,1.5978
SKU0585,Product 0585,Store C,0.0,0.7887,Supplier 17,21.0,33.532,1.5978
SKU0635,Product 0635,Store B,13.0,0.7138,Supplier 02,21.0,40.836,1.5978
SKU0682,Product 0682,Store A,18.0,0.3154,Supplier 66,21.0,12.035,1.5978
SKU0728,Product 0728,Store B,0.0,0.893,Supplier 49,21.0,48.14,1.5978
SKU0761,Product 0761,Store C,0.0,0.0,Multiple suppliers,21.0,19.671,1.5978
SKU0941,Product 0941,Store C,9.0,6.4069,Supplier 29,21.0,290.3589,1.5978
SKU0983,Product 0983,Store C,6.0,0.5063,Supplier 46,21.0,27.7552,1.5978
SKU0984,Product 0984,Store A,1.0,0.9131,Supplier 46,21.0,41.7075,1.5978
SKU1233,Product 1233,Store A,0.0,0.5148,Supplier 17,21.0,25.2735,1.5978
SKU1435,Product 1435,Store C,29.0,0.4482,Supplier 24,21.0,19.173,1.5978
SKU1482,Product 1482,Store B,11.0,0.5312,Supplier 24,21.0,25.7715,1.5978
SKU1492,Product 1492,Store A,8.0,0.4233,Supplier 24,21.0,20.5176,1.5978
SKU1561,Product 1561,Store C,15.0,0.4067,Supplier 24,21.0,19.173,1.5978
SKU1614,Product 1614,Store B,12.0,0.6641,Supplier 07,21.0,28.7844,1.5978
SKU1792,Product 1792,Store A,25.0,0.7553,Supplier 42,21.0,39.84,1.5978
SKU0100,Product 0100,Store B,0.0,0.0,Supplier 68,20.0,2.075,1.5217
SKU0147,Product 0147,Store A,21.0,0.3403,Supplier 68,20.0,17.8948,1.5217
SKU0148,Product 0148,Store A,10.0,0.3569,Supplier 68,20.0,17.4383,1.5217
SKU0154,Product 0154,Store A,62.0,0.332,Supplier 66,20.0,21.9618,1.5217
SKU0166,Product 0166,Store C,0.0,0.415,Multiple suppliers,20.0,23.24,1.5217
SKU0509,Product 0509,Store B,12.0,0.758,Supplier 57,20.0,38.844,1.5217
SKU0661,Product 0661,Store A,0.0,0.4152,Supplier 16,20.0,24.402,1.5217
SKU0661,Product 0661,Store B,2.0,0.415,Supplier 16,20.0,24.5265,1.5217
SKU0709,Product 0709,Store C,0.0,0.2002,Supplier 02,20.0,16.6,1.5217
SKU0799,Product 0799,Store C,1.0,1.2865,Supplier 66,20.0,63.08,1.5217
SKU0800,Product 0800,Store B,0.0,1.2036,Supplier 66,20.0,62.7646,1.5217
SKU0850,Product 0850,Store A,0.0,0.2739,Supplier 43,20.0,8.8063,1.5217
SKU0873,Product 0873,Store C,16.0,0.1992,Supplier 19,20.0,8.1755,1.5217
SKU0888,Product 0888,Store A,22.0,0.0988,Supplier 02,20.0,4.1251,1.5217
SKU0950,Product 0950,Store B,40.0,0.1743,Supplier 02,20.0,9.96,1.5217
SKU1022,Product 1022,Store B,2.0,0.5666,Supplier 42,20.0,33.034,1.5217
SKU1217,Product 1217,Store B,22.0,0.2739,Supplier 24,20.0,10.5161,1.5217
SKU1259,Product 1259,Store C,0.0,1.353,Supplier 24,20.0,61.088,1.5217
SKU1274,Product 1274,Store C,0.0,0.0,Supplier 24,20.0,32.37,1.5217
SKU1420,Product 1420,Store B,22.0,0.4482,Supplier 24,20.0,18.0774,1.5217
SKU1461,Product 1461,Store C,1.0,0.4234,Supplier 24,20.0,19.92,1.5217
SKU1597,Product 1597,Store A,6.0,1.3698,Supplier 07,20.0,51.5264,1.5217
SKU1621,Product 1621,Store A,1.0,1.3697,Supplier 07,20.0,51.2608,1.5217
SKU1759,Product 1759,Store C,7.0,0.5063,Supplier 46,20.0,26.0288,1.5217
SKU0007,Product 0007,Store B,22.0,0.2094,Supplier 64,19.0,10.8647,1.4457
SKU0070,Product 0070,Store A,19.0,0.6225,Supplier 66,19.0,29.5646,1.4457
SKU0070,Product 0070,Store B,17.0,0.6225,Supplier 66,19.0,29.6476,1.4457
SKU0086,Product 0086,Store A,10.0,0.3735,Supplier 68,19.0,17.0731,1.4457
SKU0108,Product 0108,Store C,17.0,0.3735,Supplier 68,19.0,17.2557,1.4457
SKU0156,Product 0156,Store C,9.0,0.3403,Supplier 68,19.0,17.347,1.4457
SKU0532,Product 0532,Store B,0.0,0.0,Supplier 59,19.0,57.4277,1.4457
SKU0680,Product 0680,Store C,0.0,0.7624,Supplier 02,19.0,58.349,1.4457
SKU0698,Product 0698,Store A,18.0,0.6032,Supplier 05,19.0,35.5074,1.4457
SKU0871,Product 0871,Store B,0.0,3.437,Supplier 19,19.0,103.3848,1.4457
SKU0875,Product 0875,Store A,-1.0,0.1992,Supplier 19,19.0,7.304,1.4457
SKU0884,Product 0884,Store B,32.0,0.5113,Supplier 02,19.0,24.8336,1.4457
SKU0955,Product 0955,Store B,1.0,6.6641,Supplier 29,19.0,164.257,1.4457
SKU0983,Product 0983,Store A,19.0,0.5063,Supplier 46,19.0,24.1696,1.4457
SKU1069,Product 1069,Store B,26.0,0.4059,Supplier 02,19.0,24.0368,1.4457
SKU1079,Product 1079,Store A,19.0,0.3776,Supplier 02,19.0,29.0168,1.4457
SKU1236,Product 1236,Store A,22.0,0.4897,Supplier 04,19.0,23.406,1.4457
SKU1408,Product 1408,Store C,11.0,0.7387,Supplier 24,19.0,31.54,1.4457
SKU1599,Product 1599,Store B,3.0,1.3697,Supplier 07,19.0,49.4016,1.4457
SKU1611,Product 1611,Store B,8.0,0.6642,Supplier 07,19.0,25.2569,1.4457
SKU1614,Product 1614,Store A,1.0,0.6641,Supplier 07,19.0,25.6802,1.4457
SKU1715,Product 1715,Store A,0.0,0.0,Supplier 46,19.0,24.7008,1.4457
SKU1745,Product 1745,Store A,10.0,0.083,Supplier 10,19.0,1.577,1.4457
SKU1794,Product 1794,Store A,28.0,0.2988,Supplier 42,19.0,17.1976,1.4457
SKU0122,Product 0122,Store A,25.0,0.5588,Supplier 05,18.0,32.3202,1.3696
SKU0157,Product 0157,Store B,20.0,0.3569,Supplier 68,18.0,16.0688,1.3696
SKU0260,Product 0260,Store B,19.0,0.7171,Supplier 02,18.0,32.5028,1.3696
SKU0547,Product 0547,Store C,0.0,0.0,Supplier 59,18.0,74.534,1.3696
SKU0654,Product 0654,Store C,27.0,0.3835,Supplier 02,18.0,32.6854,1.3696
SKU0660,Product 0660,Store B,0.0,0.7949,Supplier 16,18.0,38.6282,1.3696
SKU0693,Product 0693,Store C,35.0,0.3527,Supplier 02,18.0,20.916,1.3696
SKU0694,Product 0694,Store C,25.0,0.2158,Supplier 02,18.0,14.94,1.3696
SKU0873,Product 0873,Store A,20.0,0.1992,Supplier 19,18.0,6.889,1.3696
SKU0889,Product 0889,Store B,24.0,0.1743,Supplier 02,18.0,8.798,1.3696
SKU1071,Product 1071,Store A,13.0,0.406,Supplier 02,18.0,23.24,1.3696
SKU1202,Product 1202,Store A,3.0,1.2368,Multiple suppliers,18.0,42.33,1.3696
SKU1279,Product 1279,Store C,4.0,0.8467,Supplier 24,18.0,29.88,1.3696
SKU1394,Product 1394,Store A,3.0,0.7138,Supplier 24,18.0,36.935,1.3696
SKU1443,Product 1443,Store A,25.0,0.4482,Supplier 24,18.0,16.1601,1.3696
SKU1510,Product 1510,Store B,21.0,0.3818,Supplier 24,18.0,14.442,1.3696
SKU1557,Product 1557,Store C,4.0,0.3902,Supplier 24,18.0,20.6836,1.3696
SKU1558,Product 1558,Store C,28.0,0.3818,Supplier 24,18.0,14.608,1.3696
SKU1563,Product 1563,Store C,3.0,0.4067,Supplier 24,18.0,16.0937,1.3696
SKU1589,Product 1589,Store A,9.0,0.6059,Supplier 46,18.0,24.8004,1.3696
SKU1599,Product 1599,Store C,8.0,1.3697,Supplier 07,18.0,47.2768,1.3696
SKU1711,Product 1711,Store B,9.0,0.5063,Supplier 46,18.0,23.6384,1.3696
SKU1741,Product 1741,Store C,1.0,0.083,Multiple suppliers,18.0,1.494,1.3696
SKU0087,Product 0087,Store A,1.0,0.3736,Supplier 68,17.0,15.0645,1.2935
SKU0095,Product 0095,Store A,13.0,0.3735,Supplier 68,17.0,15.2471,1.2935
SKU0463,Product 0463,Store A,17.0,0.1577,Supplier 02,17.0,8.3166,1.2935
SKU0528,Product 0528,Store C,0.0,0.3735,Supplier 59,17.0,5.893,1.2935
SKU0616,Product 0616,Store B,0.0,0.5407,Supplier 17,17.0,19.173,1.2935
SKU0802,Product 0802,Store B,37.0,0.6225,Supplier 66,17.0,26.809,1.2935
SKU0805,Product 0805,Store C,4.0,0.2739,Supplier 66,17.0,22.576,1.2935
SKU0873,Product 0873,Store B,21.0,0.1992,Supplier 19,17.0,6.9305,1.2935
SKU0889,Product 0889,Store C,18.0,0.1743,Supplier 02,17.0,8.798,1.2935
SKU0986,Product 0986,Store B,13.0,0.6059,Supplier 46,17.0,24.8004,1.2935
SKU1000,Product 1000,Store B,8.0,0.249,Supplier 22,17.0,10.5576,1.2935
SKU1068,Product 1068,Store A,51.0,0.4374,Supplier 02,17.0,22.576,1.2935
SKU1174,Product 1174,Store C,1.0,0.2573,Supplier 24,17.0,12.5496,1.2935
SKU1234,Product 1234,Store A,6.0,0.5146,Supplier 24,17.0,31.4985,1.2935
SKU1510,Product 1510,Store A,22.0,0.3818,Supplier 24,17.0,13.695,1.2935
SKU1536,Product 1536,Store A,8.0,0.4233,Supplier 24,17.0,16.5336,1.2935
SKU1546,Product 1546,Store C,6.0,0.3818,Supplier 24,17.0,13.778,1.2935
SKU1560,Product 1560,Store B,29.0,0.4067,Supplier 24,17.0,15.521,1.2935
SKU1564,Product 1564,Store C,1.0,0.2905,Supplier 24,17.0,12.699,1.2935
SKU1614,Product 1614,Store C,12.0,0.664,Supplier 07,17.0,23.2815,1.2935
SKU0050,Product 0050,Store A,1.0,0.7056,Supplier 66,16.0,34.528,1.2174
SKU0094,Product 0094,Store B,15.0,0.3735,Supplier 68,16.0,14.608,1.2174
SKU0476,Product 0476,Store C,0.0,0.0,Supplier 59,16.0,18.1272,1.2174
SKU0680,Product 0680,Store A,0.0,0.0,Supplier 02,16.0,48.2147,1.2174
SKU0712,Product 0712,Store A,0.0,0.3087,Supplier 02,16.0,18.924,1.2174
SKU0877,Product 0877,Store B,8.0,0.7138,Supplier 19,16.0,22.2938,1.2174
SKU0884,Product 0884,Store A,29.0,0.5113,Supplier 02,16.0,20.3184,1.2174
SKU0888,Product 0888,Store B,31.0,0.0988,Supplier 02,16.0,3.2951,1.2174
SKU0924,Product 0924,Store B,6.0,0.1003,Supplier 69,16.0,3.2536,1.2174
SKU1025,Product 1025,Store B,1.0,0.332,Supplier 11,16.0,11.5038,1.2174
SKU1048,Product 1048,Store A,13.0,0.4067,Supplier 05,16.0,19.92,1.2174
SKU1049,Product 1049,Store A,4.0,0.3583,Supplier 05,16.0,19.173,1.2174
SKU1210,Product 1210,Store C,0.0,1.1539,Supplier 43,16.0,35.4078,1.2174
SKU1232,Product 1232,Store A,49.0,0.1328,Supplier 19,16.0,5.2788,1.2174
SKU1234,Product 1234,Store B,9.0,0.5146,Supplier 24,16.0,30.3531,1.2174
SKU1237,Product 1237,Store A,9.0,0.4897,Supplier 04,16.0,19.7955,1.2174
SKU1463,Product 1463,Store C,12.0,0.4233,Supplier 24,16.0,15.936,1.2174
SKU1507,Product 1507,Store C,8.0,0.4814,Supplier 24,16.0,17.1561,1.2174
SKU1587,Product 1587,Store A,16.0,0.5063,Supplier 46,16.0,20.7168,1.2174
SKU1587,Product 1587,Store C,6.0,0.5063,Supplier 46,16.0,21.1152,1.2174
SKU1597,Product 1597,Store C,9.0,1.3698,Supplier 07,16.0,42.496,1.2174
SKU1611,Product 1611,Store A,6.0,0.664,Supplier 07,16.0,21.5883,1.2174
SKU1621,Product 1621,Store C,0.0,1.37,Supplier 07,16.0,41.6992,1.2174
SKU1711,Product 1711,Store A,9.0,0.5063,Supplier 46,16.0,20.584,1.2174
SKU1759,Product 1759,Store B,14.0,0.5063,Supplier 46,16.0,20.7168,1.2174
SKU0095,Product 0095,Store B,9.0,0.3735,Supplier 68,15.0,13.5124,1.1413
SKU0124,Product 0124,Store B,22.0,0.507,Supplier 05,15.0,27.39,1.1413
SKU0530,Product 0530,Store C,0.0,0.3737,Supplier 59,15.0,5.644,1.1413
SKU0599,Product 0599,Store C,0.0,0.0,Supplier 17,15.0,17.43,1.1413
SKU0631,Product 0631,Store C,15.0,0.2824,Supplier 16,15.0,12.118,1.1413
SKU0635,Product 0635,Store A,19.0,0.7139,Supplier 02,15.0,29.0832,1.1413
SKU0654,Product 0654,Store B,20.0,0.3835,Supplier 02,15.0,27.39,1.1413
SKU0678,Product 0678,Store A,42.0,0.4117,Supplier 02,15.0,26.1118,1.1413
SKU0688,Product 0688,Store A,16.0,0.3586,Multiple suppliers,15.0,20.2437,1.1413
SKU0693,Product 0693,Store B,7.0,0.3527,Supplier 02,15.0,17.3138,1.1413
SKU0798,Product 0798,Store B,-1.0,1.2882,Supplier 66,15.0,45.1022,1.1413
SKU0799,Product 0799,Store A,5.0,1.2866,Supplier 66,15.0,46.6792,1.1413
SKU0800,Product 0800,Store A,2.0,1.2036,Supplier 66,15.0,46.6792,1.1413
SKU0801,Product 0801,Store A,43.0,0.6225,Supplier 66,15.0,23.3396,1.1413
SKU0802,Product 0802,Store A,45.0,0.6225,Supplier 66,15.0,23.4973,1.1413
SKU0887,Product 0887,Store B,23.0,0.2598,Supplier 02,15.0,17.0814,1.1413
SKU0891,Product 0891,Store A,21.0,0.3644,Supplier 02,15.0,17.1976,1.1413
SKU0980,Product 0980,Store A,4.0,0.3071,Supplier 22,15.0,5.976,1.1413
SKU1028,Product 1028,Store A,11.0,0.523,Supplier 11,15.0,16.849,1.1413
SKU1050,Product 1050,Store A,27.0,0.3234,Supplier 05,15.0,18.426,1.1413
SKU1069,Product 1069,Store A,16.0,0.406,Supplier 02,15.0,19.7872,1.1413
SKU1069,Product 1069,Store C,25.0,0.406,Supplier 02,15.0,19.6544,1.1413
SKU1071,Product 1071,Store B,20.0,0.406,Supplier 02,15.0,19.1232,1.1413
SKU1174,Product 1174,Store A,9.0,0.2573,Supplier 24,15.0,10.6074,1.1413
SKU1202,Product 1202,Store B,6.0,1.2367,Multiple suppliers,15.0,36.354,1.1413
SKU1208,Product 1208,Store C,0.0,1.0459,Multiple suppliers,15.0,34.3952,1.1413
SKU1210,Product 1210,Store B,0.0,1.1539,Supplier 43,15.0,33.1668,1.1413
SKU1271,Product 1271,Store C,0.0,0.9047,Supplier 24,15.0,31.125,1.1413
SKU1303,Product 1303,Store C,0.0,0.6225,Multiple suppliers,15.0,21.3725,1.1413
SKU1408,Product 1408,Store A,7.0,0.7388,Supplier 24,15.0,24.07,1.1413
SKU1419,Product 1419,Store B,30.0,0.2988,Supplier 24,15.0,9.6944,1.1413
SKU1462,Product 1462,Store C,3.0,0.4233,Supplier 24,15.0,14.94,1.1413
SKU1555,Product 1555,Store C,0.0,0.8468,Supplier 24,15.0,24.734,1.1413
SKU1564,Product 1564,Store B,9.0,0.2905,Supplier 24,15.0,11.0556,1.1413
SKU1589,Product 1589,Store C,5.0,0.6059,Supplier 46,15.0,22.2606,1.1413
SKU1598,Product 1598,Store B,8.0,1.3698,Supplier 07,15.0,39.84,1.1413
SKU1621,Product 1621,Store B,0.0,1.3697,Supplier 07,15.0,39.3088,1.1413
SKU1649,Product 1649,Store C,10.0,1.1537,Supplier 75,15.0,26.643,1.1413
SKU1710,Product 1710,Store C,4.0,0.5063,Supplier 46,15.0,19.92,1.1413
SKU1711,Product 1711,Store C,9.0,0.5063,Supplier 46,15.0,19.92,1.1413
SKU1741,Product 1741,Store A,9.0,0.083,Multiple suppliers,15.0,1.245,1.1413
SKU0050,Product 0050,Store B,14.0,0.7055,Supplier 66,14.0,30.71,1.0652
SKU0549,Product 0549,Store C,0.0,0.0,Supplier 59,14.0,10.458,1.0652
SKU0887,Product 0887,Store A,21.0,0.2598,Supplier 02,14.0,16.0356,1.0652
SKU0952,Product 0952,Store B,10.0,0.8922,Supplier 49,14.0,32.2538,1.0652
SKU0981,Product 0981,Store A,7.0,0.2905,Supplier 22,14.0,9.0968,1.0652
SKU0991,Product 0991,Store C,6.0,0.5063,Supplier 46,14.0,18.4592,1.0652
SKU1024,Product 1024,Store A,0.0,0.0,Supplier 11,14.0,15.106,1.0652
SKU1025,Product 1025,Store C,6.0,0.332,Supplier 11,14.0,9.8604,1.0652
SKU1174,Product 1174,Store B,8.0,0.2573,Supplier 24,14.0,10.0098,1.0652
SKU1197,Product 1197,Store A,2.0,0.9471,Supplier 43,14.0,27.0912,1.0652
SKU1197,Product 1197,Store B,0.0,0.947,Supplier 43,14.0,27.4896,1.0652
SKU1233,Product 1233,Store B,1.0,0.5146,Supplier 17,14.0,17.43,1.0652
SKU1240,Product 1240,Store C,0.0,0.4176,Supplier 04,14.0,0.8715,1.0652
SKU1259,Product 1259,Store B,0.0,1.353,Supplier 24,14.0,42.828,1.0652
SKU1283,Product 1283,Store B,9.0,0.2988,Supplier 24,14.0,9.2296,1.0652
SKU1301,Product 1301,Store B,1.0,2.2412,Multiple suppliers,14.0,61.0299,1.0652
SKU1370,Product 1370,Store A,14.0,0.4067,Supplier 24,14.0,11.537,1.0652
SKU1394,Product 1394,Store B,4.0,0.7139,Supplier 24,14.0,29.05,1.0652
SKU1410,Product 1410,Store C,0.0,0.7388,Supplier 24,14.0,23.24,1.0652
SKU1418,Product 1418,Store C,25.0,0.2998,Supplier 24,14.0,9.296,1.0652
SKU1466,Product 1466,Store A,0.0,1.2868,Supplier 66,14.0,42.8944,1.0652
SKU1466,Product 1466,Store B,-2.0,1.2873,Supplier 66,14.0,42.579,1.0652
SKU1479,Product 1479,Store C,6.0,0.5312,Supplier 24,14.0,17.43,1.0652
SKU1506,Product 1506,Store C,0.0,0.4814,Supplier 24,14.0,14.8902,1.0652
SKU1565,Product 1565,Store B,9.0,0.2905,Supplier 24,14.0,10.3086,1.0652
SKU1597,Product 1597,Store B,7.0,0.0,Supplier 07,14.0,35.3248,1.0652
SKU1610,Product 1610,Store B,0.0,0.6642,Supplier 07,14.0,19.0485,1.0652
SKU1659,Product 1659,Store A,16.0,0.498,Supplier 46,14.0,18.1936,1.0652
SKU1659,Product 1659,Store C,18.0,0.498,Supplier 46,14.0,18.3264,1.0652
SKU1701,Product 1701,Store B,12.0,0.4897,Supplier 74,14.0,14.7823,1.0652
SKU1741,Product 1741,Store B,8.0,0.083,Multiple suppliers,14.0,1.162,1.0652
SKU1763,Product 1763,Store A,0.0,0.0,Unknown supplier,14.0,48.1234,1.0652
SKU1793,Product 1793,Store C,28.0,0.7553,Supplier 42,14.0,26.394,1.0652
SKU1795,Product 1795,Store C,0.0,3.985,Multiple suppliers,14.0,87.15,1.0652
SKU0122,Product 0122,Store C,8.0,0.5588,Supplier 05,13.0,23.738,0.9891
SKU0139,Product 0139,Store A,0.0,0.7472,Supplier 59,13.0,20.584,0.9891
SKU0148,Product 0148,Store B,15.0,0.3569,Supplier 68,13.0,11.7777,0.9891
SKU0398,Product 0398,Store A,1.0,0.9961,Supplier 59,13.0,30.8096,0.9891
SKU0585,Product 0585,Store B,-1.0,0.7889,Supplier 17,13.0,21.248,0.9891
SKU0680,Product 0680,Store B,1.0,0.7619,Supplier 02,13.0,39.3088,0.9891
SKU0694,Product 0694,Store B,39.0,0.2158,Supplier 02,13.0,10.624,0.9891
SKU0725,Product 0725,Store A,3.0,0.8674,Supplier 49,13.0,30.0875,0.9891
SKU0805,Product 0805,Store A,27.0,0.2739,Supplier 66,13.0,15.936,0.9891
SKU0890,Product 0890,Store B,58.0,0.4955,Supplier 02,13.0,20.833,0.9891
SKU0901,Product 0901,Store C,0.0,0.2548,Supplier 02,13.0,6.474,0.9891
SKU0930,Product 0930,Store C,0.0,0.0,Supplier 62,13.0,19.007,0.9891
SKU0952,Product 0952,Store C,5.0,0.8923,Supplier 49,13.0,30.5689,0.9891
SKU1027,Product 1027,Store B,0.0,0.3321,Supplier 11,13.0,9.711,0.9891
SKU1068,Product 1068,Store B,25.0,0.4374,Supplier 02,13.0,16.6,0.9891
SKU1401,Product 1401,Store A,6.0,1.2451,Supplier 24,13.0,33.9968,0.9891
SKU1492,Product 1492,Store B,18.0,0.4233,Supplier 24,13.0,12.948,0.9891
SKU1509,Product 1509,Store A,15.0,0.3818,Supplier 24,13.0,9.6612,0.9891
SKU1561,Product 1561,Store A,1.0,0.4067,Supplier 24,13.0,11.6864,0.9891
SKU1562,Product 1562,Store C,9.0,0.4067,Supplier 24,13.0,11.869,0.9891
SKU1564,Product 1564,Store A,10.0,0.2905,Supplier 24,13.0,9.4869,0.9891
SKU1565,Product 1565,Store C,1.0,0.2905,Supplier 24,13.0,9.711,0.9891
SKU1610,Product 1610,Store A,0.0,0.6643,Supplier 07,13.0,17.6375,0.9891
SKU1645,Product 1645,Store C,8.0,1.0874,Supplier 75,13.0,34.2624,0.9891
SKU1651,Product 1651,Store C,19.0,1.9589,Supplier 75,13.0,57.519,0.9891
SKU1742,Product 1742,Store B,10.0,0.083,Supplier 10,13.0,1.079,0.9891
SKU1761,Product 1761,Store B,13.0,0.5063,Supplier 46,13.0,16.6,0.9891
SKU1791,Product 1791,Store A,36.0,0.8051,Supplier 42,13.0,24.651,0.9891
SKU0081,Product 0081,Store B,0.0,0.624,Supplier 66,12.0,13.28,0.913
SKU0086,Product 0086,Store B,14.0,0.3735,Supplier 68,12.0,10.8149,0.913
SKU0087,Product 0087,Store B,14.0,0.3735,Supplier 68,12.0,10.7734,0.913
SKU0154,Product 0154,Store B,75.0,0.332,Supplier 66,12.0,13.2468,0.913
SKU0155,Product 0155,Store A,81.0,0.332,Supplier 66,12.0,14.608,0.913
SKU0156,Product 0156,Store B,9.0,0.3403,Supplier 68,12.0,10.956,0.913
SKU0166,Product 0166,Store A,0.0,0.4151,Multiple suppliers,12.0,14.94,0.913
SKU0532,Product 0532,Store A,0.0,0.0,Supplier 59,12.0,36.5449,0.913
SKU0799,Product 0799,Store B,3.0,1.2866,Supplier 66,12.0,36.9018,0.913
SKU0851,Product 0851,Store B,0.0,0.2739,Supplier 43,12.0,5.478,0.913
SKU0875,Product 0875,Store B,14.0,0.1992,Supplier 19,12.0,4.897,0.913
SKU0876,Product 0876,Store A,22.0,0.1992,Supplier 19,12.0,4.6895,0.913
SKU0889,Product 0889,Store A,24.0,0.1743,Supplier 02,12.0,5.8598,0.913
SKU0933,Product 0933,Store C,2.0,4.5984,Supplier 62,12.0,108.149,0.913
SKU0986,Product 0986,Store A,5.0,0.6059,Supplier 46,12.0,17.181,0.913
SKU1003,Product 1003,Store A,0.0,0.7638,Supplier 19,12.0,17.9778,0.913
SKU1003,Product 1003,Store B,0.0,0.0,Supplier 19,12.0,18.7663,0.913
SKU1003,Product 1003,Store C,0.0,0.7638,Supplier 19,12.0,18.7663,0.913
SKU1200,Product 1200,Store B,0.0,0.5402,Unknown supplier,12.0,13.0144,0.913
SKU1215,Product 1215,Store A,11.0,0.4233,Supplier 43,12.0,10.3169,0.913
SKU1235,Product 1235,Store C,8.0,0.4897,Supplier 04,12.0,14.94,0.913
SKU1256,Product 1256,Store C,9.0,0.4772,Supplier 02,12.0,17.4798,0.913
SKU1274,Product 1274,Store A,0.0,0.0,Supplier 24,12.0,18.26,0.913
SKU1299,Product 1299,Store B,0.0,0.5396,Supplier 17,12.0,13.7116,0.913
SKU1302,Product 1302,Store C,0.0,0.6226,Supplier 12,12.0,18.924,0.913
SKU1364,Product 1364,Store B,35.0,0.7885,Supplier 24,12.0,24.6925,0.913
SKU1397,Product 1397,Store C,0.0,0.8467,Supplier 24,12.0,19.754,0.913
SKU1401,Product 1401,Store C,4.0,1.245,Supplier 24,12.0,31.6064,0.913
SKU1446,Product 1446,Store C,13.0,0.4482,Supplier 24,12.0,10.956,0.913
SKU1462,Product 1462,Store A,8.0,0.4233,Supplier 24,12.0,11.952,0.913
SKU1481,Product 1481,Store B,6.0,0.5312,Supplier 24,12.0,14.8155,0.913
SKU1483,Product 1483,Store C,8.0,0.5312,Supplier 24,12.0,14.94,0.913
SKU1518,Product 1518,Store C,7.0,0.3818,Supplier 24,12.0,9.545,0.913
SKU1563,Product 1563,Store A,14.0,0.4067,Supplier 24,12.0,10.4082,0.913
SKU1572,Product 1572,Store A,0.0,0.0,Supplier 24,12.0,34.6608,0.913
SKU1572,Product 1572,Store B,0.0,1.461,Supplier 24,12.0,35.2584,0.913
SKU1572,Product 1572,Store C,0.0,1.4611,Supplier 24,12.0,35.856,0.913
SKU1573,Product 1573,Store A,0.0,0.0,Supplier 24,12.0,33.7644,0.913
SKU1573,Product 1573,Store B,0.0,0.0,Supplier 24,12.0,34.362,0.913
SKU1573,Product 1573,Store C,0.0,1.461,Supplier 24,12.0,35.2584,0.913
SKU1598,Product 1598,Store A,7.0,1.3706,Supplier 07,12.0,31.0752,0.913
SKU1710,Product 1710,Store A,19.0,0.5063,Supplier 46,12.0,15.6704,0.913
SKU1791,Product 1791,Store B,34.0,0.8051,Supplier 42,12.0,22.9495,0.913
SKU1792,Product 1792,Store C,48.0,0.7553,Supplier 42,12.0,22.742,0.913
SKU1793,Product 1793,Store B,34.0,0.7553,Supplier 42,12.0,23.323,0.913
SKU0091,Product 0091,Store A,8.0,0.3735,Supplier 68,11.0,9.7691,0.837
SKU0105,Product 0105,Store A,14.0,0.3735,Supplier 68,11.0,9.8604,0.837
SKU0120,Product 0120,Store C,8.0,1.4029,Supplier 05,11.0,33.781,0.837
SKU0634,Product 0634,Store A,8.0,0.7288,Supplier 02,11.0,19.5382,0.837
SKU0667,Product 0667,Store B,0.0,1.9272,Supplier 61,11.0,46.1397,0.837
SKU0679,Product 0679,Store A,35.0,0.498,Supplier 02,11.0,13.5705,0.837
SKU0679,Product 0679,Store B,38.0,0.498,Supplier 02,11.0,13.0725,0.837
SKU0688,Product 0688,Store B,22.0,0.3586,Multiple suppliers,11.0,16.185,0.837
SKU0693,Product 0693,Store A,37.0,0.3527,Supplier 02,11.0,12.5496,0.837
SKU0703,Product 0703,Store B,0.0,0.0,Supplier 02,11.0,10.5576,0.837
SKU0715,Product 0715,Store C,13.0,0.7387,Supplier 05,11.0,21.912,0.837
SKU0807,Product 0807,Store A,0.0,0.2739,Supplier 66,11.0,14.2096,0.837
SKU0891,Product 0891,Store B,32.0,0.3644,Supplier 02,11.0,12.5496,0.837
SKU0953,Product 0953,Store C,9.0,0.8674,Supplier 49,11.0,25.9956,0.837
SKU0955,Product 0955,Store A,0.0,0.0,Supplier 29,11.0,93.292,0.837
SKU0991,Product 0991,Store B,12.0,0.5063,Supplier 46,11.0,14.3424,0.837
SKU1253,Product 1253,Store B,6.0,0.5976,Supplier 24,11.0,15.5376,0.837
SKU1270,Product 1270,Store A,2.0,0.6142,Supplier 24,11.0,16.1352,0.837
SKU1274,Product 1274,Store B,0.0,0.8226,Supplier 24,11.0,17.762,0.837
SKU1278,Product 1278,Store B,11.0,0.8466,Supplier 24,11.0,18.094,0.837
SKU1303,Product 1303,Store A,0.0,0.6225,Multiple suppliers,11.0,15.77,0.837
SKU1410,Product 1410,Store B,9.0,0.7387,Supplier 24,11.0,17.928,0.837
SKU1420,Product 1420,Store A,35.0,0.4482,Supplier 24,11.0,9.5865,0.837
SKU1425,Product 1425,Store A,11.0,0.7387,Supplier 24,11.0,18.094,0.837
SKU1432,Product 1432,Store C,1.0,0.7554,Supplier 24,11.0,17.0316,0.837
SKU1446,Product 1446,Store B,18.0,0.4482,Supplier 24,11.0,9.9517,0.837
SKU1482,Product 1482,Store A,4.0,0.5312,Supplier 24,11.0,13.3215,0.837
SKU1509,Product 1509,Store B,17.0,0.3818,Supplier 24,11.0,8.5573,0.837
SKU1561,Product 1561,Store B,7.0,0.4067,Supplier 24,11.0,10.043,0.837
SKU1562,Product 1562,Store A,22.0,0.4067,Supplier 24,11.0,9.7691,0.837
SKU1568,Product 1568,Store C,0.0,0.5063,Supplier 24,11.0,12.782,0.837
SKU1599,Product 1599,Store A,5.0,1.3695,Supplier 07,11.0,28.1536,0.837
SKU1723,Product 1723,Store C,0.0,0.0,Supplier 09,11.0,31.955,0.837
SKU1742,Product 1742,Store C,10.0,0.083,Supplier 10,11.0,0.913,0.837
SKU1759,Product 1759,Store A,10.0,0.5063,Supplier 46,11.0,14.2096,0.837
SKU1761,Product 1761,Store C,10.0,0.5063,Supplier 46,11.0,14.4752,0.837
SKU1762,Product 1762,Store C,8.0,0.5063,Supplier 46,11.0,14.4752,0.837
SKU1791,Product 1791,Store C,33.0,0.8051,Supplier 42,11.0,20.3184,0.837
SKU0156,Product 0156,Store A,12.0,0.3403,Supplier 68,10.0,8.7648,0.7609
SKU0654,Product 0654,Store A,18.0,0.3835,Supplier 02,10.0,17.8948,0.7609
SKU0726,Product 0726,Store B,4.0,0.8674,Supplier 49,10.0,22.6258,0.7609
SKU0764,Product 0764,Store C,0.0,0.0,Multiple suppliers,10.0,9.296,0.7609
SKU0798,Product 0798,Store A,0.0,1.2865,Supplier 66,10.0,30.9092,0.7609
SKU0804,Product 0804,Store A,35.0,0.2739,Supplier 66,10.0,13.0144,0.7609
SKU0804,Product 0804,Store C,10.0,0.2739,Supplier 66,10.0,13.28,0.7609
SKU0805,Product 0805,Store B,27.0,0.2739,Supplier 66,10.0,13.1472,0.7609
SKU0852,Product 0852,Store A,0.0,0.2739,Supplier 43,10.0,4.15,0.7609
SKU0876,Product 0876,Store B,27.0,0.1992,Supplier 19,10.0,3.984,0.7609
SKU0886,Product 0886,Store A,22.0,0.2407,Supplier 02,10.0,11.62,0.7609
SKU0951,Product 0951,Store A,12.0,0.8922,Supplier 49,10.0,23.1072,0.7609
SKU0991,Product 0991,Store A,13.0,0.5063,Supplier 46,10.0,12.7488,0.7609
SKU1024,Product 1024,Store B,0.0,0.0,Supplier 11,10.0,10.8066,0.7609
SKU1026,Product 1026,Store B,9.0,0.332,Supplier 11,10.0,7.47,0.7609
SKU1236,Product 1236,Store B,19.0,0.4897,Supplier 04,10.0,12.3255,0.7609
SKU1256,Product 1256,Store A,12.0,0.4772,Supplier 02,10.0,13.8942,0.7609
SKU1256,Product 1256,Store B,11.0,0.4772,Supplier 02,10.0,14.4918,0.7609
SKU1276,Product 1276,Store C,0.0,0.8468,Supplier 24,10.0,16.6,0.7609
SKU1277,Product 1277,Store C,0.0,0.8467,Supplier 24,10.0,16.6,0.7609
SKU1290,Product 1290,Store C,0.0,3.2455,Supplier 19,10.0,54.4978,0.7609
SKU1298,Product 1298,Store B,12.0,0.9546,Supplier 06,10.0,31.2246,0.7609
SKU1301,Product 1301,Store A,1.0,2.2417,Multiple suppliers,10.0,45.4176,0.7609
SKU1305,Product 1305,Store B,8.0,0.6225,Multiple suppliers,10.0,20.1275,0.7609
SKU1319,Product 1319,Store B,9.0,1.0016,Supplier 24,10.0,22.5428,0.7609
SKU1389,Product 1389,Store C,2.0,0.8467,Supplier 24,10.0,16.6,0.7609
SKU1396,Product 1396,Store C,0.0,0.8466,Supplier 24,10.0,16.6,0.7609
SKU1422,Product 1422,Store B,0.0,0.4815,Supplier 24,10.0,9.1632,0.7609
SKU1422,Product 1422,Store C,0.0,0.4815,Supplier 24,10.0,9.96,0.7609
SKU1423,Product 1423,Store B,0.0,0.4815,Supplier 24,10.0,9.3624,0.7609
SKU1444,Product 1444,Store A,16.0,0.4482,Supplier 24,10.0,8.8561,0.7609
SKU1446,Product 1446,Store A,19.0,0.4482,Supplier 24,10.0,9.0387,0.7609
SKU1447,Product 1447,Store C,0.0,0.4814,Supplier 24,10.0,9.8604,0.7609
SKU1506,Product 1506,Store B,1.0,0.4816,Supplier 24,10.0,10.6821,0.7609
SKU1507,Product 1507,Store A,2.0,0.4815,Supplier 24,10.0,10.2505,0.7609
SKU1521,Product 1521,Store C,4.0,0.7388,Supplier 24,10.0,16.6,0.7609
SKU1546,Product 1546,Store A,7.0,0.3818,Supplier 24,10.0,7.802,0.7609
SKU1562,Product 1562,Store B,15.0,0.4067,Supplier 24,10.0,8.9474,0.7609
SKU1565,Product 1565,Store A,15.0,0.2905,Supplier 24,10.0,7.0965,0.7609
SKU1568,Product 1568,Store A,2.0,0.5064,Supplier 24,10.0,11.2714,0.7609
SKU1588,Product 1588,Store B,16.0,0.5063,Supplier 46,10.0,12.8152,0.7609
SKU1588,Product 1588,Store C,14.0,0.5063,Supplier 46,10.0,13.1472,0.7609
SKU1742,Product 1742,Store A,11.0,0.083,Supplier 10,10.0,0.83,0.7609
SKU1783,Product 1783,Store B,6.551,5.2294,Supplier 42,9.255,106.0906,0.7042
SKU0125,Product 0125,Store B,16.0,0.5417,Supplier 05,9.0,16.2514,0.6848
SKU0155,Product 0155,Store B,90.0,0.332,Supplier 66,9.0,10.4414,0.6848
SKU0165,Product 0165,Store B,0.0,0.0,Multiple suppliers,9.0,11.205,0.6848
SKU0600,Product 0600,Store C,0.0,0.0,Supplier 17,9.0,10.458,0.6848
SKU0631,Product 0631,Store A,12.0,0.2824,Supplier 16,9.0,7.221,0.6848
SKU0631,Product 0631,Store B,21.0,0.2824,Supplier 16,9.0,7.387,0.6848
SKU0634,Product 0634,Store B,14.0,0.7288,Supplier 02,9.0,16.2514,0.6848
SKU0725,Product 0725,Store C,7.0,0.8674,Supplier 49,9.0,21.4223,0.6848
SKU0727,Product 0727,Store A,9.0,0.8674,Supplier 49,9.0,20.4595,0.6848
SKU0727,Product 0727,Store C,5.0,0.8674,Supplier 49,9.0,21.1816,0.6848
SKU0804,Product 0804,Store B,30.0,0.2739,Supplier 66,9.0,11.952,0.6848
SKU0806,Product 0806,Store B,0.0,0.0,Supplier 66,9.0,11.952,0.6848
SKU0886,Product 0886,Store C,20.0,0.2407,Supplier 02,9.0,10.2256,0.6848
SKU0951,Product 0951,Store C,10.0,0.8923,Supplier 49,9.0,19.4967,0.6848
SKU0988,Product 0988,Store B,15.0,0.498,Supplier 69,9.0,11.288,0.6848
SKU0988,Product 0988,Store C,16.0,0.498,Supplier 69,9.0,11.8192,0.6848
SKU1026,Product 1026,Store A,7.0,0.332,Supplier 11,9.0,6.5736,0.6848
SKU1028,Product 1028,Store B,5.0,0.5229,Supplier 11,9.0,9.877,0.6848
SKU1070,Product 1070,Store C,31.0,0.406,Supplier 02,9.0,11.6864,0.6848
SKU1215,Product 1215,Store B,13.0,0.4233,Supplier 43,9.0,8.217,0.6848
SKU1217,Product 1217,Store A,14.0,0.2739,Supplier 24,9.0,4.8555,0.6848
SKU1235,Product 1235,Store B,25.0,0.4897,Supplier 04,9.0,11.0805,0.6848
SKU1252,Product 1252,Store C,9.0,0.6142,Supplier 24,9.0,13.446,0.6848
SKU1279,Product 1279,Store A,9.0,0.8466,Supplier 24,9.0,14.774,0.6848
SKU1305,Product 1305,Store A,2.0,0.6226,Multiple suppliers,9.0,17.845,0.6848
SKU1388,Product 1388,Store C,4.0,0.8467,Supplier 24,9.0,14.774,0.6848
SKU1418,Product 1418,Store B,20.0,0.3071,Supplier 24,9.0,5.7768,0.6848
SKU1422,Product 1422,Store A,0.0,0.4815,Supplier 24,9.0,8.5656,0.6848
SKU1423,Product 1423,Store C,0.0,0.4815,Supplier 24,9.0,8.964,0.6848
SKU1427,Product 1427,Store C,24.0,0.4465,Supplier 24,9.0,8.217,0.6848
SKU1435,Product 1435,Store A,23.0,0.4482,Supplier 24,9.0,8.0344,0.6848
SKU1447,Product 1447,Store A,0.0,0.4814,Supplier 24,9.0,8.0676,0.6848
SKU1463,Product 1463,Store A,8.0,0.4233,Supplier 24,9.0,8.7648,0.6848
SKU1481,Product 1481,Store C,9.0,0.5312,Supplier 24,9.0,10.956,0.6848
SKU1507,Product 1507,Store B,7.0,0.4814,Supplier 24,9.0,9.3873,0.6848
SKU1518,Product 1518,Store A,38.0,0.3818,Supplier 24,9.0,7.221,0.6848
SKU1521,Product 1521,Store A,5.0,0.7388,Supplier 24,9.0,14.774,0.6848
SKU1560,Product 1560,Store C,11.0,0.4067,Supplier 24,9.0,8.217,0.6848
SKU1588,Product 1588,Store A,14.0,0.5063,Supplier 46,9.0,11.1552,0.6848
SKU1648,Product 1648,Store A,9.0,1.1537,Supplier 75,9.0,15.687,0.6848
SKU1710,Product 1710,Store B,17.0,0.5063,Supplier 46,9.0,11.8192,0.6848
SKU1790,Product 1790,Store B,43.0,1.3033,Supplier 42,9.0,21.0654,0.6848
SKU1792,Product 1792,Store B,38.0,0.7553,Supplier 42,9.0,16.8158,0.6848
SKU0092,Product 0092,Store C,0.0,0.3761,Supplier 68,8.0,4.3824,0.6087
SKU0105,Product 0105,Store B,23.0,0.3735,Supplier 68,8.0,7.304,0.6087
SKU0126,Product 0126,Store A,17.0,0.6377,Supplier 05,8.0,14.0602,0.6087
SKU0140,Product 0140,Store A,2.0,0.913,Supplier 59,8.0,14.2428,0.6087
SKU0166,Product 0166,Store B,0.0,0.0,Multiple suppliers,8.0,10.375,0.6087
SKU0599,Product 0599,Store A,0.0,0.0,Supplier 17,8.0,8.9474,0.6087
SKU0694,Product 0694,Store A,36.0,0.2158,Supplier 02,8.0,6.391,0.6087
SKU0789,Product 0789,Store C,0.0,0.7472,Supplier 10,8.0,9.628,0.6087
SKU0792,Product 0792,Store B,0.0,0.7471,Supplier 10,8.0,9.5035,0.6087
SKU0793,Product 0793,Store B,0.0,0.7496,Supplier 10,8.0,9.5035,0.6087
SKU0821,Product 0821,Store B,0.0,0.0,Supplier 69,8.0,1.2782,0.6087
SKU0850,Product 0850,Store B,2.0,0.2739,Supplier 43,8.0,3.652,0.6087
SKU0877,Product 0877,Store A,0.0,0.7139,Supplier 19,8.0,11.288,0.6087
SKU0890,Product 0890,Store A,15.0,0.4955,Supplier 02,8.0,12.616,0.6087
SKU0926,Product 0926,Store B,31.0,0.0931,Unknown supplier,8.0,2.9465,0.6087
SKU0941,Product 0941,Store B,10.0,6.4071,Supplier 29,8.0,106.6052,0.6087
SKU0988,Product 0988,Store A,17.0,0.498,Supplier 69,8.0,10.3584,0.6087
SKU1022,Product 1022,Store A,0.0,0.5666,Supplier 42,8.0,12.616,0.6087
SKU1048,Product 1048,Store B,13.0,0.4067,Supplier 05,8.0,9.96,0.6087
SKU1207,Product 1207,Store C,0.0,1.0458,Supplier 39,8.0,18.1272,0.6087
SKU1210,Product 1210,Store A,7.0,1.1537,Supplier 43,8.0,16.8075,0.6087
SKU1258,Product 1258,Store C,0.0,1.0377,Supplier 24,8.0,15.355,0.6087
SKU1276,Product 1276,Store B,1.0,0.8466,Supplier 24,8.0,13.28,0.6087
SKU1279,Product 1279,Store B,0.0,0.8468,Supplier 24,8.0,13.28,0.6087
SKU1303,Product 1303,Store B,0.0,0.7306,Multiple suppliers,8.0,9.96,0.6087
SKU1315,Product 1315,Store C,1.0,0.8716,Supplier 24,8.0,13.28,0.6087
SKU1401,Product 1401,Store B,6.0,1.2451,Supplier 24,8.0,21.248,0.6087
SKU1427,Product 1427,Store B,8.0,0.4482,Supplier 24,8.0,7.304,0.6087
SKU1444,Product 1444,Store B,30.0,0.4482,Supplier 24,8.0,7.304,0.6087
SKU1462,Product 1462,Store B,17.0,0.4233,Supplier 24,8.0,7.968,0.6087
SKU1477,Product 1477,Store C,0.0,0.5313,Supplier 24,8.0,9.96,0.6087
SKU1558,Product 1558,Store B,12.0,0.3818,Supplier 24,8.0,6.557,0.6087
SKU1617,Product 1617,Store A,1.0,0.498,Supplier 07,8.0,7.7688,0.6087
SKU1651,Product 1651,Store B,32.0,1.9588,Supplier 75,8.0,35.607,0.6087
SKU1713,Product 1713,Store A,18.0,0.5146,Supplier 46,8.0,10.4912,0.6087
SKU0116,Product 0116,Store B,0.0,0.996,Supplier 10,7.0,11.3295,0.5326
SKU0125,Product 0125,Store A,24.0,0.5417,Supplier 05,7.0,12.2342,0.5326
SKU0126,Product 0126,Store B,20.0,0.6377,Supplier 05,7.0,12.782,0.5326
SKU0140,Product 0140,Store B,0.0,0.0,Supplier 59,7.0,12.782,0.5326
SKU0599,Product 0599,Store B,0.0,0.0,Supplier 17,7.0,7.7854,0.5326
SKU0616,Product 0616,Store A,2.0,0.5396,Supplier 17,7.0,8.0178,0.5326
SKU0724,Product 0724,Store A,11.0,0.8674,Supplier 49,7.0,16.6083,0.5326
SKU0728,Product 0728,Store A,0.0,0.8928,Supplier 49,7.0,16.1269,0.5326
SKU0729,Product 0729,Store C,12.0,0.8674,Supplier 49,7.0,16.849,0.5326
SKU0791,Product 0791,Store B,1.0,0.7471,Supplier 10,7.0,8.4245,0.5326
SKU0791,Product 0791,Store C,1.0,0.7472,Supplier 10,7.0,8.4245,0.5326
SKU0792,Product 0792,Store C,1.0,0.7472,Supplier 10,7.0,8.4245,0.5326
SKU0898,Product 0898,Store A,6.0,3.3451,Supplier 29,7.0,50.9703,0.5326
SKU1026,Product 1026,Store C,6.0,0.332,Supplier 11,7.0,5.229,0.5326
SKU1204,Product 1204,Store B,0.0,0.0,Supplier 39,7.0,15.8032,0.5326
SKU1204,Product 1204,Store C,0.0,0.0,Supplier 39,7.0,16.0356,0.5326
SKU1207,Product 1207,Store B,2.0,1.0458,Supplier 39,7.0,15.5708,0.5326
SKU1208,Product 1208,Store A,0.0,1.0458,Multiple suppliers,7.0,15.8032,0.5326
SKU1259,Product 1259,Store A,1.0,1.3531,Supplier 24,7.0,20.4014,0.5326
SKU1261,Product 1261,Store C,0.0,0.5647,Supplier 24,7.0,8.134,0.5326
SKU1297,Product 1297,Store B,0.0,0.0,Supplier 06,7.0,14.8736,0.5326
SKU1298,Product 1298,Store A,13.0,0.9545,Supplier 06,7.0,21.4472,0.5326
SKU1300,Product 1300,Store B,5.0,0.5395,Supplier 17,7.0,7.9016,0.5326
SKU1302,Product 1302,Store A,3.0,0.6225,Supplier 12,7.0,11.537,0.5326
SKU1304,Product 1304,Store C,3.0,1.9092,Supplier 12,7.0,26.975,0.5326
SKU1410,Product 1410,Store A,5.0,0.7388,Supplier 24,7.0,11.288,0.5326
SKU1418,Product 1418,Store A,45.0,0.3036,Supplier 24,7.0,4.5816,0.5326
SKU1425,Product 1425,Store B,5.0,0.7388,Supplier 24,7.0,11.288,0.5326
SKU1483,Product 1483,Store B,7.0,0.5312,Supplier 24,7.0,8.217,0.5326
SKU1512,Product 1512,Store A,14.0,0.3818,Supplier 24,7.0,5.727,0.5326
SKU1512,Product 1512,Store B,16.0,0.3818,Supplier 24,7.0,5.2539,0.5326
SKU1547,Product 1547,Store B,16.0,0.3154,Supplier 24,7.0,5.81,0.5326
SKU1549,Product 1549,Store B,0.0,0.5064,Supplier 24,7.0,8.134,0.5326
SKU1574,Product 1574,Store C,9.0,4.3329,Supplier 24,7.0,72.625,0.5326
SKU1645,Product 1645,Store A,11.0,1.0874,Supplier 75,7.0,18.592,0.5326
SKU1719,Product 1719,Store C,0.0,0.0,Multiple suppliers,7.0,22.078,0.5326
SKU1762,Product 1762,Store B,17.0,0.5063,Supplier 46,7.0,9.1632,0.5326
SKU1794,Product 1794,Store B,38.0,0.2988,Supplier 42,7.0,7.138,0.5326
SKU1795,Product 1795,Store A,0.0,0.0,Multiple suppliers,7.0,43.575,0.5326
SKU0008,Product 0008,Store A,0.0,0.0,Supplier 64,6.0,3.154,0.4565
SKU0139,Product 0139,Store B,0.0,0.0,Supplier 59,6.0,9.96,0.4565
SKU0476,Product 0476,Store A,0.0,0.0,Supplier 59,6.0,6.8558,0.4565
SKU0568,Product 0568,Store A,0.0,1.7038,Supplier 65,6.0,21.7626,0.4565
SKU0585,Product 0585,Store A,0.0,0.7887,Supplier 17,6.0,9.13,0.4565
SKU0640,Product 0640,Store B,22.0,0.6201,Supplier 02,6.0,9.794,0.4565
SKU0656,Product 0656,Store C,0.0,0.0,Supplier 16,6.0,3.8346,0.4565
SKU0724,Product 0724,Store C,9.0,0.8674,Supplier 49,6.0,14.442,0.4565
SKU0725,Product 0725,Store B,0.0,0.8675,Supplier 49,6.0,13.9606,0.4565
SKU0726,Product 0726,Store A,7.0,0.8674,Supplier 49,6.0,13.4792,0.4565
SKU0726,Product 0726,Store C,7.0,0.8674,Supplier 49,6.0,13.9606,0.4565
SKU0728,Product 0728,Store C,11.0,0.8922,Supplier 49,6.0,14.442,0.4565
SKU0793,Product 0793,Store C,2.0,0.7472,Supplier 10,6.0,6.7313,0.4565
SKU0868,Product 0868,Store B,11.0,1.187,Supplier 19,6.0,11.0224,0.4565
SKU0951,Product 0951,Store B,11.0,0.8922,Supplier 49,6.0,13.7199,0.4565
SKU0953,Product 0953,Store A,5.0,0.8674,Supplier 49,6.0,14.2013,0.4565
SKU0955,Product 0955,Store C,0.0,0.0,Supplier 29,6.0,59.428,0.4565
SKU1200,Product 1200,Store A,5.0,0.5395,Unknown supplier,6.0,6.6234,0.4565
SKU1200,Product 1200,Store C,0.0,0.0,Unknown supplier,6.0,6.972,0.4565
SKU1204,Product 1204,Store A,1.0,1.046,Supplier 39,6.0,13.0144,0.4565
SKU1218,Product 1218,Store C,0.0,0.631,Supplier 24,6.0,8.964,0.4565
SKU1253,Product 1253,Store C,3.0,0.5977,Supplier 24,6.0,8.964,0.4565
SKU1270,Product 1270,Store B,7.0,0.6144,Supplier 24,6.0,8.964,0.4565
SKU1270,Product 1270,Store C,7.0,0.6143,Supplier 24,6.0,5.976,0.4565
SKU1278,Product 1278,Store A,9.0,0.8466,Supplier 24,6.0,9.96,0.4565
SKU1290,Product 1290,Store B,0.0,3.2459,Supplier 19,6.0,30.5855,0.4565
SKU1306,Product 1306,Store C,2.0,1.9093,Supplier 12,6.0,24.9,0.4565
SKU1389,Product 1389,Store B,7.0,0.8466,Supplier 24,6.0,9.96,0.4565
SKU1400,Product 1400,Store A,0.0,1.2457,Supplier 24,6.0,15.4048,0.4565
SKU1408,Product 1408,Store B,7.0,0.7387,Supplier 24,6.0,9.628,0.4565
SKU1423,Product 1423,Store A,0.0,0.4815,Supplier 24,6.0,5.478,0.4565
SKU1463,Product 1463,Store B,14.0,0.4233,Supplier 24,6.0,5.7768,0.4565
SKU1475,Product 1475,Store A,2.0,0.5313,Supplier 24,6.0,7.3455,0.4565
SKU1476,Product 1476,Store C,0.0,0.5312,Supplier 24,6.0,7.47,0.4565
SKU1511,Product 1511,Store B,18.0,0.3818,Supplier 24,6.0,4.731,0.4565
SKU1536,Product 1536,Store B,9.0,0.4233,Supplier 24,6.0,5.976,0.4565
SKU1543,Product 1543,Store C,6.0,0.7636,Supplier 24,6.0,9.96,0.4565
SKU1544,Product 1544,Store B,4.0,0.8052,Supplier 24,6.0,9.628,0.4565
SKU1546,Product 1546,Store B,13.0,0.3818,Supplier 24,6.0,4.731,0.4565
SKU1549,Product 1549,Store C,6.0,0.5063,Supplier 24,6.0,6.972,0.4565
SKU1568,Product 1568,Store B,0.0,0.5063,Supplier 24,6.0,6.972,0.4565
SKU1589,Product 1589,Store B,19.0,0.6059,Supplier 46,6.0,8.5158,0.4565
SKU1650,Product 1650,Store C,25.0,1.9588,Supplier 75,6.0,27.39,0.4565
SKU1652,Product 1652,Store C,13.0,2.3323,Supplier 75,6.0,28.884,0.4565
SKU1659,Product 1659,Store B,18.0,0.498,Supplier 46,6.0,7.8352,0.4565
SKU1760,Product 1760,Store A,19.0,0.5063,Supplier 46,6.0,7.5696,0.4565
SKU1760,Product 1760,Store C,15.0,0.5063,Supplier 46,6.0,7.968,0.4565
SKU1762,Product 1762,Store A,19.0,0.5063,Supplier 46,6.0,7.5696,0.4565
SKU1790,Product 1790,Store A,37.0,1.3089,Supplier 42,6.0,14.525,0.4565
SKU0019,Product 0019,Store C,1.0,5.121,Supplier 29,5.0,67.3296,0.3804
SKU0120,Product 0120,Store B,6.0,1.4028,Supplier 05,5.0,15.0479,0.3804
SKU0124,Product 0124,Store A,32.0,0.507,Supplier 05,5.0,9.13,0.3804
SKU0130,Product 0130,Store C,2.0,0.996,Supplier 10,5.0,8.0925,0.3804
SKU0131,Product 0131,Store C,2.0,0.9962,Supplier 10,5.0,7.9265,0.3804
SKU0323,Product 0323,Store A,0.0,0.7184,Supplier 33,5.0,6.9139,0.3804
SKU0548,Product 0548,Store C,0.0,0.0,Supplier 59,5.0,3.735,0.3804
SKU0568,Product 0568,Store B,2.0,1.7015,Supplier 65,5.0,17.9446,0.3804
SKU0724,Product 0724,Store B,8.0,0.8674,Supplier 49,5.0,12.035,0.3804
SKU0782,Product 0782,Store A,0.0,0.0,Supplier 11,5.0,2.49,0.3804
SKU0784,Product 0784,Store A,0.0,0.0,Supplier 11,5.0,3.4777,0.3804
SKU0784,Product 0784,Store C,0.0,0.0,Supplier 11,5.0,3.237,0.3804
SKU0789,Product 0789,Store A,1.0,0.747,Supplier 10,5.0,6.0175,0.3804
SKU0789,Product 0789,Store B,3.0,0.7471,Supplier 10,5.0,5.6523,0.3804
SKU0791,Product 0791,Store A,2.0,0.7471,Supplier 10,5.0,5.7768,0.3804
SKU0792,Product 0792,Store A,3.0,0.7472,Supplier 10,5.0,5.893,0.3804
SKU0800,Product 0800,Store C,12.0,1.2035,Supplier 66,5.0,15.1392,0.3804
SKU0852,Product 0852,Store B,4.0,0.2739,Supplier 43,5.0,2.2825,0.3804
SKU0870,Product 0870,Store B,10.0,1.187,Supplier 19,5.0,9.4952,0.3804
SKU0953,Product 0953,Store B,15.0,0.8674,Supplier 49,5.0,11.5536,0.3804
SKU0981,Product 0981,Store B,16.0,0.2905,Supplier 22,5.0,3.1208,0.3804
SKU0997,Product 0997,Store C,27.0,0.5395,Supplier 42,5.0,8.3,0.3804
SKU1024,Product 1024,Store C,0.0,0.0,Supplier 11,5.0,5.5776,0.3804
SKU1208,Product 1208,Store B,2.0,1.046,Multiple suppliers,5.0,11.1552,0.3804
SKU1235,Product 1235,Store A,32.0,0.4897,Supplier 04,5.0,6.225,0.3804
SKU1253,Product 1253,Store A,9.0,0.5976,Supplier 24,5.0,7.3206,0.3804
SKU1261,Product 1261,Store A,0.0,0.0,Supplier 24,5.0,5.6938,0.3804
SKU1261,Product 1261,Store B,0.0,0.5662,Supplier 24,5.0,5.81,0.3804
SKU1299,Product 1299,Store A,8.0,0.5395,Supplier 17,5.0,5.5776,0.3804
SKU1301,Product 1301,Store C,4.0,2.2411,Multiple suppliers,5.0,23.655,0.3804
SKU1306,Product 1306,Store A,4.0,1.909,Supplier 12,5.0,19.505,0.3804
SKU1319,Product 1319,Store A,12.0,1.028,Supplier 24,5.0,10.9228,0.3804
SKU1319,Product 1319,Store C,15.0,0.9877,Supplier 24,5.0,11.62,0.3804
SKU1358,Product 1358,Store C,24.0,0.8634,Supplier 24,5.0,10.375,0.3804
SKU1388,Product 1388,Store A,4.0,0.8466,Supplier 24,5.0,8.3,0.3804
SKU1400,Product 1400,Store B,1.0,1.2454,Supplier 24,5.0,13.28,0.3804
SKU1400,Product 1400,Store C,1.0,1.2451,Supplier 24,5.0,13.28,0.3804
SKU1427,Product 1427,Store A,15.0,0.4482,Supplier 24,5.0,4.4737,0.3804
SKU1447,Product 1447,Store B,2.0,0.4814,Supplier 24,5.0,4.6812,0.3804
SKU1483,Product 1483,Store A,9.0,0.5313,Supplier 24,5.0,5.976,0.3804
SKU1543,Product 1543,Store B,11.0,0.7637,Supplier 24,5.0,8.3,0.3804
SKU1549,Product 1549,Store A,6.0,0.5063,Supplier 24,5.0,5.81,0.3804
SKU1557,Product 1557,Store A,5.0,0.3901,Supplier 24,5.0,5.81,0.3804
SKU1563,Product 1563,Store B,20.0,0.4067,Supplier 24,5.0,4.4737,0.3804
SKU1646,Product 1646,Store C,14.0,1.0874,Supplier 75,5.0,12.7488,0.3804
SKU1648,Product 1648,Store B,7.0,1.1537,Supplier 75,5.0,7.885,0.3804
SKU1651,Product 1651,Store A,20.0,1.9588,Supplier 75,5.0,22.825,0.3804
SKU1701,Product 1701,Store A,13.0,0.4897,Supplier 74,5.0,5.2871,0.3804
SKU1713,Product 1713,Store B,16.0,0.5146,Supplier 46,5.0,6.3744,0.3804
SKU1723,Product 1723,Store B,0.0,0.0,Supplier 09,5.0,16.6,0.3804
SKU1793,Product 1793,Store A,43.0,0.7553,Supplier 42,5.0,8.7316,0.3804
SKU1783,Product 1783,Store A,2.476,5.2292,Supplier 42,4.944,52.7216,0.3762
SKU0996,Product 0996,Store B,7.418,4.4157,Multiple suppliers,4.212,39.1677,0.3205
SKU0001,Product 0001,Store C,2.0,0.0432,Supplier 64,4.0,0.664,0.3043
SKU0008,Product 0008,Store B,0.0,0.0,Supplier 64,4.0,1.66,0.3043
SKU0021,Product 0021,Store C,0.0,10.2954,Supplier 29,4.0,79.8626,0.3043
SKU0116,Product 0116,Store A,4.0,0.9962,Supplier 10,4.0,5.976,0.3043
SKU0131,Product 0131,Store A,3.0,0.9962,Supplier 10,4.0,6.308,0.3043
SKU0581,Product 0581,Store A,-1.0,4.233,Supplier 14,4.0,42.6869,0.3043
SKU0612,Product 0612,Store B,5.0,0.5396,Supplier 17,4.0,4.5318,0.3043
SKU0639,Product 0639,Store B,15.0,0.5976,Supplier 02,4.0,7.968,0.3043
SKU0657,Product 0657,Store B,4.0,3.7027,Supplier 54,4.0,32.868,0.3043
SKU0657,Product 0657,Store C,4.0,3.702,Supplier 54,4.0,32.0463,0.3043
SKU0715,Product 0715,Store B,20.0,0.7387,Supplier 05,4.0,7.968,0.3043
SKU0729,Product 0729,Store A,5.0,0.8674,Supplier 49,4.0,8.9059,0.3043
SKU0793,Product 0793,Store A,4.0,0.747,Supplier 10,4.0,4.5733,0.3043
SKU0806,Product 0806,Store C,0.0,0.0,Supplier 66,4.0,5.1792,0.3043
SKU0823,Product 0823,Store C,7.0,1.8177,Supplier 44,4.0,13.8195,0.3043
SKU0826,Product 0826,Store A,5.0,1.0707,Supplier 44,4.0,9.96,0.3043
SKU0827,Product 0827,Store A,6.0,1.1372,Supplier 44,4.0,9.213,0.3043
SKU0894,Product 0894,Store B,0.0,3.7483,Supplier 01,4.0,23.904,0.3043
SKU0897,Product 0897,Store A,4.0,4.1427,Supplier 01,4.0,26.5932,0.3043
SKU0928,Product 0928,Store B,6.0,1.4444,Supplier 34,4.0,11.9603,0.3043
SKU0930,Product 0930,Store B,0.0,0.0,Supplier 62,4.0,4.98,0.3043
SKU0935,Product 0935,Store C,11.0,4.5984,Supplier 62,4.0,29.548,0.3043
SKU0939,Product 0939,Store A,7.0,11.5711,Supplier 62,4.0,59.428,0.3043
SKU0939,Product 0939,Store C,9.0,11.5706,Supplier 62,4.0,52.788,0.3043
SKU0997,Product 0997,Store A,30.0,0.5395,Supplier 42,4.0,6.308,0.3043
SKU1027,Product 1027,Store C,0.0,0.0,Supplier 11,4.0,2.988,0.3043
SKU1212,Product 1212,Store C,0.0,0.0,Supplier 17,4.0,6.64,0.3043
SKU1218,Product 1218,Store A,1.0,0.631,Supplier 24,4.0,5.976,0.3043
SKU1258,Product 1258,Store A,0.0,1.0377,Supplier 24,4.0,8.3,0.3043
SKU1277,Product 1277,Store A,5.0,0.8467,Supplier 24,4.0,6.474,0.3043
SKU1278,Product 1278,Store C,3.0,0.8466,Supplier 24,4.0,6.64,0.3043
SKU1304,Product 1304,Store A,5.0,1.9091,Supplier 12,4.0,14.94,0.3043
SKU1358,Product 1358,Store A,16.0,0.7885,Supplier 24,4.0,7.885,0.3043
SKU1396,Product 1396,Store B,5.0,0.8467,Supplier 24,4.0,6.474,0.3043
SKU1461,Product 1461,Store B,5.0,0.4233,Supplier 24,4.0,3.984,0.3043
SKU1464,Product 1464,Store B,0.0,1.403,Supplier 24,4.0,11.3295,0.3043
SKU1477,Product 1477,Store A,2.0,0.5313,Supplier 24,4.0,4.98,0.3043
SKU1477,Product 1477,Store B,4.0,0.5313,Supplier 24,4.0,4.98,0.3043
SKU1524,Product 1524,Store B,18.0,0.9296,Supplier 24,4.0,8.3,0.3043
SKU1543,Product 1543,Store A,9.0,0.7718,Supplier 24,4.0,6.64,0.3043
SKU1544,Product 1544,Store C,6.0,0.8051,Supplier 24,4.0,6.64,0.3043
SKU1547,Product 1547,Store A,12.0,0.3154,Supplier 24,4.0,3.154,0.3043
SKU1555,Product 1555,Store A,4.0,0.8467,Supplier 24,4.0,6.64,0.3043
SKU1556,Product 1556,Store B,0.0,0.0,Supplier 24,4.0,4.98,0.3043
SKU1567,Product 1567,Store C,0.0,0.0,Supplier 24,4.0,4.2994,0.3043
SKU1570,Product 1570,Store A,0.0,0.548,Supplier 24,4.0,4.482,0.3043
SKU1646,Product 1646,Store A,18.0,1.0873,Supplier 75,4.0,10.624,0.3043
SKU1646,Product 1646,Store B,23.0,1.0873,Supplier 75,4.0,10.3584,0.3043
SKU1649,Product 1649,Store B,11.0,1.1538,Supplier 75,4.0,6.308,0.3043
SKU1680,Product 1680,Store B,7.0,0.5976,Supplier 18,4.0,5.312,0.3043
SKU1719,Product 1719,Store B,0.0,0.0,Multiple suppliers,4.0,12.616,0.3043
SKU1784,Product 1784,Store C,4.0,5.1461,Supplier 42,4.0,47.31,0.3043
SKU1795,Product 1795,Store B,0.0,0.0,Multiple suppliers,4.0,26.145,0.3043
SKU1784,Product 1784,Store A,6.092,5.1465,Supplier 42,3.836,43.2679,0.2919
SKU0996,Product 0996,Store A,4.734,4.4157,Multiple suppliers,3.166,27.473,0.2409
SKU1785,Product 1785,Store B,6.797,4.3992,Supplier 42,3.151,28.9919,0.2398
SKU0019,Product 0019,Store A,0.0,0.0,Supplier 29,3.0,37.1259,0.2283
SKU0019,Product 0019,Store B,0.0,0.0,Supplier 29,3.0,40.6783,0.2283
SKU0021,Product 0021,Store B,0.0,0.0,Supplier 29,3.0,59.5276,0.2283
SKU0024,Product 0024,Store C,0.0,0.2067,Supplier 64,3.0,3.486,0.2283
SKU0053,Product 0053,Store A,6.0,0.6889,Supplier 24,3.0,4.98,0.2283
SKU0065,Product 0065,Store B,5.0,0.3735,Supplier 68,3.0,2.6477,0.2283
SKU0130,Product 0130,Store B,5.0,0.996,Supplier 10,3.0,4.8555,0.2283
SKU0131,Product 0131,Store B,5.0,0.9961,Supplier 10,3.0,4.8555,0.2283
SKU0451,Product 0451,Store A,0.0,0.0,Supplier 02,3.0,4.15,0.2283
SKU0514,Product 0514,Store B,0.0,0.3154,Supplier 59,3.0,2.988,0.2283
SKU0555,Product 0555,Store C,0.0,0.0,Supplier 29,3.0,42.1723,0.2283
SKU0568,Product 0568,Store C,5.0,1.7015,Supplier 65,3.0,11.454,0.2283
SKU0590,Product 0590,Store B,0.0,3.8695,Supplier 54,3.0,23.0076,0.2283
SKU0640,Product 0640,Store A,39.0,0.6201,Supplier 02,3.0,4.648,0.2283
SKU0715,Product 0715,Store A,9.0,0.7387,Supplier 05,3.0,5.976,0.2283
SKU0826,Product 0826,Store B,4.0,1.0707,Supplier 44,3.0,6.972,0.2283
SKU0827,Product 0827,Store B,9.0,1.1372,Supplier 44,3.0,7.221,0.2283
SKU0828,Product 0828,Store C,8.0,1.1787,Supplier 44,3.0,7.221,0.2283
SKU0897,Product 0897,Store B,1.0,4.1427,Supplier 01,3.0,20.6836,0.2283
SKU0898,Product 0898,Store C,8.0,3.3451,Supplier 29,3.0,22.161,0.2283
SKU0931,Product 0931,Store C,0.0,1.1786,Supplier 62,3.0,3.735,0.2283
SKU0952,Product 0952,Store A,8.0,0.8922,Supplier 49,3.0,6.7396,0.2283
SKU0954,Product 0954,Store A,6.0,5.635,Supplier 29,3.0,29.631,0.2283
SKU0954,Product 0954,Store C,1.0,5.6363,Supplier 29,3.0,29.631,0.2283
SKU0964,Product 0964,Store C,0.0,0.0,Supplier 31,3.0,10.458,0.2283
SKU1036,Product 1036,Store B,2.0,1.8183,Supplier 28,3.0,13.197,0.2283
SKU1037,Product 1037,Store C,0.0,0.0,Supplier 28,3.0,12.3172,0.2283
SKU1038,Product 1038,Store C,3.0,1.8181,Supplier 28,3.0,13.197,0.2283
SKU1039,Product 1039,Store C,3.0,1.8179,Supplier 28,3.0,13.197,0.2283
SKU1074,Product 1074,Store C,0.0,0.0,Supplier 09,3.0,2.988,0.2283
SKU1075,Product 1075,Store C,26.0,0.8856,Multiple suppliers,3.0,4.98,0.2283
SKU1179,Product 1179,Store C,0.0,1.2467,Supplier 34,3.0,7.7024,0.2283
SKU1207,Product 1207,Store A,6.0,1.0459,Supplier 39,3.0,6.7396,0.2283
SKU1211,Product 1211,Store B,0.0,0.0,Supplier 17,3.0,4.648,0.2283
SKU1212,Product 1212,Store B,0.0,0.0,Supplier 17,3.0,4.814,0.2283
SKU1218,Product 1218,Store B,4.0,0.6308,Supplier 24,3.0,4.482,0.2283
SKU1247,Product 1247,Store A,1.0,1.0958,Supplier 24,3.0,6.972,0.2283
SKU1252,Product 1252,Store A,5.0,0.6143,Supplier 24,3.0,4.0338,0.2283
SKU1258,Product 1258,Store B,0.0,1.039,Supplier 24,3.0,6.225,0.2283
SKU1269,Product 1269,Store C,4.0,0.6392,Supplier 24,3.0,4.1832,0.2283
SKU1271,Product 1271,Store B,6.0,0.9047,Supplier 24,3.0,6.225,0.2283
SKU1300,Product 1300,Store A,0.0,0.5398,Supplier 17,3.0,3.486,0.2283
SKU1302,Product 1302,Store B,7.0,0.6225,Supplier 12,3.0,4.731,0.2283
SKU1379,Product 1379,Store B,0.0,2.8977,Supplier 28,3.0,16.849,0.2283
SKU1379,Product 1379,Store C,1.0,2.8974,Supplier 28,3.0,16.849,0.2283
SKU1388,Product 1388,Store B,7.0,0.8467,Supplier 24,3.0,4.814,0.2283
SKU1389,Product 1389,Store A,10.0,0.8467,Supplier 24,3.0,4.814,0.2283
SKU1396,Product 1396,Store A,4.0,0.8466,Supplier 24,3.0,4.98,0.2283
SKU1397,Product 1397,Store A,9.0,0.8467,Supplier 24,3.0,4.98,0.2283
SKU1432,Product 1432,Store B,1.0,0.7553,Supplier 24,3.0,4.5733,0.2283
SKU1460,Product 1460,Store A,0.0,0.0,Supplier 24,3.0,3.486,0.2283
SKU1464,Product 1464,Store C,0.0,0.0,Supplier 24,3.0,8.715,0.2283
SKU1478,Product 1478,Store C,3.0,0.5313,Supplier 24,3.0,3.735,0.2283
SKU1481,Product 1481,Store A,9.0,0.5312,Supplier 24,3.0,3.3615,0.2283
SKU1511,Product 1511,Store A,18.0,0.3818,Supplier 24,3.0,2.49,0.2283
SKU1518,Product 1518,Store B,21.0,0.3818,Supplier 24,3.0,2.49,0.2283
SKU1524,Product 1524,Store A,23.0,0.9296,Supplier 24,3.0,5.81,0.2283
SKU1554,Product 1554,Store B,0.0,1.4059,Supplier 24,3.0,8.4245,0.2283
SKU1556,Product 1556,Store A,5.0,0.4814,Supplier 24,3.0,3.735,0.2283
SKU1570,Product 1570,Store C,1.0,0.5479,Supplier 24,3.0,3.735,0.2283
SKU1574,Product 1574,Store B,4.0,4.3333,Supplier 24,3.0,31.125,0.2283
SKU1649,Product 1649,Store A,10.0,1.1538,Supplier 75,3.0,5.478,0.2283
SKU1650,Product 1650,Store A,31.0,1.9588,Supplier 75,3.0,12.782,0.2283
SKU1650,Product 1650,Store B,29.0,1.9588,Supplier 75,3.0,13.695,0.2283
SKU1713,Product 1713,Store C,21.0,0.5146,Supplier 46,3.0,3.984,0.2283
SKU1783,Product 1783,Store C,5.0,5.2297,Supplier 42,3.0,36.105,0.2283
SKU0872,Product 0872,Store B,4.214,3.3876,Supplier 19,2.8,15.7202,0.213
SKU1784,Product 1784,Store B,5.019,5.1461,Supplier 42,2.787,33.5569,0.2121
SKU0916,Product 0916,Store B,6.154,3.0325,Supplier 69,2.108,12.2923,0.1604
SKU0013,Product 0013,Store A,-1.0,0.0498,Multiple suppliers,2.0,0.498,0.1522
SKU0021,Product 0021,Store A,0.0,0.0,Supplier 29,2.0,39.2673,0.1522
SKU0053,Product 0053,Store B,5.0,0.689,Supplier 24,2.0,3.32,0.1522
SKU0091,Product 0091,Store B,11.0,0.3735,Supplier 68,2.0,1.826,0.1522
SKU0121,Product 0121,Store B,25.0,0.6903,Supplier 05,2.0,3.984,0.1522
SKU0130,Product 0130,Store A,4.0,0.996,Supplier 10,2.0,3.071,0.1522
SKU0165,Product 0165,Store A,0.0,0.4151,Multiple suppliers,2.0,2.49,0.1522
SKU0323,Product 0323,Store B,0.0,0.0,Supplier 33,2.0,2.822,0.1522
SKU0444,Product 0444,Store C,0.0,0.0,Supplier 02,2.0,0.83,0.1522
SKU0511,Product 0511,Store B,0.0,0.0,Supplier 59,2.0,1.5936,0.1522
SKU0535,Product 0535,Store A,0.0,0.0,Supplier 59,2.0,2.2078,0.1522
SKU0555,Product 0555,Store A,0.0,0.0,Supplier 29,2.0,26.5766,0.1522
SKU0555,Product 0555,Store B,0.0,0.0,Supplier 29,2.0,26.6679,0.1522
SKU0581,Product 0581,Store B,0.0,0.0,Supplier 14,2.0,23.074,0.1522
SKU0600,Product 0600,Store A,10.0,0.5395,Supplier 17,2.0,2.2078,0.1522
SKU0644,Product 0644,Store B,0.0,0.0,Supplier 16,2.0,9.462,0.1522
SKU0716,Product 0716,Store A,3.0,3.6114,Supplier 54,2.0,15.77,0.1522
SKU0729,Product 0729,Store B,6.0,0.8674,Supplier 49,2.0,4.5733,0.1522
SKU0786,Product 0786,Store C,0.0,0.0,Supplier 11,2.0,1.411,0.1522
SKU0822,Product 0822,Store C,8.0,3.1958,Supplier 44,2.0,12.782,0.1522
SKU0828,Product 0828,Store B,10.0,1.1787,Supplier 44,2.0,4.482,0.1522
SKU0896,Product 0896,Store A,2.0,3.7363,Supplier 01,2.0,11.952,0.1522
SKU0896,Product 0896,Store C,2.0,3.735,Supplier 01,2.0,12.616,0.1522
SKU0897,Product 0897,Store C,3.0,4.1421,Supplier 01,2.0,14.0353,0.1522
SKU0898,Product 0898,Store B,0.0,0.0,Supplier 29,2.0,14.0353,0.1522
SKU0925,Product 0925,Store C,2.0,3.6112,Supplier 54,2.0,16.434,0.1522
SKU0928,Product 0928,Store C,2.0,1.4442,Supplier 34,2.0,6.474,0.1522
SKU0933,Product 0933,Store B,6.0,4.5982,Supplier 62,2.0,16.351,0.1522
SKU0935,Product 0935,Store A,13.0,4.5984,Supplier 62,2.0,14.774,0.1522
SKU0935,Product 0935,Store B,13.0,4.5982,Supplier 62,2.0,14.774,0.1522
SKU0936,Product 0936,Store A,0.0,0.0,Supplier 62,2.0,17.264,0.1522
SKU0941,Product 0941,Store A,14.0,6.4074,Supplier 29,2.0,26.6513,0.1522
SKU0963,Product 0963,Store A,0.0,0.0,Supplier 31,2.0,8.3664,0.1522
SKU0963,Product 0963,Store B,0.0,1.9488,Supplier 31,2.0,8.8312,0.1522
SKU0997,Product 0997,Store B,29.0,0.5395,Supplier 42,2.0,3.32,0.1522
SKU1002,Product 1002,Store A,0.0,0.0,Supplier 19,2.0,2.49,0.1522
SKU1036,Product 1036,Store C,0.0,0.0,Supplier 28,2.0,8.798,0.1522
SKU1037,Product 1037,Store B,2.0,2.0667,Supplier 28,2.0,8.3581,0.1522
SKU1038,Product 1038,Store B,3.0,1.8177,Supplier 28,2.0,8.3581,0.1522
SKU1039,Product 1039,Store A,1.0,1.8177,Supplier 28,2.0,8.3581,0.1522
SKU1097,Product 1097,Store A,0.0,1.1122,Supplier 09,2.0,4.15,0.1522
SKU1169,Product 1169,Store C,0.0,1.2463,Supplier 34,2.0,5.312,0.1522
SKU1205,Product 1205,Store A,0.0,0.0,Supplier 39,2.0,4.4156,0.1522
SKU1205,Product 1205,Store B,2.0,1.0458,Supplier 39,2.0,4.648,0.1522
SKU1212,Product 1212,Store A,0.0,0.0,Supplier 17,2.0,3.32,0.1522
SKU1223,Product 1223,Store A,0.0,0.0,Supplier 17,2.0,3.7848,0.1522
SKU1245,Product 1245,Store B,2.0,1.0958,Supplier 24,2.0,4.482,0.1522
SKU1247,Product 1247,Store B,1.0,1.0963,Supplier 24,2.0,3.984,0.1522
SKU1260,Product 1260,Store A,0.0,0.0,Supplier 24,2.0,2.158,0.1522
SKU1269,Product 1269,Store A,3.0,0.6392,Supplier 24,2.0,2.988,0.1522
SKU1271,Product 1271,Store A,6.0,0.9048,Supplier 24,2.0,3.9425,0.1522
SKU1276,Product 1276,Store A,5.0,0.8466,Supplier 24,2.0,2.822,0.1522
SKU1306,Product 1306,Store B,2.0,1.909,Supplier 12,2.0,7.47,0.1522
SKU1315,Product 1315,Store B,8.0,0.8716,Supplier 24,2.0,2.988,0.1522
SKU1329,Product 1329,Store A,2.0,0.6309,Supplier 24,2.0,3.154,0.1522
SKU1329,Product 1329,Store B,7.0,0.6308,Supplier 24,2.0,3.154,0.1522
SKU1364,Product 1364,Store A,0.0,0.7885,Supplier 24,2.0,4.15,0.1522
SKU1377,Product 1377,Store C,2.0,2.8967,Supplier 28,2.0,11.62,0.1522
SKU1397,Product 1397,Store B,8.0,0.8467,Supplier 24,2.0,3.32,0.1522
SKU1476,Product 1476,Store B,12.0,0.5312,Supplier 24,2.0,2.49,0.1522
SKU1521,Product 1521,Store B,9.0,0.7387,Supplier 24,2.0,3.32,0.1522
SKU1544,Product 1544,Store A,5.0,0.8051,Supplier 24,2.0,3.32,0.1522
SKU1554,Product 1554,Store C,0.0,0.0,Supplier 24,2.0,5.5195,0.1522
SKU1555,Product 1555,Store B,7.0,0.8467,Supplier 24,2.0,3.32,0.1522
SKU1557,Product 1557,Store B,9.0,0.3901,Supplier 24,2.0,2.324,0.1522
SKU1560,Product 1560,Store A,18.0,0.4067,Supplier 24,2.0,1.826,0.1522
SKU1570,Product 1570,Store B,2.0,0.5479,Supplier 24,2.0,2.3655,0.1522
SKU1571,Product 1571,Store A,3.0,0.5478,Supplier 24,2.0,2.3655,0.1522
SKU1571,Product 1571,Store C,3.0,0.5479,Supplier 24,2.0,2.49,0.1522
SKU1574,Product 1574,Store A,7.0,4.3329,Supplier 24,2.0,19.7125,0.1522
SKU1638,Product 1638,Store A,0.0,0.0,Supplier 75,2.0,9.3043,0.1522
SKU1652,Product 1652,Store B,15.0,2.3323,Supplier 75,2.0,9.96,0.1522
SKU1680,Product 1680,Store C,1.0,0.5978,Supplier 18,2.0,2.656,0.1522
SKU1760,Product 1760,Store B,24.0,0.5063,Supplier 46,2.0,2.656,0.1522
SKU1785,Product 1785,Store C,4.0,4.3992,Supplier 42,2.0,19.92,0.1522
SKU0915,Product 0915,Store B,3.681,2.4902,Supplier 69,1.45,8.5324,0.1103
SKU1785,Product 1785,Store A,6.53,4.3996,Supplier 42,1.314,11.4291,0.1
SKU0914,Product 0914,Store B,2.114,2.7783,Supplier 69,1.086,7.9929,0.0826
SKU0015,Product 0015,Store C,0.0,0.0,Supplier 66,1.0,2.49,0.0761
SKU0053,Product 0053,Store C,6.0,0.6889,Supplier 24,1.0,1.66,0.0761
SKU0065,Product 0065,Store C,0.0,0.0,Supplier 68,1.0,0.913,0.0761
SKU0092,Product 0092,Store B,0.0,0.0,Supplier 68,1.0,0.913,0.0761
SKU0116,Product 0116,Store C,6.0,0.996,Supplier 10,1.0,1.2948,0.0761
SKU0139,Product 0139,Store C,0.0,0.0,Supplier 59,1.0,1.66,0.0761
SKU0146,Product 0146,Store A,15.0,0.3403,Supplier 68,1.0,0.8217,0.0761
SKU0435,Product 0435,Store C,-1.0,0.0249,Supplier 02,1.0,0.249,0.0761
SKU0534,Product 0534,Store A,3.0,0.5561,Supplier 59,1.0,1.162,0.0761
SKU0534,Product 0534,Store B,4.0,0.5561,Supplier 59,1.0,1.0458,0.0761
SKU0581,Product 0581,Store C,0.0,0.0,Supplier 14,1.0,10.3833,0.0761
SKU0590,Product 0590,Store C,2.0,3.8678,Supplier 54,1.0,8.217,0.0761
SKU0600,Product 0600,Store B,10.0,0.5395,Supplier 17,1.0,1.0458,0.0761
SKU0612,Product 0612,Store A,9.0,0.5395,Supplier 17,1.0,1.0458,0.0761
SKU0613,Product 0613,Store A,0.0,0.0,Multiple suppliers,1.0,1.162,0.0761
SKU0639,Product 0639,Store A,12.0,0.5976,Supplier 02,1.0,1.992,0.0761
SKU0644,Product 0644,Store A,1.0,2.4651,Supplier 16,1.0,4.98,0.0761
SKU0657,Product 0657,Store A,3.0,3.7022,Supplier 54,1.0,8.217,0.0761
SKU0667,Product 0667,Store C,0.0,0.0,Supplier 61,1.0,4.233,0.0761
SKU0670,Product 0670,Store A,0.0,0.0,Supplier 16,1.0,4.482,0.0761
SKU0671,Product 0671,Store A,0.0,0.0,Supplier 16,1.0,2.49,0.0761
SKU0716,Product 0716,Store C,0.0,0.0,Supplier 54,1.0,7.885,0.0761
SKU0760,Product 0760,Store C,0.0,0.0,Supplier 11,1.0,1.494,0.0761
SKU0761,Product 0761,Store A,0.0,0.0,Multiple suppliers,1.0,1.079,0.0761
SKU0782,Product 0782,Store B,0.0,0.0,Supplier 11,1.0,0.498,0.0761
SKU0823,Product 0823,Store A,8.0,1.8177,Supplier 44,1.0,3.3615,0.0761
SKU0825,Product 0825,Store B,11.0,1.6517,Supplier 44,1.0,2.988,0.0761
SKU0826,Product 0826,Store C,9.0,1.0707,Supplier 44,1.0,2.49,0.0761
SKU0846,Product 0846,Store C,0.0,0.0,Supplier 03,1.0,0.913,0.0761
SKU0862,Product 0862,Store A,3.0,5.1822,Supplier 01,1.0,9.545,0.0761
SKU0868,Product 0868,Store A,5.0,1.187,Supplier 19,1.0,1.909,0.0761
SKU0869,Product 0869,Store B,17.0,1.1869,Supplier 19,1.0,1.8592,0.0761
SKU0870,Product 0870,Store A,3.0,1.1869,Supplier 19,1.0,1.909,0.0761
SKU0886,Product 0886,Store B,35.0,0.2407,Supplier 02,1.0,1.162,0.0761
SKU0893,Product 0893,Store A,0.0,0.0,Unknown supplier,1.0,5.727,0.0761
SKU0895,Product 0895,Store B,3.0,4.4492,Supplier 01,1.0,7.885,0.0761
SKU0925,Product 0925,Store A,9.0,3.6105,Supplier 54,1.0,7.3953,0.0761
SKU0928,Product 0928,Store A,0.0,0.0,Supplier 34,1.0,3.237,0.0761
SKU0929,Product 0929,Store C,0.0,0.0,Supplier 62,1.0,1.66,0.0761
SKU0930,Product 0930,Store A,0.0,0.0,Supplier 62,1.0,1.245,0.0761
SKU0933,Product 0933,Store A,10.0,4.5982,Supplier 62,1.0,8.1755,0.0761
SKU0934,Product 0934,Store B,0.0,0.0,Supplier 62,1.0,9.0885,0.0761
SKU0937,Product 0937,Store B,2.0,9.2462,Supplier 62,1.0,18.2185,0.0761
SKU0940,Product 0940,Store A,24.0,0.7804,Supplier 56,1.0,3.071,0.0761
SKU0940,Product 0940,Store C,15.0,0.7804,Supplier 56,1.0,3.071,0.0761
SKU0954,Product 0954,Store B,3.0,5.6374,Supplier 29,1.0,9.877,0.0761
SKU0963,Product 0963,Store C,3.0,1.9422,Supplier 31,1.0,4.648,0.0761
SKU0964,Product 0964,Store A,1.0,1.4567,Supplier 31,1.0,3.1374,0.0761
SKU0996,Product 0996,Store C,6.0,4.4157,Multiple suppliers,1.0,9.96,0.0761
SKU1002,Product 1002,Store C,0.0,0.0,Supplier 19,1.0,1.245,0.0761
SKU1028,Product 1028,Store C,11.0,0.5229,Supplier 11,1.0,1.162,0.0761
SKU1031,Product 1031,Store B,0.0,0.0,Supplier 59,1.0,2.656,0.0761
SKU1036,Product 1036,Store A,3.0,1.8177,Supplier 28,1.0,4.399,0.0761
SKU1037,Product 1037,Store A,0.0,0.0,Supplier 28,1.0,3.9591,0.0761
SKU1038,Product 1038,Store A,3.0,1.8177,Supplier 28,1.0,3.9591,0.0761
SKU1039,Product 1039,Store B,3.0,1.818,Supplier 28,1.0,3.9591,0.0761
SKU1075,Product 1075,Store B,27.0,0.8857,Multiple suppliers,1.0,1.66,0.0761
SKU1082,Product 1082,Store C,0.0,0.0,Supplier 02,1.0,1.245,0.0761
SKU1095,Product 1095,Store A,0.0,0.0,Supplier 09,1.0,0.747,0.0761
SKU1097,Product 1097,Store C,8.0,1.1122,Supplier 09,1.0,2.075,0.0761
SKU1108,Product 1108,Store A,0.0,0.0,Supplier 29,1.0,16.517,0.0761
SKU1223,Product 1223,Store B,0.0,0.0,Supplier 17,1.0,1.992,0.0761
SKU1245,Product 1245,Store A,5.0,1.0956,Supplier 24,1.0,2.241,0.0761
SKU1304,Product 1304,Store B,11.0,1.9091,Supplier 12,1.0,3.735,0.0761
SKU1315,Product 1315,Store A,9.0,0.8716,Supplier 24,1.0,1.66,0.0761
SKU1375,Product 1375,Store C,3.0,2.8967,Supplier 28,1.0,5.81,0.0761
SKU1377,Product 1377,Store B,3.0,2.8967,Supplier 28,1.0,4.648,0.0761
SKU1378,Product 1378,Store A,0.0,0.0,Supplier 28,1.0,8.964,0.0761
SKU1378,Product 1378,Store C,1.0,4.565,Supplier 28,1.0,8.466,0.0761
SKU1461,Product 1461,Store A,10.0,0.4233,Supplier 24,1.0,0.996,0.0761
SKU1464,Product 1464,Store A,0.0,0.0,Supplier 24,1.0,2.6145,0.0761
SKU1472,Product 1472,Store B,0.0,0.0,Supplier 24,1.0,1.1205,0.0761
SKU1472,Product 1472,Store C,0.0,0.0,Supplier 24,1.0,1.245,0.0761
SKU1475,Product 1475,Store C,5.0,0.5313,Supplier 24,1.0,1.245,0.0761
SKU1479,Product 1479,Store A,11.0,0.5313,Supplier 24,1.0,1.245,0.0761
SKU1506,Product 1506,Store A,4.0,0.4814,Supplier 24,1.0,0.9711,0.0761
SKU1542,Product 1542,Store A,0.0,0.0,Supplier 24,1.0,1.66,0.0761
SKU1556,Product 1556,Store C,0.0,0.0,Supplier 24,1.0,1.245,0.0761
SKU1567,Product 1567,Store B,0.0,0.0,Supplier 24,1.0,1.162,0.0761
SKU1569,Product 1569,Store A,0.0,0.0,Supplier 24,1.0,1.162,0.0761
SKU1571,Product 1571,Store B,3.0,0.5479,Supplier 24,1.0,0.996,0.0761
SKU1592,Product 1592,Store A,0.0,0.0,Supplier 07,1.0,1.162,0.0761
SKU1605,Product 1605,Store A,0.0,0.0,Supplier 07,1.0,1.162,0.0761
SKU1605,Product 1605,Store B,0.0,0.0,Supplier 07,1.0,0.9296,0.0761
SKU1640,Product 1640,Store A,0.0,0.0,Supplier 75,1.0,4.4073,0.0761
SKU1652,Product 1652,Store A,12.0,2.3323,Supplier 75,1.0,4.98,0.0761
SKU1684,Product 1684,Store C,0.0,0.0,Supplier 42,1.0,0.498,0.0761
SKU1740,Product 1740,Store C,0.0,3.3123,Multiple suppliers,1.0,6.64,0.0761
SKU0915,Product 0915,Store A,7.35,2.4905,Supplier 69,0.62,3.403,0.0472
SKU1023,Product 1023,Store B,3.448,4.2351,Supplier 42,0.382,3.6271,0.0291
SKU1023,Product 1023,Store A,3.861,4.2334,Supplier 42,0.126,1.1454,0.0096
SKU0001,Product 0001,Store B,0.0,0.0,Supplier 64,0.0,0.0,0.0
SKU0001,Product 0001,Warehouse,0.0,0.0,Supplier 64,0.0,0.0,0.0
SKU0002,Product 0002,Store A,0.0,0.0,Supplier 64,0.0,0.0,0.0
SKU0002,Product 0002,Store B,0.0,0.0,Supplier 64,0.0,0.0,0.0
SKU0002,Product 0002,Store C,0.0,0.0,Supplier 64,0.0,0.0,0.0
SKU0002,Product 0002,Warehouse,0.0,0.0,Supplier 64,0.0,0.0,0.0
SKU0003,Product 0003,Store A,0.0,0.0,Supplier 64,0.0,0.0,0.0
SKU0003,Product 0003,Store B,0.0,0.0,Supplier 64,0.0,0.0,0.0
SKU0003,Product 0003,Store C,0.0,0.0,Supplier 64,0.0,0.0,0.0
SKU0003,Product 0003,Warehouse,0.0,0.0,Supplier 64,0.0,0.0,0.0
SKU0004,Product 0004,Store A,0.0,0.0,Supplier 64,0.0,0.0,0.0
SKU0004,Product 0004,Store B,0.0,0.0,Supplier 64,0.0,0.0,0.0
SKU0004,Product 0004,Store C,0.0,0.0,Supplier 64,0.0,0.0,0.0
SKU0004,Product 0004,Warehouse,0.0,0.0,Supplier 64,0.0,0.0,0.0
SKU0005,Product 0005,Store B,0.0,0.0,Supplier 42,0.0,0.0,0.0
SKU0005,Product 0005,Store C,0.0,0.0,Supplier 42,0.0,0.0,0.0
SKU0005,Product 0005,Warehouse,0.0,0.0,Supplier 42,0.0,0.0,0.0
SKU0006,Product 0006,Store B,0.0,0.0,Supplier 42,0.0,0.0,0.0
SKU0006,Product 0006,Store C,0.0,0.0,Supplier 42,0.0,0.0,0.0
SKU0006,Product 0006,Warehouse,0.0,0.0,Supplier 42,0.0,0.0,0.0
SKU0007,Product 0007,Warehouse,0.0,0.0,Supplier 64,0.0,0.0,0.0
SKU0008,Product 0008,Warehouse,0.0,0.0,Supplier 64,0.0,0.0,0.0
SKU0009,Product 0009,Store A,0.0,0.0,Supplier 66,0.0,0.0,0.0
SKU0009,Product 0009,Store B,0.0,0.0,Supplier 66,0.0,0.0,0.0
SKU0009,Product 0009,Store C,0.0,0.0,Supplier 66,0.0,0.0,0.0
SKU0009,Product 0009,Warehouse,0.0,0.0,Supplier 66,0.0,0.0,0.0
SKU0010,Product 0010,Store A,0.0,0.0,Supplier 64,0.0,0.0,0.0
SKU0010,Product 0010,Store B,0.0,0.0,Supplier 64,0.0,0.0,0.0
SKU0010,Product 0010,Store C,0.0,0.0,Supplier 64,0.0,0.0,0.0
SKU0010,Product 0010,Warehouse,0.0,0.0,Supplier 64,0.0,0.0,0.0
SKU0011,Product 0011,Store A,0.0,0.0,Supplier 64,0.0,0.0,0.0
SKU0011,Product 0011,Store B,0.0,0.0,Supplier 64,0.0,0.0,0.0
SKU0011,Product 0011,Store C,0.0,0.0,Supplier 64,0.0,0.0,0.0
SKU0011,Product 0011,Warehouse,0.0,0.0,Supplier 64,0.0,0.0,0.0
SKU0012,Product 0012,Store A,0.0,0.0,Supplier 64,0.0,0.0,0.0
SKU0012,Product 0012,Store B,0.0,0.0,Supplier 64,0.0,0.0,0.0
SKU0012,Product 0012,Store C,0.0,0.0,Supplier 64,0.0,0.0,0.0
SKU0012,Product 0012,Warehouse,0.0,0.0,Supplier 64,0.0,0.0,0.0
SKU0013,Product 0013,Store B,0.0,0.0,Multiple suppliers,0.0,0.0,0.0
SKU0013,Product 0013,Store C,0.0,0.0,Multiple suppliers,0.0,0.0,0.0
SKU0013,Product 0013,Warehouse,0.0,0.0,Multiple suppliers,0.0,0.0,0.0
SKU0014,Product 0014,Store A,0.0,0.0,Multiple suppliers,0.0,0.0,0.0
SKU0014,Product 0014,Store B,0.0,0.0,Multiple suppliers,0.0,0.0,0.0
SKU0014,Product 0014,Store C,0.0,0.0,Multiple suppliers,0.0,0.0,0.0
SKU0014,Product 0014,Warehouse,0.0,0.0,Multiple suppliers,0.0,0.0,0.0
SKU0015,Product 0015,Store A,0.0,0.0,Supplier 66,0.0,0.0,0.0
SKU0015,Product 0015,Store B,0.0,0.0,Supplier 66,0.0,0.0,0.0
SKU0015,Product 0015,Warehouse,0.0,0.0,Supplier 66,0.0,0.0,0.0
SKU0016,Product 0016,Store A,0.0,0.0,Supplier 64,0.0,0.0,0.0
SKU0016,Product 0016,Store B,0.0,0.0,Supplier 64,0.0,0.0,0.0
SKU0016,Product 0016,Store C,0.0,0.0,Supplier 64,0.0,0.0,0.0
SKU0016,Product 0016,Warehouse,0.0,0.0,Supplier 64,0.0,0.0,0.0
SKU0017,Product 0017,Store A,0.0,0.0,Supplier 64,0.0,0.0,0.0
SKU0017,Product 0017,Store B,0.0,0.0,Supplier 64,0.0,0.0,0.0
SKU0017,Product 0017,Store C,0.0,0.0,Supplier 64,0.0,0.0,0.0
SKU0017,Product 0017,Warehouse,0.0,0.0,Supplier 64,0.0,0.0,0.0
SKU0018,Product 0018,Store A,0.0,0.0,Supplier 64,0.0,0.0,0.0
SKU0018,Product 0018,Store B,0.0,0.0,Supplier 64,0.0,0.0,0.0
SKU0018,Product 0018,Store C,0.0,0.0,Supplier 64,0.0,0.0,0.0
SKU0018,Product 0018,Warehouse,0.0,0.0,Supplier 64,0.0,0.0,0.0
SKU0019,Product 0019,Warehouse,0.0,0.0,Supplier 29,0.0,0.0,0.0
SKU0020,Product 0020,Store C,0.0,0.0,Supplier 64,0.0,0.0,0.0
SKU0020,Product 0020,Warehouse,0.0,0.0,Supplier 64,0.0,0.0,0.0
SKU0021,Product 0021,Warehouse,0.0,0.0,Supplier 29,0.0,0.0,0.0
SKU0022,Product 0022,Store A,0.0,0.0,Supplier 64,0.0,0.0,0.0
SKU0022,Product 0022,Store B,0.0,0.0,Supplier 64,0.0,0.0,0.0
SKU0022,Product 0022,Store C,0.0,0.0,Supplier 64,0.0,0.0,0.0
SKU0022,Product 0022,Warehouse,0.0,0.0,Supplier 64,0.0,0.0,0.0
SKU0023,Product 0023,Store A,0.0,0.0,Supplier 64,0.0,0.0,0.0
SKU0023,Product 0023,Store B,0.0,0.0,Supplier 64,0.0,0.0,0.0
SKU0023,Product 0023,Store C,0.0,0.0,Supplier 64,0.0,0.0,0.0
SKU0023,Product 0023,Warehouse,0.0,0.0,Supplier 64,0.0,0.0,0.0
SKU0024,Product 0024,Store A,0.0,0.0,Supplier 64,0.0,0.0,0.0
SKU0024,Product 0024,Store B,0.0,0.0,Supplier 64,0.0,0.0,0.0
SKU0024,Product 0024,Warehouse,0.0,0.0,Supplier 64,0.0,0.0,0.0
SKU0025,Product 0025,Store A,0.0,0.0,Supplier 64,0.0,0.0,0.0
SKU0025,Product 0025,Store B,0.0,0.0,Supplier 64,0.0,0.0,0.0
SKU0025,Product 0025,Store C,0.0,0.0,Supplier 64,0.0,0.0,0.0
SKU0025,Product 0025,Warehouse,0.0,0.0,Supplier 64,0.0,0.0,0.0
SKU0026,Product 0026,Store A,0.0,0.0,Supplier 64,0.0,0.0,0.0
SKU0026,Product 0026,Store B,0.0,0.0,Supplier 64,0.0,0.0,0.0
SKU0026,Product 0026,Store C,0.0,0.0,Supplier 64,0.0,0.0,0.0
SKU0026,Product 0026,Warehouse,0.0,0.0,Supplier 64,0.0,0.0,0.0
SKU0027,Product 0027,Store A,0.0,0.0,Supplier 64,0.0,0.0,0.0
SKU0027,Product 0027,Store B,0.0,0.0,Supplier 64,0.0,0.0,0.0
SKU0027,Product 0027,Store C,0.0,0.0,Supplier 64,0.0,0.0,0.0
SKU0027,Product 0027,Warehouse,0.0,0.0,Supplier 64,0.0,0.0,0.0
SKU0028,Product 0028,Store A,0.0,0.0,Supplier 64,0.0,0.0,0.0
SKU0028,Product 0028,Store B,0.0,0.0,Supplier 64,0.0,0.0,0.0
SKU0028,Product 0028,Store C,0.0,0.0,Supplier 64,0.0,0.0,0.0
SKU0028,Product 0028,Warehouse,0.0,0.0,Supplier 64,0.0,0.0,0.0
SKU0029,Product 0029,Store A,0.0,0.0,Supplier 64,0.0,0.0,0.0
SKU0029,Product 0029,Store B,0.0,0.0,Supplier 64,0.0,0.0,0.0
SKU0029,Product 0029,Store C,0.0,0.0,Supplier 64,0.0,0.0,0.0
SKU0029,Product 0029,Warehouse,0.0,0.0,Supplier 64,0.0,0.0,0.0
SKU0030,Product 0030,Store A,0.0,0.0,Supplier 64,0.0,0.0,0.0
SKU0030,Product 0030,Store B,0.0,0.0,Supplier 64,0.0,0.0,0.0
SKU0030,Product 0030,Store C,0.0,0.0,Supplier 64,0.0,0.0,0.0
SKU0030,Product 0030,Warehouse,0.0,0.0,Supplier 64,0.0,0.0,0.0
SKU0031,Product 0031,Store C,0.0,0.0,Supplier 26,0.0,0.0,0.0
SKU0032,Product 0032,Warehouse,0.0,0.0,Supplier 29,0.0,0.0,0.0
SKU0033,Product 0033,Store A,0.0,0.0,Supplier 09,0.0,0.0,0.0
SKU0033,Product 0033,Store B,0.0,0.0,Supplier 09,0.0,0.0,0.0
SKU0033,Product 0033,Store C,0.0,0.0,Supplier 09,0.0,0.0,0.0
SKU0033,Product 0033,Warehouse,0.0,0.0,Supplier 09,0.0,0.0,0.0
SKU0034,Product 0034,Store A,0.0,0.0,Supplier 09,0.0,0.0,0.0
SKU0034,Product 0034,Store B,0.0,0.0,Supplier 09,0.0,0.0,0.0
SKU0034,Product 0034,Store C,0.0,0.0,Supplier 09,0.0,0.0,0.0
SKU0034,Product 0034,Warehouse,0.0,0.0,Supplier 09,0.0,0.0,0.0
SKU0035,Product 0035,Store A,0.0,0.0,Supplier 58,0.0,0.0,0.0
SKU0035,Product 0035,Store B,0.0,0.0,Supplier 58,0.0,0.0,0.0
SKU0035,Product 0035,Store C,0.0,0.0,Supplier 58,0.0,0.0,0.0
SKU0035,Product 0035,Warehouse,0.0,0.0,Supplier 58,0.0,0.0,0.0
SKU0036,Product 0036,Store C,0.0,0.0,Supplier 69,0.0,0.0,0.0
SKU0036,Product 0036,Warehouse,0.0,0.0,Supplier 69,0.0,0.0,0.0
SKU0037,Product 0037,Store A,0.0,0.0,Supplier 64,0.0,0.0,0.0
SKU0037,Product 0037,Store B,0.0,0.0,Supplier 64,0.0,0.0,0.0
SKU0037,Product 0037,Store C,0.0,0.0,Supplier 64,0.0,0.0,0.0
SKU0037,Product 0037,Warehouse,0.0,0.0,Supplier 64,0.0,0.0,0.0
SKU0038,Product 0038,Store A,0.0,0.0,Supplier 64,0.0,0.0,0.0
SKU0038,Product 0038,Store B,0.0,0.0,Supplier 64,0.0,0.0,0.0
SKU0038,Product 0038,Store C,0.0,0.0,Supplier 64,0.0,0.0,0.0
SKU0038,Product 0038,Warehouse,0.0,0.0,Supplier 64,0.0,0.0,0.0
SKU0039,Product 0039,Store A,0.0,0.0,Supplier 64,0.0,0.0,0.0
SKU0039,Product 0039,Store B,0.0,0.0,Supplier 64,0.0,0.0,0.0
SKU0039,Product 0039,Store C,0.0,0.0,Supplier 64,0.0,0.0,0.0
SKU0039,Product 0039,Warehouse,0.0,0.0,Supplier 64,0.0,0.0,0.0
SKU0040,Product 0040,Store A,0.0,0.0,Supplier 64,0.0,0.0,0.0
SKU0040,Product 0040,Store B,0.0,0.0,Supplier 64,0.0,0.0,0.0
SKU0040,Product 0040,Store C,0.0,0.0,Supplier 64,0.0,0.0,0.0
SKU0040,Product 0040,Warehouse,0.0,0.0,Supplier 64,0.0,0.0,0.0
SKU0041,Product 0041,Store A,0.0,0.0,Supplier 66,0.0,0.0,0.0
SKU0041,Product 0041,Store B,0.0,0.0,Supplier 66,0.0,0.0,0.0
SKU0041,Product 0041,Store C,0.0,0.0,Supplier 66,0.0,0.0,0.0
SKU0041,Product 0041,Warehouse,0.0,0.0,Supplier 66,0.0,0.0,0.0
SKU0042,Product 0042,Store A,0.0,0.0,Supplier 66,0.0,0.0,0.0
SKU0042,Product 0042,Store B,0.0,0.0,Supplier 66,0.0,0.0,0.0
SKU0042,Product 0042,Store C,0.0,0.0,Supplier 66,0.0,0.0,0.0
SKU0042,Product 0042,Warehouse,0.0,0.0,Supplier 66,0.0,0.0,0.0
SKU0043,Product 0043,Store A,0.0,0.0,Supplier 66,0.0,0.0,0.0
SKU0043,Product 0043,Store B,0.0,0.0,Supplier 66,0.0,0.0,0.0
SKU0043,Product 0043,Store C,0.0,0.0,Supplier 66,0.0,0.0,0.0
SKU0043,Product 0043,Warehouse,0.0,0.0,Supplier 66,0.0,0.0,0.0
SKU0044,Product 0044,Store A,0.0,0.0,Supplier 66,0.0,0.0,0.0
SKU0044,Product 0044,Store B,0.0,0.0,Supplier 66,0.0,0.0,0.0
SKU0044,Product 0044,Store C,0.0,0.0,Supplier 66,0.0,0.0,0.0
SKU0044,Product 0044,Warehouse,0.0,0.0,Supplier 66,0.0,0.0,0.0
SKU0045,Product 0045,Store A,0.0,0.0,Supplier 66,0.0,0.0,0.0
SKU0045,Product 0045,Store B,0.0,0.0,Supplier 66,0.0,0.0,0.0
SKU0045,Product 0045,Store C,0.0,0.0,Supplier 66,0.0,0.0,0.0
SKU0045,Product 0045,Warehouse,0.0,0.0,Supplier 66,0.0,0.0,0.0
SKU0046,Product 0046,Store A,0.0,0.0,Supplier 66,0.0,0.0,0.0
SKU0046,Product 0046,Store B,0.0,0.0,Supplier 66,0.0,0.0,0.0
SKU0046,Product 0046,Store C,0.0,0.0,Supplier 66,0.0,0.0,0.0
SKU0046,Product 0046,Warehouse,0.0,0.0,Supplier 66,0.0,0.0,0.0
SKU0047,Product 0047,Store A,0.0,0.0,Supplier 66,0.0,0.0,0.0
SKU0047,Product 0047,Store B,0.0,0.0,Supplier 66,0.0,0.0,0.0
SKU0047,Product 0047,Store C,0.0,0.0,Supplier 66,0.0,0.0,0.0
SKU0047,Product 0047,Warehouse,0.0,0.0,Supplier 66,0.0,0.0,0.0
SKU0048,Product 0048,Store A,0.0,0.0,Supplier 66,0.0,0.0,0.0
SKU0048,Product 0048,Store B,0.0,0.0,Supplier 66,0.0,0.0,0.0
SKU0048,Product 0048,Store C,0.0,0.0,Supplier 66,0.0,0.0,0.0
SKU0048,Product 0048,Warehouse,0.0,0.0,Supplier 66,0.0,0.0,0.0
SKU0049,Product 0049,Store A,0.0,0.0,Supplier 66,0.0,0.0,0.0
SKU0049,Product 0049,Store B,0.0,0.0,Supplier 66,0.0,0.0,0.0
SKU0049,Product 0049,Store C,0.0,0.0,Supplier 66,0.0,0.0,0.0
SKU0049,Product 0049,Warehouse,0.0,0.0,Supplier 66,0.0,0.0,0.0
SKU0050,Product 0050,Warehouse,0.0,0.0,Supplier 66,0.0,0.0,0.0
SKU0051,Product 0051,Store A,0.0,0.0,Supplier 66,0.0,0.0,0.0
SKU0051,Product 0051,Store B,0.0,0.0,Supplier 66,0.0,0.0,0.0
SKU0051,Product 0051,Store C,0.0,0.0,Supplier 66,0.0,0.0,0.0
SKU0051,Product 0051,Warehouse,0.0,0.0,Supplier 66,0.0,0.0,0.0
SKU0052,Product 0052,Store A,0.0,0.0,Supplier 26,0.0,0.0,0.0
SKU0052,Product 0052,Store B,0.0,0.0,Supplier 26,0.0,0.0,0.0
SKU0052,Product 0052,Store C,0.0,0.0,Supplier 26,0.0,0.0,0.0
SKU0052,Product 0052,Warehouse,0.0,0.0,Supplier 26,0.0,0.0,0.0
SKU0053,Product 0053,Warehouse,28.0,0.6889,Supplier 24,0.0,0.0,0.0
SKU0054,Product 0054,Store B,0.0,0.0,Supplier 59,0.0,0.0,0.0
SKU0054,Product 0054,Store C,0.0,0.0,Supplier 59,0.0,0.0,0.0
SKU0054,Product 0054,Warehouse,0.0,0.0,Supplier 59,0.0,0.0,0.0
SKU0055,Product 0055,Store A,0.0,0.0,Supplier 59,0.0,0.0,0.0
SKU0055,Product 0055,Store B,0.0,0.0,Supplier 59,0.0,0.0,0.0
SKU0055,Product 0055,Store C,0.0,0.0,Supplier 59,0.0,0.0,0.0
SKU0055,Product 0055,Warehouse,0.0,0.0,Supplier 59,0.0,0.0,0.0
SKU0056,Product 0056,Store A,0.0,0.0,Supplier 73,0.0,0.0,0.0
SKU0056,Product 0056,Store B,0.0,0.0,Supplier 73,0.0,0.0,0.0
SKU0056,Product 0056,Store C,0.0,0.0,Supplier 73,0.0,0.0,0.0
SKU0056,Product 0056,Warehouse,0.0,0.0,Supplier 73,0.0,0.0,0.0
SKU0057,Product 0057,Store A,0.0,0.0,Supplier 66,0.0,0.0,0.0
SKU0057,Product 0057,Store B,0.0,0.0,Supplier 66,0.0,0.0,0.0
SKU0057,Product 0057,Store C,0.0,0.0,Supplier 66,0.0,0.0,0.0
SKU0057,Product 0057,Warehouse,0.0,0.0,Supplier 66,0.0,0.0,0.0
SKU0058,Product 0058,Store A,0.0,0.0,Supplier 66,0.0,0.0,0.0
SKU0058,Product 0058,Store B,0.0,0.0,Supplier 66,0.0,0.0,0.0
SKU0058,Product 0058,Store C,0.0,0.0,Supplier 66,0.0,0.0,0.0
SKU0058,Product 0058,Warehouse,0.0,0.0,Supplier 66,0.0,0.0,0.0
SKU0059,Product 0059,Store A,0.0,0.0,Supplier 66,0.0,0.0,0.0
SKU0059,Product 0059,Store B,0.0,0.0,Supplier 66,0.0,0.0,0.0
SKU0059,Product 0059,Store C,0.0,0.0,Supplier 66,0.0,0.0,0.0
SKU0059,Product 0059,Warehouse,0.0,0.0,Supplier 66,0.0,0.0,0.0
SKU0060,Product 0060,Store A,0.0,0.0,Supplier 66,0.0,0.0,0.0
SKU0060,Product 0060,Store B,0.0,0.0,Supplier 66,0.0,0.0,0.0
SKU0060,Product 0060,Store C,0.0,0.0,Supplier 66,0.0,0.0,0.0
SKU0060,Product 0060,Warehouse,0.0,0.0,Supplier 66,0.0,0.0,0.0
SKU0061,Product 0061,Warehouse,0.0,0.0,Supplier 68,0.0,0.0,0.0
SKU0062,Product 0062,Store A,0.0,0.0,Supplier 73,0.0,0.0,0.0
SKU0062,Product 0062,Store B,0.0,0.0,Supplier 73,0.0,0.0,0.0
SKU0062,Product 0062,Store C,0.0,0.0,Supplier 73,0.0,0.0,0.0
SKU0062,Product 0062,Warehouse,0.0,0.0,Supplier 73,0.0,0.0,0.0
SKU0063,Product 0063,Store A,0.0,0.0,Supplier 59,0.0,0.0,0.0
SKU0063,Product 0063,Store B,0.0,0.0,Supplier 59,0.0,0.0,0.0
SKU0063,Product 0063,Store C,0.0,0.0,Supplier 59,0.0,0.0,0.0
SKU0063,Product 0063,Warehouse,0.0,0.0,Supplier 59,0.0,0.0,0.0
SKU0064,Product 0064,Warehouse,0.0,0.0,Supplier 68,0.0,0.0,0.0
SKU0065,Product 0065,Store A,0.0,0.0,Supplier 68,0.0,0.0,0.0
SKU0065,Product 0065,Warehouse,0.0,0.0,Supplier 68,0.0,0.0,0.0
SKU0066,Product 0066,Store A,0.0,0.0,Supplier 68,0.0,0.0,0.0
SKU0066,Product 0066,Store B,0.0,0.0,Supplier 68,0.0,0.0,0.0
SKU0066,Product 0066,Store C,0.0,0.0,Supplier 68,0.0,0.0,0.0
SKU0066,Product 0066,Warehouse,0.0,0.0,Supplier 68,0.0,0.0,0.0
SKU0067,Product 0067,Store A,0.0,0.0,Supplier 59,0.0,0.0,0.0
SKU0067,Product 0067,Store B,0.0,0.0,Supplier 59,0.0,0.0,0.0
SKU0067,Product 0067,Store C,0.0,0.0,Supplier 59,0.0,0.0,0.0
SKU0067,Product 0067,Warehouse,0.0,0.0,Supplier 59,0.0,0.0,0.0
SKU0068,Product 0068,Store A,0.0,0.0,Supplier 59,0.0,0.0,0.0
SKU0068,Product 0068,Store B,0.0,0.0,Supplier 59,0.0,0.0,0.0
SKU0068,Product 0068,Store C,0.0,0.0,Supplier 59,0.0,0.0,0.0
SKU0068,Product 0068,Warehouse,0.0,0.0,Supplier 59,0.0,0.0,0.0
SKU0069,Product 0069,Store A,0.0,0.0,Supplier 73,0.0,0.0,0.0
SKU0069,Product 0069,Store B,0.0,0.0,Supplier 73,0.0,0.0,0.0
SKU0069,Product 0069,Store C,0.0,0.0,Supplier 73,0.0,0.0,0.0
SKU0069,Product 0069,Warehouse,0.0,0.0,Supplier 73,0.0,0.0,0.0
SKU0070,Product 0070,Warehouse,111.0,0.6225,Supplier 66,0.0,0.0,0.0
SKU0071,Product 0071,Store A,0.0,0.0,Supplier 66,0.0,0.0,0.0
SKU0071,Product 0071,Store B,0.0,0.0,Supplier 66,0.0,0.0,0.0
SKU0071,Product 0071,Store C,0.0,0.0,Supplier 66,0.0,0.0,0.0
SKU0071,Product 0071,Warehouse,0.0,0.0,Supplier 66,0.0,0.0,0.0
SKU0072,Product 0072,Store A,0.0,0.0,Supplier 66,0.0,0.0,0.0
SKU0072,Product 0072,Store B,0.0,0.0,Supplier 66,0.0,0.0,0.0
SKU0072,Product 0072,Store C,0.0,0.0,Supplier 66,0.0,0.0,0.0
SKU0072,Product 0072,Warehouse,0.0,0.0,Supplier 66,0.0,0.0,0.0
SKU0073,Product 0073,Store A,0.0,0.0,Supplier 66,0.0,0.0,0.0
SKU0073,Product 0073,Store B,0.0,0.0,Supplier 66,0.0,0.0,0.0
SKU0073,Product 0073,Store C,0.0,0.0,Supplier 66,0.0,0.0,0.0
SKU0073,Product 0073,Warehouse,0.0,0.0,Supplier 66,0.0,0.0,0.0
SKU0074,Product 0074,Store A,0.0,0.0,Supplier 66,0.0,0.0,0.0
SKU0074,Product 0074,Store B,0.0,0.0,Supplier 66,0.0,0.0,0.0
SKU0074,Product 0074,Store C,0.0,0.0,Supplier 66,0.0,0.0,0.0
SKU0074,Product 0074,Warehouse,0.0,0.0,Supplier 66,0.0,0.0,0.0
SKU0075,Product 0075,Store A,0.0,0.0,Supplier 66,0.0,0.0,0.0
SKU0075,Product 0075,Store B,0.0,0.0,Supplier 66,0.0,0.0,0.0
SKU0075,Product 0075,Store C,0.0,0.0,Supplier 66,0.0,0.0,0.0
SKU0075,Product 0075,Warehouse,0.0,0.0,Supplier 66,0.0,0.0,0.0
SKU0076,Product 0076,Store A,0.0,0.0,Supplier 73,0.0,0.0,0.0
SKU0076,Product 0076,Store B,0.0,0.0,Supplier 73,0.0,0.0,0.0
SKU0076,Product 0076,Store C,0.0,0.0,Supplier 73,0.0,0.0,0.0
SKU0076,Product 0076,Warehouse,0.0,0.0,Supplier 73,0.0,0.0,0.0
SKU0077,Product 0077,Store A,0.0,0.0,Supplier 66,0.0,0.0,0.0
SKU0077,Product 0077,Store B,0.0,0.0,Supplier 66,0.0,0.0,0.0
SKU0077,Product 0077,Store C,0.0,0.0,Supplier 66,0.0,0.0,0.0
SKU0077,Product 0077,Warehouse,0.0,0.0,Supplier 66,0.0,0.0,0.0
SKU0078,Product 0078,Store A,0.0,0.0,Supplier 66,0.0,0.0,0.0
SKU0078,Product 0078,Store B,0.0,0.0,Supplier 66,0.0,0.0,0.0
SKU0078,Product 0078,Store C,0.0,0.0,Supplier 66,0.0,0.0,0.0
SKU0078,Product 0078,Warehouse,0.0,0.0,Supplier 66,0.0,0.0,0.0
SKU0079,Product 0079,Store A,0.0,0.0,Supplier 66,0.0,0.0,0.0
SKU0079,Product 0079,Store B,0.0,0.0,Supplier 66,0.0,0.0,0.0
SKU0079,Product 0079,Store C,0.0,0.0,Supplier 66,0.0,0.0,0.0
SKU0079,Product 0079,Warehouse,0.0,0.0,Supplier 66,0.0,0.0,0.0
SKU0080,Product 0080,Store A,0.0,0.0,Supplier 59,0.0,0.0,0.0
SKU0080,Product 0080,Store B,0.0,0.0,Supplier 59,0.0,0.0,0.0
SKU0080,Product 0080,Store C,0.0,0.0,Supplier 59,0.0,0.0,0.0
SKU0080,Product 0080,Warehouse,0.0,0.0,Supplier 59,0.0,0.0,0.0
SKU0081,Product 0081,Warehouse,0.0,0.0,Supplier 66,0.0,0.0,0.0
SKU0082,Product 0082,Store A,0.0,0.0,Supplier 66,0.0,0.0,0.0
SKU0082,Product 0082,Store B,0.0,0.0,Supplier 66,0.0,0.0,0.0
SKU0082,Product 0082,Store C,0.0,0.0,Supplier 66,0.0,0.0,0.0
SKU0082,Product 0082,Warehouse,0.0,0.0,Supplier 66,0.0,0.0,0.0
SKU0083,Product 0083,Store A,0.0,0.0,Supplier 59,0.0,0.0,0.0
SKU0083,Product 0083,Store B,0.0,0.0,Supplier 59,0.0,0.0,0.0
SKU0083,Product 0083,Store C,0.0,0.0,Supplier 59,0.0,0.0,0.0
SKU0083,Product 0083,Warehouse,0.0,0.0,Supplier 59,0.0,0.0,0.0
SKU0084,Product 0084,Store A,0.0,0.0,Supplier 59,0.0,0.0,0.0
SKU0084,Product 0084,Store B,0.0,0.0,Supplier 59,0.0,0.0,0.0
SKU0084,Product 0084,Store C,0.0,0.0,Supplier 59,0.0,0.0,0.0
SKU0084,Product 0084,Warehouse,0.0,0.0,Supplier 59,0.0,0.0,0.0
SKU0085,Product 0085,Store A,0.0,0.0,Supplier 64,0.0,0.0,0.0
SKU0085,Product 0085,Store B,0.0,0.0,Supplier 64,0.0,0.0,0.0
SKU0085,Product 0085,Store C,0.0,0.0,Supplier 64,0.0,0.0,0.0
SKU0085,Product 0085,Warehouse,0.0,0.0,Supplier 64,0.0,0.0,0.0
SKU0086,Product 0086,Warehouse,14.0,0.3735,Supplier 68,0.0,0.0,0.0
SKU0087,Product 0087,Warehouse,0.0,0.0,Supplier 68,0.0,0.0,0.0
SKU0088,Product 0088,Store A,0.0,0.0,Supplier 68,0.0,0.0,0.0
SKU0088,Product 0088,Store B,0.0,0.0,Supplier 68,0.0,0.0,0.0
SKU0088,Product 0088,Store C,0.0,0.0,Supplier 68,0.0,0.0,0.0
SKU0088,Product 0088,Warehouse,0.0,0.0,Supplier 68,0.0,0.0,0.0
SKU0089,Product 0089,Store A,0.0,0.0,Supplier 68,0.0,0.0,0.0
SKU0089,Product 0089,Store B,0.0,0.0,Supplier 68,0.0,0.0,0.0
SKU0089,Product 0089,Store C,0.0,0.0,Supplier 68,0.0,0.0,0.0
SKU0089,Product 0089,Warehouse,0.0,0.0,Supplier 68,0.0,0.0,0.0
SKU0090,Product 0090,Store A,0.0,0.0,Supplier 59,0.0,0.0,0.0
SKU0090,Product 0090,Store B,0.0,0.0,Supplier 59,0.0,0.0,0.0
SKU0090,Product 0090,Store C,0.0,0.0,Supplier 59,0.0,0.0,0.0
SKU0090,Product 0090,Warehouse,0.0,0.0,Supplier 59,0.0,0.0,0.0
SKU0091,Product 0091,Warehouse,65.0,0.3735,Supplier 68,0.0,0.0,0.0
SKU0092,Product 0092,Store A,0.0,0.0,Supplier 68,0.0,0.0,0.0
SKU0092,Product 0092,Warehouse,0.0,0.0,Supplier 68,0.0,0.0,0.0
SKU0093,Product 0093,Store A,0.0,0.0,Supplier 59,0.0,0.0,0.0
SKU0093,Product 0093,Store B,0.0,0.0,Supplier 59,0.0,0.0,0.0
SKU0093,Product 0093,Store C,0.0,0.0,Supplier 59,0.0,0.0,0.0
SKU0093,Product 0093,Warehouse,0.0,0.0,Supplier 59,0.0,0.0,0.0
SKU0094,Product 0094,Warehouse,0.0,0.0,Supplier 68,0.0,0.0,0.0
SKU0095,Product 0095,Warehouse,14.0,0.3735,Supplier 68,0.0,0.0,0.0
SKU0096,Product 0096,Store A,0.0,0.0,Supplier 68,0.0,0.0,0.0
SKU0096,Product 0096,Store B,0.0,0.0,Supplier 68,0.0,0.0,0.0
SKU0096,Product 0096,Store C,0.0,0.0,Supplier 68,0.0,0.0,0.0
SKU0096,Product 0096,Warehouse,0.0,0.0,Supplier 68,0.0,0.0,0.0
SKU0097,Product 0097,Store B,0.0,0.0,Supplier 68,0.0,0.0,0.0
SKU0097,Product 0097,Store C,0.0,0.0,Supplier 68,0.0,0.0,0.0
SKU0097,Product 0097,Warehouse,0.0,0.0,Supplier 68,0.0,0.0,0.0
SKU0098,Product 0098,Store A,0.0,0.0,Supplier 68,0.0,0.0,0.0
SKU0098,Product 0098,Store B,0.0,0.0,Supplier 68,0.0,0.0,0.0
SKU0098,Product 0098,Store C,0.0,0.0,Supplier 68,0.0,0.0,0.0
SKU0098,Product 0098,Warehouse,0.0,0.0,Supplier 68,0.0,0.0,0.0
SKU0099,Product 0099,Store A,0.0,0.0,Supplier 68,0.0,0.0,0.0
SKU0099,Product 0099,Store B,0.0,0.0,Supplier 68,0.0,0.0,0.0
SKU0099,Product 0099,Store C,0.0,0.0,Supplier 68,0.0,0.0,0.0
SKU0099,Product 0099,Warehouse,0.0,0.0,Supplier 68,0.0,0.0,0.0
SKU0100,Product 0100,Warehouse,0.0,0.0,Supplier 68,0.0,0.0,0.0
SKU0101,Product 0101,Store B,0.0,0.0,Supplier 59,0.0,0.0,0.0
SKU0101,Product 0101,Store C,0.0,0.0,Supplier 59,0.0,0.0,0.0
SKU0101,Product 0101,Warehouse,0.0,0.0,Supplier 59,0.0,0.0,0.0
SKU0102,Product 0102,Store A,0.0,0.0,Supplier 59,0.0,0.0,0.0
SKU0102,Product 0102,Store B,0.0,0.0,Supplier 59,0.0,0.0,0.0
SKU0102,Product 0102,Store C,0.0,0.0,Supplier 59,0.0,0.0,0.0
SKU0102,Product 0102,Warehouse,0.0,0.0,Supplier 59,0.0,0.0,0.0
SKU0103,Product 0103,Store A,0.0,0.0,Supplier 73,0.0,0.0,0.0
SKU0103,Product 0103,Store B,0.0,0.0,Supplier 73,0.0,0.0,0.0
SKU0103,Product 0103,Store C,0.0,0.0,Supplier 73,0.0,0.0,0.0
SKU0103,Product 0103,Warehouse,0.0,0.0,Supplier 73,0.0,0.0,0.0
SKU0104,Product 0104,Store A,0.0,0.0,Supplier 59,0.0,0.0,0.0
SKU0104,Product 0104,Store B,0.0,0.0,Supplier 59,0.0,0.0,0.0
SKU0104,Product 0104,Store C,0.0,0.0,Supplier 59,0.0,0.0,0.0
SKU0104,Product 0104,Warehouse,0.0,0.0,Supplier 59,0.0,0.0,0.0
SKU0105,Product 0105,Warehouse,28.0,0.3735,Supplier 68,0.0,0.0,0.0
SKU0106,Product 0106,Store B,0.0,0.0,Supplier 66,0.0,0.0,0.0
SKU0106,Product 0106,Store C,0.0,0.0,Supplier 66,0.0,0.0,0.0
SKU0106,Product 0106,Warehouse,0.0,0.0,Supplier 66,0.0,0.0,0.0
SKU0107,Product 0107,Store A,0.0,0.0,Supplier 66,0.0,0.0,0.0
SKU0107,Product 0107,Store B,0.0,0.0,Supplier 66,0.0,0.0,0.0
SKU0107,Product 0107,Store C,0.0,0.0,Supplier 66,0.0,0.0,0.0
SKU0107,Product 0107,Warehouse,0.0,0.0,Supplier 66,0.0,0.0,0.0
SKU0108,Product 0108,Warehouse,0.0,0.0,Supplier 68,0.0,0.0,0.0
SKU0109,Product 0109,Store A,0.0,0.0,Supplier 73,0.0,0.0,0.0
SKU0109,Product 0109,Store B,0.0,0.0,Supplier 73,0.0,0.0,0.0
SKU0109,Product 0109,Store C,0.0,0.0,Supplier 73,0.0,0.0,0.0
SKU0109,Product 0109,Warehouse,0.0,0.0,Supplier 73,0.0,0.0,0.0
SKU0110,Product 0110,Store A,0.0,0.0,Supplier 59,0.0,0.0,0.0
SKU0110,Product 0110,Store B,0.0,0.0,Supplier 59,0.0,0.0,0.0
SKU0110,Product 0110,Store C,0.0,0.0,Supplier 59,0.0,0.0,0.0
SKU0110,Product 0110,Warehouse,0.0,0.0,Supplier 59,0.0,0.0,0.0
SKU0111,Product 0111,Store A,0.0,0.0,Supplier 31,0.0,0.0,0.0
SKU0111,Product 0111,Store B,0.0,0.0,Supplier 31,0.0,0.0,0.0
SKU0111,Product 0111,Store C,0.0,0.0,Supplier 31,0.0,0.0,0.0
SKU0111,Product 0111,Warehouse,0.0,0.0,Supplier 31,0.0,0.0,0.0
SKU0112,Product 0112,Store B,0.0,0.0,Supplier 68,0.0,0.0,0.0
SKU0112,Product 0112,Store C,0.0,0.0,Supplier 68,0.0,0.0,0.0
SKU0112,Product 0112,Warehouse,0.0,0.0,Supplier 68,0.0,0.0,0.0
SKU0113,Product 0113,Store A,0.0,0.0,Supplier 73,0.0,0.0,0.0
SKU0113,Product 0113,Store B,0.0,0.0,Supplier 73,0.0,0.0,0.0
SKU0113,Product 0113,Store C,0.0,0.0,Supplier 73,0.0,0.0,0.0
SKU0113,Product 0113,Warehouse,0.0,0.0,Supplier 73,0.0,0.0,0.0
SKU0114,Product 0114,Store A,0.0,0.0,Supplier 73,0.0,0.0,0.0
SKU0114,Product 0114,Store B,0.0,0.0,Supplier 73,0.0,0.0,0.0
SKU0114,Product 0114,Store C,0.0,0.0,Supplier 73,0.0,0.0,0.0
SKU0114,Product 0114,Warehouse,0.0,0.0,Supplier 73,0.0,0.0,0.0
SKU0115,Product 0115,Store A,0.0,0.0,Supplier 68,0.0,0.0,0.0
SKU0115,Product 0115,Store B,0.0,0.0,Supplier 68,0.0,0.0,0.0
SKU0115,Product 0115,Store C,0.0,0.0,Supplier 68,0.0,0.0,0.0
SKU0115,Product 0115,Warehouse,0.0,0.0,Supplier 68,0.0,0.0,0.0
SKU0116,Product 0116,Warehouse,0.0,0.0,Supplier 10,0.0,0.0,0.0
SKU0117,Product 0117,Store A,0.0,0.0,Multiple suppliers,0.0,0.0,0.0
SKU0117,Product 0117,Store B,0.0,0.0,Multiple suppliers,0.0,0.0,0.0
SKU0117,Product 0117,Store C,0.0,0.0,Multiple suppliers,0.0,0.0,0.0
SKU0117,Product 0117,Warehouse,0.0,0.0,Multiple suppliers,0.0,0.0,0.0
SKU0118,Product 0118,Store A,0.0,0.0,Supplier 31,0.0,0.0,0.0
SKU0118,Product 0118,Store B,0.0,0.0,Supplier 31,0.0,0.0,0.0
SKU0118,Product 0118,Store C,0.0,0.0,Supplier 31,0.0,0.0,0.0
SKU0118,Product 0118,Warehouse,0.0,0.0,Supplier 31,0.0,0.0,0.0
SKU0119,Product 0119,Warehouse,0.0,0.4897,Supplier 05,0.0,0.0,0.0
SKU0120,Product 0120,Store A,12.0,1.4027,Supplier 05,0.0,0.0,0.0
SKU0120,Product 0120,Warehouse,0.0,1.4028,Supplier 05,0.0,0.0,0.0
SKU0121,Product 0121,Warehouse,96.0,0.6903,Supplier 05,0.0,0.0,0.0
SKU0122,Product 0122,Warehouse,168.0,0.5588,Supplier 05,0.0,0.0,0.0
SKU0123,Product 0123,Warehouse,0.0,0.0,Supplier 05,0.0,0.0,0.0
SKU0124,Product 0124,Warehouse,48.0,0.507,Supplier 05,0.0,0.0,0.0
SKU0125,Product 0125,Warehouse,83.0,0.5416,Supplier 05,0.0,0.0,0.0
SKU0126,Product 0126,Warehouse,0.0,0.0,Supplier 05,0.0,0.0,0.0
SKU0127,Product 0127,Store A,0.0,0.0,Supplier 05,0.0,0.0,0.0
SKU0127,Product 0127,Store B,0.0,0.0,Supplier 05,0.0,0.0,0.0
SKU0127,Product 0127,Store C,0.0,0.0,Supplier 05,0.0,0.0,0.0
SKU0127,Product 0127,Warehouse,0.0,0.0,Supplier 05,0.0,0.0,0.0
SKU0128,Product 0128,Store A,0.0,0.0,Supplier 05,0.0,0.0,0.0
SKU0128,Product 0128,Store B,0.0,0.0,Supplier 05,0.0,0.0,0.0
SKU0128,Product 0128,Store C,0.0,0.0,Supplier 05,0.0,0.0,0.0
SKU0128,Product 0128,Warehouse,0.0,0.0,Supplier 05,0.0,0.0,0.0
SKU0129,Product 0129,Store A,0.0,0.0,Supplier 05,0.0,0.0,0.0
SKU0129,Product 0129,Store B,0.0,0.0,Supplier 05,0.0,0.0,0.0
SKU0129,Product 0129,Store C,0.0,0.0,Supplier 05,0.0,0.0,0.0
SKU0129,Product 0129,Warehouse,0.0,0.0,Supplier 05,0.0,0.0,0.0
SKU0130,Product 0130,Warehouse,0.0,0.0,Supplier 10,0.0,0.0,0.0
SKU0131,Product 0131,Warehouse,0.0,0.0,Supplier 10,0.0,0.0,0.0
SKU0132,Product 0132,Store A,0.0,0.0,Supplier 36,0.0,0.0,0.0
SKU0132,Product 0132,Store B,0.0,0.0,Supplier 36,0.0,0.0,0.0
SKU0132,Product 0132,Store C,0.0,0.0,Supplier 36,0.0,0.0,0.0
SKU0132,Product 0132,Warehouse,0.0,0.0,Supplier 36,0.0,0.0,0.0
SKU0133,Product 0133,Warehouse,0.0,0.0,Supplier 36,0.0,0.0,0.0
SKU0134,Product 0134,Store A,0.0,0.0,Supplier 36,0.0,0.0,0.0
SKU0134,Product 0134,Store B,0.0,0.0,Supplier 36,0.0,0.0,0.0
SKU0134,Product 0134,Store C,0.0,0.0,Supplier 36,0.0,0.0,0.0
SKU0134,Product 0134,Warehouse,0.0,0.0,Supplier 36,0.0,0.0,0.0
SKU0135,Product 0135,Store A,0.0,0.0,Supplier 59,0.0,0.0,0.0
SKU0135,Product 0135,Store B,0.0,0.0,Supplier 59,0.0,0.0,0.0
SKU0135,Product 0135,Store C,0.0,0.0,Supplier 59,0.0,0.0,0.0
SKU0135,Product 0135,Warehouse,0.0,0.0,Supplier 59,0.0,0.0,0.0
SKU0136,Product 0136,Store B,0.0,0.0,Supplier 59,0.0,0.0,0.0
SKU0136,Product 0136,Store C,0.0,0.0,Supplier 59,0.0,0.0,0.0
SKU0136,Product 0136,Warehouse,0.0,0.0,Supplier 59,0.0,0.0,0.0
SKU0137,Product 0137,Store B,0.0,0.0,Supplier 59,0.0,0.0,0.0
SKU0137,Product 0137,Store C,0.0,0.0,Supplier 59,0.0,0.0,0.0
SKU0137,Product 0137,Warehouse,0.0,0.0,Supplier 59,0.0,0.0,0.0
SKU0138,Product 0138,Store A,0.0,0.0,Multiple suppliers,0.0,0.0,0.0
SKU0138,Product 0138,Store B,0.0,0.0,Multiple suppliers,0.0,0.0,0.0
SKU0138,Product 0138,Store C,0.0,0.0,Multiple suppliers,0.0,0.0,0.0
SKU0138,Product 0138,Warehouse,0.0,0.0,Multiple suppliers,0.0,0.0,0.0
SKU0139,Product 0139,Warehouse,0.0,0.0,Supplier 59,0.0,0.0,0.0
SKU0140,Product 0140,Warehouse,0.0,0.0,Supplier 59,0.0,0.0,0.0
SKU0141,Product 0141,Store A,0.0,0.0,Multiple suppliers,0.0,0.0,0.0
SKU0141,Product 0141,Store B,0.0,0.0,Multiple suppliers,0.0,0.0,0.0
SKU0141,Product 0141,Store C,0.0,0.0,Multiple suppliers,0.0,0.0,0.0
SKU0141,Product 0141,Warehouse,0.0,0.0,Multiple suppliers,0.0,0.0,0.0
SKU0142,Product 0142,Store B,0.0,0.0,Supplier 59,0.0,0.0,0.0
SKU0142,Product 0142,Store C,0.0,0.0,Supplier 59,0.0,0.0,0.0
SKU0142,Product 0142,Warehouse,0.0,0.0,Supplier 59,0.0,0.0,0.0
SKU0143,Product 0143,Store A,0.0,0.0,Supplier 34,0.0,0.0,0.0
SKU0143,Product 0143,Store B,0.0,0.0,Supplier 34,0.0,0.0,0.0
SKU0143,Product 0143,Store C,0.0,0.0,Supplier 34,0.0,0.0,0.0
SKU0143,Product 0143,Warehouse,0.0,0.0,Supplier 34,0.0,0.0,0.0
SKU0144,Product 0144,Warehouse,696.0,0.1231,Supplier 68,0.0,0.0,0.0
SKU0145,Product 0145,Warehouse,0.0,0.1231,Supplier 68,0.0,0.0,0.0
SKU0146,Product 0146,Warehouse,140.0,0.3403,Supplier 68,0.0,0.0,0.0
SKU0147,Product 0147,Warehouse,56.0,0.3403,Supplier 68,0.0,0.0,0.0
SKU0148,Product 0148,Warehouse,182.0,0.3569,Supplier 68,0.0,0.0,0.0
SKU0149,Product 0149,Store A,0.0,0.0,Supplier 59,0.0,0.0,0.0
SKU0149,Product 0149,Store B,0.0,0.0,Supplier 59,0.0,0.0,0.0
SKU0149,Product 0149,Store C,0.0,0.0,Supplier 59,0.0,0.0,0.0
SKU0149,Product 0149,Warehouse,0.0,0.0,Supplier 59,0.0,0.0,0.0
SKU0150,Product 0150,Store A,0.0,0.0,Supplier 59,0.0,0.0,0.0
SKU0150,Product 0150,Store B,0.0,0.0,Supplier 59,0.0,0.0,0.0
SKU0150,Product 0150,Store C,0.0,0.0,Supplier 59,0.0,0.0,0.0
SKU0150,Product 0150,Warehouse,0.0,0.0,Supplier 59,0.0,0.0,0.0
SKU0151,Product 0151,Store A,0.0,0.0,Supplier 59,0.0,0.0,0.0
SKU0151,Product 0151,Store B,0.0,0.0,Supplier 59,0.0,0.0,0.0
SKU0151,Product 0151,Store C,0.0,0.0,Supplier 59,0.0,0.0,0.0
SKU0151,Product 0151,Warehouse,0.0,0.0,Supplier 59,0.0,0.0,0.0
SKU0152,Product 0152,Warehouse,51.0,0.1231,Supplier 68,0.0,0.0,0.0
SKU0153,Product 0153,Warehouse,0.0,0.1826,Multiple suppliers,0.0,0.0,0.0
SKU0154,Product 0154,Warehouse,80.0,0.332,Supplier 66,0.0,0.0,0.0
SKU0155,Product 0155,Warehouse,80.0,0.332,Supplier 66,0.0,0.0,0.0
SKU0156,Product 0156,Warehouse,154.0,0.3403,Supplier 68,0.0,0.0,0.0
SKU0157,Product 0157,Warehouse,112.0,0.3569,Supplier 68,0.0,0.0,0.0
SKU0158,Product 0158,Store A,0.0,0.0,Supplier 59,0.0,0.0,0.0
SKU0158,Product 0158,Store B,0.0,0.0,Supplier 59,0.0,0.0,0.0
SKU0158,Product 0158,Store C,0.0,0.0,Supplier 59,0.0,0.0,0.0
SKU0158,Product 0158,Warehouse,0.0,0.0,Supplier 59,0.0,0.0,0.0
SKU0159,Product 0159,Store B,0.0,0.0,Supplier 59,0.0,0.0,0.0
SKU0159,Product 0159,Store C,0.0,0.0,Supplier 59,0.0,0.0,0.0
SKU0159,Product 0159,Warehouse,0.0,0.0,Supplier 59,0.0,0.0,0.0
SKU0160,Product 0160,Store A,0.0,0.0,Supplier 59,0.0,0.0,0.0
SKU0160,Product 0160,Store B,0.0,0.0,Supplier 59,0.0,0.0,0.0
SKU0160,Product 0160,Store C,0.0,0.0,Supplier 59,0.0,0.0,0.0
SKU0160,Product 0160,Warehouse,0.0,0.0,Supplier 59,0.0,0.0,0.0
SKU0161,Product 0161,Store C,0.0,0.0,Supplier 59,0.0,0.0,0.0
SKU0161,Product 0161,Warehouse,0.0,0.0,Supplier 59,0.0,0.0,0.0
SKU0162,Product 0162,Store A,0.0,0.0,Supplier 64,0.0,0.0,0.0
SKU0162,Product 0162,Store B,0.0,0.0,Supplier 64,0.0,0.0,0.0
SKU0162,Product 0162,Store C,0.0,0.0,Supplier 64,0.0,0.0,0.0
SKU0162,Product 0162,Warehouse,0.0,0.0,Supplier 64,0.0,0.0,0.0
SKU0163,Product 0163,Store A,0.0,0.0,Supplier 59,0.0,0.0,0.0
SKU0163,Product 0163,Store B,0.0,0.0,Supplier 59,0.0,0.0,0.0
SKU0163,Product 0163,Store C,0.0,0.0,Supplier 59,0.0,0.0,0.0
SKU0163,Product 0163,Warehouse,0.0,0.0,Supplier 59,0.0,0.0,0.0
SKU0164,Product 0164,Store A,0.0,0.0,Supplier 59,0.0,0.0,0.0
SKU0164,Product 0164,Store B,0.0,0.0,Supplier 59,0.0,0.0,0.0
SKU0164,Product 0164,Store C,0.0,0.0,Supplier 59,0.0,0.0,0.0
SKU0164,Product 0164,Warehouse,0.0,0.0,Supplier 59,0.0,0.0,0.0
SKU0165,Product 0165,Warehouse,0.0,0.0,Multiple suppliers,0.0,0.0,0.0
SKU0166,Product 0166,Warehouse,0.0,0.0,Multiple suppliers,0.0,0.0,0.0
SKU0167,Product 0167,Store A,0.0,0.0,Supplier 64,0.0,0.0,0.0
SKU0167,Product 0167,Store B,0.0,0.0,Supplier 64,0.0,0.0,0.0
SKU0167,Product 0167,Store C,0.0,0.0,Supplier 64,0.0,0.0,0.0
SKU0167,Product 0167,Warehouse,0.0,0.0,Supplier 64,0.0,0.0,0.0
SKU0168,Product 0168,Store A,0.0,0.0,Supplier 64,0.0,0.0,0.0
SKU0168,Product 0168,Store B,0.0,0.0,Supplier 64,0.0,0.0,0.0
SKU0168,Product 0168,Store C,0.0,0.0,Supplier 64,0.0,0.0,0.0
SKU0168,Product 0168,Warehouse,0.0,0.0,Supplier 64,0.0,0.0,0.0
SKU0169,Product 0169,Store A,0.0,0.0,Supplier 64,0.0,0.0,0.0
SKU0169,Product 0169,Store B,0.0,0.0,Supplier 64,0.0,0.0,0.0
SKU0169,Product 0169,Store C,0.0,0.0,Supplier 64,0.0,0.0,0.0
SKU0169,Product 0169,Warehouse,0.0,0.0,Supplier 64,0.0,0.0,0.0
SKU0170,Product 0170,Store A,0.0,0.0,Supplier 64,0.0,0.0,0.0
SKU0170,Product 0170,Store B,0.0,0.0,Supplier 64,0.0,0.0,0.0
SKU0170,Product 0170,Store C,0.0,0.0,Supplier 64,0.0,0.0,0.0
SKU0170,Product 0170,Warehouse,0.0,0.0,Supplier 64,0.0,0.0,0.0
SKU0171,Product 0171,Store A,0.0,0.0,Supplier 59,0.0,0.0,0.0
SKU0171,Product 0171,Store B,0.0,0.0,Supplier 59,0.0,0.0,0.0
SKU0171,Product 0171,Store C,0.0,0.0,Supplier 59,0.0,0.0,0.0
SKU0171,Product 0171,Warehouse,0.0,0.0,Supplier 59,0.0,0.0,0.0
SKU0172,Product 0172,Store A,0.0,0.0,Supplier 64,0.0,0.0,0.0
SKU0172,Product 0172,Store B,0.0,0.0,Supplier 64,0.0,0.0,0.0
SKU0172,Product 0172,Store C,0.0,0.0,Supplier 64,0.0,0.0,0.0
SKU0172,Product 0172,Warehouse,0.0,0.0,Supplier 64,0.0,0.0,0.0
SKU0173,Product 0173,Store A,0.0,0.0,Supplier 64,0.0,0.0,0.0
SKU0173,Product 0173,Store B,0.0,0.0,Supplier 64,0.0,0.0,0.0
SKU0173,Product 0173,Store C,0.0,0.0,Supplier 64,0.0,0.0,0.0
SKU0173,Product 0173,Warehouse,0.0,0.0,Supplier 64,0.0,0.0,0.0
SKU0174,Product 0174,Store A,0.0,0.0,Supplier 64,0.0,0.0,0.0
SKU0174,Product 0174,Store B,0.0,0.0,Supplier 64,0.0,0.0,0.0
SKU0174,Product 0174,Store C,0.0,0.0,Supplier 64,0.0,0.0,0.0
SKU0174,Product 0174,Warehouse,0.0,0.0,Supplier 64,0.0,0.0,0.0
SKU0175,Product 0175,Store B,0.0,0.0,Supplier 59,0.0,0.0,0.0
SKU0175,Product 0175,Warehouse,0.0,0.0,Supplier 59,0.0,0.0,0.0
SKU0176,Product 0176,Warehouse,0.0,0.0,Supplier 40,0.0,0.0,0.0
SKU0177,Product 0177,Store B,0.0,0.0,Supplier 59,0.0,0.0,0.0
SKU0177,Product 0177,Store C,0.0,0.0,Supplier 59,0.0,0.0,0.0
SKU0177,Product 0177,Warehouse,0.0,0.0,Supplier 59,0.0,0.0,0.0
SKU0178,Product 0178,Store C,0.0,0.0,Supplier 17,0.0,0.0,0.0
SKU0178,Product 0178,Warehouse,0.0,0.0,Supplier 17,0.0,0.0,0.0
SKU0179,Product 0179,Store A,0.0,0.0,Supplier 59,0.0,0.0,0.0
SKU0179,Product 0179,Store B,0.0,0.0,Supplier 59,0.0,0.0,0.0
SKU0179,Product 0179,Store C,0.0,0.0,Supplier 59,0.0,0.0,0.0
SKU0179,Product 0179,Warehouse,0.0,0.0,Supplier 59,0.0,0.0,0.0
SKU0180,Product 0180,Store B,0.0,0.0,Supplier 59,0.0,0.0,0.0
SKU0180,Product 0180,Store C,0.0,0.0,Supplier 59,0.0,0.0,0.0
SKU0180,Product 0180,Warehouse,0.0,0.0,Supplier 59,0.0,0.0,0.0
SKU0181,Product 0181,Store A,0.0,0.0,Supplier 59,0.0,0.0,0.0
SKU0181,Product 0181,Store B,0.0,0.0,Supplier 59,0.0,0.0,0.0
SKU0181,Product 0181,Store C,0.0,0.0,Supplier 59,0.0,0.0,0.0
SKU0181,Product 0181,Warehouse,0.0,0.0,Supplier 59,0.0,0.0,0.0
SKU0182,Product 0182,Store A,0.0,0.0,Multiple suppliers,0.0,0.0,0.0
SKU0182,Product 0182,Store B,0.0,0.0,Multiple suppliers,0.0,0.0,0.0
SKU0182,Product 0182,Store C,0.0,0.0,Multiple suppliers,0.0,0.0,0.0
SKU0182,Product 0182,Warehouse,0.0,0.0,Multiple suppliers,0.0,0.0,0.0
SKU0183,Product 0183,Store B,0.0,0.0,Supplier 18,0.0,0.0,0.0
SKU0183,Product 0183,Store C,0.0,0.0,Supplier 18,0.0,0.0,0.0
SKU0183,Product 0183,Warehouse,0.0,0.0,Supplier 18,0.0,0.0,0.0
SKU0184,Product 0184,Store C,0.0,0.0,Supplier 59,0.0,0.0,0.0
SKU0184,Product 0184,Warehouse,0.0,0.0,Supplier 59,0.0,0.0,0.0
SKU0185,Product 0185,Store B,0.0,0.0,Supplier 59,0.0,0.0,0.0
SKU0185,Product 0185,Store C,0.0,0.0,Supplier 59,0.0,0.0,0.0
SKU0185,Product 0185,Warehouse,0.0,0.0,Supplier 59,0.0,0.0,0.0
SKU0186,Product 0186,Store A,0.0,0.0,Supplier 59,0.0,0.0,0.0
SKU0186,Product 0186,Store B,0.0,0.0,Supplier 59,0.0,0.0,0.0
SKU0186,Product 0186,Store C,0.0,0.0,Supplier 59,0.0,0.0,0.0
SKU0186,Product 0186,Warehouse,0.0,0.0,Supplier 59,0.0,0.0,0.0
SKU0187,Product 0187,Store A,0.0,0.0,Supplier 59,0.0,0.0,0.0
SKU0187,Product 0187,Store B,0.0,0.0,Supplier 59,0.0,0.0,0.0
SKU0187,Product 0187,Store C,0.0,0.0,Supplier 59,0.0,0.0,0.0
SKU0187,Product 0187,Warehouse,0.0,0.0,Supplier 59,0.0,0.0,0.0
SKU0188,Product 0188,Store A,0.0,0.0,Supplier 68,0.0,0.0,0.0
SKU0188,Product 0188,Store B,0.0,0.0,Supplier 68,0.0,0.0,0.0
SKU0188,Product 0188,Store C,0.0,0.0,Supplier 68,0.0,0.0,0.0
SKU0188,Product 0188,Warehouse,0.0,0.0,Supplier 68,0.0,0.0,0.0
SKU0189,Product 0189,Warehouse,0.0,0.0,Supplier 68,0.0,0.0,0.0
SKU0190,Product 0190,Store C,0.0,0.0,Supplier 59,0.0,0.0,0.0
SKU0190,Product 0190,Warehouse,0.0,0.0,Supplier 59,0.0,0.0,0.0
SKU0191,Product 0191,Store B,0.0,0.0,Supplier 59,0.0,0.0,0.0
SKU0191,Product 0191,Warehouse,0.0,0.0,Supplier 59,0.0,0.0,0.0
SKU0192,Product 0192,Store A,0.0,0.0,Supplier 59,0.0,0.0,0.0
SKU0192,Product 0192,Store B,0.0,0.0,Supplier 59,0.0,0.0,0.0
SKU0192,Product 0192,Store C,0.0,0.0,Supplier 59,0.0,0.0,0.0
SKU0192,Product 0192,Warehouse,0.0,0.0,Supplier 59,0.0,0.0,0.0
SKU0193,Product 0193,Store A,0.0,0.0,Supplier 59,0.0,0.0,0.0
SKU0193,Product 0193,Store B,0.0,0.0,Supplier 59,0.0,0.0,0.0
SKU0193,Product 0193,Store C,0.0,0.0,Supplier 59,0.0,0.0,0.0
SKU0193,Product 0193,Warehouse,0.0,0.0,Supplier 59,0.0,0.0,0.0
SKU0194,Product 0194,Store A,0.0,0.0,Supplier 59,0.0,0.0,0.0
SKU0194,Product 0194,Store B,0.0,0.0,Supplier 59,0.0,0.0,0.0
SKU0194,Product 0194,Store C,0.0,0.0,Supplier 59,0.0,0.0,0.0
SKU0194,Product 0194,Warehouse,0.0,0.0,Supplier 59,0.0,0.0,0.0
SKU0195,Product 0195,Store A,0.0,0.0,Supplier 59,0.0,0.0,0.0
SKU0195,Product 0195,Store B,0.0,0.0,Supplier 59,0.0,0.0,0.0
SKU0195,Product 0195,Store C,0.0,0.0,Supplier 59,0.0,0.0,0.0
SKU0195,Product 0195,Warehouse,0.0,0.0,Supplier 59,0.0,0.0,0.0
SKU0196,Product 0196,Store A,0.0,0.0,Supplier 59,0.0,0.0,0.0
SKU0196,Product 0196,Store B,0.0,0.0,Supplier 59,0.0,0.0,0.0
SKU0196,Product 0196,Store C,0.0,0.0,Supplier 59,0.0,0.0,0.0
SKU0196,Product 0196,Warehouse,0.0,0.0,Supplier 59,0.0,0.0,0.0
SKU0197,Product 0197,Store A,0.0,0.0,Supplier 59,0.0,0.0,0.0
SKU0197,Product 0197,Store B,0.0,0.0,Supplier 59,0.0,0.0,0.0
SKU0197,Product 0197,Store C,0.0,0.0,Supplier 59,0.0,0.0,0.0
SKU0197,Product 0197,Warehouse,0.0,0.0,Supplier 59,0.0,0.0,0.0
SKU0198,Product 0198,Store A,0.0,0.0,Supplier 59,0.0,0.0,0.0
SKU0198,Product 0198,Store B,0.0,0.0,Supplier 59,0.0,0.0,0.0
SKU0198,Product 0198,Store C,0.0,0.0,Supplier 59,0.0,0.0,0.0
SKU0198,Product 0198,Warehouse,0.0,0.0,Supplier 59,0.0,0.0,0.0
SKU0199,Product 0199,Store B,0.0,0.0,Supplier 59,0.0,0.0,0.0
SKU0199,Product 0199,Store C,0.0,0.0,Supplier 59,0.0,0.0,0.0
SKU0199,Product 0199,Warehouse,0.0,0.0,Supplier 59,0.0,0.0,0.0
SKU0200,Product 0200,Store A,0.0,0.0,Supplier 59,0.0,0.0,0.0
SKU0200,Product 0200,Store B,0.0,0.0,Supplier 59,0.0,0.0,0.0
SKU0200,Product 0200,Store C,0.0,0.0,Supplier 59,0.0,0.0,0.0
SKU0200,Product 0200,Warehouse,0.0,0.0,Supplier 59,0.0,0.0,0.0
SKU0201,Product 0201,Store B,0.0,0.0,Supplier 59,0.0,0.0,0.0
SKU0201,Product 0201,Store C,0.0,0.0,Supplier 59,0.0,0.0,0.0
SKU0201,Product 0201,Warehouse,0.0,0.0,Supplier 59,0.0,0.0,0.0
SKU0202,Product 0202,Store A,0.0,0.0,Supplier 59,0.0,0.0,0.0
SKU0202,Product 0202,Store B,0.0,0.0,Supplier 59,0.0,0.0,0.0
SKU0202,Product 0202,Store C,0.0,0.0,Supplier 59,0.0,0.0,0.0
SKU0202,Product 0202,Warehouse,0.0,0.0,Supplier 59,0.0,0.0,0.0
SKU0203,Product 0203,Store B,0.0,0.0,Supplier 59,0.0,0.0,0.0
SKU0203,Product 0203,Store C,0.0,0.0,Supplier 59,0.0,0.0,0.0
SKU0203,Product 0203,Warehouse,0.0,0.0,Supplier 59,0.0,0.0,0.0
SKU0204,Product 0204,Store A,0.0,0.0,Supplier 59,0.0,0.0,0.0
SKU0204,Product 0204,Store B,0.0,0.0,Supplier 59,0.0,0.0,0.0
SKU0204,Product 0204,Store C,0.0,0.0,Supplier 59,0.0,0.0,0.0
SKU0204,Product 0204,Warehouse,0.0,0.0,Supplier 59,0.0,0.0,0.0
SKU0205,Product 0205,Store B,0.0,0.0,Supplier 59,0.0,0.0,0.0
SKU0205,Product 0205,Store C,0.0,0.0,Supplier 59,0.0,0.0,0.0
SKU0205,Product 0205,Warehouse,0.0,0.0,Supplier 59,0.0,0.0,0.0
SKU0206,Product 0206,Store B,0.0,0.0,Supplier 59,0.0,0.0,0.0
SKU0206,Product 0206,Store C,0.0,0.0,Supplier 59,0.0,0.0,0.0
SKU0206,Product 0206,Warehouse,0.0,0.0,Supplier 59,0.0,0.0,0.0
SKU0207,Product 0207,Store A,0.0,0.0,Supplier 59,0.0,0.0,0.0
SKU0207,Product 0207,Store B,0.0,0.0,Supplier 59,0.0,0.0,0.0
SKU0207,Product 0207,Store C,0.0,0.0,Supplier 59,0.0,0.0,0.0
SKU0207,Product 0207,Warehouse,0.0,0.0,Supplier 59,0.0,0.0,0.0
SKU0208,Product 0208,Store C,0.0,0.0,Supplier 59,0.0,0.0,0.0
SKU0208,Product 0208,Warehouse,0.0,0.0,Supplier 59,0.0,0.0,0.0
SKU0209,Product 0209,Warehouse,0.0,0.0,Supplier 59,0.0,0.0,0.0
SKU0210,Product 0210,Store B,0.0,0.0,Supplier 59,0.0,0.0,0.0
SKU0210,Product 0210,Store C,0.0,0.0,Supplier 59,0.0,0.0,0.0
SKU0210,Product 0210,Warehouse,0.0,0.0,Supplier 59,0.0,0.0,0.0
SKU0211,Product 0211,Store A,0.0,0.0,Supplier 59,0.0,0.0,0.0
SKU0211,Product 0211,Store B,0.0,0.0,Supplier 59,0.0,0.0,0.0
SKU0211,Product 0211,Store C,0.0,0.0,Supplier 59,0.0,0.0,0.0
SKU0211,Product 0211,Warehouse,0.0,0.0,Supplier 59,0.0,0.0,0.0
SKU0212,Product 0212,Store A,0.0,0.0,Supplier 68,0.0,0.0,0.0
SKU0212,Product 0212,Store B,0.0,0.0,Supplier 68,0.0,0.0,0.0
SKU0212,Product 0212,Store C,0.0,0.0,Supplier 68,0.0,0.0,0.0
SKU0212,Product 0212,Warehouse,0.0,0.0,Supplier 68,0.0,0.0,0.0
SKU0213,Product 0213,Store B,0.0,0.0,Supplier 59,0.0,0.0,0.0
SKU0213,Product 0213,Store C,0.0,0.0,Supplier 59,0.0,0.0,0.0
SKU0213,Product 0213,Warehouse,0.0,0.0,Supplier 59,0.0,0.0,0.0
SKU0214,Product 0214,Store B,0.0,0.0,Supplier 59,0.0,0.0,0.0
SKU0214,Product 0214,Store C,0.0,0.0,Supplier 59,0.0,0.0,0.0
SKU0214,Product 0214,Warehouse,0.0,0.0,Supplier 59,0.0,0.0,0.0
SKU0215,Product 0215,Store A,0.0,0.0,Supplier 59,0.0,0.0,0.0
SKU0215,Product 0215,Store B,0.0,0.0,Supplier 59,0.0,0.0,0.0
SKU0215,Product 0215,Store C,0.0,0.0,Supplier 59,0.0,0.0,0.0
SKU0215,Product 0215,Warehouse,0.0,0.0,Supplier 59,0.0,0.0,0.0
SKU0216,Product 0216,Store A,0.0,0.0,Supplier 59,0.0,0.0,0.0
SKU0216,Product 0216,Store B,0.0,0.0,Supplier 59,0.0,0.0,0.0
SKU0216,Product 0216,Store C,0.0,0.0,Supplier 59,0.0,0.0,0.0
SKU0216,Product 0216,Warehouse,0.0,0.0,Supplier 59,0.0,0.0,0.0
SKU0217,Product 0217,Store B,0.0,0.0,Supplier 59,0.0,0.0,0.0
SKU0217,Product 0217,Store C,0.0,0.0,Supplier 59,0.0,0.0,0.0
SKU0218,Product 0218,Store A,0.0,0.0,Supplier 59,0.0,0.0,0.0
SKU0218,Product 0218,Store B,0.0,0.0,Supplier 59,0.0,0.0,0.0
SKU0218,Product 0218,Store C,0.0,0.0,Supplier 59,0.0,0.0,0.0
SKU0218,Product 0218,Warehouse,0.0,0.0,Supplier 59,0.0,0.0,0.0
SKU0219,Product 0219,Store A,0.0,0.0,Supplier 59,0.0,0.0,0.0
SKU0219,Product 0219,Store B,0.0,0.0,Supplier 59,0.0,0.0,0.0
SKU0219,Product 0219,Store C,0.0,0.0,Supplier 59,0.0,0.0,0.0
SKU0219,Product 0219,Warehouse,0.0,0.0,Supplier 59,0.0,0.0,0.0
SKU0220,Product 0220,Store A,0.0,0.0,Supplier 59,0.0,0.0,0.0
SKU0220,Product 0220,Store B,0.0,0.0,Supplier 59,0.0,0.0,0.0
SKU0220,Product 0220,Store C,0.0,0.0,Supplier 59,0.0,0.0,0.0
SKU0220,Product 0220,Warehouse,0.0,0.0,Supplier 59,0.0,0.0,0.0
SKU0221,Product 0221,Store A,0.0,0.0,Supplier 59,0.0,0.0,0.0
SKU0221,Product 0221,Store B,0.0,0.0,Supplier 59,0.0,0.0,0.0
SKU0221,Product 0221,Store C,0.0,0.0,Supplier 59,0.0,0.0,0.0
SKU0221,Product 0221,Warehouse,0.0,0.0,Supplier 59,0.0,0.0,0.0
SKU0222,Product 0222,Store A,0.0,0.0,Supplier 59,0.0,0.0,0.0
SKU0222,Product 0222,Store B,0.0,0.0,Supplier 59,0.0,0.0,0.0
SKU0222,Product 0222,Store C,0.0,0.0,Supplier 59,0.0,0.0,0.0
SKU0222,Product 0222,Warehouse,0.0,0.0,Supplier 59,0.0,0.0,0.0
SKU0223,Product 0223,Store A,0.0,0.0,Supplier 59,0.0,0.0,0.0
SKU0223,Product 0223,Store B,0.0,0.0,Supplier 59,0.0,0.0,0.0
SKU0223,Product 0223,Store C,0.0,0.0,Supplier 59,0.0,0.0,0.0
SKU0223,Product 0223,Warehouse,0.0,0.0,Supplier 59,0.0,0.0,0.0
SKU0224,Product 0224,Store A,0.0,0.0,Supplier 59,0.0,0.0,0.0
SKU0224,Product 0224,Store B,0.0,0.0,Supplier 59,0.0,0.0,0.0
SKU0224,Product 0224,Store C,0.0,0.0,Supplier 59,0.0,0.0,0.0
SKU0224,Product 0224,Warehouse,0.0,0.0,Supplier 59,0.0,0.0,0.0
SKU0225,Product 0225,Store A,0.0,0.0,Supplier 59,0.0,0.0,0.0
SKU0225,Product 0225,Store B,0.0,0.0,Supplier 59,0.0,0.0,0.0
SKU0225,Product 0225,Store C,0.0,0.0,Supplier 59,0.0,0.0,0.0
SKU0225,Product 0225,Warehouse,0.0,0.0,Supplier 59,0.0,0.0,0.0
SKU0226,Product 0226,Store C,0.0,0.0,Supplier 17,0.0,0.0,0.0
SKU0226,Product 0226,Warehouse,0.0,0.0,Supplier 17,0.0,0.0,0.0
SKU0227,Product 0227,Store B,0.0,0.0,Supplier 59,0.0,0.0,0.0
SKU0227,Product 0227,Store C,0.0,0.0,Supplier 59,0.0,0.0,0.0
SKU0227,Product 0227,Warehouse,0.0,0.0,Supplier 59,0.0,0.0,0.0
SKU0228,Product 0228,Warehouse,792.0,0.0857,Multiple suppliers,0.0,0.0,0.0
SKU0229,Product 0229,Store A,0.0,0.0,Supplier 59,0.0,0.0,0.0
SKU0229,Product 0229,Store B,0.0,0.0,Supplier 59,0.0,0.0,0.0
SKU0229,Product 0229,Store C,0.0,0.0,Supplier 59,0.0,0.0,0.0
SKU0229,Product 0229,Warehouse,0.0,0.0,Supplier 59,0.0,0.0,0.0
SKU0230,Product 0230,Store B,0.0,0.0,Supplier 59,0.0,0.0,0.0
SKU0230,Product 0230,Store C,0.0,0.0,Supplier 59,0.0,0.0,0.0
SKU0230,Product 0230,Warehouse,0.0,0.0,Supplier 59,0.0,0.0,0.0
SKU0231,Product 0231,Store B,0.0,0.0,Supplier 59,0.0,0.0,0.0
SKU0231,Product 0231,Store C,0.0,0.0,Supplier 59,0.0,0.0,0.0
SKU0231,Product 0231,Warehouse,0.0,0.0,Supplier 59,0.0,0.0,0.0
SKU0232,Product 0232,Warehouse,50.0,0.1328,Supplier 02,0.0,0.0,0.0
SKU0233,Product 0233,Store A,0.0,0.0,Supplier 59,0.0,0.0,0.0
SKU0233,Product 0233,Store B,0.0,0.0,Supplier 59,0.0,0.0,0.0
SKU0233,Product 0233,Store C,0.0,0.0,Supplier 59,0.0,0.0,0.0
SKU0233,Product 0233,Warehouse,0.0,0.0,Supplier 59,0.0,0.0,0.0
SKU0234,Product 0234,Store A,0.0,0.0,Supplier 59,0.0,0.0,0.0
SKU0234,Product 0234,Store B,0.0,0.0,Supplier 59,0.0,0.0,0.0
SKU0234,Product 0234,Store C,0.0,0.0,Supplier 59,0.0,0.0,0.0
SKU0234,Product 0234,Warehouse,0.0,0.0,Supplier 59,0.0,0.0,0.0
SKU0235,Product 0235,Store A,0.0,0.0,Supplier 59,0.0,0.0,0.0
SKU0235,Product 0235,Store B,0.0,0.0,Supplier 59,0.0,0.0,0.0
SKU0235,Product 0235,Store C,0.0,0.0,Supplier 59,0.0,0.0,0.0
SKU0235,Product 0235,Warehouse,0.0,0.0,Supplier 59,0.0,0.0,0.0
SKU0236,Product 0236,Store A,0.0,0.0,Supplier 59,0.0,0.0,0.0
SKU0236,Product 0236,Store B,0.0,0.0,Supplier 59,0.0,0.0,0.0
SKU0236,Product 0236,Store C,0.0,0.0,Supplier 59,0.0,0.0,0.0
SKU0236,Product 0236,Warehouse,0.0,0.0,Supplier 59,0.0,0.0,0.0
SKU0237,Product 0237,Store A,0.0,0.0,Supplier 59,0.0,0.0,0.0
SKU0237,Product 0237,Store B,0.0,0.0,Supplier 59,0.0,0.0,0.0
SKU0237,Product 0237,Store C,0.0,0.0,Supplier 59,0.0,0.0,0.0
SKU0237,Product 0237,Warehouse,0.0,0.0,Supplier 59,0.0,0.0,0.0
SKU0238,Product 0238,Store A,0.0,0.0,Supplier 59,0.0,0.0,0.0
SKU0238,Product 0238,Store B,0.0,0.0,Supplier 59,0.0,0.0,0.0
SKU0238,Product 0238,Store C,0.0,0.0,Supplier 59,0.0,0.0,0.0
SKU0238,Product 0238,Warehouse,0.0,0.0,Supplier 59,0.0,0.0,0.0
SKU0239,Product 0239,Store A,0.0,0.0,Supplier 59,0.0,0.0,0.0
SKU0239,Product 0239,Store B,0.0,0.0,Supplier 59,0.0,0.0,0.0
SKU0239,Product 0239,Store C,0.0,0.0,Supplier 59,0.0,0.0,0.0
SKU0239,Product 0239,Warehouse,0.0,0.0,Supplier 59,0.0,0.0,0.0
SKU0240,Product 0240,Store A,0.0,0.0,Supplier 59,0.0,0.0,0.0
SKU0240,Product 0240,Store B,0.0,0.0,Supplier 59,0.0,0.0,0.0
SKU0240,Product 0240,Store C,0.0,0.0,Supplier 59,0.0,0.0,0.0
SKU0240,Product 0240,Warehouse,0.0,0.0,Supplier 59,0.0,0.0,0.0
SKU0241,Product 0241,Store A,0.0,0.0,Supplier 59,0.0,0.0,0.0
SKU0241,Product 0241,Store B,0.0,0.0,Supplier 59,0.0,0.0,0.0
SKU0241,Product 0241,Store C,0.0,0.0,Supplier 59,0.0,0.0,0.0
SKU0241,Product 0241,Warehouse,0.0,0.0,Supplier 59,0.0,0.0,0.0
SKU0242,Product 0242,Store A,0.0,0.0,Supplier 59,0.0,0.0,0.0
SKU0242,Product 0242,Store B,0.0,0.0,Supplier 59,0.0,0.0,0.0
SKU0242,Product 0242,Store C,0.0,0.0,Supplier 59,0.0,0.0,0.0
SKU0242,Product 0242,Warehouse,0.0,0.0,Supplier 59,0.0,0.0,0.0
SKU0243,Product 0243,Store A,0.0,0.0,Supplier 59,0.0,0.0,0.0
SKU0243,Product 0243,Store B,0.0,0.0,Supplier 59,0.0,0.0,0.0
SKU0243,Product 0243,Store C,0.0,0.0,Supplier 59,0.0,0.0,0.0
SKU0243,Product 0243,Warehouse,0.0,0.0,Supplier 59,0.0,0.0,0.0
SKU0244,Product 0244,Store B,0.0,0.0,Supplier 59,0.0,0.0,0.0
SKU0244,Product 0244,Store C,0.0,0.0,Supplier 59,0.0,0.0,0.0
SKU0244,Product 0244,Warehouse,0.0,0.0,Supplier 59,0.0,0.0,0.0
SKU0245,Product 0245,Store B,0.0,0.0,Supplier 59,0.0,0.0,0.0
SKU0245,Product 0245,Store C,0.0,0.0,Supplier 59,0.0,0.0,0.0
SKU0245,Product 0245,Warehouse,0.0,0.0,Supplier 59,0.0,0.0,0.0
SKU0246,Product 0246,Store B,0.0,0.0,Supplier 59,0.0,0.0,0.0
SKU0246,Product 0246,Store C,0.0,0.0,Supplier 59,0.0,0.0,0.0
SKU0246,Product 0246,Warehouse,0.0,0.0,Supplier 59,0.0,0.0,0.0
SKU0247,Product 0247,Warehouse,0.0,0.0,Multiple suppliers,0.0,0.0,0.0
SKU0248,Product 0248,Warehouse,0.0,0.679,Multiple suppliers,0.0,0.0,0.0
SKU0249,Product 0249,Store A,0.0,0.0,Supplier 59,0.0,0.0,0.0
SKU0249,Product 0249,Store B,0.0,0.0,Supplier 59,0.0,0.0,0.0
SKU0249,Product 0249,Store C,0.0,0.0,Supplier 59,0.0,0.0,0.0
SKU0249,Product 0249,Warehouse,0.0,0.0,Supplier 59,0.0,0.0,0.0
SKU0250,Product 0250,Store B,0.0,0.0,Supplier 59,0.0,0.0,0.0
SKU0250,Product 0250,Store C,0.0,0.0,Supplier 59,0.0,0.0,0.0
SKU0250,Product 0250,Warehouse,0.0,0.0,Supplier 59,0.0,0.0,0.0
SKU0251,Product 0251,Store C,0.0,0.0,Supplier 59,0.0,0.0,0.0
SKU0251,Product 0251,Warehouse,0.0,0.0,Supplier 59,0.0,0.0,0.0
SKU0252,Product 0252,Store A,0.0,0.0,Supplier 59,0.0,0.0,0.0
SKU0252,Product 0252,Store B,0.0,0.0,Supplier 59,0.0,0.0,0.0
SKU0252,Product 0252,Store C,0.0,0.0,Supplier 59,0.0,0.0,0.0
SKU0252,Product 0252,Warehouse,0.0,0.0,Supplier 59,0.0,0.0,0.0
SKU0253,Product 0253,Store A,0.0,0.0,Supplier 59,0.0,0.0,0.0
SKU0253,Product 0253,Store B,0.0,0.0,Supplier 59,0.0,0.0,0.0
SKU0253,Product 0253,Store C,0.0,0.0,Supplier 59,0.0,0.0,0.0
SKU0253,Product 0253,Warehouse,0.0,0.0,Supplier 59,0.0,0.0,0.0
SKU0254,Product 0254,Store A,0.0,0.0,Supplier 59,0.0,0.0,0.0
SKU0254,Product 0254,Store B,0.0,0.0,Supplier 59,0.0,0.0,0.0
SKU0254,Product 0254,Store C,0.0,0.0,Supplier 59,0.0,0.0,0.0
SKU0254,Product 0254,Warehouse,0.0,0.0,Supplier 59,0.0,0.0,0.0
SKU0255,Product 0255,Store C,0.0,0.0,Supplier 59,0.0,0.0,0.0
SKU0256,Product 0256,Warehouse,0.0,0.0,Supplier 59,0.0,0.0,0.0
SKU0257,Product 0257,Store B,0.0,0.0,Supplier 59,0.0,0.0,0.0
SKU0257,Product 0257,Warehouse,0.0,0.0,Supplier 59,0.0,0.0,0.0
SKU0258,Product 0258,Store A,0.0,0.0,Supplier 59,0.0,0.0,0.0
SKU0258,Product 0258,Store B,0.0,0.0,Supplier 59,0.0,0.0,0.0
SKU0258,Product 0258,Store C,0.0,0.0,Supplier 59,0.0,0.0,0.0
SKU0258,Product 0258,Warehouse,0.0,0.0,Supplier 59,0.0,0.0,0.0
SKU0259,Product 0259,Store A,0.0,0.0,Supplier 59,0.0,0.0,0.0
SKU0259,Product 0259,Store B,0.0,0.0,Supplier 59,0.0,0.0,0.0
SKU0259,Product 0259,Store C,0.0,0.0,Supplier 59,0.0,0.0,0.0
SKU0259,Product 0259,Warehouse,0.0,0.0,Supplier 59,0.0,0.0,0.0
SKU0260,Product 0260,Warehouse,0.0,0.7171,Supplier 02,0.0,0.0,0.0
SKU0261,Product 0261,Store A,0.0,0.0,Supplier 59,0.0,0.0,0.0
SKU0261,Product 0261,Store B,0.0,0.0,Supplier 59,0.0,0.0,0.0
SKU0261,Product 0261,Store C,0.0,0.0,Supplier 59,0.0,0.0,0.0
SKU0261,Product 0261,Warehouse,0.0,0.0,Supplier 59,0.0,0.0,0.0
SKU0262,Product 0262,Store A,0.0,0.0,Supplier 59,0.0,0.0,0.0
SKU0262,Product 0262,Store B,0.0,0.0,Supplier 59,0.0,0.0,0.0
SKU0262,Product 0262,Store C,0.0,0.0,Supplier 59,0.0,0.0,0.0
SKU0262,Product 0262,Warehouse,0.0,0.0,Supplier 59,0.0,0.0,0.0
SKU0263,Product 0263,Store A,0.0,0.0,Supplier 59,0.0,0.0,0.0
SKU0263,Product 0263,Store B,0.0,0.0,Supplier 59,0.0,0.0,0.0
SKU0263,Product 0263,Store C,0.0,0.0,Supplier 59,0.0,0.0,0.0
SKU0263,Product 0263,Warehouse,0.0,0.0,Supplier 59,0.0,0.0,0.0
SKU0264,Product 0264,Store A,0.0,0.0,Supplier 59,0.0,0.0,0.0
SKU0264,Product 0264,Store B,0.0,0.0,Supplier 59,0.0,0.0,0.0
SKU0264,Product 0264,Store C,0.0,0.0,Supplier 59,0.0,0.0,0.0
SKU0264,Product 0264,Warehouse,0.0,0.0,Supplier 59,0.0,0.0,0.0
SKU0265,Product 0265,Store A,0.0,0.0,Supplier 59,0.0,0.0,0.0
SKU0265,Product 0265,Store B,0.0,0.0,Supplier 59,0.0,0.0,0.0
SKU0265,Product 0265,Store C,0.0,0.0,Supplier 59,0.0,0.0,0.0
SKU0265,Product 0265,Warehouse,0.0,0.0,Supplier 59,0.0,0.0,0.0
SKU0266,Product 0266,Store A,0.0,0.0,Supplier 59,0.0,0.0,0.0
SKU0266,Product 0266,Store B,0.0,0.0,Supplier 59,0.0,0.0,0.0
SKU0266,Product 0266,Store C,0.0,0.0,Supplier 59,0.0,0.0,0.0
SKU0266,Product 0266,Warehouse,0.0,0.0,Supplier 59,0.0,0.0,0.0
SKU0267,Product 0267,Store A,0.0,0.0,Multiple suppliers,0.0,0.0,0.0
SKU0267,Product 0267,Store B,0.0,0.0,Multiple suppliers,0.0,0.0,0.0
SKU0267,Product 0267,Store C,0.0,0.0,Multiple suppliers,0.0,0.0,0.0
SKU0267,Product 0267,Warehouse,0.0,0.0,Multiple suppliers,0.0,0.0,0.0
SKU0268,Product 0268,Store A,0.0,0.0,Multiple suppliers,0.0,0.0,0.0
SKU0268,Product 0268,Store B,0.0,0.0,Multiple suppliers,0.0,0.0,0.0
SKU0268,Product 0268,Store C,0.0,0.0,Multiple suppliers,0.0,0.0,0.0
SKU0268,Product 0268,Warehouse,0.0,0.0,Multiple suppliers,0.0,0.0,0.0
SKU0269,Product 0269,Store A,0.0,0.0,Supplier 59,0.0,0.0,0.0
SKU0269,Product 0269,Store B,0.0,0.0,Supplier 59,0.0,0.0,0.0
SKU0269,Product 0269,Store C,0.0,0.0,Supplier 59,0.0,0.0,0.0
SKU0269,Product 0269,Warehouse,0.0,0.0,Supplier 59,0.0,0.0,0.0
SKU0270,Product 0270,Store A,0.0,0.0,Supplier 59,0.0,0.0,0.0
SKU0270,Product 0270,Store B,0.0,0.0,Supplier 59,0.0,0.0,0.0
SKU0270,Product 0270,Store C,0.0,0.0,Supplier 59,0.0,0.0,0.0
SKU0270,Product 0270,Warehouse,0.0,0.0,Supplier 59,0.0,0.0,0.0
SKU0271,Product 0271,Store B,0.0,0.0,Supplier 59,0.0,0.0,0.0
SKU0271,Product 0271,Store C,0.0,0.0,Supplier 59,0.0,0.0,0.0
SKU0271,Product 0271,Warehouse,0.0,0.0,Supplier 59,0.0,0.0,0.0
SKU0272,Product 0272,Store A,0.0,0.0,Supplier 59,0.0,0.0,0.0
SKU0272,Product 0272,Store B,0.0,0.0,Supplier 59,0.0,0.0,0.0
SKU0272,Product 0272,Store C,0.0,0.0,Supplier 59,0.0,0.0,0.0
SKU0272,Product 0272,Warehouse,0.0,0.0,Supplier 59,0.0,0.0,0.0
SKU0273,Product 0273,Store A,0.0,0.0,Supplier 59,0.0,0.0,0.0
SKU0273,Product 0273,Store B,0.0,0.0,Supplier 59,0.0,0.0,0.0
SKU0273,Product 0273,Store C,0.0,0.0,Supplier 59,0.0,0.0,0.0
SKU0273,Product 0273,Warehouse,0.0,0.0,Supplier 59,0.0,0.0,0.0
SKU0274,Product 0274,Store B,0.0,0.0,Supplier 59,0.0,0.0,0.0
SKU0274,Product 0274,Store C,0.0,0.0,Supplier 59,0.0,0.0,0.0
SKU0274,Product 0274,Warehouse,0.0,0.0,Supplier 59,0.0,0.0,0.0
SKU0275,Product 0275,Store A,0.0,0.0,Supplier 59,0.0,0.0,0.0
SKU0275,Product 0275,Store B,0.0,0.0,Supplier 59,0.0,0.0,0.0
SKU0275,Product 0275,Store C,0.0,0.0,Supplier 59,0.0,0.0,0.0
SKU0275,Product 0275,Warehouse,0.0,0.0,Supplier 59,0.0,0.0,0.0
SKU0276,Product 0276,Store B,0.0,0.0,Supplier 59,0.0,0.0,0.0
SKU0276,Product 0276,Store C,0.0,0.0,Supplier 59,0.0,0.0,0.0
SKU0276,Product 0276,Warehouse,0.0,0.0,Supplier 59,0.0,0.0,0.0
SKU0277,Product 0277,Store A,0.0,0.0,Supplier 59,0.0,0.0,0.0
SKU0277,Product 0277,Store B,0.0,0.0,Supplier 59,0.0,0.0,0.0
SKU0277,Product 0277,Store C,0.0,0.0,Supplier 59,0.0,0.0,0.0
SKU0277,Product 0277,Warehouse,0.0,0.0,Supplier 59,0.0,0.0,0.0
SKU0278,Product 0278,Store A,0.0,0.0,Multiple suppliers,0.0,0.0,0.0
SKU0278,Product 0278,Store B,0.0,0.0,Multiple suppliers,0.0,0.0,0.0
SKU0278,Product 0278,Store C,0.0,0.0,Multiple suppliers,0.0,0.0,0.0
SKU0278,Product 0278,Warehouse,0.0,0.0,Multiple suppliers,0.0,0.0,0.0
SKU0279,Product 0279,Store A,0.0,0.0,Supplier 59,0.0,0.0,0.0
SKU0279,Product 0279,Store B,0.0,0.0,Supplier 59,0.0,0.0,0.0
SKU0279,Product 0279,Store C,0.0,0.0,Supplier 59,0.0,0.0,0.0
SKU0279,Product 0279,Warehouse,0.0,0.0,Supplier 59,0.0,0.0,0.0
SKU0280,Product 0280,Store A,0.0,0.0,Supplier 59,0.0,0.0,0.0
SKU0280,Product 0280,Store B,0.0,0.0,Supplier 59,0.0,0.0,0.0
SKU0280,Product 0280,Store C,0.0,0.0,Supplier 59,0.0,0.0,0.0
SKU0280,Product 0280,Warehouse,0.0,0.0,Supplier 59,0.0,0.0,0.0
SKU0281,Product 0281,Store A,0.0,0.0,Supplier 59,0.0,0.0,0.0
SKU0281,Product 0281,Store B,0.0,0.0,Supplier 59,0.0,0.0,0.0
SKU0281,Product 0281,Store C,0.0,0.0,Supplier 59,0.0,0.0,0.0
SKU0281,Product 0281,Warehouse,0.0,0.0,Supplier 59,0.0,0.0,0.0
SKU0282,Product 0282,Store A,0.0,0.0,Supplier 59,0.0,0.0,0.0
SKU0282,Product 0282,Store B,0.0,0.0,Supplier 59,0.0,0.0,0.0
SKU0282,Product 0282,Store C,0.0,0.0,Supplier 59,0.0,0.0,0.0
SKU0282,Product 0282,Warehouse,0.0,0.0,Supplier 59,0.0,0.0,0.0
SKU0283,Product 0283,Store A,0.0,0.0,Supplier 59,0.0,0.0,0.0
SKU0283,Product 0283,Store B,0.0,0.0,Supplier 59,0.0,0.0,0.0
SKU0283,Product 0283,Store C,0.0,0.0,Supplier 59,0.0,0.0,0.0
SKU0283,Product 0283,Warehouse,0.0,0.0,Supplier 59,0.0,0.0,0.0
SKU0284,Product 0284,Store A,0.0,0.0,Supplier 59,0.0,0.0,0.0
SKU0284,Product 0284,Store B,0.0,0.0,Supplier 59,0.0,0.0,0.0
SKU0284,Product 0284,Store C,0.0,0.0,Supplier 59,0.0,0.0,0.0
SKU0284,Product 0284,Warehouse,0.0,0.0,Supplier 59,0.0,0.0,0.0
SKU0285,Product 0285,Store A,0.0,0.0,Supplier 59,0.0,0.0,0.0
SKU0285,Product 0285,Store B,0.0,0.0,Supplier 59,0.0,0.0,0.0
SKU0285,Product 0285,Store C,0.0,0.0,Supplier 59,0.0,0.0,0.0
SKU0285,Product 0285,Warehouse,0.0,0.0,Supplier 59,0.0,0.0,0.0
SKU0286,Product 0286,Store A,0.0,0.0,Supplier 59,0.0,0.0,0.0
SKU0286,Product 0286,Store B,0.0,0.0,Supplier 59,0.0,0.0,0.0
SKU0286,Product 0286,Store C,0.0,0.0,Supplier 59,0.0,0.0,0.0
SKU0286,Product 0286,Warehouse,0.0,0.0,Supplier 59,0.0,0.0,0.0
SKU0287,Product 0287,Store A,0.0,0.0,Supplier 59,0.0,0.0,0.0
SKU0287,Product 0287,Store B,0.0,0.0,Supplier 59,0.0,0.0,0.0
SKU0287,Product 0287,Store C,0.0,0.0,Supplier 59,0.0,0.0,0.0
SKU0287,Product 0287,Warehouse,0.0,0.0,Supplier 59,0.0,0.0,0.0
SKU0288,Product 0288,Store B,0.0,0.0,Supplier 59,0.0,0.0,0.0
SKU0288,Product 0288,Store C,0.0,0.0,Supplier 59,0.0,0.0,0.0
SKU0288,Product 0288,Warehouse,0.0,0.0,Supplier 59,0.0,0.0,0.0
SKU0289,Product 0289,Store A,0.0,0.0,Supplier 66,0.0,0.0,0.0
SKU0289,Product 0289,Store B,0.0,0.0,Supplier 66,0.0,0.0,0.0
SKU0289,Product 0289,Store C,0.0,0.0,Supplier 66,0.0,0.0,0.0
SKU0289,Product 0289,Warehouse,0.0,0.0,Supplier 66,0.0,0.0,0.0
SKU0290,Product 0290,Store A,0.0,0.0,Supplier 66,0.0,0.0,0.0
SKU0290,Product 0290,Store B,0.0,0.0,Supplier 66,0.0,0.0,0.0
SKU0290,Product 0290,Store C,0.0,0.0,Supplier 66,0.0,0.0,0.0
SKU0290,Product 0290,Warehouse,0.0,0.0,Supplier 66,0.0,0.0,0.0
SKU0291,Product 0291,Store A,0.0,0.0,Supplier 66,0.0,0.0,0.0
SKU0291,Product 0291,Store B,0.0,0.0,Supplier 66,0.0,0.0,0.0
SKU0291,Product 0291,Store C,0.0,0.0,Supplier 66,0.0,0.0,0.0
SKU0291,Product 0291,Warehouse,0.0,0.0,Supplier 66,0.0,0.0,0.0
SKU0292,Product 0292,Store A,0.0,0.0,Supplier 66,0.0,0.0,0.0
SKU0292,Product 0292,Store B,0.0,0.0,Supplier 66,0.0,0.0,0.0
SKU0292,Product 0292,Store C,0.0,0.0,Supplier 66,0.0,0.0,0.0
SKU0292,Product 0292,Warehouse,0.0,0.0,Supplier 66,0.0,0.0,0.0
SKU0293,Product 0293,Store A,0.0,0.0,Supplier 66,0.0,0.0,0.0
SKU0293,Product 0293,Store B,0.0,0.0,Supplier 66,0.0,0.0,0.0
SKU0293,Product 0293,Store C,0.0,0.0,Supplier 66,0.0,0.0,0.0
SKU0293,Product 0293,Warehouse,0.0,0.0,Supplier 66,0.0,0.0,0.0
SKU0294,Product 0294,Store A,0.0,0.0,Supplier 66,0.0,0.0,0.0
SKU0294,Product 0294,Store B,0.0,0.0,Supplier 66,0.0,0.0,0.0
SKU0294,Product 0294,Store C,0.0,0.0,Supplier 66,0.0,0.0,0.0
SKU0294,Product 0294,Warehouse,0.0,0.0,Supplier 66,0.0,0.0,0.0
SKU0295,Product 0295,Store A,0.0,0.0,Supplier 66,0.0,0.0,0.0
SKU0295,Product 0295,Store B,0.0,0.0,Supplier 66,0.0,0.0,0.0
SKU0295,Product 0295,Store C,0.0,0.0,Supplier 66,0.0,0.0,0.0
SKU0295,Product 0295,Warehouse,0.0,0.0,Supplier 66,0.0,0.0,0.0
SKU0296,Product 0296,Store A,0.0,0.0,Supplier 59,0.0,0.0,0.0
SKU0296,Product 0296,Store B,0.0,0.0,Supplier 59,0.0,0.0,0.0
SKU0296,Product 0296,Store C,0.0,0.0,Supplier 59,0.0,0.0,0.0
SKU0296,Product 0296,Warehouse,0.0,0.0,Supplier 59,0.0,0.0,0.0
SKU0297,Product 0297,Store B,0.0,0.0,Supplier 59,0.0,0.0,0.0
SKU0297,Product 0297,Warehouse,0.0,0.0,Supplier 59,0.0,0.0,0.0
SKU0298,Product 0298,Store C,0.0,0.0,Supplier 59,0.0,0.0,0.0
SKU0298,Product 0298,Warehouse,0.0,0.0,Supplier 59,0.0,0.0,0.0
SKU0299,Product 0299,Store B,0.0,0.0,Supplier 59,0.0,0.0,0.0
SKU0299,Product 0299,Store C,0.0,0.0,Supplier 59,0.0,0.0,0.0
SKU0299,Product 0299,Warehouse,0.0,0.0,Supplier 59,0.0,0.0,0.0
SKU0300,Product 0300,Store B,0.0,0.0,Supplier 59,0.0,0.0,0.0
SKU0300,Product 0300,Store C,0.0,0.0,Supplier 59,0.0,0.0,0.0
SKU0300,Product 0300,Warehouse,0.0,0.0,Supplier 59,0.0,0.0,0.0
SKU0301,Product 0301,Warehouse,0.0,0.0,Supplier 59,0.0,0.0,0.0
SKU0302,Product 0302,Store B,0.0,0.0,Supplier 59,0.0,0.0,0.0
SKU0302,Product 0302,Store C,0.0,0.0,Supplier 59,0.0,0.0,0.0
SKU0302,Product 0302,Warehouse,0.0,0.0,Supplier 59,0.0,0.0,0.0
SKU0303,Product 0303,Store B,0.0,0.0,Supplier 59,0.0,0.0,0.0
SKU0303,Product 0303,Store C,0.0,0.0,Supplier 59,0.0,0.0,0.0
SKU0303,Product 0303,Warehouse,0.0,0.0,Supplier 59,0.0,0.0,0.0
SKU0304,Product 0304,Store C,0.0,0.0,Supplier 21,0.0,0.0,0.0
SKU0305,Product 0305,Store A,0.0,0.0,Supplier 59,0.0,0.0,0.0
SKU0305,Product 0305,Store B,0.0,0.0,Supplier 59,0.0,0.0,0.0
SKU0305,Product 0305,Store C,0.0,0.0,Supplier 59,0.0,0.0,0.0
SKU0305,Product 0305,Warehouse,0.0,0.0,Supplier 59,0.0,0.0,0.0
SKU0306,Product 0306,Store B,0.0,0.0,Supplier 59,0.0,0.0,0.0
SKU0306,Product 0306,Store C,0.0,0.0,Supplier 59,0.0,0.0,0.0
SKU0306,Product 0306,Warehouse,0.0,0.0,Supplier 59,0.0,0.0,0.0
SKU0307,Product 0307,Store A,0.0,0.0,Supplier 59,0.0,0.0,0.0
SKU0307,Product 0307,Store B,0.0,0.0,Supplier 59,0.0,0.0,0.0
SKU0307,Product 0307,Store C,0.0,0.0,Supplier 59,0.0,0.0,0.0
SKU0307,Product 0307,Warehouse,0.0,0.0,Supplier 59,0.0,0.0,0.0
SKU0308,Product 0308,Store A,0.0,0.0,Supplier 59,0.0,0.0,0.0
SKU0308,Product 0308,Store B,0.0,0.0,Supplier 59,0.0,0.0,0.0
SKU0308,Product 0308,Store C,0.0,0.0,Supplier 59,0.0,0.0,0.0
SKU0308,Product 0308,Warehouse,0.0,0.0,Supplier 59,0.0,0.0,0.0
SKU0309,Product 0309,Store A,0.0,0.0,Supplier 59,0.0,0.0,0.0
SKU0309,Product 0309,Store B,0.0,0.0,Supplier 59,0.0,0.0,0.0
SKU0309,Product 0309,Store C,0.0,0.0,Supplier 59,0.0,0.0,0.0
SKU0309,Product 0309,Warehouse,0.0,0.0,Supplier 59,0.0,0.0,0.0
SKU0310,Product 0310,Store A,0.0,0.0,Supplier 59,0.0,0.0,0.0
SKU0310,Product 0310,Store B,0.0,0.0,Supplier 59,0.0,0.0,0.0
SKU0310,Product 0310,Store C,0.0,0.0,Supplier 59,0.0,0.0,0.0
SKU0310,Product 0310,Warehouse,0.0,0.0,Supplier 59,0.0,0.0,0.0
SKU0311,Product 0311,Store A,0.0,0.0,Supplier 59,0.0,0.0,0.0
SKU0311,Product 0311,Store B,0.0,0.0,Supplier 59,0.0,0.0,0.0
SKU0311,Product 0311,Store C,0.0,0.0,Supplier 59,0.0,0.0,0.0
SKU0311,Product 0311,Warehouse,0.0,0.0,Supplier 59,0.0,0.0,0.0
SKU0312,Product 0312,Store A,0.0,0.0,Supplier 59,0.0,0.0,0.0
SKU0312,Product 0312,Store B,0.0,0.0,Supplier 59,0.0,0.0,0.0
SKU0312,Product 0312,Store C,0.0,0.0,Supplier 59,0.0,0.0,0.0
SKU0312,Product 0312,Warehouse,0.0,0.0,Supplier 59,0.0,0.0,0.0
SKU0313,Product 0313,Store A,0.0,0.0,Supplier 59,0.0,0.0,0.0
SKU0313,Product 0313,Store B,0.0,0.0,Supplier 59,0.0,0.0,0.0
SKU0313,Product 0313,Store C,0.0,0.0,Supplier 59,0.0,0.0,0.0
SKU0313,Product 0313,Warehouse,0.0,0.0,Supplier 59,0.0,0.0,0.0
SKU0314,Product 0314,Store A,0.0,0.0,Supplier 59,0.0,0.0,0.0
SKU0314,Product 0314,Store B,0.0,0.0,Supplier 59,0.0,0.0,0.0
SKU0314,Product 0314,Store C,0.0,0.0,Supplier 59,0.0,0.0,0.0
SKU0314,Product 0314,Warehouse,0.0,0.0,Supplier 59,0.0,0.0,0.0
SKU0315,Product 0315,Store A,0.0,0.0,Multiple suppliers,0.0,0.0,0.0
SKU0315,Product 0315,Store B,0.0,0.0,Multiple suppliers,0.0,0.0,0.0
SKU0315,Product 0315,Store C,0.0,0.0,Multiple suppliers,0.0,0.0,0.0
SKU0315,Product 0315,Warehouse,0.0,0.0,Multiple suppliers,0.0,0.0,0.0
SKU0316,Product 0316,Store B,0.0,0.0,Supplier 59,0.0,0.0,0.0
SKU0316,Product 0316,Store C,0.0,0.0,Supplier 59,0.0,0.0,0.0
SKU0316,Product 0316,Warehouse,0.0,0.0,Supplier 59,0.0,0.0,0.0
SKU0317,Product 0317,Store A,0.0,0.0,Supplier 33,0.0,0.0,0.0
SKU0317,Product 0317,Store B,0.0,0.0,Supplier 33,0.0,0.0,0.0
SKU0317,Product 0317,Store C,0.0,0.0,Supplier 33,0.0,0.0,0.0
SKU0317,Product 0317,Warehouse,0.0,0.0,Supplier 33,0.0,0.0,0.0
SKU0318,Product 0318,Store A,0.0,0.0,Supplier 33,0.0,0.0,0.0
SKU0318,Product 0318,Store B,0.0,0.0,Supplier 33,0.0,0.0,0.0
SKU0318,Product 0318,Store C,0.0,0.0,Supplier 33,0.0,0.0,0.0
SKU0318,Product 0318,Warehouse,0.0,0.0,Supplier 33,0.0,0.0,0.0
SKU0319,Product 0319,Store A,0.0,0.0,Supplier 33,0.0,0.0,0.0
SKU0319,Product 0319,Store B,0.0,0.0,Supplier 33,0.0,0.0,0.0
SKU0319,Product 0319,Store C,0.0,0.0,Supplier 33,0.0,0.0,0.0
SKU0319,Product 0319,Warehouse,0.0,0.0,Supplier 33,0.0,0.0,0.0
SKU0320,Product 0320,Store A,0.0,0.0,Supplier 33,0.0,0.0,0.0
SKU0320,Product 0320,Store B,0.0,0.0,Supplier 33,0.0,0.0,0.0
SKU0320,Product 0320,Store C,0.0,0.0,Supplier 33,0.0,0.0,0.0
SKU0320,Product 0320,Warehouse,0.0,0.0,Supplier 33,0.0,0.0,0.0
SKU0321,Product 0321,Store A,0.0,0.0,Supplier 33,0.0,0.0,0.0
SKU0321,Product 0321,Store B,0.0,0.0,Supplier 33,0.0,0.0,0.0
SKU0321,Product 0321,Store C,0.0,0.0,Supplier 33,0.0,0.0,0.0
SKU0321,Product 0321,Warehouse,0.0,0.0,Supplier 33,0.0,0.0,0.0
SKU0322,Product 0322,Store A,0.0,0.0,Supplier 33,0.0,0.0,0.0
SKU0322,Product 0322,Store B,0.0,0.0,Supplier 33,0.0,0.0,0.0
SKU0322,Product 0322,Store C,0.0,0.0,Supplier 33,0.0,0.0,0.0
SKU0322,Product 0322,Warehouse,0.0,0.0,Supplier 33,0.0,0.0,0.0
SKU0323,Product 0323,Store C,0.0,0.0,Supplier 33,0.0,0.0,0.0
SKU0323,Product 0323,Warehouse,0.0,0.0,Supplier 33,0.0,0.0,0.0
SKU0324,Product 0324,Store A,0.0,0.0,Supplier 33,0.0,0.0,0.0
SKU0324,Product 0324,Store B,0.0,0.0,Supplier 33,0.0,0.0,0.0
SKU0324,Product 0324,Warehouse,0.0,0.0,Supplier 33,0.0,0.0,0.0
SKU0325,Product 0325,Store A,0.0,0.0,Supplier 33,0.0,0.0,0.0
SKU0325,Product 0325,Store B,0.0,0.0,Supplier 33,0.0,0.0,0.0
SKU0325,Product 0325,Store C,0.0,0.0,Supplier 33,0.0,0.0,0.0
SKU0325,Product 0325,Warehouse,0.0,0.0,Supplier 33,0.0,0.0,0.0
SKU0326,Product 0326,Store A,0.0,0.0,Supplier 33,0.0,0.0,0.0
SKU0326,Product 0326,Store B,0.0,0.0,Supplier 33,0.0,0.0,0.0
SKU0326,Product 0326,Store C,0.0,0.0,Supplier 33,0.0,0.0,0.0
SKU0326,Product 0326,Warehouse,0.0,0.0,Supplier 33,0.0,0.0,0.0
SKU0327,Product 0327,Store B,0.0,0.0,Supplier 59,0.0,0.0,0.0
SKU0327,Product 0327,Store C,0.0,0.0,Supplier 59,0.0,0.0,0.0
SKU0327,Product 0327,Warehouse,0.0,0.0,Supplier 59,0.0,0.0,0.0
SKU0328,Product 0328,Store B,0.0,0.0,Supplier 59,0.0,0.0,0.0
SKU0328,Product 0328,Store C,0.0,0.0,Supplier 59,0.0,0.0,0.0
SKU0328,Product 0328,Warehouse,0.0,0.0,Supplier 59,0.0,0.0,0.0
SKU0329,Product 0329,Store C,0.0,0.0,Supplier 59,0.0,0.0,0.0
SKU0329,Product 0329,Warehouse,0.0,0.0,Supplier 59,0.0,0.0,0.0
SKU0330,Product 0330,Store C,0.0,0.0,Supplier 59,0.0,0.0,0.0
SKU0330,Product 0330,Warehouse,0.0,0.0,Supplier 59,0.0,0.0,0.0
SKU0331,Product 0331,Store C,0.0,0.0,Supplier 59,0.0,0.0,0.0
SKU0331,Product 0331,Warehouse,0.0,0.0,Supplier 59,0.0,0.0,0.0
SKU0332,Product 0332,Store A,0.0,0.0,Supplier 59,0.0,0.0,0.0
SKU0332,Product 0332,Store B,0.0,0.0,Supplier 59,0.0,0.0,0.0
SKU0332,Product 0332,Store C,0.0,0.0,Supplier 59,0.0,0.0,0.0
SKU0332,Product 0332,Warehouse,0.0,0.0,Supplier 59,0.0,0.0,0.0
SKU0333,Product 0333,Store A,0.0,0.0,Multiple suppliers,0.0,0.0,0.0
SKU0333,Product 0333,Store B,0.0,0.0,Multiple suppliers,0.0,0.0,0.0
SKU0333,Product 0333,Store C,0.0,0.0,Multiple suppliers,0.0,0.0,0.0
SKU0333,Product 0333,Warehouse,0.0,0.0,Multiple suppliers,0.0,0.0,0.0
SKU0334,Product 0334,Store A,0.0,0.0,Supplier 59,0.0,0.0,0.0
SKU0334,Product 0334,Store B,0.0,0.0,Supplier 59,0.0,0.0,0.0
SKU0334,Product 0334,Store C,0.0,0.0,Supplier 59,0.0,0.0,0.0
SKU0334,Product 0334,Warehouse,0.0,0.0,Supplier 59,0.0,0.0,0.0
SKU0335,Product 0335,Store A,0.0,0.0,Supplier 59,0.0,0.0,0.0
SKU0335,Product 0335,Store B,0.0,0.0,Supplier 59,0.0,0.0,0.0
SKU0335,Product 0335,Store C,0.0,0.0,Supplier 59,0.0,0.0,0.0
SKU0335,Product 0335,Warehouse,0.0,0.0,Supplier 59,0.0,0.0,0.0
SKU0336,Product 0336,Store A,0.0,0.0,Supplier 59,0.0,0.0,0.0
SKU0336,Product 0336,Store B,0.0,0.0,Supplier 59,0.0,0.0,0.0
SKU0336,Product 0336,Store C,0.0,0.0,Supplier 59,0.0,0.0,0.0
SKU0336,Product 0336,Warehouse,0.0,0.0,Supplier 59,0.0,0.0,0.0
SKU0337,Product 0337,Store B,0.0,0.0,Supplier 59,0.0,0.0,0.0
SKU0337,Product 0337,Store C,0.0,0.0,Supplier 59,0.0,0.0,0.0
SKU0337,Product 0337,Warehouse,0.0,0.0,Supplier 59,0.0,0.0,0.0
SKU0338,Product 0338,Store A,0.0,0.0,Supplier 59,0.0,0.0,0.0
SKU0338,Product 0338,Store B,0.0,0.0,Supplier 59,0.0,0.0,0.0
SKU0338,Product 0338,Store C,0.0,0.0,Supplier 59,0.0,0.0,0.0
SKU0338,Product 0338,Warehouse,0.0,0.0,Supplier 59,0.0,0.0,0.0
SKU0339,Product 0339,Store A,0.0,0.0,Multiple suppliers,0.0,0.0,0.0
SKU0339,Product 0339,Store B,0.0,0.0,Multiple suppliers,0.0,0.0,0.0
SKU0339,Product 0339,Store C,0.0,0.0,Multiple suppliers,0.0,0.0,0.0
SKU0339,Product 0339,Warehouse,0.0,0.0,Multiple suppliers,0.0,0.0,0.0
SKU0340,Product 0340,Store A,0.0,0.0,Supplier 59,0.0,0.0,0.0
SKU0340,Product 0340,Store B,0.0,0.0,Supplier 59,0.0,0.0,0.0
SKU0340,Product 0340,Store C,0.0,0.0,Supplier 59,0.0,0.0,0.0
SKU0340,Product 0340,Warehouse,0.0,0.0,Supplier 59,0.0,0.0,0.0
SKU0341,Product 0341,Store A,0.0,0.0,Supplier 59,0.0,0.0,0.0
SKU0341,Product 0341,Store B,0.0,0.0,Supplier 59,0.0,0.0,0.0
SKU0341,Product 0341,Store C,0.0,0.0,Supplier 59,0.0,0.0,0.0
SKU0341,Product 0341,Warehouse,0.0,0.0,Supplier 59,0.0,0.0,0.0
SKU0342,Product 0342,Warehouse,0.0,0.0,Supplier 59,0.0,0.0,0.0
SKU0343,Product 0343,Store A,0.0,0.0,Supplier 59,0.0,0.0,0.0
SKU0343,Product 0343,Store B,0.0,0.0,Supplier 59,0.0,0.0,0.0
SKU0343,Product 0343,Store C,0.0,0.0,Supplier 59,0.0,0.0,0.0
SKU0343,Product 0343,Warehouse,0.0,0.0,Supplier 59,0.0,0.0,0.0
SKU0344,Product 0344,Store A,0.0,0.0,Supplier 59,0.0,0.0,0.0
SKU0344,Product 0344,Store B,0.0,0.0,Supplier 59,0.0,0.0,0.0
SKU0344,Product 0344,Store C,0.0,0.0,Supplier 59,0.0,0.0,0.0
SKU0344,Product 0344,Warehouse,0.0,0.0,Supplier 59,0.0,0.0,0.0
SKU0345,Product 0345,Store A,0.0,0.0,Supplier 59,0.0,0.0,0.0
SKU0345,Product 0345,Store B,0.0,0.0,Supplier 59,0.0,0.0,0.0
SKU0345,Product 0345,Store C,0.0,0.0,Supplier 59,0.0,0.0,0.0
SKU0345,Product 0345,Warehouse,0.0,0.0,Supplier 59,0.0,0.0,0.0
SKU0346,Product 0346,Store B,0.0,0.0,Supplier 59,0.0,0.0,0.0
SKU0346,Product 0346,Store C,0.0,0.0,Supplier 59,0.0,0.0,0.0
SKU0346,Product 0346,Warehouse,0.0,0.0,Supplier 59,0.0,0.0,0.0
SKU0347,Product 0347,Store A,0.0,0.0,Supplier 59,0.0,0.0,0.0
SKU0347,Product 0347,Store B,0.0,0.0,Supplier 59,0.0,0.0,0.0
SKU0347,Product 0347,Store C,0.0,0.0,Supplier 59,0.0,0.0,0.0
SKU0347,Product 0347,Warehouse,0.0,0.0,Supplier 59,0.0,0.0,0.0
SKU0348,Product 0348,Store B,0.0,0.0,Supplier 59,0.0,0.0,0.0
SKU0348,Product 0348,Warehouse,0.0,0.0,Supplier 59,0.0,0.0,0.0
SKU0349,Product 0349,Store B,0.0,0.0,Supplier 59,0.0,0.0,0.0
SKU0349,Product 0349,Store C,0.0,0.0,Supplier 59,0.0,0.0,0.0
SKU0349,Product 0349,Warehouse,0.0,0.0,Supplier 59,0.0,0.0,0.0
SKU0350,Product 0350,Store B,0.0,0.0,Supplier 59,0.0,0.0,0.0
SKU0350,Product 0350,Store C,0.0,0.0,Supplier 59,0.0,0.0,0.0
SKU0350,Product 0350,Warehouse,0.0,0.0,Supplier 59,0.0,0.0,0.0
SKU0351,Product 0351,Store A,0.0,0.0,Supplier 59,0.0,0.0,0.0
SKU0351,Product 0351,Store B,0.0,0.0,Supplier 59,0.0,0.0,0.0
SKU0351,Product 0351,Store C,0.0,0.0,Supplier 59,0.0,0.0,0.0
SKU0351,Product 0351,Warehouse,0.0,0.0,Supplier 59,0.0,0.0,0.0
SKU0352,Product 0352,Store A,0.0,0.0,Supplier 59,0.0,0.0,0.0
SKU0352,Product 0352,Store B,0.0,0.0,Supplier 59,0.0,0.0,0.0
SKU0352,Product 0352,Store C,0.0,0.0,Supplier 59,0.0,0.0,0.0
SKU0352,Product 0352,Warehouse,0.0,0.0,Supplier 59,0.0,0.0,0.0
SKU0353,Product 0353,Store A,0.0,0.0,Supplier 59,0.0,0.0,0.0
SKU0353,Product 0353,Store B,0.0,0.0,Supplier 59,0.0,0.0,0.0
SKU0353,Product 0353,Store C,0.0,0.0,Supplier 59,0.0,0.0,0.0
SKU0353,Product 0353,Warehouse,0.0,0.0,Supplier 59,0.0,0.0,0.0
SKU0354,Product 0354,Store A,0.0,0.0,Unknown supplier,0.0,0.0,0.0
SKU0354,Product 0354,Store B,0.0,0.0,Unknown supplier,0.0,0.0,0.0
SKU0354,Product 0354,Store C,0.0,0.0,Unknown supplier,0.0,0.0,0.0
SKU0354,Product 0354,Warehouse,0.0,0.0,Unknown supplier,0.0,0.0,0.0
SKU0355,Product 0355,Store A,0.0,0.0,Supplier 59,0.0,0.0,0.0
SKU0355,Product 0355,Store B,0.0,0.0,Supplier 59,0.0,0.0,0.0
SKU0355,Product 0355,Store C,0.0,0.0,Supplier 59,0.0,0.0,0.0
SKU0355,Product 0355,Warehouse,0.0,0.0,Supplier 59,0.0,0.0,0.0
SKU0356,Product 0356,Store C,0.0,0.0,Supplier 59,0.0,0.0,0.0
SKU0356,Product 0356,Warehouse,0.0,0.0,Supplier 59,0.0,0.0,0.0
SKU0357,Product 0357,Store B,0.0,0.0,Supplier 59,0.0,0.0,0.0
SKU0357,Product 0357,Store C,0.0,0.0,Supplier 59,0.0,0.0,0.0
SKU0357,Product 0357,Warehouse,0.0,0.0,Supplier 59,0.0,0.0,0.0
SKU0358,Product 0358,Store C,0.0,0.0,Supplier 59,0.0,0.0,0.0
SKU0358,Product 0358,Warehouse,0.0,0.0,Supplier 59,0.0,0.0,0.0
SKU0359,Product 0359,Store A,0.0,0.0,Supplier 59,0.0,0.0,0.0
SKU0359,Product 0359,Store B,0.0,0.0,Supplier 59,0.0,0.0,0.0
SKU0359,Product 0359,Store C,0.0,0.0,Supplier 59,0.0,0.0,0.0
SKU0359,Product 0359,Warehouse,0.0,0.0,Supplier 59,0.0,0.0,0.0
SKU0360,Product 0360,Store C,0.0,0.0,Supplier 59,0.0,0.0,0.0
SKU0360,Product 0360,Warehouse,0.0,0.0,Supplier 59,0.0,0.0,0.0
SKU0361,Product 0361,Store A,0.0,0.0,Multiple suppliers,0.0,0.0,0.0
SKU0361,Product 0361,Store B,0.0,0.0,Multiple suppliers,0.0,0.0,0.0
SKU0361,Product 0361,Store C,0.0,0.0,Multiple suppliers,0.0,0.0,0.0
SKU0361,Product 0361,Warehouse,0.0,0.0,Multiple suppliers,0.0,0.0,0.0
SKU0362,Product 0362,Store A,0.0,0.0,Supplier 59,0.0,0.0,0.0
SKU0362,Product 0362,Store B,0.0,0.0,Supplier 59,0.0,0.0,0.0
SKU0362,Product 0362,Store C,0.0,0.0,Supplier 59,0.0,0.0,0.0
SKU0362,Product 0362,Warehouse,0.0,0.0,Supplier 59,0.0,0.0,0.0
SKU0363,Product 0363,Store A,0.0,0.0,Supplier 59,0.0,0.0,0.0
SKU0363,Product 0363,Store B,0.0,0.0,Supplier 59,0.0,0.0,0.0
SKU0363,Product 0363,Store C,0.0,0.0,Supplier 59,0.0,0.0,0.0
SKU0363,Product 0363,Warehouse,0.0,0.0,Supplier 59,0.0,0.0,0.0
SKU0364,Product 0364,Store A,0.0,0.0,Supplier 59,0.0,0.0,0.0
SKU0364,Product 0364,Store B,0.0,0.0,Supplier 59,0.0,0.0,0.0
SKU0364,Product 0364,Store C,0.0,0.0,Supplier 59,0.0,0.0,0.0
SKU0364,Product 0364,Warehouse,0.0,0.0,Supplier 59,0.0,0.0,0.0
SKU0365,Product 0365,Store A,0.0,0.0,Supplier 59,0.0,0.0,0.0
SKU0365,Product 0365,Store B,0.0,0.0,Supplier 59,0.0,0.0,0.0
SKU0365,Product 0365,Store C,0.0,0.0,Supplier 59,0.0,0.0,0.0
SKU0365,Product 0365,Warehouse,0.0,0.0,Supplier 59,0.0,0.0,0.0
SKU0366,Product 0366,Store B,0.0,0.0,Supplier 59,0.0,0.0,0.0
SKU0366,Product 0366,Store C,0.0,0.0,Supplier 59,0.0,0.0,0.0
SKU0366,Product 0366,Warehouse,0.0,0.0,Supplier 59,0.0,0.0,0.0
SKU0367,Product 0367,Store B,0.0,0.0,Supplier 59,0.0,0.0,0.0
SKU0367,Product 0367,Store C,0.0,0.0,Supplier 59,0.0,0.0,0.0
SKU0367,Product 0367,Warehouse,0.0,0.0,Supplier 59,0.0,0.0,0.0
SKU0368,Product 0368,Store B,0.0,0.0,Supplier 59,0.0,0.0,0.0
SKU0368,Product 0368,Store C,0.0,0.0,Supplier 59,0.0,0.0,0.0
SKU0368,Product 0368,Warehouse,0.0,0.0,Supplier 59,0.0,0.0,0.0
SKU0369,Product 0369,Store B,0.0,0.0,Supplier 59,0.0,0.0,0.0
SKU0369,Product 0369,Store C,0.0,0.0,Supplier 59,0.0,0.0,0.0
SKU0369,Product 0369,Warehouse,0.0,0.0,Supplier 59,0.0,0.0,0.0
SKU0370,Product 0370,Store B,0.0,0.0,Supplier 59,0.0,0.0,0.0
SKU0370,Product 0370,Warehouse,0.0,0.0,Supplier 59,0.0,0.0,0.0
SKU0371,Product 0371,Store A,0.0,0.0,Multiple suppliers,0.0,0.0,0.0
SKU0371,Product 0371,Store B,0.0,0.0,Multiple suppliers,0.0,0.0,0.0
SKU0371,Product 0371,Store C,0.0,0.0,Multiple suppliers,0.0,0.0,0.0
SKU0371,Product 0371,Warehouse,0.0,0.0,Multiple suppliers,0.0,0.0,0.0
SKU0372,Product 0372,Store A,0.0,0.0,Multiple suppliers,0.0,0.0,0.0
SKU0372,Product 0372,Store B,0.0,0.0,Multiple suppliers,0.0,0.0,0.0
SKU0372,Product 0372,Store C,0.0,0.0,Multiple suppliers,0.0,0.0,0.0
SKU0372,Product 0372,Warehouse,0.0,0.0,Multiple suppliers,0.0,0.0,0.0
SKU0373,Product 0373,Store A,0.0,0.0,Supplier 59,0.0,0.0,0.0
SKU0373,Product 0373,Store B,0.0,0.0,Supplier 59,0.0,0.0,0.0
SKU0373,Product 0373,Store C,0.0,0.0,Supplier 59,0.0,0.0,0.0
SKU0373,Product 0373,Warehouse,0.0,0.0,Supplier 59,0.0,0.0,0.0
SKU0374,Product 0374,Store A,0.0,0.0,Supplier 59,0.0,0.0,0.0
SKU0374,Product 0374,Store B,0.0,0.0,Supplier 59,0.0,0.0,0.0
SKU0374,Product 0374,Store C,0.0,0.0,Supplier 59,0.0,0.0,0.0
SKU0374,Product 0374,Warehouse,0.0,0.0,Supplier 59,0.0,0.0,0.0
SKU0375,Product 0375,Store A,0.0,0.0,Multiple suppliers,0.0,0.0,0.0
SKU0375,Product 0375,Store B,0.0,0.0,Multiple suppliers,0.0,0.0,0.0
SKU0375,Product 0375,Store C,0.0,0.0,Multiple suppliers,0.0,0.0,0.0
SKU0375,Product 0375,Warehouse,0.0,0.0,Multiple suppliers,0.0,0.0,0.0
SKU0376,Product 0376,Store A,0.0,0.0,Multiple suppliers,0.0,0.0,0.0
SKU0376,Product 0376,Store B,0.0,0.0,Multiple suppliers,0.0,0.0,0.0
SKU0376,Product 0376,Store C,0.0,0.0,Multiple suppliers,0.0,0.0,0.0
SKU0376,Product 0376,Warehouse,0.0,0.0,Multiple suppliers,0.0,0.0,0.0
SKU0377,Product 0377,Store A,0.0,0.0,Multiple suppliers,0.0,0.0,0.0
SKU0377,Product 0377,Store B,0.0,0.0,Multiple suppliers,0.0,0.0,0.0
SKU0377,Product 0377,Store C,0.0,0.0,Multiple suppliers,0.0,0.0,0.0
SKU0377,Product 0377,Warehouse,0.0,0.0,Multiple suppliers,0.0,0.0,0.0
SKU0378,Product 0378,Store B,0.0,0.0,Supplier 59,0.0,0.0,0.0
SKU0378,Product 0378,Warehouse,0.0,0.0,Supplier 59,0.0,0.0,0.0
SKU0379,Product 0379,Store A,0.0,0.0,Supplier 59,0.0,0.0,0.0
SKU0379,Product 0379,Store B,0.0,0.0,Supplier 59,0.0,0.0,0.0
SKU0379,Product 0379,Store C,0.0,0.0,Supplier 59,0.0,0.0,0.0
SKU0379,Product 0379,Warehouse,0.0,0.0,Supplier 59,0.0,0.0,0.0
SKU0380,Product 0380,Store A,0.0,0.0,Supplier 59,0.0,0.0,0.0
SKU0380,Product 0380,Store B,0.0,0.0,Supplier 59,0.0,0.0,0.0
SKU0380,Product 0380,Store C,0.0,0.0,Supplier 59,0.0,0.0,0.0
SKU0380,Product 0380,Warehouse,0.0,0.0,Supplier 59,0.0,0.0,0.0
SKU0381,Product 0381,Store A,0.0,0.0,Supplier 59,0.0,0.0,0.0
SKU0381,Product 0381,Store B,0.0,0.0,Supplier 59,0.0,0.0,0.0
SKU0381,Product 0381,Store C,0.0,0.0,Supplier 59,0.0,0.0,0.0
SKU0381,Product 0381,Warehouse,0.0,0.0,Supplier 59,0.0,0.0,0.0
SKU0382,Product 0382,Store A,0.0,0.0,Supplier 59,0.0,0.0,0.0
SKU0382,Product 0382,Store B,0.0,0.0,Supplier 59,0.0,0.0,0.0
SKU0382,Product 0382,Store C,0.0,0.0,Supplier 59,0.0,0.0,0.0
SKU0382,Product 0382,Warehouse,0.0,0.0,Supplier 59,0.0,0.0,0.0
SKU0383,Product 0383,Store A,0.0,0.0,Supplier 59,0.0,0.0,0.0
SKU0383,Product 0383,Store B,0.0,0.0,Supplier 59,0.0,0.0,0.0
SKU0383,Product 0383,Store C,0.0,0.0,Supplier 59,0.0,0.0,0.0
SKU0383,Product 0383,Warehouse,0.0,0.0,Supplier 59,0.0,0.0,0.0
SKU0384,Product 0384,Store A,0.0,0.0,Supplier 59,0.0,0.0,0.0
SKU0384,Product 0384,Store B,0.0,0.0,Supplier 59,0.0,0.0,0.0
SKU0384,Product 0384,Store C,0.0,0.0,Supplier 59,0.0,0.0,0.0
SKU0384,Product 0384,Warehouse,0.0,0.0,Supplier 59,0.0,0.0,0.0
SKU0385,Product 0385,Store A,0.0,0.0,Supplier 59,0.0,0.0,0.0
SKU0385,Product 0385,Store B,0.0,0.0,Supplier 59,0.0,0.0,0.0
SKU0385,Product 0385,Store C,0.0,0.0,Supplier 59,0.0,0.0,0.0
SKU0385,Product 0385,Warehouse,0.0,0.0,Supplier 59,0.0,0.0,0.0
SKU0386,Product 0386,Store A,0.0,0.0,Supplier 26,0.0,0.0,0.0
SKU0386,Product 0386,Store B,0.0,0.0,Supplier 26,0.0,0.0,0.0
SKU0386,Product 0386,Store C,0.0,0.0,Supplier 26,0.0,0.0,0.0
SKU0386,Product 0386,Warehouse,0.0,0.0,Supplier 26,0.0,0.0,0.0
SKU0387,Product 0387,Store B,0.0,0.0,Supplier 59,0.0,0.0,0.0
SKU0387,Product 0387,Warehouse,0.0,0.0,Supplier 59,0.0,0.0,0.0
SKU0388,Product 0388,Store B,0.0,0.0,Supplier 59,0.0,0.0,0.0
SKU0388,Product 0388,Store C,0.0,0.0,Supplier 59,0.0,0.0,0.0
SKU0388,Product 0388,Warehouse,0.0,0.0,Supplier 59,0.0,0.0,0.0
SKU0389,Product 0389,Store C,0.0,0.0,Supplier 59,0.0,0.0,0.0
SKU0389,Product 0389,Warehouse,0.0,0.0,Supplier 59,0.0,0.0,0.0
SKU0390,Product 0390,Store B,0.0,0.0,Supplier 59,0.0,0.0,0.0
SKU0390,Product 0390,Store C,0.0,0.0,Supplier 59,0.0,0.0,0.0
SKU0390,Product 0390,Warehouse,0.0,0.0,Supplier 59,0.0,0.0,0.0
SKU0391,Product 0391,Store B,0.0,0.0,Supplier 59,0.0,0.0,0.0
SKU0391,Product 0391,Store C,0.0,0.0,Supplier 59,0.0,0.0,0.0
SKU0391,Product 0391,Warehouse,0.0,0.0,Supplier 59,0.0,0.0,0.0
SKU0392,Product 0392,Store A,0.0,0.0,Supplier 59,0.0,0.0,0.0
SKU0392,Product 0392,Store B,0.0,0.0,Supplier 59,0.0,0.0,0.0
SKU0392,Product 0392,Store C,0.0,0.0,Supplier 59,0.0,0.0,0.0
SKU0392,Product 0392,Warehouse,0.0,0.0,Supplier 59,0.0,0.0,0.0
SKU0393,Product 0393,Store A,0.0,0.0,Supplier 59,0.0,0.0,0.0
SKU0393,Product 0393,Store B,0.0,0.0,Supplier 59,0.0,0.0,0.0
SKU0393,Product 0393,Store C,0.0,0.0,Supplier 59,0.0,0.0,0.0
SKU0393,Product 0393,Warehouse,0.0,0.0,Supplier 59,0.0,0.0,0.0
SKU0394,Product 0394,Store B,0.0,0.0,Supplier 59,0.0,0.0,0.0
SKU0394,Product 0394,Store C,0.0,0.0,Supplier 59,0.0,0.0,0.0
SKU0394,Product 0394,Warehouse,0.0,0.0,Supplier 59,0.0,0.0,0.0
SKU0395,Product 0395,Store A,0.0,0.0,Supplier 59,0.0,0.0,0.0
SKU0395,Product 0395,Store B,0.0,0.0,Supplier 59,0.0,0.0,0.0
SKU0395,Product 0395,Store C,0.0,0.0,Supplier 59,0.0,0.0,0.0
SKU0395,Product 0395,Warehouse,0.0,0.0,Supplier 59,0.0,0.0,0.0
SKU0396,Product 0396,Store A,0.0,0.0,Supplier 59,0.0,0.0,0.0
SKU0396,Product 0396,Store B,0.0,0.0,Supplier 59,0.0,0.0,0.0
SKU0396,Product 0396,Store C,0.0,0.0,Supplier 59,0.0,0.0,0.0
SKU0396,Product 0396,Warehouse,0.0,0.0,Supplier 59,0.0,0.0,0.0
SKU0397,Product 0397,Store A,0.0,0.0,Supplier 59,0.0,0.0,0.0
SKU0397,Product 0397,Store B,0.0,0.0,Supplier 59,0.0,0.0,0.0
SKU0397,Product 0397,Store C,0.0,0.0,Supplier 59,0.0,0.0,0.0
SKU0397,Product 0397,Warehouse,0.0,0.0,Supplier 59,0.0,0.0,0.0
SKU0398,Product 0398,Warehouse,0.0,0.0,Supplier 59,0.0,0.0,0.0
SKU0399,Product 0399,Store A,0.0,0.0,Supplier 59,0.0,0.0,0.0
SKU0399,Product 0399,Store B,0.0,0.0,Supplier 59,0.0,0.0,0.0
SKU0399,Product 0399,Store C,0.0,0.0,Supplier 59,0.0,0.0,0.0
SKU0399,Product 0399,Warehouse,0.0,0.0,Supplier 59,0.0,0.0,0.0
SKU0400,Product 0400,Store A,0.0,0.0,Supplier 59,0.0,0.0,0.0
SKU0400,Product 0400,Store C,0.0,0.0,Supplier 59,0.0,0.0,0.0
SKU0400,Product 0400,Warehouse,0.0,0.0,Supplier 59,0.0,0.0,0.0
SKU0401,Product 0401,Store A,0.0,0.0,Supplier 32,0.0,0.0,0.0
SKU0401,Product 0401,Store B,0.0,0.0,Supplier 32,0.0,0.0,0.0
SKU0401,Product 0401,Store C,0.0,0.0,Supplier 32,0.0,0.0,0.0
SKU0401,Product 0401,Warehouse,0.0,0.0,Supplier 32,0.0,0.0,0.0
SKU0402,Product 0402,Store A,0.0,0.0,Supplier 59,0.0,0.0,0.0
SKU0402,Product 0402,Store B,0.0,0.0,Supplier 59,0.0,0.0,0.0
SKU0402,Product 0402,Store C,0.0,0.0,Supplier 59,0.0,0.0,0.0
SKU0402,Product 0402,Warehouse,0.0,0.0,Supplier 59,0.0,0.0,0.0
SKU0403,Product 0403,Store A,0.0,0.0,Supplier 59,0.0,0.0,0.0
SKU0403,Product 0403,Store B,0.0,0.0,Supplier 59,0.0,0.0,0.0
SKU0403,Product 0403,Store C,0.0,0.0,Supplier 59,0.0,0.0,0.0
SKU0403,Product 0403,Warehouse,0.0,0.0,Supplier 59,0.0,0.0,0.0
SKU0404,Product 0404,Store A,0.0,0.0,Supplier 59,0.0,0.0,0.0
SKU0404,Product 0404,Store B,0.0,0.0,Supplier 59,0.0,0.0,0.0
SKU0404,Product 0404,Store C,0.0,0.0,Supplier 59,0.0,0.0,0.0
SKU0404,Product 0404,Warehouse,0.0,0.0,Supplier 59,0.0,0.0,0.0
SKU0405,Product 0405,Store A,0.0,0.0,Supplier 59,0.0,0.0,0.0
SKU0405,Product 0405,Store B,0.0,0.0,Supplier 59,0.0,0.0,0.0
SKU0405,Product 0405,Store C,0.0,0.0,Supplier 59,0.0,0.0,0.0
SKU0405,Product 0405,Warehouse,0.0,0.0,Supplier 59,0.0,0.0,0.0
SKU0406,Product 0406,Store A,0.0,0.0,Supplier 59,0.0,0.0,0.0
SKU0406,Product 0406,Store B,0.0,0.0,Supplier 59,0.0,0.0,0.0
SKU0406,Product 0406,Store C,0.0,0.0,Supplier 59,0.0,0.0,0.0
SKU0406,Product 0406,Warehouse,0.0,0.0,Supplier 59,0.0,0.0,0.0
SKU0407,Product 0407,Store A,0.0,0.0,Supplier 59,0.0,0.0,0.0
SKU0407,Product 0407,Store B,0.0,0.0,Supplier 59,0.0,0.0,0.0
SKU0407,Product 0407,Store C,0.0,0.0,Supplier 59,0.0,0.0,0.0
SKU0407,Product 0407,Warehouse,0.0,0.0,Supplier 59,0.0,0.0,0.0
SKU0408,Product 0408,Store A,0.0,0.0,Supplier 59,0.0,0.0,0.0
SKU0408,Product 0408,Store B,0.0,0.0,Supplier 59,0.0,0.0,0.0
SKU0408,Product 0408,Store C,0.0,0.0,Supplier 59,0.0,0.0,0.0
SKU0408,Product 0408,Warehouse,0.0,0.0,Supplier 59,0.0,0.0,0.0
SKU0409,Product 0409,Store A,0.0,0.0,Supplier 59,0.0,0.0,0.0
SKU0409,Product 0409,Store B,0.0,0.0,Supplier 59,0.0,0.0,0.0
SKU0409,Product 0409,Store C,0.0,0.0,Supplier 59,0.0,0.0,0.0
SKU0409,Product 0409,Warehouse,0.0,0.0,Supplier 59,0.0,0.0,0.0
SKU0410,Product 0410,Store A,0.0,0.0,Supplier 59,0.0,0.0,0.0
SKU0410,Product 0410,Store B,0.0,0.0,Supplier 59,0.0,0.0,0.0
SKU0410,Product 0410,Store C,0.0,0.0,Supplier 59,0.0,0.0,0.0
SKU0410,Product 0410,Warehouse,0.0,0.0,Supplier 59,0.0,0.0,0.0
SKU0411,Product 0411,Store A,0.0,0.0,Supplier 59,0.0,0.0,0.0
SKU0411,Product 0411,Store B,0.0,0.0,Supplier 59,0.0,0.0,0.0
SKU0411,Product 0411,Store C,0.0,0.0,Supplier 59,0.0,0.0,0.0
SKU0411,Product 0411,Warehouse,0.0,0.0,Supplier 59,0.0,0.0,0.0
SKU0412,Product 0412,Store A,0.0,0.0,Supplier 59,0.0,0.0,0.0
SKU0412,Product 0412,Store B,0.0,0.0,Supplier 59,0.0,0.0,0.0
SKU0412,Product 0412,Store C,0.0,0.0,Supplier 59,0.0,0.0,0.0
SKU0412,Product 0412,Warehouse,0.0,0.0,Supplier 59,0.0,0.0,0.0
SKU0413,Product 0413,Store A,0.0,0.0,Supplier 59,0.0,0.0,0.0
SKU0413,Product 0413,Store B,0.0,0.0,Supplier 59,0.0,0.0,0.0
SKU0413,Product 0413,Store C,0.0,0.0,Supplier 59,0.0,0.0,0.0
SKU0413,Product 0413,Warehouse,0.0,0.0,Supplier 59,0.0,0.0,0.0
SKU0414,Product 0414,Store A,0.0,0.0,Supplier 59,0.0,0.0,0.0
SKU0414,Product 0414,Store B,0.0,0.0,Supplier 59,0.0,0.0,0.0
SKU0414,Product 0414,Store C,0.0,0.0,Supplier 59,0.0,0.0,0.0
SKU0414,Product 0414,Warehouse,0.0,0.0,Supplier 59,0.0,0.0,0.0
SKU0415,Product 0415,Store A,0.0,0.0,Supplier 59,0.0,0.0,0.0
SKU0415,Product 0415,Store B,0.0,0.0,Supplier 59,0.0,0.0,0.0
SKU0415,Product 0415,Store C,0.0,0.0,Supplier 59,0.0,0.0,0.0
SKU0415,Product 0415,Warehouse,0.0,0.0,Supplier 59,0.0,0.0,0.0
SKU0416,Product 0416,Store A,0.0,0.0,Supplier 59,0.0,0.0,0.0
SKU0416,Product 0416,Store B,0.0,0.0,Supplier 59,0.0,0.0,0.0
SKU0416,Product 0416,Store C,0.0,0.0,Supplier 59,0.0,0.0,0.0
SKU0416,Product 0416,Warehouse,0.0,0.0,Supplier 59,0.0,0.0,0.0
SKU0417,Product 0417,Store A,0.0,0.0,Multiple suppliers,0.0,0.0,0.0
SKU0417,Product 0417,Store B,0.0,0.0,Multiple suppliers,0.0,0.0,0.0
SKU0417,Product 0417,Store C,0.0,0.0,Multiple suppliers,0.0,0.0,0.0
SKU0417,Product 0417,Warehouse,0.0,0.0,Multiple suppliers,0.0,0.0,0.0
SKU0418,Product 0418,Store A,0.0,0.0,Supplier 59,0.0,0.0,0.0
SKU0418,Product 0418,Store B,0.0,0.0,Supplier 59,0.0,0.0,0.0
SKU0418,Product 0418,Store C,0.0,0.0,Supplier 59,0.0,0.0,0.0
SKU0418,Product 0418,Warehouse,0.0,0.0,Supplier 59,0.0,0.0,0.0
SKU0419,Product 0419,Store A,0.0,0.0,Supplier 59,0.0,0.0,0.0
SKU0419,Product 0419,Store B,0.0,0.0,Supplier 59,0.0,0.0,0.0
SKU0419,Product 0419,Store C,0.0,0.0,Supplier 59,0.0,0.0,0.0
SKU0419,Product 0419,Warehouse,0.0,0.0,Supplier 59,0.0,0.0,0.0
SKU0420,Product 0420,Store A,0.0,0.0,Supplier 59,0.0,0.0,0.0
SKU0420,Product 0420,Store B,0.0,0.0,Supplier 59,0.0,0.0,0.0
SKU0420,Product 0420,Store C,0.0,0.0,Supplier 59,0.0,0.0,0.0
SKU0420,Product 0420,Warehouse,0.0,0.0,Supplier 59,0.0,0.0,0.0
SKU0421,Product 0421,Store A,0.0,0.0,Supplier 59,0.0,0.0,0.0
SKU0421,Product 0421,Store B,0.0,0.0,Supplier 59,0.0,0.0,0.0
SKU0421,Product 0421,Store C,0.0,0.0,Supplier 59,0.0,0.0,0.0
SKU0421,Product 0421,Warehouse,0.0,0.0,Supplier 59,0.0,0.0,0.0
SKU0422,Product 0422,Store A,0.0,0.0,Supplier 59,0.0,0.0,0.0
SKU0422,Product 0422,Store B,0.0,0.0,Supplier 59,0.0,0.0,0.0
SKU0422,Product 0422,Store C,0.0,0.0,Supplier 59,0.0,0.0,0.0
SKU0422,Product 0422,Warehouse,0.0,0.0,Supplier 59,0.0,0.0,0.0
SKU0423,Product 0423,Store A,0.0,0.0,Supplier 59,0.0,0.0,0.0
SKU0423,Product 0423,Store B,0.0,0.0,Supplier 59,0.0,0.0,0.0
SKU0423,Product 0423,Store C,0.0,0.0,Supplier 59,0.0,0.0,0.0
SKU0423,Product 0423,Warehouse,0.0,0.0,Supplier 59,0.0,0.0,0.0
SKU0424,Product 0424,Store A,0.0,0.0,Supplier 59,0.0,0.0,0.0
SKU0424,Product 0424,Store B,0.0,0.0,Supplier 59,0.0,0.0,0.0
SKU0424,Product 0424,Store C,0.0,0.0,Supplier 59,0.0,0.0,0.0
SKU0424,Product 0424,Warehouse,0.0,0.0,Supplier 59,0.0,0.0,0.0
SKU0425,Product 0425,Store A,0.0,0.0,Supplier 59,0.0,0.0,0.0
SKU0425,Product 0425,Store B,0.0,0.0,Supplier 59,0.0,0.0,0.0
SKU0425,Product 0425,Store C,0.0,0.0,Supplier 59,0.0,0.0,0.0
SKU0425,Product 0425,Warehouse,0.0,0.0,Supplier 59,0.0,0.0,0.0
SKU0426,Product 0426,Store A,0.0,0.0,Multiple suppliers,0.0,0.0,0.0
SKU0426,Product 0426,Store B,0.0,0.0,Multiple suppliers,0.0,0.0,0.0
SKU0426,Product 0426,Store C,0.0,0.0,Multiple suppliers,0.0,0.0,0.0
SKU0426,Product 0426,Warehouse,0.0,0.0,Multiple suppliers,0.0,0.0,0.0
SKU0427,Product 0427,Store A,0.0,0.0,Multiple suppliers,0.0,0.0,0.0
SKU0427,Product 0427,Store B,0.0,0.0,Multiple suppliers,0.0,0.0,0.0
SKU0427,Product 0427,Store C,0.0,0.0,Multiple suppliers,0.0,0.0,0.0
SKU0427,Product 0427,Warehouse,0.0,0.0,Multiple suppliers,0.0,0.0,0.0
SKU0428,Product 0428,Store A,0.0,0.0,Supplier 59,0.0,0.0,0.0
SKU0428,Product 0428,Store B,0.0,0.0,Supplier 59,0.0,0.0,0.0
SKU0428,Product 0428,Store C,0.0,0.0,Supplier 59,0.0,0.0,0.0
SKU0428,Product 0428,Warehouse,0.0,0.0,Supplier 59,0.0,0.0,0.0
SKU0429,Product 0429,Store A,0.0,0.0,Supplier 59,0.0,0.0,0.0
SKU0429,Product 0429,Store B,0.0,0.0,Supplier 59,0.0,0.0,0.0
SKU0429,Product 0429,Store C,0.0,0.0,Supplier 59,0.0,0.0,0.0
SKU0429,Product 0429,Warehouse,0.0,0.0,Supplier 59,0.0,0.0,0.0
SKU0430,Product 0430,Store A,0.0,0.0,Supplier 59,0.0,0.0,0.0
SKU0430,Product 0430,Store B,0.0,0.0,Supplier 59,0.0,0.0,0.0
SKU0430,Product 0430,Store C,0.0,0.0,Supplier 59,0.0,0.0,0.0
SKU0430,Product 0430,Warehouse,0.0,0.0,Supplier 59,0.0,0.0,0.0
SKU0431,Product 0431,Store A,0.0,0.0,Supplier 59,0.0,0.0,0.0
SKU0431,Product 0431,Store B,0.0,0.0,Supplier 59,0.0,0.0,0.0
SKU0431,Product 0431,Store C,0.0,0.0,Supplier 59,0.0,0.0,0.0
SKU0431,Product 0431,Warehouse,0.0,0.0,Supplier 59,0.0,0.0,0.0
SKU0432,Product 0432,Store A,0.0,0.0,Supplier 59,0.0,0.0,0.0
SKU0432,Product 0432,Store B,0.0,0.0,Supplier 59,0.0,0.0,0.0
SKU0432,Product 0432,Store C,0.0,0.0,Supplier 59,0.0,0.0,0.0
SKU0432,Product 0432,Warehouse,0.0,0.0,Supplier 59,0.0,0.0,0.0
SKU0433,Product 0433,Store A,0.0,0.0,Supplier 59,0.0,0.0,0.0
SKU0433,Product 0433,Store B,0.0,0.0,Supplier 59,0.0,0.0,0.0
SKU0433,Product 0433,Store C,0.0,0.0,Supplier 59,0.0,0.0,0.0
SKU0433,Product 0433,Warehouse,0.0,0.0,Supplier 59,0.0,0.0,0.0
SKU0434,Product 0434,Store A,0.0,0.0,Supplier 59,0.0,0.0,0.0
SKU0434,Product 0434,Store B,0.0,0.0,Supplier 59,0.0,0.0,0.0
SKU0434,Product 0434,Store C,0.0,0.0,Supplier 59,0.0,0.0,0.0
SKU0434,Product 0434,Warehouse,0.0,0.0,Supplier 59,0.0,0.0,0.0
SKU0435,Product 0435,Store A,0.0,0.0,Supplier 02,0.0,0.0,0.0
SKU0435,Product 0435,Store B,0.0,0.0,Supplier 02,0.0,0.0,0.0
SKU0435,Product 0435,Warehouse,0.0,0.0,Supplier 02,0.0,0.0,0.0
SKU0436,Product 0436,Store A,0.0,0.0,Supplier 02,0.0,0.0,0.0
SKU0436,Product 0436,Store B,0.0,0.0,Supplier 02,0.0,0.0,0.0
SKU0436,Product 0436,Store C,0.0,0.0,Supplier 02,0.0,0.0,0.0
SKU0436,Product 0436,Warehouse,0.0,0.0,Supplier 02,0.0,0.0,0.0
SKU0437,Product 0437,Store A,0.0,0.0,Supplier 59,0.0,0.0,0.0
SKU0437,Product 0437,Store B,0.0,0.0,Supplier 59,0.0,0.0,0.0
SKU0437,Product 0437,Store C,0.0,0.0,Supplier 59,0.0,0.0,0.0
SKU0437,Product 0437,Warehouse,0.0,0.0,Supplier 59,0.0,0.0,0.0
SKU0438,Product 0438,Warehouse,0.0,0.0,Multiple suppliers,0.0,0.0,0.0
SKU0439,Product 0439,Store A,0.0,0.0,Supplier 59,0.0,0.0,0.0
SKU0439,Product 0439,Store B,0.0,0.0,Supplier 59,0.0,0.0,0.0
SKU0439,Product 0439,Store C,0.0,0.0,Supplier 59,0.0,0.0,0.0
SKU0439,Product 0439,Warehouse,0.0,0.0,Supplier 59,0.0,0.0,0.0
SKU0440,Product 0440,Store A,0.0,0.0,Supplier 59,0.0,0.0,0.0
SKU0440,Product 0440,Store B,0.0,0.0,Supplier 59,0.0,0.0,0.0
SKU0440,Product 0440,Store C,0.0,0.0,Supplier 59,0.0,0.0,0.0
SKU0440,Product 0440,Warehouse,0.0,0.0,Supplier 59,0.0,0.0,0.0
SKU0441,Product 0441,Warehouse,0.0,0.0,Supplier 68,0.0,0.0,0.0
SKU0442,Product 0442,Store A,0.0,0.0,Supplier 59,0.0,0.0,0.0
SKU0442,Product 0442,Store B,0.0,0.0,Supplier 59,0.0,0.0,0.0
SKU0442,Product 0442,Store C,0.0,0.0,Supplier 59,0.0,0.0,0.0
SKU0442,Product 0442,Warehouse,0.0,0.0,Supplier 59,0.0,0.0,0.0
SKU0443,Product 0443,Store A,0.0,0.0,Supplier 59,0.0,0.0,0.0
SKU0443,Product 0443,Store B,0.0,0.0,Supplier 59,0.0,0.0,0.0
SKU0443,Product 0443,Store C,0.0,0.0,Supplier 59,0.0,0.0,0.0
SKU0443,Product 0443,Warehouse,0.0,0.0,Supplier 59,0.0,0.0,0.0
SKU0444,Product 0444,Store A,0.0,0.0,Supplier 02,0.0,0.0,0.0
SKU0444,Product 0444,Store B,0.0,0.0,Supplier 02,0.0,0.0,0.0
SKU0444,Product 0444,Warehouse,0.0,0.0,Supplier 02,0.0,0.0,0.0
SKU0445,Product 0445,Store A,0.0,0.0,Supplier 59,0.0,0.0,0.0
SKU0445,Product 0445,Store B,0.0,0.0,Supplier 59,0.0,0.0,0.0
SKU0445,Product 0445,Store C,0.0,0.0,Supplier 59,0.0,0.0,0.0
SKU0445,Product 0445,Warehouse,0.0,0.0,Supplier 59,0.0,0.0,0.0
SKU0446,Product 0446,Store A,0.0,0.0,Supplier 59,0.0,0.0,0.0
SKU0446,Product 0446,Store B,0.0,0.0,Supplier 59,0.0,0.0,0.0
SKU0446,Product 0446,Store C,0.0,0.0,Supplier 59,0.0,0.0,0.0
SKU0446,Product 0446,Warehouse,0.0,0.0,Supplier 59,0.0,0.0,0.0
SKU0447,Product 0447,Store A,0.0,0.0,Supplier 59,0.0,0.0,0.0
SKU0447,Product 0447,Store B,0.0,0.0,Supplier 59,0.0,0.0,0.0
SKU0447,Product 0447,Store C,0.0,0.0,Supplier 59,0.0,0.0,0.0
SKU0447,Product 0447,Warehouse,0.0,0.0,Supplier 59,0.0,0.0,0.0
SKU0448,Product 0448,Store A,0.0,0.0,Supplier 59,0.0,0.0,0.0
SKU0448,Product 0448,Store B,0.0,0.0,Supplier 59,0.0,0.0,0.0
SKU0448,Product 0448,Store C,0.0,0.0,Supplier 59,0.0,0.0,0.0
SKU0448,Product 0448,Warehouse,0.0,0.0,Supplier 59,0.0,0.0,0.0
SKU0449,Product 0449,Store A,0.0,0.0,Multiple suppliers,0.0,0.0,0.0
SKU0449,Product 0449,Store B,0.0,0.0,Multiple suppliers,0.0,0.0,0.0
SKU0449,Product 0449,Store C,0.0,0.0,Multiple suppliers,0.0,0.0,0.0
SKU0449,Product 0449,Warehouse,0.0,0.0,Multiple suppliers,0.0,0.0,0.0
SKU0450,Product 0450,Store A,0.0,0.0,Supplier 59,0.0,0.0,0.0
SKU0450,Product 0450,Store B,0.0,0.0,Supplier 59,0.0,0.0,0.0
SKU0450,Product 0450,Store C,0.0,0.0,Supplier 59,0.0,0.0,0.0
SKU0450,Product 0450,Warehouse,0.0,0.0,Supplier 59,0.0,0.0,0.0
SKU0451,Product 0451,Store B,0.0,0.0,Supplier 02,0.0,0.0,0.0
SKU0451,Product 0451,Store C,0.0,0.0,Supplier 02,0.0,0.0,0.0
SKU0451,Product 0451,Warehouse,0.0,0.0,Supplier 02,0.0,0.0,0.0
SKU0452,Product 0452,Store A,0.0,0.0,Supplier 59,0.0,0.0,0.0
SKU0452,Product 0452,Store B,0.0,0.0,Supplier 59,0.0,0.0,0.0
SKU0452,Product 0452,Store C,0.0,0.0,Supplier 59,0.0,0.0,0.0
SKU0452,Product 0452,Warehouse,0.0,0.0,Supplier 59,0.0,0.0,0.0
SKU0453,Product 0453,Store A,0.0,0.0,Supplier 59,0.0,0.0,0.0
SKU0453,Product 0453,Store B,0.0,0.0,Supplier 59,0.0,0.0,0.0
SKU0453,Product 0453,Store C,0.0,0.0,Supplier 59,0.0,0.0,0.0
SKU0453,Product 0453,Warehouse,0.0,0.0,Supplier 59,0.0,0.0,0.0
SKU0454,Product 0454,Store A,0.0,0.0,Supplier 59,0.0,0.0,0.0
SKU0454,Product 0454,Store B,0.0,0.0,Supplier 59,0.0,0.0,0.0
SKU0454,Product 0454,Store C,0.0,0.0,Supplier 59,0.0,0.0,0.0
SKU0454,Product 0454,Warehouse,0.0,0.0,Supplier 59,0.0,0.0,0.0
SKU0455,Product 0455,Store A,0.0,0.0,Supplier 59,0.0,0.0,0.0
SKU0455,Product 0455,Store B,0.0,0.0,Supplier 59,0.0,0.0,0.0
SKU0455,Product 0455,Store C,0.0,0.0,Supplier 59,0.0,0.0,0.0
SKU0455,Product 0455,Warehouse,0.0,0.0,Supplier 59,0.0,0.0,0.0
SKU0456,Product 0456,Store A,0.0,0.0,Supplier 59,0.0,0.0,0.0
SKU0456,Product 0456,Store B,0.0,0.0,Supplier 59,0.0,0.0,0.0
SKU0456,Product 0456,Store C,0.0,0.0,Supplier 59,0.0,0.0,0.0
SKU0456,Product 0456,Warehouse,0.0,0.0,Supplier 59,0.0,0.0,0.0
SKU0457,Product 0457,Store A,0.0,0.0,Supplier 59,0.0,0.0,0.0
SKU0457,Product 0457,Store B,0.0,0.0,Supplier 59,0.0,0.0,0.0
SKU0457,Product 0457,Store C,0.0,0.0,Supplier 59,0.0,0.0,0.0
SKU0457,Product 0457,Warehouse,0.0,0.0,Supplier 59,0.0,0.0,0.0
SKU0458,Product 0458,Store A,0.0,0.0,Supplier 59,0.0,0.0,0.0
SKU0458,Product 0458,Store B,0.0,0.0,Supplier 59,0.0,0.0,0.0
SKU0458,Product 0458,Store C,0.0,0.0,Supplier 59,0.0,0.0,0.0
SKU0458,Product 0458,Warehouse,0.0,0.0,Supplier 59,0.0,0.0,0.0
SKU0459,Product 0459,Store A,0.0,0.0,Supplier 59,0.0,0.0,0.0
SKU0459,Product 0459,Store C,0.0,0.0,Supplier 59,0.0,0.0,0.0
SKU0459,Product 0459,Warehouse,0.0,0.0,Supplier 59,0.0,0.0,0.0
SKU0460,Product 0460,Store A,0.0,0.0,Supplier 59,0.0,0.0,0.0
SKU0460,Product 0460,Store B,0.0,0.0,Supplier 59,0.0,0.0,0.0
SKU0460,Product 0460,Store C,0.0,0.0,Supplier 59,0.0,0.0,0.0
SKU0460,Product 0460,Warehouse,0.0,0.0,Supplier 59,0.0,0.0,0.0
SKU0461,Product 0461,Store A,0.0,0.0,Supplier 59,0.0,0.0,0.0
SKU0461,Product 0461,Store B,0.0,0.0,Supplier 59,0.0,0.0,0.0
SKU0461,Product 0461,Store C,0.0,0.0,Supplier 59,0.0,0.0,0.0
SKU0461,Product 0461,Warehouse,0.0,0.0,Supplier 59,0.0,0.0,0.0
SKU0462,Product 0462,Store A,0.0,0.0,Supplier 59,0.0,0.0,0.0
SKU0462,Product 0462,Store B,0.0,0.0,Supplier 59,0.0,0.0,0.0
SKU0462,Product 0462,Store C,0.0,0.0,Supplier 59,0.0,0.0,0.0
SKU0462,Product 0462,Warehouse,58.0,0.1079,Supplier 59,0.0,0.0,0.0
SKU0463,Product 0463,Warehouse,0.0,0.1577,Supplier 02,0.0,0.0,0.0
SKU0464,Product 0464,Store A,0.0,0.0,Supplier 59,0.0,0.0,0.0
SKU0464,Product 0464,Store B,0.0,0.0,Supplier 59,0.0,0.0,0.0
SKU0464,Product 0464,Store C,0.0,0.0,Supplier 59,0.0,0.0,0.0
SKU0464,Product 0464,Warehouse,0.0,0.0,Supplier 59,0.0,0.0,0.0
SKU0465,Product 0465,Store A,0.0,0.0,Supplier 59,0.0,0.0,0.0
SKU0465,Product 0465,Store B,0.0,0.0,Supplier 59,0.0,0.0,0.0
SKU0465,Product 0465,Store C,0.0,0.0,Supplier 59,0.0,0.0,0.0
SKU0465,Product 0465,Warehouse,0.0,0.0,Supplier 59,0.0,0.0,0.0
SKU0466,Product 0466,Store A,0.0,0.0,Supplier 59,0.0,0.0,0.0
SKU0466,Product 0466,Store B,0.0,0.0,Supplier 59,0.0,0.0,0.0
SKU0466,Product 0466,Store C,0.0,0.0,Supplier 59,0.0,0.0,0.0
SKU0466,Product 0466,Warehouse,0.0,0.0,Supplier 59,0.0,0.0,0.0
SKU0467,Product 0467,Store A,0.0,0.0,Supplier 59,0.0,0.0,0.0
SKU0467,Product 0467,Store B,0.0,0.0,Supplier 59,0.0,0.0,0.0
SKU0467,Product 0467,Store C,0.0,0.0,Supplier 59,0.0,0.0,0.0
SKU0467,Product 0467,Warehouse,0.0,0.0,Supplier 59,0.0,0.0,0.0
SKU0468,Product 0468,Store A,0.0,0.0,Supplier 59,0.0,0.0,0.0
SKU0468,Product 0468,Store B,0.0,0.0,Supplier 59,0.0,0.0,0.0
SKU0468,Product 0468,Store C,0.0,0.0,Supplier 59,0.0,0.0,0.0
SKU0468,Product 0468,Warehouse,0.0,0.0,Supplier 59,0.0,0.0,0.0
SKU0469,Product 0469,Store A,0.0,0.0,Supplier 59,0.0,0.0,0.0
SKU0469,Product 0469,Store B,0.0,0.0,Supplier 59,0.0,0.0,0.0
SKU0469,Product 0469,Store C,0.0,0.0,Supplier 59,0.0,0.0,0.0
SKU0469,Product 0469,Warehouse,0.0,0.0,Supplier 59,0.0,0.0,0.0
SKU0470,Product 0470,Store A,0.0,0.0,Supplier 59,0.0,0.0,0.0
SKU0470,Product 0470,Store B,0.0,0.0,Supplier 59,0.0,0.0,0.0
SKU0470,Product 0470,Store C,0.0,0.0,Supplier 59,0.0,0.0,0.0
SKU0470,Product 0470,Warehouse,0.0,0.0,Supplier 59,0.0,0.0,0.0
SKU0471,Product 0471,Store A,0.0,0.0,Supplier 59,0.0,0.0,0.0
SKU0471,Product 0471,Store B,0.0,0.0,Supplier 59,0.0,0.0,0.0
SKU0471,Product 0471,Store C,0.0,0.0,Supplier 59,0.0,0.0,0.0
SKU0471,Product 0471,Warehouse,0.0,0.0,Supplier 59,0.0,0.0,0.0
SKU0472,Product 0472,Store A,0.0,0.0,Supplier 59,0.0,0.0,0.0
SKU0472,Product 0472,Store B,0.0,0.0,Supplier 59,0.0,0.0,0.0
SKU0472,Product 0472,Store C,0.0,0.0,Supplier 59,0.0,0.0,0.0
SKU0472,Product 0472,Warehouse,0.0,0.0,Supplier 59,0.0,0.0,0.0
SKU0473,Product 0473,Store A,0.0,0.0,Supplier 59,0.0,0.0,0.0
SKU0473,Product 0473,Store B,0.0,0.0,Supplier 59,0.0,0.0,0.0
SKU0473,Product 0473,Store C,0.0,0.0,Supplier 59,0.0,0.0,0.0
SKU0473,Product 0473,Warehouse,0.0,0.0,Supplier 59,0.0,0.0,0.0
SKU0474,Product 0474,Warehouse,0.0,0.0,Supplier 59,0.0,0.0,0.0
SKU0475,Product 0475,Store A,0.0,0.0,Supplier 59,0.0,0.0,0.0
SKU0475,Product 0475,Store B,0.0,0.0,Supplier 59,0.0,0.0,0.0
SKU0475,Product 0475,Store C,0.0,0.0,Supplier 59,0.0,0.0,0.0
SKU0475,Product 0475,Warehouse,0.0,0.0,Supplier 59,0.0,0.0,0.0
SKU0476,Product 0476,Store B,0.0,0.0,Supplier 59,0.0,0.0,0.0
SKU0476,Product 0476,Warehouse,0.0,0.0,Supplier 59,0.0,0.0,0.0
SKU0477,Product 0477,Store A,0.0,0.0,Supplier 59,0.0,0.0,0.0
SKU0477,Product 0477,Store B,0.0,0.0,Supplier 59,0.0,0.0,0.0
SKU0477,Product 0477,Store C,0.0,0.0,Supplier 59,0.0,0.0,0.0
SKU0477,Product 0477,Warehouse,0.0,0.0,Supplier 59,0.0,0.0,0.0
SKU0478,Product 0478,Store A,0.0,0.0,Supplier 59,0.0,0.0,0.0
SKU0478,Product 0478,Store B,0.0,0.0,Supplier 59,0.0,0.0,0.0
SKU0478,Product 0478,Store C,0.0,0.0,Supplier 59,0.0,0.0,0.0
SKU0478,Product 0478,Warehouse,0.0,0.0,Supplier 59,0.0,0.0,0.0
SKU0479,Product 0479,Store A,0.0,0.0,Supplier 59,0.0,0.0,0.0
SKU0479,Product 0479,Store B,0.0,0.0,Supplier 59,0.0,0.0,0.0
SKU0479,Product 0479,Store C,0.0,0.0,Supplier 59,0.0,0.0,0.0
SKU0479,Product 0479,Warehouse,0.0,0.0,Supplier 59,0.0,0.0,0.0
SKU0480,Product 0480,Store A,0.0,0.0,Supplier 59,0.0,0.0,0.0
SKU0480,Product 0480,Store B,0.0,0.0,Supplier 59,0.0,0.0,0.0
SKU0480,Product 0480,Store C,0.0,0.0,Supplier 59,0.0,0.0,0.0
SKU0480,Product 0480,Warehouse,0.0,0.0,Supplier 59,0.0,0.0,0.0
SKU0481,Product 0481,Store A,0.0,0.0,Multiple suppliers,0.0,0.0,0.0
SKU0481,Product 0481,Store B,0.0,0.0,Multiple suppliers,0.0,0.0,0.0
SKU0481,Product 0481,Store C,0.0,0.0,Multiple suppliers,0.0,0.0,0.0
SKU0481,Product 0481,Warehouse,0.0,0.0,Multiple suppliers,0.0,0.0,0.0
SKU0482,Product 0482,Store A,0.0,0.0,Supplier 59,0.0,0.0,0.0
SKU0482,Product 0482,Store B,0.0,0.0,Supplier 59,0.0,0.0,0.0
SKU0482,Product 0482,Store C,0.0,0.0,Supplier 59,0.0,0.0,0.0
SKU0482,Product 0482,Warehouse,0.0,0.0,Supplier 59,0.0,0.0,0.0
SKU0483,Product 0483,Store A,0.0,0.0,Supplier 59,0.0,0.0,0.0
SKU0483,Product 0483,Store B,0.0,0.0,Supplier 59,0.0,0.0,0.0
SKU0483,Product 0483,Store C,0.0,0.0,Supplier 59,0.0,0.0,0.0
SKU0483,Product 0483,Warehouse,0.0,0.0,Supplier 59,0.0,0.0,0.0
SKU0484,Product 0484,Store A,0.0,0.0,Supplier 59,0.0,0.0,0.0
SKU0484,Product 0484,Store B,0.0,0.0,Supplier 59,0.0,0.0,0.0
SKU0484,Product 0484,Store C,0.0,0.0,Supplier 59,0.0,0.0,0.0
SKU0484,Product 0484,Warehouse,0.0,0.0,Supplier 59,0.0,0.0,0.0
SKU0485,Product 0485,Store A,0.0,0.0,Supplier 59,0.0,0.0,0.0
SKU0485,Product 0485,Store B,0.0,0.0,Supplier 59,0.0,0.0,0.0
SKU0485,Product 0485,Store C,0.0,0.0,Supplier 59,0.0,0.0,0.0
SKU0485,Product 0485,Warehouse,0.0,0.0,Supplier 59,0.0,0.0,0.0
SKU0486,Product 0486,Store A,0.0,0.0,Supplier 59,0.0,0.0,0.0
SKU0486,Product 0486,Store B,0.0,0.0,Supplier 59,0.0,0.0,0.0
SKU0486,Product 0486,Store C,0.0,0.0,Supplier 59,0.0,0.0,0.0
SKU0486,Product 0486,Warehouse,0.0,0.0,Supplier 59,0.0,0.0,0.0
SKU0487,Product 0487,Store A,0.0,0.0,Supplier 59,0.0,0.0,0.0
SKU0487,Product 0487,Store B,0.0,0.0,Supplier 59,0.0,0.0,0.0
SKU0487,Product 0487,Store C,0.0,0.0,Supplier 59,0.0,0.0,0.0
SKU0487,Product 0487,Warehouse,0.0,0.0,Supplier 59,0.0,0.0,0.0
SKU0488,Product 0488,Store A,0.0,0.0,Supplier 59,0.0,0.0,0.0
SKU0488,Product 0488,Store B,0.0,0.0,Supplier 59,0.0,0.0,0.0
SKU0488,Product 0488,Store C,0.0,0.0,Supplier 59,0.0,0.0,0.0
SKU0488,Product 0488,Warehouse,0.0,0.0,Supplier 59,0.0,0.0,0.0
SKU0489,Product 0489,Store A,0.0,0.0,Supplier 59,0.0,0.0,0.0
SKU0489,Product 0489,Store B,0.0,0.0,Supplier 59,0.0,0.0,0.0
SKU0489,Product 0489,Store C,0.0,0.0,Supplier 59,0.0,0.0,0.0
SKU0489,Product 0489,Warehouse,0.0,0.0,Supplier 59,0.0,0.0,0.0
SKU0490,Product 0490,Store A,0.0,0.0,Supplier 59,0.0,0.0,0.0
SKU0490,Product 0490,Store B,0.0,0.0,Supplier 59,0.0,0.0,0.0
SKU0490,Product 0490,Store C,0.0,0.0,Supplier 59,0.0,0.0,0.0
SKU0490,Product 0490,Warehouse,0.0,0.0,Supplier 59,0.0,0.0,0.0
SKU0491,Product 0491,Store A,0.0,0.0,Supplier 59,0.0,0.0,0.0
SKU0491,Product 0491,Store B,0.0,0.0,Supplier 59,0.0,0.0,0.0
SKU0491,Product 0491,Store C,0.0,0.0,Supplier 59,0.0,0.0,0.0
SKU0491,Product 0491,Warehouse,0.0,0.0,Supplier 59,0.0,0.0,0.0
SKU0492,Product 0492,Store A,0.0,0.0,Supplier 59,0.0,0.0,0.0
SKU0492,Product 0492,Store B,0.0,0.0,Supplier 59,0.0,0.0,0.0
SKU0492,Product 0492,Store C,0.0,0.0,Supplier 59,0.0,0.0,0.0
SKU0492,Product 0492,Warehouse,0.0,0.0,Supplier 59,0.0,0.0,0.0
SKU0493,Product 0493,Store A,0.0,0.0,Supplier 59,0.0,0.0,0.0
SKU0493,Product 0493,Store B,0.0,0.0,Supplier 59,0.0,0.0,0.0
SKU0493,Product 0493,Store C,0.0,0.0,Supplier 59,0.0,0.0,0.0
SKU0493,Product 0493,Warehouse,0.0,0.0,Supplier 59,0.0,0.0,0.0
SKU0494,Product 0494,Store A,0.0,0.0,Supplier 59,0.0,0.0,0.0
SKU0494,Product 0494,Store B,0.0,0.0,Supplier 59,0.0,0.0,0.0
SKU0494,Product 0494,Store C,0.0,0.0,Supplier 59,0.0,0.0,0.0
SKU0494,Product 0494,Warehouse,0.0,0.0,Supplier 59,0.0,0.0,0.0
SKU0495,Product 0495,Store A,0.0,0.0,Supplier 59,0.0,0.0,0.0
SKU0495,Product 0495,Store B,0.0,0.0,Supplier 59,0.0,0.0,0.0
SKU0495,Product 0495,Store C,0.0,0.0,Supplier 59,0.0,0.0,0.0
SKU0495,Product 0495,Warehouse,0.0,0.0,Supplier 59,0.0,0.0,0.0
SKU0496,Product 0496,Store A,0.0,0.0,Multiple suppliers,0.0,0.0,0.0
SKU0496,Product 0496,Store B,0.0,0.0,Multiple suppliers,0.0,0.0,0.0
SKU0496,Product 0496,Store C,0.0,0.0,Multiple suppliers,0.0,0.0,0.0
SKU0496,Product 0496,Warehouse,0.0,0.0,Multiple suppliers,0.0,0.0,0.0
SKU0497,Product 0497,Store A,0.0,0.0,Supplier 59,0.0,0.0,0.0
SKU0497,Product 0497,Store B,0.0,0.0,Supplier 59,0.0,0.0,0.0
SKU0497,Product 0497,Store C,0.0,0.0,Supplier 59,0.0,0.0,0.0
SKU0497,Product 0497,Warehouse,0.0,0.0,Supplier 59,0.0,0.0,0.0
SKU0498,Product 0498,Store A,0.0,0.0,Supplier 59,0.0,0.0,0.0
SKU0498,Product 0498,Store B,0.0,0.0,Supplier 59,0.0,0.0,0.0
SKU0498,Product 0498,Store C,0.0,0.0,Supplier 59,0.0,0.0,0.0
SKU0498,Product 0498,Warehouse,0.0,0.0,Supplier 59,0.0,0.0,0.0
SKU0499,Product 0499,Store A,0.0,0.0,Supplier 59,0.0,0.0,0.0
SKU0499,Product 0499,Store B,0.0,0.0,Supplier 59,0.0,0.0,0.0
SKU0499,Product 0499,Store C,0.0,0.0,Supplier 59,0.0,0.0,0.0
SKU0499,Product 0499,Warehouse,0.0,0.0,Supplier 59,0.0,0.0,0.0
SKU0500,Product 0500,Store A,0.0,0.0,Supplier 59,0.0,0.0,0.0
SKU0500,Product 0500,Store B,0.0,0.0,Supplier 59,0.0,0.0,0.0
SKU0500,Product 0500,Store C,0.0,0.0,Supplier 59,0.0,0.0,0.0
SKU0500,Product 0500,Warehouse,0.0,0.0,Supplier 59,0.0,0.0,0.0
SKU0501,Product 0501,Store A,0.0,0.0,Supplier 59,0.0,0.0,0.0
SKU0501,Product 0501,Store B,0.0,0.0,Supplier 59,0.0,0.0,0.0
SKU0501,Product 0501,Store C,0.0,0.0,Supplier 59,0.0,0.0,0.0
SKU0501,Product 0501,Warehouse,0.0,0.0,Supplier 59,0.0,0.0,0.0
SKU0502,Product 0502,Store A,0.0,0.0,Supplier 59,0.0,0.0,0.0
SKU0502,Product 0502,Store B,0.0,0.0,Supplier 59,0.0,0.0,0.0
SKU0502,Product 0502,Store C,0.0,0.0,Supplier 59,0.0,0.0,0.0
SKU0502,Product 0502,Warehouse,0.0,0.0,Supplier 59,0.0,0.0,0.0
SKU0503,Product 0503,Store A,0.0,0.0,Supplier 59,0.0,0.0,0.0
SKU0503,Product 0503,Store B,0.0,0.0,Supplier 59,0.0,0.0,0.0
SKU0503,Product 0503,Store C,0.0,0.0,Supplier 59,0.0,0.0,0.0
SKU0503,Product 0503,Warehouse,0.0,0.0,Supplier 59,0.0,0.0,0.0
SKU0504,Product 0504,Store A,0.0,0.0,Supplier 59,0.0,0.0,0.0
SKU0504,Product 0504,Store B,0.0,0.0,Supplier 59,0.0,0.0,0.0
SKU0504,Product 0504,Store C,0.0,0.0,Supplier 59,0.0,0.0,0.0
SKU0504,Product 0504,Warehouse,0.0,0.0,Supplier 59,0.0,0.0,0.0
SKU0505,Product 0505,Store A,0.0,0.0,Supplier 59,0.0,0.0,0.0
SKU0505,Product 0505,Store B,0.0,0.0,Supplier 59,0.0,0.0,0.0
SKU0505,Product 0505,Store C,0.0,0.0,Supplier 59,0.0,0.0,0.0
SKU0505,Product 0505,Warehouse,0.0,0.0,Supplier 59,0.0,0.0,0.0
SKU0506,Product 0506,Store A,0.0,0.0,Supplier 59,0.0,0.0,0.0
SKU0506,Product 0506,Store B,0.0,0.0,Supplier 59,0.0,0.0,0.0
SKU0506,Product 0506,Store C,0.0,0.0,Supplier 59,0.0,0.0,0.0
SKU0506,Product 0506,Warehouse,0.0,0.0,Supplier 59,0.0,0.0,0.0
SKU0507,Product 0507,Store A,0.0,0.0,Supplier 59,0.0,0.0,0.0
SKU0507,Product 0507,Store B,0.0,0.0,Supplier 59,0.0,0.0,0.0
SKU0507,Product 0507,Store C,0.0,0.0,Supplier 59,0.0,0.0,0.0
SKU0507,Product 0507,Warehouse,0.0,0.0,Supplier 59,0.0,0.0,0.0
SKU0508,Product 0508,Store A,0.0,0.0,Supplier 59,0.0,0.0,0.0
SKU0508,Product 0508,Store B,0.0,0.0,Supplier 59,0.0,0.0,0.0
SKU0508,Product 0508,Store C,0.0,0.0,Supplier 59,0.0,0.0,0.0
SKU0508,Product 0508,Warehouse,0.0,0.0,Supplier 59,0.0,0.0,0.0
SKU0509,Product 0509,Warehouse,132.0,0.7609,Supplier 57,0.0,0.0,0.0
SKU0510,Product 0510,Store A,0.0,0.0,Supplier 59,0.0,0.0,0.0
SKU0510,Product 0510,Store B,0.0,0.0,Supplier 59,0.0,0.0,0.0
SKU0510,Product 0510,Store C,0.0,0.0,Supplier 59,0.0,0.0,0.0
SKU0510,Product 0510,Warehouse,0.0,0.0,Supplier 59,0.0,0.0,0.0
SKU0511,Product 0511,Store A,0.0,0.0,Supplier 59,0.0,0.0,0.0
SKU0511,Product 0511,Store C,0.0,0.0,Supplier 59,0.0,0.0,0.0
SKU0511,Product 0511,Warehouse,0.0,0.0,Supplier 59,0.0,0.0,0.0
SKU0512,Product 0512,Store A,0.0,0.0,Supplier 59,0.0,0.0,0.0
SKU0512,Product 0512,Store B,0.0,0.0,Supplier 59,0.0,0.0,0.0
SKU0512,Product 0512,Store C,0.0,0.0,Supplier 59,0.0,0.0,0.0
SKU0512,Product 0512,Warehouse,0.0,0.0,Supplier 59,0.0,0.0,0.0
SKU0513,Product 0513,Store A,0.0,0.0,Multiple suppliers,0.0,0.0,0.0
SKU0513,Product 0513,Store B,0.0,0.0,Multiple suppliers,0.0,0.0,0.0
SKU0513,Product 0513,Store C,0.0,0.0,Multiple suppliers,0.0,0.0,0.0
SKU0513,Product 0513,Warehouse,0.0,0.0,Multiple suppliers,0.0,0.0,0.0
SKU0514,Product 0514,Store A,0.0,0.0,Supplier 59,0.0,0.0,0.0
SKU0514,Product 0514,Store C,0.0,0.0,Supplier 59,0.0,0.0,0.0
SKU0514,Product 0514,Warehouse,0.0,0.0,Supplier 59,0.0,0.0,0.0
SKU0515,Product 0515,Store A,0.0,0.0,Supplier 59,0.0,0.0,0.0
SKU0515,Product 0515,Store B,0.0,0.0,Supplier 59,0.0,0.0,0.0
SKU0515,Product 0515,Store C,0.0,0.0,Supplier 59,0.0,0.0,0.0
SKU0515,Product 0515,Warehouse,0.0,0.0,Supplier 59,0.0,0.0,0.0
SKU0516,Product 0516,Store A,0.0,0.0,Supplier 59,0.0,0.0,0.0
SKU0516,Product 0516,Store B,0.0,0.0,Supplier 59,0.0,0.0,0.0
SKU0516,Product 0516,Store C,0.0,0.0,Supplier 59,0.0,0.0,0.0
SKU0516,Product 0516,Warehouse,0.0,0.0,Supplier 59,0.0,0.0,0.0
SKU0517,Product 0517,Store A,0.0,0.0,Supplier 59,0.0,0.0,0.0
SKU0517,Product 0517,Store B,0.0,0.0,Supplier 59,0.0,0.0,0.0
SKU0517,Product 0517,Store C,0.0,0.0,Supplier 59,0.0,0.0,0.0
SKU0517,Product 0517,Warehouse,0.0,0.0,Supplier 59,0.0,0.0,0.0
SKU0518,Product 0518,Warehouse,440.0,0.2229,Multiple suppliers,0.0,0.0,0.0
SKU0519,Product 0519,Warehouse,1914.0,0.0796,Multiple suppliers,0.0,0.0,0.0
SKU0520,Product 0520,Store A,0.0,0.0,Supplier 59,0.0,0.0,0.0
SKU0520,Product 0520,Store B,0.0,0.0,Supplier 59,0.0,0.0,0.0
SKU0520,Product 0520,Store C,0.0,0.0,Supplier 59,0.0,0.0,0.0
SKU0520,Product 0520,Warehouse,0.0,0.0,Supplier 59,0.0,0.0,0.0
SKU0521,Product 0521,Store A,0.0,0.0,Supplier 59,0.0,0.0,0.0
SKU0521,Product 0521,Store B,0.0,0.0,Supplier 59,0.0,0.0,0.0
SKU0521,Product 0521,Store C,0.0,0.0,Supplier 59,0.0,0.0,0.0
SKU0521,Product 0521,Warehouse,0.0,0.0,Supplier 59,0.0,0.0,0.0
SKU0522,Product 0522,Store A,0.0,0.0,Supplier 59,0.0,0.0,0.0
SKU0522,Product 0522,Store B,0.0,0.0,Supplier 59,0.0,0.0,0.0
SKU0522,Product 0522,Store C,0.0,0.0,Supplier 59,0.0,0.0,0.0
SKU0522,Product 0522,Warehouse,0.0,0.0,Supplier 59,0.0,0.0,0.0
SKU0523,Product 0523,Store A,0.0,0.0,Supplier 59,0.0,0.0,0.0
SKU0523,Product 0523,Store B,0.0,0.0,Supplier 59,0.0,0.0,0.0
SKU0523,Product 0523,Store C,0.0,0.0,Supplier 59,0.0,0.0,0.0
SKU0523,Product 0523,Warehouse,0.0,0.0,Supplier 59,0.0,0.0,0.0
SKU0524,Product 0524,Store A,0.0,0.0,Supplier 59,0.0,0.0,0.0
SKU0524,Product 0524,Store B,0.0,0.0,Supplier 59,0.0,0.0,0.0
SKU0524,Product 0524,Store C,0.0,0.0,Supplier 59,0.0,0.0,0.0
SKU0524,Product 0524,Warehouse,0.0,0.0,Supplier 59,0.0,0.0,0.0
SKU0525,Product 0525,Store A,0.0,0.0,Supplier 59,0.0,0.0,0.0
SKU0525,Product 0525,Store B,0.0,0.0,Supplier 59,0.0,0.0,0.0
SKU0525,Product 0525,Store C,0.0,0.0,Supplier 59,0.0,0.0,0.0
SKU0525,Product 0525,Warehouse,0.0,0.0,Supplier 59,0.0,0.0,0.0
SKU0526,Product 0526,Store A,0.0,0.0,Supplier 59,0.0,0.0,0.0
SKU0526,Product 0526,Store B,0.0,0.0,Supplier 59,0.0,0.0,0.0
SKU0526,Product 0526,Store C,0.0,0.0,Supplier 59,0.0,0.0,0.0
SKU0526,Product 0526,Warehouse,0.0,0.0,Supplier 59,0.0,0.0,0.0
SKU0527,Product 0527,Store A,0.0,0.0,Supplier 59,0.0,0.0,0.0
SKU0527,Product 0527,Store B,0.0,0.0,Supplier 59,0.0,0.0,0.0
SKU0527,Product 0527,Store C,0.0,0.0,Supplier 59,0.0,0.0,0.0
SKU0527,Product 0527,Warehouse,0.0,0.0,Supplier 59,0.0,0.0,0.0
SKU0528,Product 0528,Store A,0.0,0.0,Supplier 59,0.0,0.0,0.0
SKU0528,Product 0528,Store B,0.0,0.0,Supplier 59,0.0,0.0,0.0
SKU0528,Product 0528,Warehouse,3.0,0.3735,Supplier 59,0.0,0.0,0.0
SKU0529,Product 0529,Store A,0.0,0.0,Supplier 59,0.0,0.0,0.0
SKU0529,Product 0529,Store B,0.0,0.0,Supplier 59,0.0,0.0,0.0
SKU0529,Product 0529,Store C,0.0,0.0,Supplier 59,0.0,0.0,0.0
SKU0529,Product 0529,Warehouse,0.0,0.0,Supplier 59,0.0,0.0,0.0
SKU0530,Product 0530,Store A,0.0,0.0,Supplier 59,0.0,0.0,0.0
SKU0530,Product 0530,Store B,0.0,0.0,Supplier 59,0.0,0.0,0.0
SKU0530,Product 0530,Warehouse,6.0,0.3735,Supplier 59,0.0,0.0,0.0
SKU0531,Product 0531,Store A,0.0,0.0,Supplier 59,0.0,0.0,0.0
SKU0531,Product 0531,Store B,0.0,0.0,Supplier 59,0.0,0.0,0.0
SKU0531,Product 0531,Store C,0.0,0.0,Supplier 59,0.0,0.0,0.0
SKU0531,Product 0531,Warehouse,0.0,0.0,Supplier 59,0.0,0.0,0.0
SKU0532,Product 0532,Warehouse,0.0,0.9794,Supplier 59,0.0,0.0,0.0
SKU0533,Product 0533,Store A,0.0,0.0,Supplier 59,0.0,0.0,0.0
SKU0533,Product 0533,Store B,0.0,0.0,Supplier 59,0.0,0.0,0.0
SKU0533,Product 0533,Store C,0.0,0.0,Supplier 59,0.0,0.0,0.0
SKU0533,Product 0533,Warehouse,0.0,0.0,Supplier 59,0.0,0.0,0.0
SKU0534,Product 0534,Store C,0.0,0.0,Supplier 59,0.0,0.0,0.0
SKU0534,Product 0534,Warehouse,0.0,0.0,Supplier 59,0.0,0.0,0.0
SKU0535,Product 0535,Store B,0.0,0.0,Supplier 59,0.0,0.0,0.0
SKU0535,Product 0535,Store C,0.0,0.0,Supplier 59,0.0,0.0,0.0
SKU0535,Product 0535,Warehouse,0.0,0.0,Supplier 59,0.0,0.0,0.0
SKU0536,Product 0536,Store A,0.0,0.0,Supplier 59,0.0,0.0,0.0
SKU0536,Product 0536,Store B,0.0,0.0,Supplier 59,0.0,0.0,0.0
SKU0536,Product 0536,Store C,0.0,0.0,Supplier 59,0.0,0.0,0.0
SKU0536,Product 0536,Warehouse,0.0,0.0,Supplier 59,0.0,0.0,0.0
SKU0537,Product 0537,Store A,0.0,0.0,Supplier 59,0.0,0.0,0.0
SKU0537,Product 0537,Store B,0.0,0.0,Supplier 59,0.0,0.0,0.0
SKU0537,Product 0537,Store C,0.0,0.0,Supplier 59,0.0,0.0,0.0
SKU0537,Product 0537,Warehouse,0.0,0.0,Supplier 59,0.0,0.0,0.0
SKU0538,Product 0538,Store A,0.0,0.0,Supplier 59,0.0,0.0,0.0
SKU0538,Product 0538,Store B,0.0,0.0,Supplier 59,0.0,0.0,0.0
SKU0538,Product 0538,Store C,0.0,0.0,Supplier 59,0.0,0.0,0.0
SKU0538,Product 0538,Warehouse,0.0,0.0,Supplier 59,0.0,0.0,0.0
SKU0539,Product 0539,Store A,0.0,0.0,Supplier 59,0.0,0.0,0.0
SKU0539,Product 0539,Store B,0.0,0.0,Supplier 59,0.0,0.0,0.0
SKU0539,Product 0539,Store C,0.0,0.0,Supplier 59,0.0,0.0,0.0
SKU0539,Product 0539,Warehouse,0.0,0.0,Supplier 59,0.0,0.0,0.0
SKU0540,Product 0540,Store A,0.0,0.0,Supplier 59,0.0,0.0,0.0
SKU0540,Product 0540,Store B,0.0,0.0,Supplier 59,0.0,0.0,0.0
SKU0540,Product 0540,Store C,0.0,0.0,Supplier 59,0.0,0.0,0.0
SKU0540,Product 0540,Warehouse,0.0,0.0,Supplier 59,0.0,0.0,0.0
SKU0541,Product 0541,Store A,0.0,0.0,Supplier 59,0.0,0.0,0.0
SKU0541,Product 0541,Store B,0.0,0.0,Supplier 59,0.0,0.0,0.0
SKU0541,Product 0541,Store C,0.0,0.0,Supplier 59,0.0,0.0,0.0
SKU0541,Product 0541,Warehouse,0.0,0.0,Supplier 59,0.0,0.0,0.0
SKU0542,Product 0542,Store A,0.0,0.0,Supplier 59,0.0,0.0,0.0
SKU0542,Product 0542,Store B,0.0,0.0,Supplier 59,0.0,0.0,0.0
SKU0542,Product 0542,Store C,0.0,0.0,Supplier 59,0.0,0.0,0.0
SKU0542,Product 0542,Warehouse,0.0,0.0,Supplier 59,0.0,0.0,0.0
SKU0543,Product 0543,Store A,0.0,0.0,Supplier 59,0.0,0.0,0.0
SKU0543,Product 0543,Store B,0.0,0.0,Supplier 59,0.0,0.0,0.0
SKU0543,Product 0543,Store C,0.0,0.0,Supplier 59,0.0,0.0,0.0
SKU0543,Product 0543,Warehouse,0.0,0.0,Supplier 59,0.0,0.0,0.0
SKU0544,Product 0544,Store A,0.0,0.0,Supplier 59,0.0,0.0,0.0
SKU0544,Product 0544,Store B,0.0,0.0,Supplier 59,0.0,0.0,0.0
SKU0544,Product 0544,Store C,0.0,0.0,Supplier 59,0.0,0.0,0.0
SKU0544,Product 0544,Warehouse,0.0,0.0,Supplier 59,0.0,0.0,0.0
SKU0545,Product 0545,Store A,0.0,0.0,Supplier 59,0.0,0.0,0.0
SKU0545,Product 0545,Store B,0.0,0.0,Supplier 59,0.0,0.0,0.0
SKU0545,Product 0545,Store C,0.0,0.0,Supplier 59,0.0,0.0,0.0
SKU0545,Product 0545,Warehouse,0.0,0.0,Supplier 59,0.0,0.0,0.0
SKU0546,Product 0546,Store A,0.0,0.0,Supplier 59,0.0,0.0,0.0
SKU0546,Product 0546,Store B,0.0,0.0,Supplier 59,0.0,0.0,0.0
SKU0546,Product 0546,Store C,0.0,0.0,Supplier 59,0.0,0.0,0.0
SKU0546,Product 0546,Warehouse,0.0,0.0,Supplier 59,0.0,0.0,0.0
SKU0547,Product 0547,Store A,0.0,0.0,Supplier 59,0.0,0.0,0.0
SKU0547,Product 0547,Store B,0.0,0.0,Supplier 59,0.0,0.0,0.0
SKU0547,Product 0547,Warehouse,0.0,0.0,Supplier 59,0.0,0.0,0.0
SKU0548,Product 0548,Store A,0.0,0.0,Supplier 59,0.0,0.0,0.0
SKU0548,Product 0548,Store B,0.0,0.0,Supplier 59,0.0,0.0,0.0
SKU0548,Product 0548,Warehouse,0.0,0.0,Supplier 59,0.0,0.0,0.0
SKU0549,Product 0549,Store A,0.0,0.0,Supplier 59,0.0,0.0,0.0
SKU0549,Product 0549,Store B,0.0,0.0,Supplier 59,0.0,0.0,0.0
SKU0549,Product 0549,Warehouse,0.0,0.0,Supplier 59,0.0,0.0,0.0
SKU0550,Product 0550,Store A,0.0,0.0,Supplier 59,0.0,0.0,0.0
SKU0550,Product 0550,Store B,0.0,0.0,Supplier 59,0.0,0.0,0.0
SKU0550,Product 0550,Store C,0.0,0.0,Supplier 59,0.0,0.0,0.0
SKU0550,Product 0550,Warehouse,0.0,0.0,Supplier 59,0.0,0.0,0.0
SKU0551,Product 0551,Store A,0.0,0.0,Supplier 59,0.0,0.0,0.0
SKU0551,Product 0551,Store B,0.0,0.0,Supplier 59,0.0,0.0,0.0
SKU0551,Product 0551,Store C,0.0,0.0,Supplier 59,0.0,0.0,0.0
SKU0551,Product 0551,Warehouse,0.0,0.0,Supplier 59,0.0,0.0,0.0
SKU0552,Product 0552,Store A,0.0,0.0,Supplier 59,0.0,0.0,0.0
SKU0552,Product 0552,Store B,0.0,0.0,Supplier 59,0.0,0.0,0.0
SKU0552,Product 0552,Store C,0.0,0.0,Supplier 59,0.0,0.0,0.0
SKU0552,Product 0552,Warehouse,0.0,0.0,Supplier 59,0.0,0.0,0.0
SKU0553,Product 0553,Store A,0.0,0.0,Supplier 59,0.0,0.0,0.0
SKU0553,Product 0553,Store B,0.0,0.0,Supplier 59,0.0,0.0,0.0
SKU0553,Product 0553,Store C,0.0,0.0,Supplier 59,0.0,0.0,0.0
SKU0553,Product 0553,Warehouse,0.0,0.0,Supplier 59,0.0,0.0,0.0
SKU0554,Product 0554,Store A,0.0,0.0,Supplier 59,0.0,0.0,0.0
SKU0554,Product 0554,Store B,0.0,0.0,Supplier 59,0.0,0.0,0.0
SKU0554,Product 0554,Store C,0.0,0.0,Supplier 59,0.0,0.0,0.0
SKU0554,Product 0554,Warehouse,0.0,0.0,Supplier 59,0.0,0.0,0.0
SKU0555,Product 0555,Warehouse,0.0,0.0,Supplier 29,0.0,0.0,0.0
SKU0556,Product 0556,Store A,0.0,0.0,Supplier 29,0.0,0.0,0.0
SKU0556,Product 0556,Store B,0.0,0.0,Supplier 29,0.0,0.0,0.0
SKU0556,Product 0556,Store C,0.0,0.0,Supplier 29,0.0,0.0,0.0
SKU0556,Product 0556,Warehouse,0.0,0.0,Supplier 29,0.0,0.0,0.0
SKU0557,Product 0557,Store A,0.0,0.0,Supplier 26,0.0,0.0,0.0
SKU0557,Product 0557,Store B,0.0,0.0,Supplier 26,0.0,0.0,0.0
SKU0557,Product 0557,Store C,0.0,0.0,Supplier 26,0.0,0.0,0.0
SKU0557,Product 0557,Warehouse,0.0,0.0,Supplier 26,0.0,0.0,0.0
SKU0558,Product 0558,Store A,0.0,0.0,Supplier 26,0.0,0.0,0.0
SKU0558,Product 0558,Store B,0.0,0.0,Supplier 26,0.0,0.0,0.0
SKU0558,Product 0558,Store C,0.0,0.0,Supplier 26,0.0,0.0,0.0
SKU0558,Product 0558,Warehouse,0.0,0.0,Supplier 26,0.0,0.0,0.0
SKU0559,Product 0559,Store C,0.0,0.0,Supplier 26,0.0,0.0,0.0
SKU0560,Product 0560,Store A,0.0,0.0,Supplier 29,0.0,0.0,0.0
SKU0560,Product 0560,Store B,0.0,0.0,Supplier 29,0.0,0.0,0.0
SKU0560,Product 0560,Store C,0.0,0.0,Supplier 29,0.0,0.0,0.0
SKU0560,Product 0560,Warehouse,0.0,0.0,Supplier 29,0.0,0.0,0.0
SKU0561,Product 0561,Warehouse,0.0,0.0,Supplier 40,0.0,0.0,0.0
SKU0562,Product 0562,Warehouse,0.0,0.0,Supplier 40,0.0,0.0,0.0
SKU0563,Product 0563,Store A,0.0,0.0,Supplier 47,0.0,0.0,0.0
SKU0563,Product 0563,Store B,0.0,0.0,Supplier 47,0.0,0.0,0.0
SKU0563,Product 0563,Store C,0.0,0.0,Supplier 47,0.0,0.0,0.0
SKU0563,Product 0563,Warehouse,819.0,0.0141,Supplier 47,0.0,0.0,0.0
SKU0564,Product 0564,Warehouse,0.0,0.0,Supplier 02,0.0,0.0,0.0
SKU0565,Product 0565,Store A,0.0,0.0,Multiple suppliers,0.0,0.0,0.0
SKU0565,Product 0565,Store B,0.0,0.0,Multiple suppliers,0.0,0.0,0.0
SKU0565,Product 0565,Store C,0.0,0.0,Multiple suppliers,0.0,0.0,0.0
SKU0565,Product 0565,Warehouse,0.0,0.0,Multiple suppliers,0.0,0.0,0.0
SKU0566,Product 0566,Store B,0.0,0.0,Supplier 17,0.0,0.0,0.0
SKU0566,Product 0566,Store C,0.0,0.0,Supplier 17,0.0,0.0,0.0
SKU0566,Product 0566,Warehouse,0.0,0.0,Supplier 17,0.0,0.0,0.0
SKU0567,Product 0567,Store A,0.0,0.0,Multiple suppliers,0.0,0.0,0.0
SKU0567,Product 0567,Store B,0.0,0.0,Multiple suppliers,0.0,0.0,0.0
SKU0567,Product 0567,Store C,0.0,0.0,Multiple suppliers,0.0,0.0,0.0
SKU0567,Product 0567,Warehouse,0.0,0.0,Multiple suppliers,0.0,0.0,0.0
SKU0568,Product 0568,Warehouse,0.0,0.0,Supplier 65,0.0,0.0,0.0
SKU0569,Product 0569,Warehouse,0.0,0.0,Supplier 05,0.0,0.0,0.0
SKU0570,Product 0570,Store B,0.0,0.0,Unknown supplier,0.0,0.0,0.0
SKU0570,Product 0570,Store C,0.0,0.0,Unknown supplier,0.0,0.0,0.0
SKU0570,Product 0570,Warehouse,0.0,0.0,Unknown supplier,0.0,0.0,0.0
SKU0571,Product 0571,Store A,0.0,0.0,Multiple suppliers,0.0,0.0,0.0
SKU0571,Product 0571,Store B,0.0,0.0,Multiple suppliers,0.0,0.0,0.0
SKU0571,Product 0571,Store C,0.0,0.0,Multiple suppliers,0.0,0.0,0.0
SKU0571,Product 0571,Warehouse,0.0,0.0,Multiple suppliers,0.0,0.0,0.0
SKU0572,Product 0572,Store B,0.0,0.0,Unknown supplier,0.0,0.0,0.0
SKU0572,Product 0572,Store C,0.0,0.0,Unknown supplier,0.0,0.0,0.0
SKU0572,Product 0572,Warehouse,0.0,0.0,Unknown supplier,0.0,0.0,0.0
SKU0573,Product 0573,Store A,0.0,0.0,Unknown supplier,0.0,0.0,0.0
SKU0573,Product 0573,Store B,0.0,0.0,Unknown supplier,0.0,0.0,0.0
SKU0573,Product 0573,Store C,0.0,0.0,Unknown supplier,0.0,0.0,0.0
SKU0573,Product 0573,Warehouse,0.0,0.0,Unknown supplier,0.0,0.0,0.0
SKU0574,Product 0574,Store A,0.0,0.0,Supplier 54,0.0,0.0,0.0
SKU0574,Product 0574,Store B,0.0,0.0,Supplier 54,0.0,0.0,0.0
SKU0574,Product 0574,Store C,0.0,0.0,Supplier 54,0.0,0.0,0.0
SKU0574,Product 0574,Warehouse,0.0,0.0,Supplier 54,0.0,0.0,0.0
SKU0575,Product 0575,Store B,0.0,0.0,Supplier 59,0.0,0.0,0.0
SKU0575,Product 0575,Store C,0.0,0.0,Supplier 59,0.0,0.0,0.0
SKU0575,Product 0575,Warehouse,0.0,0.0,Supplier 59,0.0,0.0,0.0
SKU0576,Product 0576,Store B,0.0,0.0,Supplier 64,0.0,0.0,0.0
SKU0576,Product 0576,Store C,0.0,0.0,Supplier 64,0.0,0.0,0.0
SKU0576,Product 0576,Warehouse,0.0,0.0,Supplier 64,0.0,0.0,0.0
SKU0577,Product 0577,Store A,0.0,0.0,Supplier 64,0.0,0.0,0.0
SKU0577,Product 0577,Store B,0.0,0.0,Supplier 64,0.0,0.0,0.0
SKU0577,Product 0577,Store C,0.0,0.0,Supplier 64,0.0,0.0,0.0
SKU0577,Product 0577,Warehouse,0.0,0.0,Supplier 64,0.0,0.0,0.0
SKU0578,Product 0578,Store A,0.0,0.0,Supplier 64,0.0,0.0,0.0
SKU0578,Product 0578,Store B,0.0,0.0,Supplier 64,0.0,0.0,0.0
SKU0578,Product 0578,Store C,0.0,0.0,Supplier 64,0.0,0.0,0.0
SKU0578,Product 0578,Warehouse,0.0,0.0,Supplier 64,0.0,0.0,0.0
SKU0579,Product 0579,Store A,0.0,0.0,Supplier 17,0.0,0.0,0.0
SKU0579,Product 0579,Store B,0.0,0.0,Supplier 17,0.0,0.0,0.0
SKU0579,Product 0579,Store C,0.0,0.0,Supplier 17,0.0,0.0,0.0
SKU0579,Product 0579,Warehouse,0.0,0.0,Supplier 17,0.0,0.0,0.0
SKU0580,Product 0580,Store B,0.0,0.0,Supplier 17,0.0,0.0,0.0
SKU0580,Product 0580,Store C,0.0,0.0,Supplier 17,0.0,0.0,0.0
SKU0580,Product 0580,Warehouse,0.0,0.0,Supplier 17,0.0,0.0,0.0
SKU0581,Product 0581,Warehouse,0.0,0.0,Supplier 14,0.0,0.0,0.0
SKU0582,Product 0582,Warehouse,0.0,0.0,Supplier 64,0.0,0.0,0.0
SKU0583,Product 0583,Warehouse,601.0,0.0251,Supplier 64,0.0,0.0,0.0
SKU0584,Product 0584,Store B,0.0,0.0,Supplier 17,0.0,0.0,0.0
SKU0584,Product 0584,Store C,0.0,0.0,Supplier 17,0.0,0.0,0.0
SKU0584,Product 0584,Warehouse,0.0,0.0,Supplier 17,0.0,0.0,0.0
SKU0585,Product 0585,Warehouse,0.0,0.0,Supplier 17,0.0,0.0,0.0
SKU0586,Product 0586,Store B,0.0,0.0,Supplier 17,0.0,0.0,0.0
SKU0586,Product 0586,Store C,0.0,0.0,Supplier 17,0.0,0.0,0.0
SKU0586,Product 0586,Warehouse,0.0,0.0,Supplier 17,0.0,0.0,0.0
SKU0587,Product 0587,Store A,0.0,0.0,Supplier 16,0.0,0.0,0.0
SKU0587,Product 0587,Store B,0.0,0.0,Supplier 16,0.0,0.0,0.0
SKU0587,Product 0587,Store C,0.0,0.0,Supplier 16,0.0,0.0,0.0
SKU0587,Product 0587,Warehouse,0.0,0.0,Supplier 16,0.0,0.0,0.0
SKU0588,Product 0588,Store A,0.0,0.0,Supplier 16,0.0,0.0,0.0
SKU0588,Product 0588,Store B,0.0,0.0,Supplier 16,0.0,0.0,0.0
SKU0588,Product 0588,Store C,0.0,0.0,Supplier 16,0.0,0.0,0.0
SKU0588,Product 0588,Warehouse,0.0,0.0,Supplier 16,0.0,0.0,0.0
SKU0589,Product 0589,Store A,0.0,0.0,Supplier 17,0.0,0.0,0.0
SKU0589,Product 0589,Store B,0.0,0.0,Supplier 17,0.0,0.0,0.0
SKU0589,Product 0589,Store C,0.0,0.0,Supplier 17,0.0,0.0,0.0
SKU0589,Product 0589,Warehouse,0.0,0.0,Supplier 17,0.0,0.0,0.0
SKU0590,Product 0590,Store A,0.0,0.0,Supplier 54,0.0,0.0,0.0
SKU0590,Product 0590,Warehouse,0.0,0.0,Supplier 54,0.0,0.0,0.0
SKU0591,Product 0591,Store A,0.0,0.0,Multiple suppliers,0.0,0.0,0.0
SKU0591,Product 0591,Store B,0.0,0.0,Multiple suppliers,0.0,0.0,0.0
SKU0591,Product 0591,Store C,0.0,0.0,Multiple suppliers,0.0,0.0,0.0
SKU0591,Product 0591,Warehouse,0.0,0.0,Multiple suppliers,0.0,0.0,0.0
SKU0592,Product 0592,Store A,0.0,0.0,Multiple suppliers,0.0,0.0,0.0
SKU0592,Product 0592,Store B,0.0,0.0,Multiple suppliers,0.0,0.0,0.0
SKU0592,Product 0592,Store C,0.0,0.0,Multiple suppliers,0.0,0.0,0.0
SKU0592,Product 0592,Warehouse,0.0,0.0,Multiple suppliers,0.0,0.0,0.0
SKU0593,Product 0593,Store B,0.0,0.0,Supplier 17,0.0,0.0,0.0
SKU0593,Product 0593,Store C,0.0,0.0,Supplier 17,0.0,0.0,0.0
SKU0593,Product 0593,Warehouse,0.0,0.0,Supplier 17,0.0,0.0,0.0
SKU0594,Product 0594,Store B,0.0,0.0,Supplier 17,0.0,0.0,0.0
SKU0594,Product 0594,Store C,0.0,0.0,Supplier 17,0.0,0.0,0.0
SKU0594,Product 0594,Warehouse,0.0,0.0,Supplier 17,0.0,0.0,0.0
SKU0595,Product 0595,Store B,0.0,0.0,Supplier 17,0.0,0.0,0.0
SKU0595,Product 0595,Store C,0.0,0.0,Supplier 17,0.0,0.0,0.0
SKU0595,Product 0595,Warehouse,0.0,0.0,Supplier 17,0.0,0.0,0.0
SKU0596,Product 0596,Store A,0.0,0.0,Multiple suppliers,0.0,0.0,0.0
SKU0596,Product 0596,Store B,0.0,0.0,Multiple suppliers,0.0,0.0,0.0
SKU0596,Product 0596,Store C,0.0,0.0,Multiple suppliers,0.0,0.0,0.0
SKU0596,Product 0596,Warehouse,0.0,0.0,Multiple suppliers,0.0,0.0,0.0
SKU0597,Product 0597,Store C,0.0,0.0,Supplier 17,0.0,0.0,0.0
SKU0598,Product 0598,Store A,0.0,0.0,Supplier 17,0.0,0.0,0.0
SKU0598,Product 0598,Store B,0.0,0.0,Supplier 17,0.0,0.0,0.0
SKU0598,Product 0598,Store C,0.0,0.0,Supplier 17,0.0,0.0,0.0
SKU0598,Product 0598,Warehouse,0.0,0.0,Supplier 17,0.0,0.0,0.0
SKU0599,Product 0599,Warehouse,0.0,0.0,Supplier 17,0.0,0.0,0.0
SKU0600,Product 0600,Warehouse,0.0,0.0,Supplier 17,0.0,0.0,0.0
SKU0601,Product 0601,Store A,0.0,0.0,Supplier 17,0.0,0.0,0.0
SKU0601,Product 0601,Store B,0.0,0.0,Supplier 17,0.0,0.0,0.0
SKU0601,Product 0601,Store C,0.0,0.0,Supplier 17,0.0,0.0,0.0
SKU0601,Product 0601,Warehouse,0.0,0.0,Supplier 17,0.0,0.0,0.0
SKU0602,Product 0602,Store B,0.0,0.0,Supplier 17,0.0,0.0,0.0
SKU0602,Product 0602,Store C,0.0,0.0,Supplier 17,0.0,0.0,0.0
SKU0602,Product 0602,Warehouse,0.0,0.0,Supplier 17,0.0,0.0,0.0
SKU0603,Product 0603,Warehouse,0.0,0.0,Supplier 17,0.0,0.0,0.0
SKU0604,Product 0604,Store C,0.0,0.0,Supplier 17,0.0,0.0,0.0
SKU0605,Product 0605,Store A,0.0,0.0,Supplier 17,0.0,0.0,0.0
SKU0605,Product 0605,Store B,0.0,0.0,Supplier 17,0.0,0.0,0.0
SKU0605,Product 0605,Store C,0.0,0.0,Supplier 17,0.0,0.0,0.0
SKU0605,Product 0605,Warehouse,0.0,0.0,Supplier 17,0.0,0.0,0.0
SKU0606,Product 0606,Store A,0.0,0.0,Supplier 18,0.0,0.0,0.0
SKU0606,Product 0606,Store B,0.0,0.0,Supplier 18,0.0,0.0,0.0
SKU0606,Product 0606,Store C,0.0,0.0,Supplier 18,0.0,0.0,0.0
SKU0606,Product 0606,Warehouse,0.0,0.0,Supplier 18,0.0,0.0,0.0
SKU0607,Product 0607,Store A,0.0,0.0,Supplier 17,0.0,0.0,0.0
SKU0607,Product 0607,Store B,0.0,0.0,Supplier 17,0.0,0.0,0.0
SKU0607,Product 0607,Store C,0.0,0.0,Supplier 17,0.0,0.0,0.0
SKU0607,Product 0607,Warehouse,0.0,0.0,Supplier 17,0.0,0.0,0.0
SKU0608,Product 0608,Store A,0.0,0.0,Supplier 17,0.0,0.0,0.0
SKU0608,Product 0608,Store B,0.0,0.0,Supplier 17,0.0,0.0,0.0
SKU0608,Product 0608,Store C,0.0,0.0,Supplier 17,0.0,0.0,0.0
SKU0608,Product 0608,Warehouse,0.0,0.0,Supplier 17,0.0,0.0,0.0
SKU0609,Product 0609,Store A,0.0,0.0,Supplier 17,0.0,0.0,0.0
SKU0609,Product 0609,Store B,0.0,0.0,Supplier 17,0.0,0.0,0.0
SKU0609,Product 0609,Store C,0.0,0.0,Supplier 17,0.0,0.0,0.0
SKU0609,Product 0609,Warehouse,0.0,0.0,Supplier 17,0.0,0.0,0.0
SKU0610,Product 0610,Store A,0.0,0.0,Supplier 17,0.0,0.0,0.0
SKU0610,Product 0610,Store B,0.0,0.0,Supplier 17,0.0,0.0,0.0
SKU0610,Product 0610,Store C,0.0,0.0,Supplier 17,0.0,0.0,0.0
SKU0610,Product 0610,Warehouse,0.0,0.0,Supplier 17,0.0,0.0,0.0
SKU0611,Product 0611,Store A,0.0,0.0,Multiple suppliers,0.0,0.0,0.0
SKU0611,Product 0611,Store B,0.0,0.0,Multiple suppliers,0.0,0.0,0.0
SKU0611,Product 0611,Store C,0.0,0.0,Multiple suppliers,0.0,0.0,0.0
SKU0611,Product 0611,Warehouse,0.0,0.0,Multiple suppliers,0.0,0.0,0.0
SKU0612,Product 0612,Warehouse,0.0,0.0,Supplier 17,0.0,0.0,0.0
SKU0613,Product 0613,Store B,0.0,0.0,Multiple suppliers,0.0,0.0,0.0
SKU0613,Product 0613,Store C,0.0,0.0,Multiple suppliers,0.0,0.0,0.0
SKU0613,Product 0613,Warehouse,0.0,0.0,Multiple suppliers,0.0,0.0,0.0
SKU0614,Product 0614,Store A,0.0,0.0,Supplier 17,0.0,0.0,0.0
SKU0614,Product 0614,Store B,0.0,0.0,Supplier 17,0.0,0.0,0.0
SKU0614,Product 0614,Store C,0.0,0.0,Supplier 17,0.0,0.0,0.0
SKU0614,Product 0614,Warehouse,0.0,0.0,Supplier 17,0.0,0.0,0.0
SKU0615,Product 0615,Store A,0.0,0.0,Supplier 17,0.0,0.0,0.0
SKU0615,Product 0615,Store B,0.0,0.0,Supplier 17,0.0,0.0,0.0
SKU0615,Product 0615,Store C,0.0,0.0,Supplier 17,0.0,0.0,0.0
SKU0615,Product 0615,Warehouse,0.0,0.0,Supplier 17,0.0,0.0,0.0
SKU0616,Product 0616,Warehouse,0.0,0.0,Supplier 17,0.0,0.0,0.0
SKU0617,Product 0617,Store C,0.0,0.0,Supplier 17,0.0,0.0,0.0
SKU0618,Product 0618,Store A,0.0,0.0,Supplier 17,0.0,0.0,0.0
SKU0618,Product 0618,Store B,0.0,0.0,Supplier 17,0.0,0.0,0.0
SKU0618,Product 0618,Store C,0.0,0.0,Supplier 17,0.0,0.0,0.0
SKU0618,Product 0618,Warehouse,0.0,0.0,Supplier 17,0.0,0.0,0.0
SKU0619,Product 0619,Store B,0.0,0.0,Supplier 17,0.0,0.0,0.0
SKU0619,Product 0619,Store C,0.0,0.0,Supplier 17,0.0,0.0,0.0
SKU0619,Product 0619,Warehouse,0.0,0.0,Supplier 17,0.0,0.0,0.0
SKU0620,Product 0620,Store A,0.0,0.0,Supplier 26,0.0,0.0,0.0
SKU0620,Product 0620,Store B,0.0,0.0,Supplier 26,0.0,0.0,0.0
SKU0620,Product 0620,Store C,0.0,0.0,Supplier 26,0.0,0.0,0.0
SKU0620,Product 0620,Warehouse,0.0,0.0,Supplier 26,0.0,0.0,0.0
SKU0621,Product 0621,Store C,0.0,0.0,Supplier 26,0.0,0.0,0.0
SKU0622,Product 0622,Store C,0.0,0.0,Supplier 17,0.0,0.0,0.0
SKU0622,Product 0622,Warehouse,0.0,0.0,Supplier 17,0.0,0.0,0.0
SKU0623,Product 0623,Store A,0.0,0.0,Supplier 59,0.0,0.0,0.0
SKU0623,Product 0623,Store B,0.0,0.0,Supplier 59,0.0,0.0,0.0
SKU0623,Product 0623,Store C,0.0,0.0,Supplier 59,0.0,0.0,0.0
SKU0623,Product 0623,Warehouse,0.0,0.0,Supplier 59,0.0,0.0,0.0
SKU0624,Product 0624,Store A,0.0,0.0,Supplier 17,0.0,0.0,0.0
SKU0624,Product 0624,Store B,0.0,0.0,Supplier 17,0.0,0.0,0.0
SKU0624,Product 0624,Store C,0.0,0.0,Supplier 17,0.0,0.0,0.0
SKU0624,Product 0624,Warehouse,0.0,0.0,Supplier 17,0.0,0.0,0.0
SKU0625,Product 0625,Store C,0.0,0.0,Supplier 17,0.0,0.0,0.0
SKU0626,Product 0626,Store B,0.0,0.0,Supplier 59,0.0,0.0,0.0
SKU0626,Product 0626,Store C,0.0,0.0,Supplier 59,0.0,0.0,0.0
SKU0626,Product 0626,Warehouse,0.0,0.0,Supplier 59,0.0,0.0,0.0
SKU0627,Product 0627,Store C,0.0,0.0,Supplier 59,0.0,0.0,0.0
SKU0628,Product 0628,Store A,0.0,0.0,Supplier 59,0.0,0.0,0.0
SKU0628,Product 0628,Store B,0.0,0.0,Supplier 59,0.0,0.0,0.0
SKU0628,Product 0628,Store C,0.0,0.0,Supplier 59,0.0,0.0,0.0
SKU0628,Product 0628,Warehouse,0.0,0.0,Supplier 59,0.0,0.0,0.0
SKU0629,Product 0629,Store A,0.0,0.0,Supplier 16,0.0,0.0,0.0
SKU0629,Product 0629,Store B,0.0,0.0,Supplier 16,0.0,0.0,0.0
SKU0629,Product 0629,Store C,0.0,0.0,Supplier 16,0.0,0.0,0.0
SKU0629,Product 0629,Warehouse,0.0,0.0,Supplier 16,0.0,0.0,0.0
SKU0630,Product 0630,Store A,0.0,0.0,Supplier 16,0.0,0.0,0.0
SKU0630,Product 0630,Store B,0.0,0.0,Supplier 16,0.0,0.0,0.0
SKU0630,Product 0630,Store C,0.0,0.0,Supplier 16,0.0,0.0,0.0
SKU0630,Product 0630,Warehouse,0.0,0.0,Supplier 16,0.0,0.0,0.0
SKU0631,Product 0631,Warehouse,0.0,0.0,Supplier 16,0.0,0.0,0.0
SKU0632,Product 0632,Store A,0.0,0.0,Supplier 02,0.0,0.0,0.0
SKU0632,Product 0632,Store B,0.0,0.0,Supplier 02,0.0,0.0,0.0
SKU0632,Product 0632,Store C,0.0,0.0,Supplier 02,0.0,0.0,0.0
SKU0632,Product 0632,Warehouse,0.0,0.0,Supplier 02,0.0,0.0,0.0
SKU0633,Product 0633,Warehouse,108.0,0.7968,Supplier 02,0.0,0.0,0.0
SKU0634,Product 0634,Warehouse,0.0,0.0,Supplier 02,0.0,0.0,0.0
SKU0635,Product 0635,Warehouse,0.0,0.7138,Supplier 02,0.0,0.0,0.0
SKU0636,Product 0636,Store A,0.0,0.0,Supplier 02,0.0,0.0,0.0
SKU0636,Product 0636,Store B,0.0,0.0,Supplier 02,0.0,0.0,0.0
SKU0636,Product 0636,Store C,0.0,0.0,Supplier 02,0.0,0.0,0.0
SKU0636,Product 0636,Warehouse,0.0,0.0,Supplier 02,0.0,0.0,0.0
SKU0637,Product 0637,Store A,0.0,0.0,Supplier 02,0.0,0.0,0.0
SKU0637,Product 0637,Store B,0.0,0.0,Supplier 02,0.0,0.0,0.0
SKU0637,Product 0637,Store C,0.0,0.0,Supplier 02,0.0,0.0,0.0
SKU0637,Product 0637,Warehouse,0.0,0.0,Supplier 02,0.0,0.0,0.0
SKU0638,Product 0638,Store A,0.0,0.0,Supplier 02,0.0,0.0,0.0
SKU0638,Product 0638,Store B,0.0,0.0,Supplier 02,0.0,0.0,0.0
SKU0638,Product 0638,Store C,0.0,0.0,Supplier 02,0.0,0.0,0.0
SKU0638,Product 0638,Warehouse,0.0,0.0,Supplier 02,0.0,0.0,0.0
SKU0639,Product 0639,Store C,11.0,0.5978,Supplier 02,0.0,0.0,0.0
SKU0639,Product 0639,Warehouse,0.0,0.5976,Supplier 02,0.0,0.0,0.0
SKU0640,Product 0640,Warehouse,48.0,0.6201,Supplier 02,0.0,0.0,0.0
SKU0641,Product 0641,Store A,0.0,0.0,Supplier 16,0.0,0.0,0.0
SKU0641,Product 0641,Store B,0.0,0.0,Supplier 16,0.0,0.0,0.0
SKU0641,Product 0641,Store C,0.0,0.0,Supplier 16,0.0,0.0,0.0
SKU0641,Product 0641,Warehouse,0.0,0.0,Supplier 16,0.0,0.0,0.0
SKU0642,Product 0642,Store A,0.0,0.0,Supplier 16,0.0,0.0,0.0
SKU0642,Product 0642,Store B,0.0,0.0,Supplier 16,0.0,0.0,0.0
SKU0642,Product 0642,Store C,0.0,0.0,Supplier 16,0.0,0.0,0.0
SKU0642,Product 0642,Warehouse,0.0,0.0,Supplier 16,0.0,0.0,0.0
SKU0643,Product 0643,Store A,0.0,0.0,Supplier 16,0.0,0.0,0.0
SKU0643,Product 0643,Store B,0.0,0.0,Supplier 16,0.0,0.0,0.0
SKU0643,Product 0643,Store C,0.0,0.0,Supplier 16,0.0,0.0,0.0
SKU0643,Product 0643,Warehouse,0.0,0.0,Supplier 16,0.0,0.0,0.0
SKU0644,Product 0644,Warehouse,0.0,0.0,Supplier 16,0.0,0.0,0.0
SKU0645,Product 0645,Store A,0.0,0.0,Supplier 64,0.0,0.0,0.0
SKU0645,Product 0645,Store B,0.0,0.0,Supplier 64,0.0,0.0,0.0
SKU0645,Product 0645,Store C,0.0,0.0,Supplier 64,0.0,0.0,0.0
SKU0645,Product 0645,Warehouse,0.0,0.0,Supplier 64,0.0,0.0,0.0
SKU0646,Product 0646,Store A,0.0,0.0,Supplier 16,0.0,0.0,0.0
SKU0646,Product 0646,Store B,0.0,0.0,Supplier 16,0.0,0.0,0.0
SKU0646,Product 0646,Store C,0.0,0.0,Supplier 16,0.0,0.0,0.0
SKU0646,Product 0646,Warehouse,0.0,0.0,Supplier 16,0.0,0.0,0.0
SKU0647,Product 0647,Store A,0.0,0.0,Supplier 16,0.0,0.0,0.0
SKU0647,Product 0647,Store B,0.0,0.0,Supplier 16,0.0,0.0,0.0
SKU0647,Product 0647,Store C,0.0,0.0,Supplier 16,0.0,0.0,0.0
SKU0647,Product 0647,Warehouse,0.0,0.0,Supplier 16,0.0,0.0,0.0
SKU0648,Product 0648,Store A,0.0,0.0,Supplier 16,0.0,0.0,0.0
SKU0648,Product 0648,Store B,0.0,0.0,Supplier 16,0.0,0.0,0.0
SKU0648,Product 0648,Store C,0.0,0.0,Supplier 16,0.0,0.0,0.0
SKU0648,Product 0648,Warehouse,0.0,0.0,Supplier 16,0.0,0.0,0.0
SKU0649,Product 0649,Store A,0.0,0.0,Supplier 16,0.0,0.0,0.0
SKU0649,Product 0649,Store B,0.0,0.0,Supplier 16,0.0,0.0,0.0
SKU0649,Product 0649,Store C,0.0,0.0,Supplier 16,0.0,0.0,0.0
SKU0649,Product 0649,Warehouse,0.0,0.0,Supplier 16,0.0,0.0,0.0
SKU0650,Product 0650,Store A,0.0,0.0,Supplier 02,0.0,0.0,0.0
SKU0650,Product 0650,Store B,0.0,0.0,Supplier 02,0.0,0.0,0.0
SKU0650,Product 0650,Store C,0.0,0.0,Supplier 02,0.0,0.0,0.0
SKU0650,Product 0650,Warehouse,0.0,0.0,Supplier 02,0.0,0.0,0.0
SKU0651,Product 0651,Store B,0.0,0.0,Supplier 02,0.0,0.0,0.0
SKU0651,Product 0651,Store C,0.0,0.0,Supplier 02,0.0,0.0,0.0
SKU0651,Product 0651,Warehouse,0.0,0.0,Supplier 02,0.0,0.0,0.0
SKU0652,Product 0652,Warehouse,0.0,0.4084,Supplier 02,0.0,0.0,0.0
SKU0653,Product 0653,Warehouse,264.0,0.4067,Supplier 02,0.0,0.0,0.0
SKU0654,Product 0654,Warehouse,168.0,0.3835,Supplier 02,0.0,0.0,0.0
SKU0655,Product 0655,Warehouse,60.0,0.4324,Supplier 02,0.0,0.0,0.0
SKU0656,Product 0656,Store A,0.0,0.0,Supplier 16,0.0,0.0,0.0
SKU0656,Product 0656,Store B,0.0,0.0,Supplier 16,0.0,0.0,0.0
SKU0656,Product 0656,Warehouse,0.0,0.0,Supplier 16,0.0,0.0,0.0
SKU0657,Product 0657,Warehouse,0.0,0.0,Supplier 54,0.0,0.0,0.0
SKU0658,Product 0658,Warehouse,0.0,0.0,Supplier 16,0.0,0.0,0.0
SKU0659,Product 0659,Warehouse,0.0,0.0,Supplier 16,0.0,0.0,0.0
SKU0660,Product 0660,Warehouse,0.0,0.0,Supplier 16,0.0,0.0,0.0
SKU0661,Product 0661,Warehouse,0.0,0.0,Supplier 16,0.0,0.0,0.0
SKU0662,Product 0662,Store A,0.0,0.0,Supplier 16,0.0,0.0,0.0
SKU0662,Product 0662,Store B,0.0,0.0,Supplier 16,0.0,0.0,0.0
SKU0662,Product 0662,Store C,0.0,0.0,Supplier 16,0.0,0.0,0.0
SKU0662,Product 0662,Warehouse,0.0,0.0,Supplier 16,0.0,0.0,0.0
SKU0663,Product 0663,Store A,0.0,0.0,Supplier 16,0.0,0.0,0.0
SKU0663,Product 0663,Store B,0.0,0.0,Supplier 16,0.0,0.0,0.0
SKU0663,Product 0663,Store C,0.0,0.0,Supplier 16,0.0,0.0,0.0
SKU0663,Product 0663,Warehouse,0.0,0.0,Supplier 16,0.0,0.0,0.0
SKU0664,Product 0664,Warehouse,0.0,0.0,Supplier 61,0.0,0.0,0.0
SKU0665,Product 0665,Store A,0.0,0.0,Supplier 61,0.0,0.0,0.0
SKU0665,Product 0665,Store B,0.0,0.0,Supplier 61,0.0,0.0,0.0
SKU0665,Product 0665,Store C,0.0,0.0,Supplier 61,0.0,0.0,0.0
SKU0665,Product 0665,Warehouse,0.0,0.0,Supplier 61,0.0,0.0,0.0
SKU0666,Product 0666,Warehouse,0.0,1.9123,Supplier 61,0.0,0.0,0.0
SKU0667,Product 0667,Store A,0.0,0.0,Supplier 61,0.0,0.0,0.0
SKU0667,Product 0667,Warehouse,0.0,0.0,Supplier 61,0.0,0.0,0.0
SKU0668,Product 0668,Warehouse,0.0,1.9123,Supplier 61,0.0,0.0,0.0
SKU0669,Product 0669,Store C,0.0,0.0,Supplier 59,0.0,0.0,0.0
SKU0669,Product 0669,Warehouse,0.0,0.0,Supplier 59,0.0,0.0,0.0
SKU0670,Product 0670,Store B,0.0,0.0,Supplier 16,0.0,0.0,0.0
SKU0670,Product 0670,Warehouse,0.0,0.0,Supplier 16,0.0,0.0,0.0
SKU0671,Product 0671,Store B,0.0,0.0,Supplier 16,0.0,0.0,0.0
SKU0671,Product 0671,Store C,0.0,0.0,Supplier 16,0.0,0.0,0.0
SKU0671,Product 0671,Warehouse,0.0,0.0,Supplier 16,0.0,0.0,0.0
SKU0672,Product 0672,Store B,0.0,0.0,Supplier 42,0.0,0.0,0.0
SKU0672,Product 0672,Store C,0.0,0.0,Supplier 42,0.0,0.0,0.0
SKU0672,Product 0672,Warehouse,0.0,0.0,Supplier 42,0.0,0.0,0.0
SKU0673,Product 0673,Store B,0.0,0.0,Supplier 69,0.0,0.0,0.0
SKU0673,Product 0673,Store C,0.0,0.0,Supplier 69,0.0,0.0,0.0
SKU0673,Product 0673,Warehouse,0.0,0.0,Supplier 69,0.0,0.0,0.0
SKU0674,Product 0674,Store A,0.0,0.0,Supplier 02,0.0,0.0,0.0
SKU0674,Product 0674,Store B,0.0,0.0,Supplier 02,0.0,0.0,0.0
SKU0674,Product 0674,Store C,0.0,0.0,Supplier 02,0.0,0.0,0.0
SKU0674,Product 0674,Warehouse,0.0,0.0,Supplier 02,0.0,0.0,0.0
SKU0675,Product 0675,Store A,0.0,0.0,Supplier 74,0.0,0.0,0.0
SKU0675,Product 0675,Store B,0.0,0.0,Supplier 74,0.0,0.0,0.0
SKU0675,Product 0675,Store C,0.0,0.0,Supplier 74,0.0,0.0,0.0
SKU0675,Product 0675,Warehouse,0.0,0.0,Supplier 74,0.0,0.0,0.0
SKU0676,Product 0676,Store A,0.0,0.0,Multiple suppliers,0.0,0.0,0.0
SKU0676,Product 0676,Store B,0.0,0.0,Multiple suppliers,0.0,0.0,0.0
SKU0676,Product 0676,Store C,0.0,0.0,Multiple suppliers,0.0,0.0,0.0
SKU0676,Product 0676,Warehouse,0.0,0.0,Multiple suppliers,0.0,0.0,0.0
SKU0677,Product 0677,Store A,0.0,0.0,Supplier 74,0.0,0.0,0.0
SKU0677,Product 0677,Store B,0.0,0.0,Supplier 74,0.0,0.0,0.0
SKU0677,Product 0677,Store C,0.0,0.0,Supplier 74,0.0,0.0,0.0
SKU0677,Product 0677,Warehouse,0.0,0.0,Supplier 74,0.0,0.0,0.0
SKU0678,Product 0678,Warehouse,0.0,0.0,Supplier 02,0.0,0.0,0.0
SKU0679,Product 0679,Warehouse,0.0,0.498,Supplier 02,0.0,0.0,0.0
SKU0680,Product 0680,Warehouse,0.0,0.0,Supplier 02,0.0,0.0,0.0
SKU0681,Product 0681,Warehouse,48.0,0.3826,Supplier 02,0.0,0.0,0.0
SKU0682,Product 0682,Warehouse,18.0,0.3154,Supplier 66,0.0,0.0,0.0
SKU0683,Product 0683,Store A,0.0,0.0,Supplier 02,0.0,0.0,0.0
SKU0683,Product 0683,Store B,0.0,0.0,Supplier 02,0.0,0.0,0.0
SKU0683,Product 0683,Store C,0.0,0.0,Supplier 02,0.0,0.0,0.0
SKU0683,Product 0683,Warehouse,0.0,0.0,Supplier 02,0.0,0.0,0.0
SKU0684,Product 0684,Store A,0.0,0.0,Supplier 02,0.0,0.0,0.0
SKU0684,Product 0684,Store B,0.0,0.0,Supplier 02,0.0,0.0,0.0
SKU0684,Product 0684,Store C,0.0,0.0,Supplier 02,0.0,0.0,0.0
SKU0684,Product 0684,Warehouse,0.0,0.0,Supplier 02,0.0,0.0,0.0
SKU0685,Product 0685,Store A,0.0,0.0,Supplier 32,0.0,0.0,0.0
SKU0685,Product 0685,Store B,0.0,0.0,Supplier 32,0.0,0.0,0.0
SKU0685,Product 0685,Store C,0.0,0.0,Supplier 32,0.0,0.0,0.0
SKU0685,Product 0685,Warehouse,0.0,0.0,Supplier 32,0.0,0.0,0.0
SKU0686,Product 0686,Store A,0.0,0.0,Supplier 21,0.0,0.0,0.0
SKU0686,Product 0686,Store B,0.0,0.0,Supplier 21,0.0,0.0,0.0
SKU0686,Product 0686,Store C,0.0,0.0,Supplier 21,0.0,0.0,0.0
SKU0686,Product 0686,Warehouse,0.0,0.0,Supplier 21,0.0,0.0,0.0
SKU0687,Product 0687,Store C,0.0,0.0,Supplier 47,0.0,0.0,0.0
SKU0687,Product 0687,Warehouse,0.0,0.0,Supplier 47,0.0,0.0,0.0
SKU0688,Product 0688,Warehouse,90.0,0.3586,Multiple suppliers,0.0,0.0,0.0
SKU0689,Product 0689,Store A,0.0,0.0,Supplier 02,0.0,0.0,0.0
SKU0689,Product 0689,Store B,0.0,0.0,Supplier 02,0.0,0.0,0.0
SKU0689,Product 0689,Store C,0.0,0.0,Supplier 02,0.0,0.0,0.0
SKU0689,Product 0689,Warehouse,0.0,0.0,Supplier 02,0.0,0.0,0.0
SKU0690,Product 0690,Store A,0.0,0.0,Supplier 02,0.0,0.0,0.0
SKU0690,Product 0690,Store B,0.0,0.0,Supplier 02,0.0,0.0,0.0
SKU0690,Product 0690,Store C,0.0,0.0,Supplier 02,0.0,0.0,0.0
SKU0690,Product 0690,Warehouse,0.0,0.0,Supplier 02,0.0,0.0,0.0
SKU0691,Product 0691,Store A,0.0,0.0,Supplier 02,0.0,0.0,0.0
SKU0691,Product 0691,Store B,0.0,0.0,Supplier 02,0.0,0.0,0.0
SKU0691,Product 0691,Store C,0.0,0.0,Supplier 02,0.0,0.0,0.0
SKU0691,Product 0691,Warehouse,0.0,0.0,Supplier 02,0.0,0.0,0.0
SKU0692,Product 0692,Warehouse,142.0,0.21,Supplier 02,0.0,0.0,0.0
SKU0693,Product 0693,Warehouse,288.0,0.3527,Supplier 02,0.0,0.0,0.0
SKU0694,Product 0694,Warehouse,252.0,0.2158,Supplier 02,0.0,0.0,0.0
SKU0695,Product 0695,Store A,0.0,0.0,Supplier 29,0.0,0.0,0.0
SKU0695,Product 0695,Store B,0.0,0.0,Supplier 29,0.0,0.0,0.0
SKU0695,Product 0695,Store C,0.0,0.0,Supplier 29,0.0,0.0,0.0
SKU0695,Product 0695,Warehouse,0.0,0.0,Supplier 29,0.0,0.0,0.0
SKU0696,Product 0696,Store C,0.0,0.0,Supplier 64,0.0,0.0,0.0
SKU0696,Product 0696,Warehouse,0.0,0.0,Supplier 64,0.0,0.0,0.0
SKU0697,Product 0697,Store A,0.0,0.0,Supplier 64,0.0,0.0,0.0
SKU0697,Product 0697,Store B,0.0,0.0,Supplier 64,0.0,0.0,0.0
SKU0697,Product 0697,Store C,0.0,0.0,Supplier 64,0.0,0.0,0.0
SKU0697,Product 0697,Warehouse,0.0,0.0,Supplier 64,0.0,0.0,0.0
SKU0698,Product 0698,Warehouse,0.0,0.6032,Supplier 05,0.0,0.0,0.0
SKU0699,Product 0699,Store B,0.0,0.0,Supplier 64,0.0,0.0,0.0
SKU0699,Product 0699,Store C,0.0,0.0,Supplier 64,0.0,0.0,0.0
SKU0699,Product 0699,Warehouse,0.0,0.0,Supplier 64,0.0,0.0,0.0
SKU0700,Product 0700,Store A,0.0,0.0,Supplier 64,0.0,0.0,0.0
SKU0700,Product 0700,Store B,0.0,0.0,Supplier 64,0.0,0.0,0.0
SKU0700,Product 0700,Store C,0.0,0.0,Supplier 64,0.0,0.0,0.0
SKU0700,Product 0700,Warehouse,0.0,0.0,Supplier 64,0.0,0.0,0.0
SKU0701,Product 0701,Store C,0.0,0.0,Supplier 17,0.0,0.0,0.0
SKU0702,Product 0702,Warehouse,96.0,0.3503,Supplier 02,0.0,0.0,0.0
SKU0703,Product 0703,Store A,0.0,0.0,Supplier 02,0.0,0.0,0.0
SKU0703,Product 0703,Store C,0.0,0.0,Supplier 02,0.0,0.0,0.0
SKU0703,Product 0703,Warehouse,0.0,0.0,Supplier 02,0.0,0.0,0.0
SKU0704,Product 0704,Store A,0.0,0.0,Supplier 64,0.0,0.0,0.0
SKU0704,Product 0704,Store B,0.0,0.0,Supplier 64,0.0,0.0,0.0
SKU0704,Product 0704,Store C,0.0,0.0,Supplier 64,0.0,0.0,0.0
SKU0704,Product 0704,Warehouse,0.0,0.0,Supplier 64,0.0,0.0,0.0
SKU0705,Product 0705,Store A,0.0,0.0,Supplier 32,0.0,0.0,0.0
SKU0705,Product 0705,Store B,0.0,0.0,Supplier 32,0.0,0.0,0.0
SKU0705,Product 0705,Store C,0.0,0.0,Supplier 32,0.0,0.0,0.0
SKU0705,Product 0705,Warehouse,0.0,0.0,Supplier 32,0.0,0.0,0.0
SKU0706,Product 0706,Store A,0.0,0.0,Supplier 72,0.0,0.0,0.0
SKU0706,Product 0706,Store B,0.0,0.0,Supplier 72,0.0,0.0,0.0
SKU0706,Product 0706,Store C,0.0,0.0,Supplier 72,0.0,0.0,0.0
SKU0706,Product 0706,Warehouse,0.0,0.0,Supplier 72,0.0,0.0,0.0
SKU0707,Product 0707,Store A,0.0,0.0,Supplier 59,0.0,0.0,0.0
SKU0707,Product 0707,Store B,0.0,0.0,Supplier 59,0.0,0.0,0.0
SKU0707,Product 0707,Store C,0.0,0.0,Supplier 59,0.0,0.0,0.0
SKU0707,Product 0707,Warehouse,0.0,0.0,Supplier 59,0.0,0.0,0.0
SKU0708,Product 0708,Warehouse,0.0,0.0,Supplier 02,0.0,0.0,0.0
SKU0709,Product 0709,Warehouse,0.0,0.0,Supplier 02,0.0,0.0,0.0
SKU0710,Product 0710,Warehouse,60.0,0.3154,Supplier 02,0.0,0.0,0.0
SKU0711,Product 0711,Warehouse,0.0,0.0,Supplier 02,0.0,0.0,0.0
SKU0712,Product 0712,Warehouse,0.0,0.0,Supplier 02,0.0,0.0,0.0
SKU0713,Product 0713,Warehouse,0.0,0.0,Supplier 02,0.0,0.0,0.0
SKU0714,Product 0714,Store C,0.0,0.0,Unknown supplier,0.0,0.0,0.0
SKU0715,Product 0715,Warehouse,12.0,0.7387,Supplier 05,0.0,0.0,0.0
SKU0716,Product 0716,Store B,6.0,3.6105,Supplier 54,0.0,0.0,0.0
SKU0716,Product 0716,Warehouse,0.0,0.0,Supplier 54,0.0,0.0,0.0
SKU0717,Product 0717,Store A,0.0,0.0,Supplier 27,0.0,0.0,0.0
SKU0717,Product 0717,Store B,0.0,0.0,Supplier 27,0.0,0.0,0.0
SKU0717,Product 0717,Store C,0.0,0.0,Supplier 27,0.0,0.0,0.0
SKU0717,Product 0717,Warehouse,0.0,0.0,Supplier 27,0.0,0.0,0.0
SKU0718,Product 0718,Store A,0.0,0.0,Supplier 49,0.0,0.0,0.0
SKU0718,Product 0718,Store B,0.0,0.0,Supplier 49,0.0,0.0,0.0
SKU0718,Product 0718,Store C,0.0,0.0,Supplier 49,0.0,0.0,0.0
SKU0718,Product 0718,Warehouse,0.0,0.0,Supplier 49,0.0,0.0,0.0
SKU0719,Product 0719,Store A,0.0,0.0,Supplier 49,0.0,0.0,0.0
SKU0719,Product 0719,Store B,0.0,0.0,Supplier 49,0.0,0.0,0.0
SKU0719,Product 0719,Store C,0.0,0.0,Supplier 49,0.0,0.0,0.0
SKU0719,Product 0719,Warehouse,0.0,0.0,Supplier 49,0.0,0.0,0.0
SKU0720,Product 0720,Store B,0.0,0.0,Supplier 49,0.0,0.0,0.0
SKU0720,Product 0720,Store C,0.0,0.0,Supplier 49,0.0,0.0,0.0
SKU0720,Product 0720,Warehouse,0.0,0.0,Supplier 49,0.0,0.0,0.0
SKU0721,Product 0721,Store A,0.0,0.0,Supplier 49,0.0,0.0,0.0
SKU0721,Product 0721,Store B,0.0,0.0,Supplier 49,0.0,0.0,0.0
SKU0721,Product 0721,Store C,0.0,0.0,Supplier 49,0.0,0.0,0.0
SKU0721,Product 0721,Warehouse,0.0,0.0,Supplier 49,0.0,0.0,0.0
SKU0722,Product 0722,Store A,0.0,0.0,Supplier 49,0.0,0.0,0.0
SKU0722,Product 0722,Store B,0.0,0.0,Supplier 49,0.0,0.0,0.0
SKU0722,Product 0722,Store C,0.0,0.0,Supplier 49,0.0,0.0,0.0
SKU0722,Product 0722,Warehouse,0.0,0.0,Supplier 49,0.0,0.0,0.0
SKU0723,Product 0723,Store A,0.0,0.0,Supplier 49,0.0,0.0,0.0
SKU0723,Product 0723,Store B,0.0,0.0,Supplier 49,0.0,0.0,0.0
SKU0723,Product 0723,Store C,0.0,0.0,Supplier 49,0.0,0.0,0.0
SKU0723,Product 0723,Warehouse,0.0,0.0,Supplier 49,0.0,0.0,0.0
SKU0724,Product 0724,Warehouse,0.0,0.0,Supplier 49,0.0,0.0,0.0
SKU0725,Product 0725,Warehouse,0.0,0.0,Supplier 49,0.0,0.0,0.0
SKU0726,Product 0726,Warehouse,6.0,0.8674,Supplier 49,0.0,0.0,0.0
SKU0727,Product 0727,Store B,19.0,0.8674,Supplier 49,0.0,0.0,0.0
SKU0727,Product 0727,Warehouse,0.0,0.0,Supplier 49,0.0,0.0,0.0
SKU0728,Product 0728,Warehouse,0.0,0.0,Supplier 49,0.0,0.0,0.0
SKU0729,Product 0729,Warehouse,24.0,0.8674,Supplier 49,0.0,0.0,0.0
SKU0730,Product 0730,Store A,0.0,0.0,Supplier 32,0.0,0.0,0.0
SKU0730,Product 0730,Store B,0.0,0.0,Supplier 32,0.0,0.0,0.0
SKU0730,Product 0730,Store C,0.0,0.0,Supplier 32,0.0,0.0,0.0
SKU0730,Product 0730,Warehouse,0.0,0.0,Supplier 32,0.0,0.0,0.0
SKU0731,Product 0731,Store A,0.0,0.0,Supplier 37,0.0,0.0,0.0
SKU0731,Product 0731,Store B,0.0,0.0,Supplier 37,0.0,0.0,0.0
SKU0731,Product 0731,Store C,0.0,0.0,Supplier 37,0.0,0.0,0.0
SKU0731,Product 0731,Warehouse,0.0,0.0,Supplier 37,0.0,0.0,0.0
SKU0732,Product 0732,Store A,0.0,0.0,Supplier 37,0.0,0.0,0.0
SKU0732,Product 0732,Store B,0.0,0.0,Supplier 37,0.0,0.0,0.0
SKU0732,Product 0732,Store C,0.0,0.0,Supplier 37,0.0,0.0,0.0
SKU0732,Product 0732,Warehouse,0.0,0.0,Supplier 37,0.0,0.0,0.0
SKU0733,Product 0733,Store A,0.0,0.0,Supplier 37,0.0,0.0,0.0
SKU0733,Product 0733,Store B,0.0,0.0,Supplier 37,0.0,0.0,0.0
SKU0733,Product 0733,Store C,0.0,0.0,Supplier 37,0.0,0.0,0.0
SKU0733,Product 0733,Warehouse,0.0,0.0,Supplier 37,0.0,0.0,0.0
SKU0734,Product 0734,Store A,0.0,0.0,Supplier 31,0.0,0.0,0.0
SKU0734,Product 0734,Store B,0.0,0.0,Supplier 31,0.0,0.0,0.0
SKU0734,Product 0734,Store C,0.0,0.0,Supplier 31,0.0,0.0,0.0
SKU0734,Product 0734,Warehouse,0.0,0.0,Supplier 31,0.0,0.0,0.0
SKU0735,Product 0735,Store A,0.0,0.0,Supplier 31,0.0,0.0,0.0
SKU0735,Product 0735,Store B,0.0,0.0,Supplier 31,0.0,0.0,0.0
SKU0735,Product 0735,Store C,0.0,0.0,Supplier 31,0.0,0.0,0.0
SKU0735,Product 0735,Warehouse,0.0,0.0,Supplier 31,0.0,0.0,0.0
SKU0736,Product 0736,Store A,0.0,0.0,Supplier 31,0.0,0.0,0.0
SKU0736,Product 0736,Store B,0.0,0.0,Supplier 31,0.0,0.0,0.0
SKU0736,Product 0736,Store C,0.0,0.0,Supplier 31,0.0,0.0,0.0
SKU0736,Product 0736,Warehouse,0.0,0.0,Supplier 31,0.0,0.0,0.0
SKU0737,Product 0737,Store A,0.0,0.0,Unknown supplier,0.0,0.0,0.0
SKU0737,Product 0737,Store B,0.0,0.0,Unknown supplier,0.0,0.0,0.0
SKU0737,Product 0737,Store C,0.0,0.0,Unknown supplier,0.0,0.0,0.0
SKU0737,Product 0737,Warehouse,0.0,0.0,Unknown supplier,0.0,0.0,0.0
SKU0738,Product 0738,Warehouse,330.0,0.6391,Supplier 69,0.0,0.0,0.0
SKU0739,Product 0739,Store A,0.0,0.0,Supplier 38,0.0,0.0,0.0
SKU0739,Product 0739,Store B,0.0,0.0,Supplier 38,0.0,0.0,0.0
SKU0739,Product 0739,Store C,0.0,0.0,Supplier 38,0.0,0.0,0.0
SKU0739,Product 0739,Warehouse,0.0,0.0,Supplier 38,0.0,0.0,0.0
SKU0740,Product 0740,Store A,0.0,0.0,Supplier 38,0.0,0.0,0.0
SKU0740,Product 0740,Store B,0.0,0.0,Supplier 38,0.0,0.0,0.0
SKU0740,Product 0740,Store C,0.0,0.0,Supplier 38,0.0,0.0,0.0
SKU0740,Product 0740,Warehouse,0.0,0.0,Supplier 38,0.0,0.0,0.0
SKU0741,Product 0741,Store A,0.0,0.0,Supplier 38,0.0,0.0,0.0
SKU0741,Product 0741,Store B,0.0,0.0,Supplier 38,0.0,0.0,0.0
SKU0741,Product 0741,Store C,0.0,0.0,Supplier 38,0.0,0.0,0.0
SKU0741,Product 0741,Warehouse,0.0,0.0,Supplier 38,0.0,0.0,0.0
SKU0742,Product 0742,Store A,0.0,0.0,Supplier 38,0.0,0.0,0.0
SKU0742,Product 0742,Store B,0.0,0.0,Supplier 38,0.0,0.0,0.0
SKU0742,Product 0742,Store C,0.0,0.0,Supplier 38,0.0,0.0,0.0
SKU0742,Product 0742,Warehouse,0.0,0.0,Supplier 38,0.0,0.0,0.0
SKU0743,Product 0743,Store A,0.0,0.0,Supplier 38,0.0,0.0,0.0
SKU0743,Product 0743,Store B,0.0,0.0,Supplier 38,0.0,0.0,0.0
SKU0743,Product 0743,Store C,0.0,0.0,Supplier 38,0.0,0.0,0.0
SKU0743,Product 0743,Warehouse,0.0,0.0,Supplier 38,0.0,0.0,0.0
SKU0744,Product 0744,Store A,0.0,0.0,Supplier 38,0.0,0.0,0.0
SKU0744,Product 0744,Store B,0.0,0.0,Supplier 38,0.0,0.0,0.0
SKU0744,Product 0744,Store C,0.0,0.0,Supplier 38,0.0,0.0,0.0
SKU0744,Product 0744,Warehouse,0.0,0.0,Supplier 38,0.0,0.0,0.0
SKU0745,Product 0745,Store A,0.0,0.0,Supplier 38,0.0,0.0,0.0
SKU0745,Product 0745,Store B,0.0,0.0,Supplier 38,0.0,0.0,0.0
SKU0745,Product 0745,Store C,0.0,0.0,Supplier 38,0.0,0.0,0.0
SKU0745,Product 0745,Warehouse,0.0,0.0,Supplier 38,0.0,0.0,0.0
SKU0746,Product 0746,Store C,0.0,0.0,Supplier 49,0.0,0.0,0.0
SKU0746,Product 0746,Warehouse,0.0,0.0,Supplier 49,0.0,0.0,0.0
SKU0747,Product 0747,Store C,0.0,0.0,Supplier 49,0.0,0.0,0.0
SKU0747,Product 0747,Warehouse,0.0,0.0,Supplier 49,0.0,0.0,0.0
SKU0748,Product 0748,Store C,0.0,0.0,Supplier 49,0.0,0.0,0.0
SKU0749,Product 0749,Store C,0.0,0.0,Supplier 49,0.0,0.0,0.0
SKU0750,Product 0750,Store C,0.0,0.0,Supplier 49,0.0,0.0,0.0
SKU0751,Product 0751,Store C,0.0,0.0,Supplier 49,0.0,0.0,0.0
SKU0752,Product 0752,Store A,0.0,0.0,Supplier 59,0.0,0.0,0.0
SKU0752,Product 0752,Store B,0.0,0.0,Supplier 59,0.0,0.0,0.0
SKU0752,Product 0752,Store C,0.0,0.0,Supplier 59,0.0,0.0,0.0
SKU0752,Product 0752,Warehouse,0.0,0.0,Supplier 59,0.0,0.0,0.0
SKU0753,Product 0753,Store A,0.0,0.0,Supplier 26,0.0,0.0,0.0
SKU0753,Product 0753,Store B,0.0,0.0,Supplier 26,0.0,0.0,0.0
SKU0753,Product 0753,Warehouse,0.0,0.0,Supplier 26,0.0,0.0,0.0
SKU0754,Product 0754,Store A,0.0,0.0,Supplier 69,0.0,0.0,0.0
SKU0754,Product 0754,Store B,0.0,0.0,Supplier 69,0.0,0.0,0.0
SKU0754,Product 0754,Store C,0.0,0.0,Supplier 69,0.0,0.0,0.0
SKU0754,Product 0754,Warehouse,0.0,0.0,Supplier 69,0.0,0.0,0.0
SKU0755,Product 0755,Store A,0.0,0.0,Multiple suppliers,0.0,0.0,0.0
SKU0755,Product 0755,Store B,0.0,0.0,Multiple suppliers,0.0,0.0,0.0
SKU0755,Product 0755,Store C,0.0,0.0,Multiple suppliers,0.0,0.0,0.0
SKU0755,Product 0755,Warehouse,0.0,0.0,Multiple suppliers,0.0,0.0,0.0
SKU0756,Product 0756,Store A,0.0,0.0,Multiple suppliers,0.0,0.0,0.0
SKU0756,Product 0756,Store B,0.0,0.0,Multiple suppliers,0.0,0.0,0.0
SKU0756,Product 0756,Store C,0.0,0.0,Multiple suppliers,0.0,0.0,0.0
SKU0756,Product 0756,Warehouse,0.0,0.0,Multiple suppliers,0.0,0.0,0.0
SKU0757,Product 0757,Store A,0.0,0.0,Supplier 34,0.0,0.0,0.0
SKU0757,Product 0757,Warehouse,0.0,0.0,Supplier 34,0.0,0.0,0.0
SKU0758,Product 0758,Store A,0.0,0.0,Supplier 34,0.0,0.0,0.0
SKU0758,Product 0758,Store B,0.0,0.0,Supplier 34,0.0,0.0,0.0
SKU0758,Product 0758,Store C,0.0,0.0,Supplier 34,0.0,0.0,0.0
SKU0758,Product 0758,Warehouse,0.0,0.0,Supplier 34,0.0,0.0,0.0
SKU0759,Product 0759,Store A,0.0,0.0,Supplier 34,0.0,0.0,0.0
SKU0759,Product 0759,Store B,0.0,0.0,Supplier 34,0.0,0.0,0.0
SKU0759,Product 0759,Store C,0.0,0.0,Supplier 34,0.0,0.0,0.0
SKU0759,Product 0759,Warehouse,0.0,0.0,Supplier 34,0.0,0.0,0.0
SKU0760,Product 0760,Store A,0.0,0.0,Supplier 11,0.0,0.0,0.0
SKU0760,Product 0760,Store B,0.0,0.0,Supplier 11,0.0,0.0,0.0
SKU0760,Product 0760,Warehouse,0.0,0.0,Supplier 11,0.0,0.0,0.0
SKU0761,Product 0761,Store B,0.0,0.0,Multiple suppliers,0.0,0.0,0.0
SKU0761,Product 0761,Warehouse,0.0,0.0,Multiple suppliers,0.0,0.0,0.0
SKU0762,Product 0762,Store A,0.0,0.0,Supplier 26,0.0,0.0,0.0
SKU0762,Product 0762,Store B,0.0,0.0,Supplier 26,0.0,0.0,0.0
SKU0762,Product 0762,Store C,0.0,0.0,Supplier 26,0.0,0.0,0.0
SKU0762,Product 0762,Warehouse,0.0,0.0,Supplier 26,0.0,0.0,0.0
SKU0763,Product 0763,Store A,0.0,0.0,Supplier 26,0.0,0.0,0.0
SKU0763,Product 0763,Store B,0.0,0.0,Supplier 26,0.0,0.0,0.0
SKU0763,Product 0763,Store C,0.0,0.0,Supplier 26,0.0,0.0,0.0
SKU0763,Product 0763,Warehouse,0.0,0.0,Supplier 26,0.0,0.0,0.0
SKU0764,Product 0764,Store A,0.0,0.0,Multiple suppliers,0.0,0.0,0.0
SKU0764,Product 0764,Store B,0.0,0.0,Multiple suppliers,0.0,0.0,0.0
SKU0764,Product 0764,Warehouse,0.0,0.0,Multiple suppliers,0.0,0.0,0.0
SKU0765,Product 0765,Store A,0.0,0.0,Supplier 48,0.0,0.0,0.0
SKU0765,Product 0765,Store B,0.0,0.0,Supplier 48,0.0,0.0,0.0
SKU0765,Product 0765,Store C,0.0,0.0,Supplier 48,0.0,0.0,0.0
SKU0765,Product 0765,Warehouse,0.0,0.0,Supplier 48,0.0,0.0,0.0
SKU0766,Product 0766,Store A,0.0,0.0,Supplier 32,0.0,0.0,0.0
SKU0766,Product 0766,Store B,0.0,0.0,Supplier 32,0.0,0.0,0.0
SKU0766,Product 0766,Store C,0.0,0.0,Supplier 32,0.0,0.0,0.0
SKU0766,Product 0766,Warehouse,0.0,0.0,Supplier 32,0.0,0.0,0.0
SKU0767,Product 0767,Store A,0.0,0.0,Supplier 32,0.0,0.0,0.0
SKU0767,Product 0767,Store B,0.0,0.0,Supplier 32,0.0,0.0,0.0
SKU0767,Product 0767,Store C,0.0,0.0,Supplier 32,0.0,0.0,0.0
SKU0767,Product 0767,Warehouse,0.0,0.0,Supplier 32,0.0,0.0,0.0
SKU0768,Product 0768,Store A,0.0,0.0,Supplier 32,0.0,0.0,0.0
SKU0768,Product 0768,Store B,0.0,0.0,Supplier 32,0.0,0.0,0.0
SKU0768,Product 0768,Store C,0.0,0.0,Supplier 32,0.0,0.0,0.0
SKU0768,Product 0768,Warehouse,0.0,0.0,Supplier 32,0.0,0.0,0.0
SKU0769,Product 0769,Store A,0.0,0.0,Supplier 32,0.0,0.0,0.0
SKU0769,Product 0769,Store B,0.0,0.0,Supplier 32,0.0,0.0,0.0
SKU0769,Product 0769,Store C,0.0,0.0,Supplier 32,0.0,0.0,0.0
SKU0769,Product 0769,Warehouse,0.0,0.0,Supplier 32,0.0,0.0,0.0
SKU0770,Product 0770,Store A,0.0,0.0,Supplier 32,0.0,0.0,0.0
SKU0770,Product 0770,Store B,0.0,0.0,Supplier 32,0.0,0.0,0.0
SKU0770,Product 0770,Store C,0.0,0.0,Supplier 32,0.0,0.0,0.0
SKU0770,Product 0770,Warehouse,0.0,0.0,Supplier 32,0.0,0.0,0.0
SKU0771,Product 0771,Store A,0.0,0.0,Supplier 32,0.0,0.0,0.0
SKU0771,Product 0771,Store B,0.0,0.0,Supplier 32,0.0,0.0,0.0
SKU0771,Product 0771,Store C,0.0,0.0,Supplier 32,0.0,0.0,0.0
SKU0771,Product 0771,Warehouse,0.0,0.0,Supplier 32,0.0,0.0,0.0
SKU0772,Product 0772,Store A,0.0,0.0,Supplier 32,0.0,0.0,0.0
SKU0772,Product 0772,Store B,0.0,0.0,Supplier 32,0.0,0.0,0.0
SKU0772,Product 0772,Store C,0.0,0.0,Supplier 32,0.0,0.0,0.0
SKU0772,Product 0772,Warehouse,0.0,0.0,Supplier 32,0.0,0.0,0.0
SKU0773,Product 0773,Store A,0.0,0.0,Supplier 32,0.0,0.0,0.0
SKU0773,Product 0773,Store B,0.0,0.0,Supplier 32,0.0,0.0,0.0
SKU0773,Product 0773,Store C,0.0,0.0,Supplier 32,0.0,0.0,0.0
SKU0773,Product 0773,Warehouse,0.0,0.0,Supplier 32,0.0,0.0,0.0
SKU0774,Product 0774,Store A,0.0,0.0,Supplier 32,0.0,0.0,0.0
SKU0774,Product 0774,Store B,0.0,0.0,Supplier 32,0.0,0.0,0.0
SKU0774,Product 0774,Store C,0.0,0.0,Supplier 32,0.0,0.0,0.0
SKU0774,Product 0774,Warehouse,0.0,0.0,Supplier 32,0.0,0.0,0.0
SKU0775,Product 0775,Store A,0.0,0.0,Supplier 32,0.0,0.0,0.0
SKU0775,Product 0775,Store B,0.0,0.0,Supplier 32,0.0,0.0,0.0
SKU0775,Product 0775,Store C,0.0,0.0,Supplier 32,0.0,0.0,0.0
SKU0775,Product 0775,Warehouse,0.0,0.0,Supplier 32,0.0,0.0,0.0
SKU0776,Product 0776,Store A,0.0,0.0,Supplier 21,0.0,0.0,0.0
SKU0776,Product 0776,Store B,0.0,0.0,Supplier 21,0.0,0.0,0.0
SKU0776,Product 0776,Store C,0.0,0.0,Supplier 21,0.0,0.0,0.0
SKU0776,Product 0776,Warehouse,0.0,0.0,Supplier 21,0.0,0.0,0.0
SKU0777,Product 0777,Store A,0.0,0.0,Supplier 21,0.0,0.0,0.0
SKU0777,Product 0777,Store B,0.0,0.0,Supplier 21,0.0,0.0,0.0
SKU0777,Product 0777,Store C,0.0,0.0,Supplier 21,0.0,0.0,0.0
SKU0777,Product 0777,Warehouse,0.0,0.0,Supplier 21,0.0,0.0,0.0
SKU0778,Product 0778,Store A,0.0,0.0,Supplier 21,0.0,0.0,0.0
SKU0778,Product 0778,Store B,0.0,0.0,Supplier 21,0.0,0.0,0.0
SKU0778,Product 0778,Store C,0.0,0.0,Supplier 21,0.0,0.0,0.0
SKU0778,Product 0778,Warehouse,0.0,0.0,Supplier 21,0.0,0.0,0.0
SKU0779,Product 0779,Store A,0.0,0.0,Supplier 21,0.0,0.0,0.0
SKU0779,Product 0779,Store B,0.0,0.0,Supplier 21,0.0,0.0,0.0
SKU0779,Product 0779,Store C,0.0,0.0,Supplier 21,0.0,0.0,0.0
SKU0779,Product 0779,Warehouse,0.0,0.0,Supplier 21,0.0,0.0,0.0
SKU0780,Product 0780,Store A,0.0,0.0,Supplier 21,0.0,0.0,0.0
SKU0780,Product 0780,Store B,0.0,0.0,Supplier 21,0.0,0.0,0.0
SKU0780,Product 0780,Store C,0.0,0.0,Supplier 21,0.0,0.0,0.0
SKU0780,Product 0780,Warehouse,0.0,0.0,Supplier 21,0.0,0.0,0.0
SKU0781,Product 0781,Store A,0.0,0.0,Supplier 21,0.0,0.0,0.0
SKU0781,Product 0781,Store B,0.0,0.0,Supplier 21,0.0,0.0,0.0
SKU0781,Product 0781,Store C,0.0,0.0,Supplier 21,0.0,0.0,0.0
SKU0781,Product 0781,Warehouse,0.0,0.0,Supplier 21,0.0,0.0,0.0
SKU0782,Product 0782,Store C,0.0,0.0,Supplier 11,0.0,0.0,0.0
SKU0782,Product 0782,Warehouse,0.0,0.0,Supplier 11,0.0,0.0,0.0
SKU0783,Product 0783,Store A,0.0,0.0,Supplier 11,0.0,0.0,0.0
SKU0783,Product 0783,Store B,0.0,0.0,Supplier 11,0.0,0.0,0.0
SKU0783,Product 0783,Store C,0.0,0.0,Supplier 11,0.0,0.0,0.0
SKU0783,Product 0783,Warehouse,0.0,0.0,Supplier 11,0.0,0.0,0.0
SKU0784,Product 0784,Store B,0.0,0.0,Supplier 11,0.0,0.0,0.0
SKU0784,Product 0784,Warehouse,0.0,0.0,Supplier 11,0.0,0.0,0.0
SKU0785,Product 0785,Warehouse,0.0,0.0,Multiple suppliers,0.0,0.0,0.0
SKU0786,Product 0786,Store A,0.0,0.0,Supplier 11,0.0,0.0,0.0
SKU0786,Product 0786,Store B,0.0,0.0,Supplier 11,0.0,0.0,0.0
SKU0786,Product 0786,Warehouse,0.0,0.0,Supplier 11,0.0,0.0,0.0
SKU0787,Product 0787,Store B,0.0,0.0,Unknown supplier,0.0,0.0,0.0
SKU0788,Product 0788,Store A,11.0,0.0,Supplier 32,0.0,0.0,0.0
SKU0788,Product 0788,Store B,11.0,0.0,Supplier 32,0.0,0.0,0.0
SKU0788,Product 0788,Store C,4.0,0.0,Supplier 32,0.0,0.0,0.0
SKU0788,Product 0788,Warehouse,90.0,0.3735,Supplier 32,0.0,0.0,0.0
SKU0789,Product 0789,Warehouse,0.0,0.0,Supplier 10,0.0,0.0,0.0
SKU0790,Product 0790,Store A,0.0,0.0,Supplier 72,0.0,0.0,0.0
SKU0790,Product 0790,Store B,0.0,0.0,Supplier 72,0.0,0.0,0.0
SKU0790,Product 0790,Store C,0.0,0.0,Supplier 72,0.0,0.0,0.0
SKU0790,Product 0790,Warehouse,0.0,0.0,Supplier 72,0.0,0.0,0.0
SKU0791,Product 0791,Warehouse,0.0,0.0,Supplier 10,0.0,0.0,0.0
SKU0792,Product 0792,Warehouse,0.0,0.0,Supplier 10,0.0,0.0,0.0
SKU0793,Product 0793,Warehouse,0.0,0.0,Supplier 10,0.0,0.0,0.0
SKU0794,Product 0794,Store A,0.0,0.0,Supplier 32,0.0,0.0,0.0
SKU0794,Product 0794,Store B,0.0,0.0,Supplier 32,0.0,0.0,0.0
SKU0794,Product 0794,Store C,0.0,0.0,Supplier 32,0.0,0.0,0.0
SKU0794,Product 0794,Warehouse,0.0,0.0,Supplier 32,0.0,0.0,0.0
SKU0795,Product 0795,Store A,0.0,0.0,Supplier 32,0.0,0.0,0.0
SKU0795,Product 0795,Store B,0.0,0.0,Supplier 32,0.0,0.0,0.0
SKU0795,Product 0795,Store C,0.0,0.0,Supplier 32,0.0,0.0,0.0
SKU0795,Product 0795,Warehouse,0.0,0.0,Supplier 32,0.0,0.0,0.0
SKU0796,Product 0796,Store C,0.0,0.0,Supplier 21,0.0,0.0,0.0
SKU0797,Product 0797,Store A,0.0,0.0,Supplier 32,0.0,0.0,0.0
SKU0797,Product 0797,Store B,0.0,0.0,Supplier 32,0.0,0.0,0.0
SKU0797,Product 0797,Store C,0.0,0.0,Supplier 32,0.0,0.0,0.0
SKU0797,Product 0797,Warehouse,0.0,0.0,Supplier 32,0.0,0.0,0.0
SKU0798,Product 0798,Warehouse,0.0,0.0,Supplier 66,0.0,0.0,0.0
SKU0799,Product 0799,Warehouse,0.0,0.0,Supplier 66,0.0,0.0,0.0
SKU0800,Product 0800,Warehouse,0.0,0.0,Supplier 66,0.0,0.0,0.0
SKU0801,Product 0801,Warehouse,26.0,0.6225,Supplier 66,0.0,0.0,0.0
SKU0802,Product 0802,Warehouse,61.0,0.6225,Supplier 66,0.0,0.0,0.0
SKU0803,Product 0803,Warehouse,0.0,0.0,Supplier 66,0.0,0.0,0.0
SKU0804,Product 0804,Warehouse,25.0,0.2739,Supplier 66,0.0,0.0,0.0
SKU0805,Product 0805,Warehouse,25.0,0.2739,Supplier 66,0.0,0.0,0.0
SKU0806,Product 0806,Store A,0.0,0.0,Supplier 66,0.0,0.0,0.0
SKU0806,Product 0806,Warehouse,0.0,0.0,Supplier 66,0.0,0.0,0.0
SKU0807,Product 0807,Warehouse,0.0,0.0,Supplier 66,0.0,0.0,0.0
SKU0808,Product 0808,Store A,0.0,0.0,Supplier 64,0.0,0.0,0.0
SKU0808,Product 0808,Store B,0.0,0.0,Supplier 64,0.0,0.0,0.0
SKU0808,Product 0808,Store C,0.0,0.0,Supplier 64,0.0,0.0,0.0
SKU0808,Product 0808,Warehouse,0.0,0.0,Supplier 64,0.0,0.0,0.0
SKU0809,Product 0809,Store C,0.0,0.0,Supplier 64,0.0,0.0,0.0
SKU0809,Product 0809,Warehouse,0.0,0.0,Supplier 64,0.0,0.0,0.0
SKU0810,Product 0810,Store A,0.0,0.0,Multiple suppliers,0.0,0.0,0.0
SKU0810,Product 0810,Store B,0.0,0.0,Multiple suppliers,0.0,0.0,0.0
SKU0810,Product 0810,Store C,0.0,0.0,Multiple suppliers,0.0,0.0,0.0
SKU0810,Product 0810,Warehouse,0.0,0.0,Multiple suppliers,0.0,0.0,0.0
SKU0811,Product 0811,Store A,0.0,0.0,Multiple suppliers,0.0,0.0,0.0
SKU0811,Product 0811,Store B,0.0,0.0,Multiple suppliers,0.0,0.0,0.0
SKU0811,Product 0811,Store C,0.0,0.0,Multiple suppliers,0.0,0.0,0.0
SKU0811,Product 0811,Warehouse,0.0,0.0,Multiple suppliers,0.0,0.0,0.0
SKU0812,Product 0812,Store A,0.0,0.0,Multiple suppliers,0.0,0.0,0.0
SKU0812,Product 0812,Store B,0.0,0.0,Multiple suppliers,0.0,0.0,0.0
SKU0812,Product 0812,Store C,0.0,0.0,Multiple suppliers,0.0,0.0,0.0
SKU0812,Product 0812,Warehouse,0.0,0.0,Multiple suppliers,0.0,0.0,0.0
SKU0813,Product 0813,Store B,0.0,0.0,Supplier 69,0.0,0.0,0.0
SKU0814,Product 0814,Store A,0.0,0.0,Supplier 23,0.0,0.0,0.0
SKU0814,Product 0814,Store B,0.0,0.0,Supplier 23,0.0,0.0,0.0
SKU0814,Product 0814,Store C,0.0,0.0,Supplier 23,0.0,0.0,0.0
SKU0814,Product 0814,Warehouse,0.0,0.0,Supplier 23,0.0,0.0,0.0
SKU0815,Product 0815,Store A,0.0,0.0,Supplier 23,0.0,0.0,0.0
SKU0815,Product 0815,Store B,0.0,0.0,Supplier 23,0.0,0.0,0.0
SKU0815,Product 0815,Store C,0.0,0.0,Supplier 23,0.0,0.0,0.0
SKU0815,Product 0815,Warehouse,0.0,0.0,Supplier 23,0.0,0.0,0.0
SKU0816,Product 0816,Store A,0.0,0.0,Supplier 69,0.0,0.0,0.0
SKU0816,Product 0816,Store B,0.0,0.0,Supplier 69,0.0,0.0,0.0
SKU0816,Product 0816,Store C,0.0,0.0,Supplier 69,0.0,0.0,0.0
SKU0816,Product 0816,Warehouse,0.0,0.0,Supplier 69,0.0,0.0,0.0
SKU0817,Product 0817,Store A,0.0,0.0,Supplier 03,0.0,0.0,0.0
SKU0817,Product 0817,Store B,0.0,0.0,Supplier 03,0.0,0.0,0.0
SKU0817,Product 0817,Store C,0.0,0.0,Supplier 03,0.0,0.0,0.0
SKU0817,Product 0817,Warehouse,0.0,0.0,Supplier 03,0.0,0.0,0.0
SKU0818,Product 0818,Store A,0.0,0.0,Supplier 03,0.0,0.0,0.0
SKU0818,Product 0818,Store B,0.0,0.0,Supplier 03,0.0,0.0,0.0
SKU0818,Product 0818,Store C,0.0,0.0,Supplier 03,0.0,0.0,0.0
SKU0818,Product 0818,Warehouse,0.0,0.0,Supplier 03,0.0,0.0,0.0
SKU0819,Product 0819,Store A,0.0,0.0,Supplier 03,0.0,0.0,0.0
SKU0819,Product 0819,Store B,0.0,0.0,Supplier 03,0.0,0.0,0.0
SKU0819,Product 0819,Store C,0.0,0.0,Supplier 03,0.0,0.0,0.0
SKU0819,Product 0819,Warehouse,0.0,0.0,Supplier 03,0.0,0.0,0.0
SKU0820,Product 0820,Store A,0.0,0.0,Unknown supplier,0.0,0.0,0.0
SKU0820,Product 0820,Store B,0.0,0.0,Unknown supplier,0.0,0.0,0.0
SKU0820,Product 0820,Store C,0.0,0.0,Unknown supplier,0.0,0.0,0.0
SKU0820,Product 0820,Warehouse,0.0,0.0,Unknown supplier,0.0,0.0,0.0
SKU0821,Product 0821,Store A,0.0,0.0,Supplier 69,0.0,0.0,0.0
SKU0821,Product 0821,Warehouse,0.0,0.0,Supplier 69,0.0,0.0,0.0
SKU0822,Product 0822,Store A,8.0,3.1955,Supplier 44,0.0,0.0,0.0
SKU0822,Product 0822,Store B,12.0,3.1955,Supplier 44,0.0,0.0,0.0
SKU0822,Product 0822,Warehouse,0.0,0.0,Supplier 44,0.0,0.0,0.0
SKU0823,Product 0823,Store B,12.0,1.8177,Supplier 44,0.0,0.0,0.0
SKU0823,Product 0823,Warehouse,0.0,0.0,Supplier 44,0.0,0.0,0.0
SKU0824,Product 0824,Store A,10.0,2.9216,Supplier 44,0.0,0.0,0.0
SKU0824,Product 0824,Store B,12.0,2.9216,Supplier 44,0.0,0.0,0.0
SKU0824,Product 0824,Store C,11.0,2.9216,Supplier 44,0.0,0.0,0.0
SKU0824,Product 0824,Warehouse,0.0,0.0,Supplier 44,0.0,0.0,0.0
SKU0825,Product 0825,Store A,10.0,1.6517,Supplier 44,0.0,0.0,0.0
SKU0825,Product 0825,Store C,11.0,1.6517,Supplier 44,0.0,0.0,0.0
SKU0825,Product 0825,Warehouse,0.0,0.0,Supplier 44,0.0,0.0,0.0
SKU0826,Product 0826,Warehouse,0.0,0.0,Supplier 44,0.0,0.0,0.0
SKU0827,Product 0827,Store C,10.0,1.1371,Supplier 44,0.0,0.0,0.0
SKU0827,Product 0827,Warehouse,0.0,0.0,Supplier 44,0.0,0.0,0.0
SKU0828,Product 0828,Store A,6.0,1.1786,Supplier 44,0.0,0.0,0.0
SKU0828,Product 0828,Warehouse,0.0,0.0,Supplier 44,0.0,0.0,0.0
SKU0829,Product 0829,Store B,0.0,0.0,Supplier 48,0.0,0.0,0.0
SKU0829,Product 0829,Store C,0.0,0.0,Supplier 48,0.0,0.0,0.0
SKU0829,Product 0829,Warehouse,0.0,0.0,Supplier 48,0.0,0.0,0.0
SKU0830,Product 0830,Store B,0.0,0.0,Supplier 69,0.0,0.0,0.0
SKU0830,Product 0830,Warehouse,0.0,0.0,Supplier 69,0.0,0.0,0.0
SKU0831,Product 0831,Warehouse,90.0,0.1701,Supplier 70,0.0,0.0,0.0
SKU0832,Product 0832,Store C,0.0,0.0,Supplier 21,0.0,0.0,0.0
SKU0833,Product 0833,Store C,0.0,0.0,Supplier 35,0.0,0.0,0.0
SKU0833,Product 0833,Warehouse,0.0,0.0,Supplier 35,0.0,0.0,0.0
SKU0834,Product 0834,Store A,0.0,0.0,Supplier 51,0.0,0.0,0.0
SKU0834,Product 0834,Store B,0.0,0.0,Supplier 51,0.0,0.0,0.0
SKU0834,Product 0834,Store C,0.0,0.0,Supplier 51,0.0,0.0,0.0
SKU0834,Product 0834,Warehouse,0.0,0.0,Supplier 51,0.0,0.0,0.0
SKU0835,Product 0835,Store B,0.0,0.0,Unknown supplier,0.0,0.0,0.0
SKU0836,Product 0836,Store C,0.0,0.0,Supplier 69,0.0,0.0,0.0
SKU0836,Product 0836,Warehouse,0.0,0.0,Supplier 69,0.0,0.0,0.0
SKU0837,Product 0837,Store A,0.0,0.0,Supplier 51,0.0,0.0,0.0
SKU0837,Product 0837,Store B,0.0,0.0,Supplier 51,0.0,0.0,0.0
SKU0837,Product 0837,Store C,0.0,0.0,Supplier 51,0.0,0.0,0.0
SKU0837,Product 0837,Warehouse,0.0,0.0,Supplier 51,0.0,0.0,0.0
SKU0838,Product 0838,Store A,0.0,0.0,Supplier 02,0.0,0.0,0.0
SKU0838,Product 0838,Store B,0.0,0.0,Supplier 02,0.0,0.0,0.0
SKU0838,Product 0838,Store C,0.0,0.0,Supplier 02,0.0,0.0,0.0
SKU0838,Product 0838,Warehouse,0.0,0.0,Supplier 02,0.0,0.0,0.0
SKU0839,Product 0839,Warehouse,1080.0,0.093,Supplier 02,0.0,0.0,0.0
SKU0840,Product 0840,Store A,0.0,0.0,Supplier 51,0.0,0.0,0.0
SKU0840,Product 0840,Store B,0.0,0.0,Supplier 51,0.0,0.0,0.0
SKU0840,Product 0840,Store C,0.0,0.0,Supplier 51,0.0,0.0,0.0
SKU0840,Product 0840,Warehouse,0.0,0.0,Supplier 51,0.0,0.0,0.0
SKU0841,Product 0841,Warehouse,2053.0,0.1826,Supplier 25,0.0,0.0,0.0
SKU0842,Product 0842,Store A,0.0,0.0,Supplier 03,0.0,0.0,0.0
SKU0842,Product 0842,Store B,0.0,0.0,Supplier 03,0.0,0.0,0.0
SKU0842,Product 0842,Store C,0.0,0.0,Supplier 03,0.0,0.0,0.0
SKU0842,Product 0842,Warehouse,0.0,0.0,Supplier 03,0.0,0.0,0.0
SKU0843,Product 0843,Store A,0.0,0.0,Supplier 03,0.0,0.0,0.0
SKU0843,Product 0843,Store B,0.0,0.0,Supplier 03,0.0,0.0,0.0
SKU0843,Product 0843,Store C,0.0,0.0,Supplier 03,0.0,0.0,0.0
SKU0843,Product 0843,Warehouse,0.0,0.0,Supplier 03,0.0,0.0,0.0
SKU0844,Product 0844,Store A,0.0,0.0,Supplier 03,0.0,0.0,0.0
SKU0844,Product 0844,Store B,0.0,0.0,Supplier 03,0.0,0.0,0.0
SKU0844,Product 0844,Store C,0.0,0.0,Supplier 03,0.0,0.0,0.0
SKU0844,Product 0844,Warehouse,0.0,0.0,Supplier 03,0.0,0.0,0.0
SKU0845,Product 0845,Store A,0.0,0.0,Supplier 03,0.0,0.0,0.0
SKU0845,Product 0845,Store B,0.0,0.0,Supplier 03,0.0,0.0,0.0
SKU0845,Product 0845,Store C,0.0,0.0,Supplier 03,0.0,0.0,0.0
SKU0845,Product 0845,Warehouse,0.0,0.0,Supplier 03,0.0,0.0,0.0
SKU0846,Product 0846,Store A,0.0,0.0,Supplier 03,0.0,0.0,0.0
SKU0846,Product 0846,Store B,0.0,0.0,Supplier 03,0.0,0.0,0.0
SKU0846,Product 0846,Warehouse,0.0,0.0,Supplier 03,0.0,0.0,0.0
SKU0847,Product 0847,Store A,0.0,0.0,Supplier 03,0.0,0.0,0.0
SKU0847,Product 0847,Store B,0.0,0.0,Supplier 03,0.0,0.0,0.0
SKU0847,Product 0847,Store C,0.0,0.0,Supplier 03,0.0,0.0,0.0
SKU0847,Product 0847,Warehouse,0.0,0.0,Supplier 03,0.0,0.0,0.0
SKU0848,Product 0848,Store A,0.0,0.0,Supplier 03,0.0,0.0,0.0
SKU0848,Product 0848,Store B,0.0,0.0,Supplier 03,0.0,0.0,0.0
SKU0848,Product 0848,Store C,0.0,0.0,Supplier 03,0.0,0.0,0.0
SKU0848,Product 0848,Warehouse,0.0,0.0,Supplier 03,0.0,0.0,0.0
SKU0849,Product 0849,Store A,0.0,0.0,Supplier 03,0.0,0.0,0.0
SKU0849,Product 0849,Store B,0.0,0.0,Supplier 03,0.0,0.0,0.0
SKU0849,Product 0849,Store C,0.0,0.0,Supplier 03,0.0,0.0,0.0
SKU0849,Product 0849,Warehouse,0.0,0.0,Supplier 03,0.0,0.0,0.0
SKU0850,Product 0850,Warehouse,0.0,0.2739,Supplier 43,0.0,0.0,0.0
SKU0851,Product 0851,Warehouse,0.0,0.0,Supplier 43,0.0,0.0,0.0
SKU0852,Product 0852,Warehouse,0.0,0.2739,Supplier 43,0.0,0.0,0.0
SKU0853,Product 0853,Store A,0.0,0.0,Supplier 58,0.0,0.0,0.0
SKU0853,Product 0853,Store B,0.0,0.0,Supplier 58,0.0,0.0,0.0
SKU0853,Product 0853,Store C,0.0,0.0,Supplier 58,0.0,0.0,0.0
SKU0853,Product 0853,Warehouse,0.0,0.0,Supplier 58,0.0,0.0,0.0
SKU0854,Product 0854,Store A,0.0,0.0,Supplier 58,0.0,0.0,0.0
SKU0854,Product 0854,Store B,0.0,0.0,Supplier 58,0.0,0.0,0.0
SKU0854,Product 0854,Store C,0.0,0.0,Supplier 58,0.0,0.0,0.0
SKU0854,Product 0854,Warehouse,0.0,0.0,Supplier 58,0.0,0.0,0.0
SKU0855,Product 0855,Store A,0.0,0.0,Supplier 58,0.0,0.0,0.0
SKU0855,Product 0855,Store B,0.0,0.0,Supplier 58,0.0,0.0,0.0
SKU0855,Product 0855,Store C,0.0,0.0,Supplier 58,0.0,0.0,0.0
SKU0855,Product 0855,Warehouse,0.0,0.0,Supplier 58,0.0,0.0,0.0
SKU0856,Product 0856,Store A,0.0,0.0,Supplier 58,0.0,0.0,0.0
SKU0856,Product 0856,Store B,0.0,0.0,Supplier 58,0.0,0.0,0.0
SKU0856,Product 0856,Store C,0.0,0.0,Supplier 58,0.0,0.0,0.0
SKU0856,Product 0856,Warehouse,0.0,0.0,Supplier 58,0.0,0.0,0.0
SKU0857,Product 0857,Store A,0.0,0.0,Supplier 58,0.0,0.0,0.0
SKU0857,Product 0857,Store B,0.0,0.0,Supplier 58,0.0,0.0,0.0
SKU0857,Product 0857,Store C,0.0,0.0,Supplier 58,0.0,0.0,0.0
SKU0857,Product 0857,Warehouse,0.0,0.0,Supplier 58,0.0,0.0,0.0
SKU0858,Product 0858,Warehouse,0.0,0.0,Supplier 16,0.0,0.0,0.0
SKU0859,Product 0859,Store A,0.0,0.0,Supplier 23,0.0,0.0,0.0
SKU0859,Product 0859,Store B,0.0,0.0,Supplier 23,0.0,0.0,0.0
SKU0859,Product 0859,Store C,0.0,0.0,Supplier 23,0.0,0.0,0.0
SKU0859,Product 0859,Warehouse,0.0,0.0,Supplier 23,0.0,0.0,0.0
SKU0860,Product 0860,Store A,0.0,0.0,Supplier 23,0.0,0.0,0.0
SKU0860,Product 0860,Store B,0.0,0.0,Supplier 23,0.0,0.0,0.0
SKU0860,Product 0860,Store C,0.0,0.0,Supplier 23,0.0,0.0,0.0
SKU0860,Product 0860,Warehouse,0.0,0.0,Supplier 23,0.0,0.0,0.0
SKU0861,Product 0861,Warehouse,0.0,0.0,Supplier 69,0.0,0.0,0.0
SKU0862,Product 0862,Store B,3.0,5.1805,Supplier 01,0.0,0.0,0.0
SKU0862,Product 0862,Store C,4.0,5.1804,Supplier 01,0.0,0.0,0.0
SKU0862,Product 0862,Warehouse,0.0,5.1804,Supplier 01,0.0,0.0,0.0
SKU0863,Product 0863,Warehouse,0.0,0.0,Supplier 69,0.0,0.0,0.0
SKU0864,Product 0864,Warehouse,0.0,0.0,Supplier 69,0.0,0.0,0.0
SKU0865,Product 0865,Store A,0.0,0.0,Unknown supplier,0.0,0.0,0.0
SKU0866,Product 0866,Store A,0.0,0.0,Unknown supplier,0.0,0.0,0.0
SKU0867,Product 0867,Warehouse,0.0,0.0,Supplier 69,0.0,0.0,0.0
SKU0868,Product 0868,Warehouse,0.0,0.0,Supplier 19,0.0,0.0,0.0
SKU0869,Product 0869,Store A,6.0,1.1869,Supplier 19,0.0,0.0,0.0
SKU0869,Product 0869,Warehouse,0.0,0.0,Supplier 19,0.0,0.0,0.0
SKU0870,Product 0870,Warehouse,0.0,0.0,Supplier 19,0.0,0.0,0.0
SKU0871,Product 0871,Store A,0.0,0.0,Supplier 19,0.0,0.0,0.0
SKU0871,Product 0871,Warehouse,0.0,3.4456,Supplier 19,0.0,0.0,0.0
SKU0872,Product 0872,Warehouse,0.0,3.4134,Supplier 19,0.0,0.0,0.0
SKU0873,Product 0873,Warehouse,0.0,0.0,Supplier 19,0.0,0.0,0.0
SKU0874,Product 0874,Warehouse,0.0,0.1245,Supplier 19,0.0,0.0,0.0
SKU0875,Product 0875,Warehouse,0.0,0.0,Supplier 19,0.0,0.0,0.0
SKU0876,Product 0876,Warehouse,0.0,0.0,Supplier 19,0.0,0.0,0.0
SKU0877,Product 0877,Warehouse,0.0,0.7139,Supplier 19,0.0,0.0,0.0
SKU0878,Product 0878,Warehouse,0.0,0.1993,Supplier 19,0.0,0.0,0.0
SKU0879,Product 0879,Warehouse,0.0,0.0,Supplier 69,0.0,0.0,0.0
SKU0880,Product 0880,Warehouse,1877.0,0.0227,Supplier 69,0.0,0.0,0.0
SKU0881,Product 0881,Store A,0.0,0.0,Supplier 69,0.0,0.0,0.0
SKU0881,Product 0881,Store B,0.0,0.0,Supplier 69,0.0,0.0,0.0
SKU0881,Product 0881,Store C,0.0,0.0,Supplier 69,0.0,0.0,0.0
SKU0881,Product 0881,Warehouse,0.0,0.0,Supplier 69,0.0,0.0,0.0
SKU0882,Product 0882,Warehouse,268.0,0.0784,Supplier 69,0.0,0.0,0.0
SKU0883,Product 0883,Warehouse,0.0,0.0706,Multiple suppliers,0.0,0.0,0.0
SKU0884,Product 0884,Warehouse,396.0,0.5113,Supplier 02,0.0,0.0,0.0
SKU0885,Product 0885,Store B,0.0,0.0,Supplier 69,0.0,0.0,0.0
SKU0885,Product 0885,Store C,0.0,0.0,Supplier 69,0.0,0.0,0.0
SKU0885,Product 0885,Warehouse,0.0,0.0,Supplier 69,0.0,0.0,0.0
SKU0886,Product 0886,Warehouse,468.0,0.2407,Supplier 02,0.0,0.0,0.0
SKU0887,Product 0887,Warehouse,576.0,0.2598,Supplier 02,0.0,0.0,0.0
SKU0888,Product 0888,Warehouse,648.0,0.0988,Supplier 02,0.0,0.0,0.0
SKU0889,Product 0889,Warehouse,720.0,0.1743,Supplier 02,0.0,0.0,0.0
SKU0890,Product 0890,Warehouse,720.0,0.4955,Supplier 02,0.0,0.0,0.0
SKU0891,Product 0891,Warehouse,456.0,0.3644,Supplier 02,0.0,0.0,0.0
SKU0892,Product 0892,Warehouse,0.0,0.396,Supplier 02,0.0,0.0,0.0
SKU0894,Product 0894,Store A,4.0,3.735,Supplier 01,0.0,0.0,0.0
SKU0894,Product 0894,Store C,4.0,3.735,Supplier 01,0.0,0.0,0.0
SKU0894,Product 0894,Warehouse,0.0,0.0,Supplier 01,0.0,0.0,0.0
SKU0895,Product 0895,Store A,4.0,4.4488,Supplier 01,0.0,0.0,0.0
SKU0895,Product 0895,Store C,4.0,4.4488,Supplier 01,0.0,0.0,0.0
SKU0895,Product 0895,Warehouse,0.0,0.0,Supplier 01,0.0,0.0,0.0
SKU0896,Product 0896,Store B,4.0,3.735,Supplier 01,0.0,0.0,0.0
SKU0896,Product 0896,Warehouse,0.0,0.0,Supplier 01,0.0,0.0,0.0
SKU0897,Product 0897,Warehouse,0.0,4.1427,Supplier 01,0.0,0.0,0.0
SKU0898,Product 0898,Warehouse,0.0,0.0,Supplier 29,0.0,0.0,0.0
SKU0899,Product 0899,Warehouse,60.0,0.1577,Supplier 02,0.0,0.0,0.0
SKU0900,Product 0900,Store A,0.0,0.0,Supplier 02,0.0,0.0,0.0
SKU0900,Product 0900,Store B,0.0,0.0,Supplier 02,0.0,0.0,0.0
SKU0900,Product 0900,Store C,0.0,0.0,Supplier 02,0.0,0.0,0.0
SKU0900,Product 0900,Warehouse,0.0,0.0,Supplier 02,0.0,0.0,0.0
SKU0901,Product 0901,Warehouse,0.0,0.0,Supplier 02,0.0,0.0,0.0
SKU0902,Product 0902,Store A,0.0,0.0,Supplier 29,0.0,0.0,0.0
SKU0902,Product 0902,Store B,0.0,0.0,Supplier 29,0.0,0.0,0.0
SKU0902,Product 0902,Store C,0.0,0.0,Supplier 29,0.0,0.0,0.0
SKU0902,Product 0902,Warehouse,0.0,0.0,Supplier 29,0.0,0.0,0.0
SKU0903,Product 0903,Store A,0.0,0.0,Supplier 64,0.0,0.0,0.0
SKU0903,Product 0903,Store B,0.0,0.0,Supplier 64,0.0,0.0,0.0
SKU0903,Product 0903,Store C,0.0,0.0,Supplier 64,0.0,0.0,0.0
SKU0903,Product 0903,Warehouse,0.0,0.0,Supplier 64,0.0,0.0,0.0
SKU0904,Product 0904,Store A,0.0,0.0,Supplier 29,0.0,0.0,0.0
SKU0904,Product 0904,Store B,0.0,0.0,Supplier 29,0.0,0.0,0.0
SKU0904,Product 0904,Store C,0.0,0.0,Supplier 29,0.0,0.0,0.0
SKU0904,Product 0904,Warehouse,0.0,0.0,Supplier 29,0.0,0.0,0.0
SKU0905,Product 0905,Store A,0.0,0.0,Supplier 29,0.0,0.0,0.0
SKU0905,Product 0905,Store B,0.0,0.0,Supplier 29,0.0,0.0,0.0
SKU0905,Product 0905,Store C,0.0,0.0,Supplier 29,0.0,0.0,0.0
SKU0905,Product 0905,Warehouse,0.0,0.0,Supplier 29,0.0,0.0,0.0
SKU0906,Product 0906,Warehouse,128.0,0.7055,Supplier 69,0.0,0.0,0.0
SKU0907,Product 0907,Store A,0.0,0.0,Supplier 29,0.0,0.0,0.0
SKU0907,Product 0907,Store B,0.0,0.0,Supplier 29,0.0,0.0,0.0
SKU0907,Product 0907,Store C,0.0,0.0,Supplier 29,0.0,0.0,0.0
SKU0907,Product 0907,Warehouse,0.0,0.0,Supplier 29,0.0,0.0,0.0
SKU0908,Product 0908,Store A,0.0,0.0,Supplier 64,0.0,0.0,0.0
SKU0908,Product 0908,Store B,0.0,0.0,Supplier 64,0.0,0.0,0.0
SKU0908,Product 0908,Store C,0.0,0.0,Supplier 64,0.0,0.0,0.0
SKU0908,Product 0908,Warehouse,0.0,0.0,Supplier 64,0.0,0.0,0.0
SKU0909,Product 0909,Store A,0.0,0.0,Supplier 08,0.0,0.0,0.0
SKU0909,Product 0909,Store B,0.0,0.0,Supplier 08,0.0,0.0,0.0
SKU0909,Product 0909,Store C,0.0,0.0,Supplier 08,0.0,0.0,0.0
SKU0909,Product 0909,Warehouse,0.0,0.0,Supplier 08,0.0,0.0,0.0
SKU0910,Product 0910,Store A,0.0,0.0,Supplier 08,0.0,0.0,0.0
SKU0910,Product 0910,Store B,0.0,0.0,Supplier 08,0.0,0.0,0.0
SKU0910,Product 0910,Store C,0.0,0.0,Supplier 08,0.0,0.0,0.0
SKU0910,Product 0910,Warehouse,0.0,0.0,Supplier 08,0.0,0.0,0.0
SKU0911,Product 0911,Store A,0.0,0.0,Supplier 08,0.0,0.0,0.0
SKU0911,Product 0911,Store B,0.0,0.0,Supplier 08,0.0,0.0,0.0
SKU0911,Product 0911,Store C,0.0,0.0,Supplier 08,0.0,0.0,0.0
SKU0911,Product 0911,Warehouse,0.0,0.0,Supplier 08,0.0,0.0,0.0
SKU0912,Product 0912,Store A,0.0,0.0,Supplier 08,0.0,0.0,0.0
SKU0912,Product 0912,Store B,0.0,0.0,Supplier 08,0.0,0.0,0.0
SKU0912,Product 0912,Store C,0.0,0.0,Supplier 08,0.0,0.0,0.0
SKU0912,Product 0912,Warehouse,0.0,0.0,Supplier 08,0.0,0.0,0.0
SKU0913,Product 0913,Store A,0.0,0.0,Supplier 06,0.0,0.0,0.0
SKU0913,Product 0913,Store B,0.0,0.0,Supplier 06,0.0,0.0,0.0
SKU0913,Product 0913,Store C,0.0,0.0,Supplier 06,0.0,0.0,0.0
SKU0913,Product 0913,Warehouse,0.0,0.0,Supplier 06,0.0,0.0,0.0
SKU0914,Product 0914,Store A,2.316,2.7415,Supplier 69,0.0,0.0,0.0
SKU0914,Product 0914,Warehouse,16.0,2.7399,Supplier 69,0.0,0.0,0.0
SKU0917,Product 0917,Store A,0.0,0.0,Supplier 64,0.0,0.0,0.0
SKU0917,Product 0917,Store B,0.0,0.0,Supplier 64,0.0,0.0,0.0
SKU0917,Product 0917,Store C,0.0,0.0,Supplier 64,0.0,0.0,0.0
SKU0917,Product 0917,Warehouse,0.0,0.0,Supplier 64,0.0,0.0,0.0
SKU0918,Product 0918,Store A,0.0,0.0,Supplier 34,0.0,0.0,0.0
SKU0918,Product 0918,Store B,0.0,0.0,Supplier 34,0.0,0.0,0.0
SKU0918,Product 0918,Store C,0.0,0.0,Supplier 34,0.0,0.0,0.0
SKU0918,Product 0918,Warehouse,0.0,0.0,Supplier 34,0.0,0.0,0.0
SKU0919,Product 0919,Store A,0.0,0.0,Supplier 64,0.0,0.0,0.0
SKU0919,Product 0919,Store B,0.0,0.0,Supplier 64,0.0,0.0,0.0
SKU0919,Product 0919,Store C,0.0,0.0,Supplier 64,0.0,0.0,0.0
SKU0919,Product 0919,Warehouse,0.0,0.0,Supplier 64,0.0,0.0,0.0
SKU0920,Product 0920,Store A,0.0,0.0,Supplier 64,0.0,0.0,0.0
SKU0920,Product 0920,Store B,0.0,0.0,Supplier 64,0.0,0.0,0.0
SKU0920,Product 0920,Store C,0.0,0.0,Supplier 64,0.0,0.0,0.0
SKU0920,Product 0920,Warehouse,0.0,0.0,Supplier 64,0.0,0.0,0.0
SKU0921,Product 0921,Store A,0.0,0.0,Supplier 64,0.0,0.0,0.0
SKU0921,Product 0921,Store B,0.0,0.0,Supplier 64,0.0,0.0,0.0
SKU0921,Product 0921,Store C,0.0,0.0,Supplier 64,0.0,0.0,0.0
SKU0921,Product 0921,Warehouse,0.0,0.0,Supplier 64,0.0,0.0,0.0
SKU0922,Product 0922,Store A,0.0,0.0,Supplier 02,0.0,0.0,0.0
SKU0922,Product 0922,Store B,0.0,0.0,Supplier 02,0.0,0.0,0.0
SKU0922,Product 0922,Store C,0.0,0.0,Supplier 02,0.0,0.0,0.0
SKU0922,Product 0922,Warehouse,0.0,0.0,Supplier 02,0.0,0.0,0.0
SKU0923,Product 0923,Store A,0.0,0.0,Supplier 02,0.0,0.0,0.0
SKU0923,Product 0923,Store B,0.0,0.0,Supplier 02,0.0,0.0,0.0
SKU0923,Product 0923,Store C,0.0,0.0,Supplier 02,0.0,0.0,0.0
SKU0923,Product 0923,Warehouse,0.0,0.0,Supplier 02,0.0,0.0,0.0
SKU0925,Product 0925,Store B,10.0,3.6105,Supplier 54,0.0,0.0,0.0
SKU0925,Product 0925,Warehouse,0.0,0.0,Supplier 54,0.0,0.0,0.0
SKU0926,Product 0926,Warehouse,0.0,0.0931,Unknown supplier,0.0,0.0,0.0
SKU0927,Product 0927,Store A,81.0,0.0,Supplier 32,0.0,0.0,0.0
SKU0927,Product 0927,Store B,86.0,0.0,Supplier 32,0.0,0.0,0.0
SKU0927,Product 0927,Store C,77.0,0.0,Supplier 32,0.0,0.0,0.0
SKU0927,Product 0927,Warehouse,720.0,0.0934,Supplier 32,0.0,0.0,0.0
SKU0928,Product 0928,Warehouse,0.0,0.0,Supplier 34,0.0,0.0,0.0
SKU0929,Product 0929,Store A,0.0,0.0,Supplier 62,0.0,0.0,0.0
SKU0929,Product 0929,Store B,0.0,0.0,Supplier 62,0.0,0.0,0.0
SKU0929,Product 0929,Warehouse,0.0,0.0,Supplier 62,0.0,0.0,0.0
SKU0930,Product 0930,Warehouse,0.0,0.0,Supplier 62,0.0,0.0,0.0
SKU0931,Product 0931,Store A,0.0,0.0,Supplier 62,0.0,0.0,0.0
SKU0931,Product 0931,Store B,0.0,0.0,Supplier 62,0.0,0.0,0.0
SKU0931,Product 0931,Warehouse,0.0,0.0,Supplier 62,0.0,0.0,0.0
SKU0932,Product 0932,Store A,0.0,0.0,Supplier 62,0.0,0.0,0.0
SKU0932,Product 0932,Store B,0.0,0.0,Supplier 62,0.0,0.0,0.0
SKU0932,Product 0932,Store C,0.0,0.0,Supplier 62,0.0,0.0,0.0
SKU0932,Product 0932,Warehouse,0.0,0.0,Supplier 62,0.0,0.0,0.0
SKU0933,Product 0933,Warehouse,0.0,0.0,Supplier 62,0.0,0.0,0.0
SKU0934,Product 0934,Store A,2.0,4.5982,Supplier 62,0.0,0.0,0.0
SKU0934,Product 0934,Store C,0.0,0.0,Supplier 62,0.0,0.0,0.0
SKU0934,Product 0934,Warehouse,0.0,0.0,Supplier 62,0.0,0.0,0.0
SKU0935,Product 0935,Warehouse,10.0,4.5982,Supplier 62,0.0,0.0,0.0
SKU0936,Product 0936,Store B,0.0,0.0,Supplier 62,0.0,0.0,0.0
SKU0936,Product 0936,Store C,0.0,0.0,Supplier 62,0.0,0.0,0.0
SKU0936,Product 0936,Warehouse,0.0,0.0,Supplier 62,0.0,0.0,0.0
SKU0937,Product 0937,Store A,4.0,9.2462,Supplier 62,0.0,0.0,0.0
SKU0937,Product 0937,Store C,3.0,9.2462,Supplier 62,0.0,0.0,0.0
SKU0937,Product 0937,Warehouse,0.0,0.0,Supplier 62,0.0,0.0,0.0
SKU0938,Product 0938,Store A,1.0,6.9222,Supplier 62,0.0,0.0,0.0
SKU0938,Product 0938,Store B,0.0,0.0,Supplier 62,0.0,0.0,0.0
SKU0938,Product 0938,Store C,0.0,0.0,Supplier 62,0.0,0.0,0.0
SKU0938,Product 0938,Warehouse,0.0,0.0,Supplier 62,0.0,0.0,0.0
SKU0939,Product 0939,Store B,8.0,11.5702,Supplier 62,0.0,0.0,0.0
SKU0939,Product 0939,Warehouse,0.0,0.0,Supplier 62,0.0,0.0,0.0
SKU0940,Product 0940,Store B,29.0,0.7804,Supplier 56,0.0,0.0,0.0
SKU0940,Product 0940,Warehouse,852.0,0.7802,Supplier 56,0.0,0.0,0.0
SKU0941,Product 0941,Warehouse,20.0,6.4068,Supplier 29,0.0,0.0,0.0
SKU0942,Product 0942,Store A,0.0,0.0,Supplier 59,0.0,0.0,0.0
SKU0942,Product 0942,Store B,0.0,0.0,Supplier 59,0.0,0.0,0.0
SKU0942,Product 0942,Store C,0.0,0.0,Supplier 59,0.0,0.0,0.0
SKU0942,Product 0942,Warehouse,0.0,0.0,Supplier 59,0.0,0.0,0.0
SKU0943,Product 0943,Store A,0.0,0.0,Supplier 59,0.0,0.0,0.0
SKU0943,Product 0943,Store B,0.0,0.0,Supplier 59,0.0,0.0,0.0
SKU0943,Product 0943,Store C,0.0,0.0,Supplier 59,0.0,0.0,0.0
SKU0943,Product 0943,Warehouse,0.0,0.0,Supplier 59,0.0,0.0,0.0
SKU0944,Product 0944,Store A,0.0,0.0,Supplier 59,0.0,0.0,0.0
SKU0944,Product 0944,Store B,0.0,0.0,Supplier 59,0.0,0.0,0.0
SKU0944,Product 0944,Store C,0.0,0.0,Supplier 59,0.0,0.0,0.0
SKU0944,Product 0944,Warehouse,0.0,0.0,Supplier 59,0.0,0.0,0.0
SKU0945,Product 0945,Store A,0.0,0.0,Supplier 59,0.0,0.0,0.0
SKU0945,Product 0945,Store B,0.0,0.0,Supplier 59,0.0,0.0,0.0
SKU0945,Product 0945,Store C,0.0,0.0,Supplier 59,0.0,0.0,0.0
SKU0945,Product 0945,Warehouse,0.0,0.0,Supplier 59,0.0,0.0,0.0
SKU0946,Product 0946,Store A,0.0,0.0,Supplier 59,0.0,0.0,0.0
SKU0946,Product 0946,Store B,0.0,0.0,Supplier 59,0.0,0.0,0.0
SKU0946,Product 0946,Store C,0.0,0.0,Supplier 59,0.0,0.0,0.0
SKU0946,Product 0946,Warehouse,0.0,0.0,Supplier 59,0.0,0.0,0.0
SKU0947,Product 0947,Store A,0.0,0.0,Supplier 59,0.0,0.0,0.0
SKU0947,Product 0947,Store B,0.0,0.0,Supplier 59,0.0,0.0,0.0
SKU0947,Product 0947,Store C,0.0,0.0,Supplier 59,0.0,0.0,0.0
SKU0947,Product 0947,Warehouse,0.0,0.0,Supplier 59,0.0,0.0,0.0
SKU0948,Product 0948,Store A,0.0,0.0,Supplier 47,0.0,0.0,0.0
SKU0948,Product 0948,Store B,0.0,0.0,Supplier 47,0.0,0.0,0.0
SKU0948,Product 0948,Store C,0.0,0.0,Supplier 47,0.0,0.0,0.0
SKU0948,Product 0948,Warehouse,165.0,0.0335,Supplier 47,0.0,0.0,0.0
SKU0949,Product 0949,Warehouse,0.0,0.0,Supplier 26,0.0,0.0,0.0
SKU0950,Product 0950,Warehouse,180.0,0.1743,Supplier 02,0.0,0.0,0.0
SKU0951,Product 0951,Warehouse,0.0,0.8922,Supplier 49,0.0,0.0,0.0
SKU0952,Product 0952,Warehouse,0.0,0.8923,Supplier 49,0.0,0.0,0.0
SKU0953,Product 0953,Warehouse,12.0,0.8674,Supplier 49,0.0,0.0,0.0
SKU0954,Product 0954,Warehouse,0.0,0.0,Supplier 29,0.0,0.0,0.0
SKU0955,Product 0955,Warehouse,0.0,0.0,Supplier 29,0.0,0.0,0.0
SKU0956,Product 0956,Store A,0.0,0.0,Supplier 29,0.0,0.0,0.0
SKU0956,Product 0956,Store B,0.0,0.0,Supplier 29,0.0,0.0,0.0
SKU0956,Product 0956,Store C,0.0,0.0,Supplier 29,0.0,0.0,0.0
SKU0956,Product 0956,Warehouse,0.0,0.0,Supplier 29,0.0,0.0,0.0
SKU0957,Product 0957,Store C,0.0,0.0,Supplier 55,0.0,0.0,0.0
SKU0958,Product 0958,Store C,0.0,0.0,Supplier 55,0.0,0.0,0.0
SKU0959,Product 0959,Store A,0.0,0.0,Supplier 55,0.0,0.0,0.0
SKU0959,Product 0959,Store B,0.0,0.0,Supplier 55,0.0,0.0,0.0
SKU0959,Product 0959,Store C,0.0,0.0,Supplier 55,0.0,0.0,0.0
SKU0959,Product 0959,Warehouse,0.0,0.0,Supplier 55,0.0,0.0,0.0
SKU0960,Product 0960,Store C,0.0,0.0,Supplier 55,0.0,0.0,0.0
SKU0961,Product 0961,Store C,0.0,0.0,Supplier 55,0.0,0.0,0.0
SKU0962,Product 0962,Store C,0.0,0.0,Supplier 55,0.0,0.0,0.0
SKU0963,Product 0963,Warehouse,0.0,0.0,Supplier 31,0.0,0.0,0.0
SKU0964,Product 0964,Store B,0.0,0.0,Supplier 31,0.0,0.0,0.0
SKU0964,Product 0964,Warehouse,0.0,0.0,Supplier 31,0.0,0.0,0.0
SKU0965,Product 0965,Store A,0.0,0.0,Supplier 15,0.0,0.0,0.0
SKU0965,Product 0965,Store B,0.0,0.0,Supplier 15,0.0,0.0,0.0
SKU0965,Product 0965,Store C,0.0,0.0,Supplier 15,0.0,0.0,0.0
SKU0965,Product 0965,Warehouse,0.0,0.0,Supplier 15,0.0,0.0,0.0
SKU0966,Product 0966,Store B,0.0,0.0,Supplier 71,0.0,0.0,0.0
SKU0966,Product 0966,Store C,0.0,0.0,Supplier 71,0.0,0.0,0.0
SKU0966,Product 0966,Warehouse,0.0,0.0,Supplier 71,0.0,0.0,0.0
SKU0967,Product 0967,Store A,0.0,0.0,Supplier 71,0.0,0.0,0.0
SKU0967,Product 0967,Store B,0.0,0.0,Supplier 71,0.0,0.0,0.0
SKU0967,Product 0967,Store C,0.0,0.0,Supplier 71,0.0,0.0,0.0
SKU0967,Product 0967,Warehouse,0.0,0.0,Supplier 71,0.0,0.0,0.0
SKU0968,Product 0968,Store A,0.0,0.0,Supplier 71,0.0,0.0,0.0
SKU0968,Product 0968,Store B,0.0,0.0,Supplier 71,0.0,0.0,0.0
SKU0968,Product 0968,Store C,0.0,0.0,Supplier 71,0.0,0.0,0.0
SKU0968,Product 0968,Warehouse,0.0,0.0,Supplier 71,0.0,0.0,0.0
SKU0969,Product 0969,Store B,0.0,0.0,Supplier 71,0.0,0.0,0.0
SKU0969,Product 0969,Store C,0.0,0.0,Supplier 71,0.0,0.0,0.0
SKU0969,Product 0969,Warehouse,0.0,0.0,Supplier 71,0.0,0.0,0.0
SKU0970,Product 0970,Store B,0.0,0.0,Supplier 71,0.0,0.0,0.0
SKU0970,Product 0970,Store C,0.0,0.0,Supplier 71,0.0,0.0,0.0
SKU0970,Product 0970,Warehouse,0.0,0.0,Supplier 71,0.0,0.0,0.0
SKU0971,Product 0971,Store B,0.0,0.0,Supplier 71,0.0,0.0,0.0
SKU0971,Product 0971,Store C,0.0,0.0,Supplier 71,0.0,0.0,0.0
SKU0971,Product 0971,Warehouse,0.0,0.0,Supplier 71,0.0,0.0,0.0
SKU0972,Product 0972,Store A,0.0,0.0,Supplier 71,0.0,0.0,0.0
SKU0972,Product 0972,Store B,0.0,0.0,Supplier 71,0.0,0.0,0.0
SKU0972,Product 0972,Store C,0.0,0.0,Supplier 71,0.0,0.0,0.0
SKU0972,Product 0972,Warehouse,0.0,0.0,Supplier 71,0.0,0.0,0.0
SKU0973,Product 0973,Store A,0.0,0.0,Supplier 71,0.0,0.0,0.0
SKU0973,Product 0973,Store B,0.0,0.0,Supplier 71,0.0,0.0,0.0
SKU0973,Product 0973,Store C,0.0,0.0,Supplier 71,0.0,0.0,0.0
SKU0973,Product 0973,Warehouse,0.0,0.0,Supplier 71,0.0,0.0,0.0
SKU0974,Product 0974,Store A,0.0,0.0,Supplier 71,0.0,0.0,0.0
SKU0974,Product 0974,Store B,0.0,0.0,Supplier 71,0.0,0.0,0.0
SKU0974,Product 0974,Store C,0.0,0.0,Supplier 71,0.0,0.0,0.0
SKU0974,Product 0974,Warehouse,0.0,0.0,Supplier 71,0.0,0.0,0.0
SKU0975,Product 0975,Store A,0.0,0.0,Supplier 71,0.0,0.0,0.0
SKU0975,Product 0975,Store B,0.0,0.0,Supplier 71,0.0,0.0,0.0
SKU0975,Product 0975,Store C,0.0,0.0,Supplier 71,0.0,0.0,0.0
SKU0975,Product 0975,Warehouse,0.0,0.0,Supplier 71,0.0,0.0,0.0
SKU0976,Product 0976,Store A,0.0,0.0,Supplier 71,0.0,0.0,0.0
SKU0976,Product 0976,Store B,0.0,0.0,Supplier 71,0.0,0.0,0.0
SKU0976,Product 0976,Store C,0.0,0.0,Supplier 71,0.0,0.0,0.0
SKU0976,Product 0976,Warehouse,0.0,0.0,Supplier 71,0.0,0.0,0.0
SKU0977,Product 0977,Store A,0.0,0.0,Supplier 71,0.0,0.0,0.0
SKU0977,Product 0977,Store B,0.0,0.0,Supplier 71,0.0,0.0,0.0
SKU0977,Product 0977,Store C,0.0,0.0,Supplier 71,0.0,0.0,0.0
SKU0977,Product 0977,Warehouse,0.0,0.0,Supplier 71,0.0,0.0,0.0
SKU0978,Product 0978,Store A,0.0,0.0,Supplier 71,0.0,0.0,0.0
SKU0978,Product 0978,Store B,0.0,0.0,Supplier 71,0.0,0.0,0.0
SKU0978,Product 0978,Store C,0.0,0.0,Supplier 71,0.0,0.0,0.0
SKU0978,Product 0978,Warehouse,0.0,0.0,Supplier 71,0.0,0.0,0.0
SKU0979,Product 0979,Store A,0.0,0.0,Supplier 71,0.0,0.0,0.0
SKU0979,Product 0979,Store B,0.0,0.0,Supplier 71,0.0,0.0,0.0
SKU0979,Product 0979,Store C,0.0,0.0,Supplier 71,0.0,0.0,0.0
SKU0979,Product 0979,Warehouse,0.0,0.0,Supplier 71,0.0,0.0,0.0
SKU0980,Product 0980,Warehouse,0.0,0.0,Supplier 22,0.0,0.0,0.0
SKU0981,Product 0981,Warehouse,20.0,0.2905,Supplier 22,0.0,0.0,0.0
SKU0982,Product 0982,Warehouse,0.0,0.0,Supplier 46,0.0,0.0,0.0
SKU0983,Product 0983,Warehouse,9.0,0.5063,Supplier 46,0.0,0.0,0.0
SKU0984,Product 0984,Warehouse,0.0,0.9131,Supplier 46,0.0,0.0,0.0
SKU0985,Product 0985,Store A,0.0,0.0,Supplier 46,0.0,0.0,0.0
SKU0985,Product 0985,Store B,0.0,0.0,Supplier 46,0.0,0.0,0.0
SKU0985,Product 0985,Store C,0.0,0.0,Supplier 46,0.0,0.0,0.0
SKU0985,Product 0985,Warehouse,0.0,0.0,Supplier 46,0.0,0.0,0.0
SKU0986,Product 0986,Warehouse,18.0,0.6059,Supplier 46,0.0,0.0,0.0
SKU0987,Product 0987,Store A,0.0,0.0,Supplier 46,0.0,0.0,0.0
SKU0987,Product 0987,Store B,0.0,0.0,Supplier 46,0.0,0.0,0.0
SKU0987,Product 0987,Store C,0.0,0.0,Supplier 46,0.0,0.0,0.0
SKU0987,Product 0987,Warehouse,0.0,0.0,Supplier 46,0.0,0.0,0.0
SKU0988,Product 0988,Warehouse,153.0,0.498,Supplier 69,0.0,0.0,0.0
SKU0989,Product 0989,Store A,0.0,0.0,Supplier 46,0.0,0.0,0.0
SKU0989,Product 0989,Store B,0.0,0.0,Supplier 46,0.0,0.0,0.0
SKU0989,Product 0989,Store C,0.0,0.0,Supplier 46,0.0,0.0,0.0
SKU0989,Product 0989,Warehouse,0.0,0.0,Supplier 46,0.0,0.0,0.0
SKU0990,Product 0990,Store A,0.0,0.0,Supplier 46,0.0,0.0,0.0
SKU0990,Product 0990,Store B,0.0,0.0,Supplier 46,0.0,0.0,0.0
SKU0990,Product 0990,Store C,0.0,0.0,Supplier 46,0.0,0.0,0.0
SKU0990,Product 0990,Warehouse,0.0,0.0,Supplier 46,0.0,0.0,0.0
SKU0991,Product 0991,Warehouse,51.0,0.5063,Supplier 46,0.0,0.0,0.0
SKU0992,Product 0992,Store A,0.0,0.0,Supplier 06,0.0,0.0,0.0
SKU0992,Product 0992,Store B,0.0,0.0,Supplier 06,0.0,0.0,0.0
SKU0992,Product 0992,Store C,0.0,0.0,Supplier 06,0.0,0.0,0.0
SKU0992,Product 0992,Warehouse,0.0,0.0,Supplier 06,0.0,0.0,0.0
SKU0993,Product 0993,Store A,0.0,0.0,Supplier 06,0.0,0.0,0.0
SKU0993,Product 0993,Store B,0.0,0.0,Supplier 06,0.0,0.0,0.0
SKU0993,Product 0993,Store C,0.0,0.0,Supplier 06,0.0,0.0,0.0
SKU0993,Product 0993,Warehouse,0.0,0.0,Supplier 06,0.0,0.0,0.0
SKU0994,Product 0994,Store A,0.0,0.0,Supplier 06,0.0,0.0,0.0
SKU0994,Product 0994,Store B,0.0,0.0,Supplier 06,0.0,0.0,0.0
SKU0994,Product 0994,Store C,0.0,0.0,Supplier 06,0.0,0.0,0.0
SKU0994,Product 0994,Warehouse,0.0,0.0,Supplier 06,0.0,0.0,0.0
SKU0995,Product 0995,Store A,0.0,0.0,Supplier 06,0.0,0.0,0.0
SKU0995,Product 0995,Store B,0.0,0.0,Supplier 06,0.0,0.0,0.0
SKU0995,Product 0995,Store C,0.0,0.0,Supplier 06,0.0,0.0,0.0
SKU0995,Product 0995,Warehouse,0.0,0.0,Supplier 06,0.0,0.0,0.0
SKU0996,Product 0996,Warehouse,23.0,4.4156,Multiple suppliers,0.0,0.0,0.0
SKU0997,Product 0997,Warehouse,205.0,0.5395,Supplier 42,0.0,0.0,0.0
SKU0998,Product 0998,Store A,0.0,0.0,Supplier 42,0.0,0.0,0.0
SKU0998,Product 0998,Store B,0.0,0.0,Supplier 42,0.0,0.0,0.0
SKU0998,Product 0998,Store C,0.0,0.0,Supplier 42,0.0,0.0,0.0
SKU0998,Product 0998,Warehouse,0.0,0.0,Supplier 42,0.0,0.0,0.0
SKU0999,Product 0999,Store A,0.0,0.0,Supplier 42,0.0,0.0,0.0
SKU0999,Product 0999,Store B,0.0,0.0,Supplier 42,0.0,0.0,0.0
SKU0999,Product 0999,Store C,0.0,0.0,Supplier 42,0.0,0.0,0.0
SKU0999,Product 0999,Warehouse,0.0,0.0,Supplier 42,0.0,0.0,0.0
SKU1000,Product 1000,Warehouse,0.0,0.0,Supplier 22,0.0,0.0,0.0
SKU1001,Product 1001,Store C,0.0,0.0,Supplier 19,0.0,0.0,0.0
SKU1001,Product 1001,Warehouse,0.0,0.2075,Supplier 19,0.0,0.0,0.0
SKU1002,Product 1002,Warehouse,0.0,0.0,Supplier 19,0.0,0.0,0.0
SKU1003,Product 1003,Warehouse,0.0,0.0,Supplier 19,0.0,0.0,0.0
SKU1004,Product 1004,Store A,0.0,0.0,Supplier 03,0.0,0.0,0.0
SKU1004,Product 1004,Store B,0.0,0.0,Supplier 03,0.0,0.0,0.0
SKU1004,Product 1004,Store C,0.0,0.0,Supplier 03,0.0,0.0,0.0
SKU1004,Product 1004,Warehouse,0.0,0.0,Supplier 03,0.0,0.0,0.0
SKU1005,Product 1005,Store A,0.0,0.0,Supplier 03,0.0,0.0,0.0
SKU1005,Product 1005,Store B,0.0,0.0,Supplier 03,0.0,0.0,0.0
SKU1005,Product 1005,Warehouse,0.0,0.0,Supplier 03,0.0,0.0,0.0
SKU1006,Product 1006,Store A,0.0,0.0,Supplier 03,0.0,0.0,0.0
SKU1006,Product 1006,Store B,0.0,0.0,Supplier 03,0.0,0.0,0.0
SKU1006,Product 1006,Warehouse,0.0,0.0,Supplier 03,0.0,0.0,0.0
SKU1007,Product 1007,Store A,0.0,0.0,Supplier 03,0.0,0.0,0.0
SKU1007,Product 1007,Store B,0.0,0.0,Supplier 03,0.0,0.0,0.0
SKU1007,Product 1007,Store C,0.0,0.0,Supplier 03,0.0,0.0,0.0
SKU1007,Product 1007,Warehouse,0.0,0.0,Supplier 03,0.0,0.0,0.0
SKU1008,Product 1008,Store A,0.0,0.0,Supplier 03,0.0,0.0,0.0
SKU1008,Product 1008,Store B,0.0,0.0,Supplier 03,0.0,0.0,0.0
SKU1008,Product 1008,Store C,0.0,0.0,Supplier 03,0.0,0.0,0.0
SKU1008,Product 1008,Warehouse,0.0,0.0,Supplier 03,0.0,0.0,0.0
SKU1009,Product 1009,Warehouse,300.0,0.4648,Supplier 03,0.0,0.0,0.0
SKU1010,Product 1010,Store A,0.0,0.0,Supplier 03,0.0,0.0,0.0
SKU1010,Product 1010,Store B,0.0,0.0,Supplier 03,0.0,0.0,0.0
SKU1010,Product 1010,Store C,0.0,0.0,Supplier 03,0.0,0.0,0.0
SKU1010,Product 1010,Warehouse,0.0,0.0,Supplier 03,0.0,0.0,0.0
SKU1011,Product 1011,Store B,0.0,0.0,Supplier 03,0.0,0.0,0.0
SKU1011,Product 1011,Store C,0.0,0.0,Supplier 03,0.0,0.0,0.0
SKU1011,Product 1011,Warehouse,0.0,0.0,Supplier 03,0.0,0.0,0.0
SKU1012,Product 1012,Store A,0.0,0.0,Supplier 03,0.0,0.0,0.0
SKU1012,Product 1012,Store B,0.0,0.0,Supplier 03,0.0,0.0,0.0
SKU1012,Product 1012,Store C,0.0,0.0,Supplier 03,0.0,0.0,0.0
SKU1012,Product 1012,Warehouse,0.0,0.0,Supplier 03,0.0,0.0,0.0
SKU1013,Product 1013,Warehouse,84.0,0.4648,Supplier 03,0.0,0.0,0.0
SKU1014,Product 1014,Store A,0.0,0.0,Supplier 03,0.0,0.0,0.0
SKU1014,Product 1014,Store B,0.0,0.0,Supplier 03,0.0,0.0,0.0
SKU1014,Product 1014,Store C,0.0,0.0,Supplier 03,0.0,0.0,0.0
SKU1014,Product 1014,Warehouse,0.0,0.0,Supplier 03,0.0,0.0,0.0
SKU1015,Product 1015,Store A,0.0,0.0,Supplier 03,0.0,0.0,0.0
SKU1015,Product 1015,Store B,0.0,0.0,Supplier 03,0.0,0.0,0.0
SKU1015,Product 1015,Store C,0.0,0.0,Supplier 03,0.0,0.0,0.0
SKU1015,Product 1015,Warehouse,0.0,0.0,Supplier 03,0.0,0.0,0.0
SKU1016,Product 1016,Store B,0.0,0.0,Supplier 03,0.0,0.0,0.0
SKU1016,Product 1016,Store C,0.0,0.0,Supplier 03,0.0,0.0,0.0
SKU1016,Product 1016,Warehouse,0.0,0.0,Supplier 03,0.0,0.0,0.0
SKU1017,Product 1017,Store B,0.0,0.0,Supplier 03,0.0,0.0,0.0
SKU1017,Product 1017,Store C,0.0,0.0,Supplier 03,0.0,0.0,0.0
SKU1017,Product 1017,Warehouse,0.0,0.0,Supplier 03,0.0,0.0,0.0
SKU1018,Product 1018,Store A,0.0,0.0,Supplier 03,0.0,0.0,0.0
SKU1018,Product 1018,Store B,0.0,0.0,Supplier 03,0.0,0.0,0.0
SKU1018,Product 1018,Store C,0.0,0.0,Supplier 03,0.0,0.0,0.0
SKU1018,Product 1018,Warehouse,0.0,0.0,Supplier 03,0.0,0.0,0.0
SKU1019,Product 1019,Store A,0.0,0.0,Supplier 03,0.0,0.0,0.0
SKU1019,Product 1019,Store B,0.0,0.0,Supplier 03,0.0,0.0,0.0
SKU1019,Product 1019,Store C,0.0,0.0,Supplier 03,0.0,0.0,0.0
SKU1019,Product 1019,Warehouse,0.0,0.0,Supplier 03,0.0,0.0,0.0
SKU1020,Product 1020,Store B,0.0,0.0,Supplier 03,0.0,0.0,0.0
SKU1020,Product 1020,Store C,0.0,0.0,Supplier 03,0.0,0.0,0.0
SKU1020,Product 1020,Warehouse,0.0,0.0,Supplier 03,0.0,0.0,0.0
SKU1021,Product 1021,Store B,0.0,0.0,Supplier 03,0.0,0.0,0.0
SKU1021,Product 1021,Store C,0.0,0.0,Supplier 03,0.0,0.0,0.0
SKU1021,Product 1021,Warehouse,0.0,0.0,Supplier 03,0.0,0.0,0.0
SKU1022,Product 1022,Warehouse,0.0,0.0,Supplier 42,0.0,0.0,0.0
SKU1023,Product 1023,Store C,0.0,0.0,Supplier 42,0.0,0.0,0.0
SKU1023,Product 1023,Warehouse,10.0,4.233,Supplier 42,0.0,0.0,0.0
SKU1024,Product 1024,Warehouse,0.0,0.0,Supplier 11,0.0,0.0,0.0
SKU1025,Product 1025,Warehouse,0.0,0.0,Supplier 11,0.0,0.0,0.0
SKU1026,Product 1026,Warehouse,13.0,0.332,Supplier 11,0.0,0.0,0.0
SKU1027,Product 1027,Store A,0.0,0.0,Supplier 11,0.0,0.0,0.0
SKU1027,Product 1027,Warehouse,0.0,0.0,Supplier 11,0.0,0.0,0.0
SKU1028,Product 1028,Warehouse,0.0,0.523,Supplier 11,0.0,0.0,0.0
SKU1029,Product 1029,Store A,0.0,0.0,Supplier 45,0.0,0.0,0.0
SKU1029,Product 1029,Store B,0.0,0.0,Supplier 45,0.0,0.0,0.0
SKU1029,Product 1029,Store C,0.0,0.0,Supplier 45,0.0,0.0,0.0
SKU1029,Product 1029,Warehouse,0.0,0.0,Supplier 45,0.0,0.0,0.0
SKU1030,Product 1030,Warehouse,0.0,0.0,Supplier 69,0.0,0.0,0.0
SKU1031,Product 1031,Store A,0.0,0.0,Supplier 59,0.0,0.0,0.0
SKU1031,Product 1031,Store C,0.0,0.0,Supplier 59,0.0,0.0,0.0
SKU1031,Product 1031,Warehouse,0.0,0.0,Supplier 59,0.0,0.0,0.0
SKU1032,Product 1032,Store B,0.0,0.0,Supplier 42,0.0,0.0,0.0
SKU1032,Product 1032,Store C,0.0,0.0,Supplier 42,0.0,0.0,0.0
SKU1032,Product 1032,Warehouse,0.0,0.0,Supplier 42,0.0,0.0,0.0
SKU1033,Product 1033,Store A,0.0,0.0,Multiple suppliers,0.0,0.0,0.0
SKU1033,Product 1033,Store B,0.0,0.0,Multiple suppliers,0.0,0.0,0.0
SKU1033,Product 1033,Store C,0.0,0.0,Multiple suppliers,0.0,0.0,0.0
SKU1033,Product 1033,Warehouse,0.0,0.0,Multiple suppliers,0.0,0.0,0.0
SKU1034,Product 1034,Warehouse,0.0,0.2656,Supplier 19,0.0,0.0,0.0
SKU1035,Product 1035,Store B,0.0,0.0,Supplier 42,0.0,0.0,0.0
SKU1035,Product 1035,Store C,0.0,0.0,Supplier 42,0.0,0.0,0.0
SKU1035,Product 1035,Warehouse,0.0,0.0,Supplier 42,0.0,0.0,0.0
SKU1036,Product 1036,Warehouse,0.0,0.0,Supplier 28,0.0,0.0,0.0
SKU1037,Product 1037,Warehouse,0.0,0.0,Supplier 28,0.0,0.0,0.0
SKU1038,Product 1038,Warehouse,0.0,0.0,Supplier 28,0.0,0.0,0.0
SKU1039,Product 1039,Warehouse,0.0,0.0,Supplier 28,0.0,0.0,0.0
SKU1040,Product 1040,Store B,0.0,0.0,Supplier 64,0.0,0.0,0.0
SKU1040,Product 1040,Store C,0.0,0.0,Supplier 64,0.0,0.0,0.0
SKU1040,Product 1040,Warehouse,0.0,0.0,Supplier 64,0.0,0.0,0.0
SKU1041,Product 1041,Store A,0.0,0.0,Supplier 03,0.0,0.0,0.0
SKU1041,Product 1041,Store B,0.0,0.0,Supplier 03,0.0,0.0,0.0
SKU1041,Product 1041,Store C,0.0,0.0,Supplier 03,0.0,0.0,0.0
SKU1041,Product 1041,Warehouse,0.0,0.0,Supplier 03,0.0,0.0,0.0
SKU1042,Product 1042,Store A,0.0,0.0,Supplier 03,0.0,0.0,0.0
SKU1042,Product 1042,Store B,0.0,0.0,Supplier 03,0.0,0.0,0.0
SKU1042,Product 1042,Store C,0.0,0.0,Supplier 03,0.0,0.0,0.0
SKU1042,Product 1042,Warehouse,0.0,0.0,Supplier 03,0.0,0.0,0.0
SKU1043,Product 1043,Store A,0.0,0.0,Supplier 03,0.0,0.0,0.0
SKU1043,Product 1043,Store B,0.0,0.0,Supplier 03,0.0,0.0,0.0
SKU1043,Product 1043,Store C,0.0,0.0,Supplier 03,0.0,0.0,0.0
SKU1043,Product 1043,Warehouse,0.0,0.0,Supplier 03,0.0,0.0,0.0
SKU1044,Product 1044,Store B,0.0,0.0,Supplier 03,0.0,0.0,0.0
SKU1044,Product 1044,Store C,0.0,0.0,Supplier 03,0.0,0.0,0.0
SKU1044,Product 1044,Warehouse,0.0,0.0,Supplier 03,0.0,0.0,0.0
SKU1045,Product 1045,Store A,0.0,0.0,Supplier 03,0.0,0.0,0.0
SKU1045,Product 1045,Store B,0.0,0.0,Supplier 03,0.0,0.0,0.0
SKU1045,Product 1045,Store C,0.0,0.0,Supplier 03,0.0,0.0,0.0
SKU1045,Product 1045,Warehouse,0.0,0.0,Supplier 03,0.0,0.0,0.0
SKU1046,Product 1046,Store A,0.0,0.0,Supplier 03,0.0,0.0,0.0
SKU1046,Product 1046,Store B,0.0,0.0,Supplier 03,0.0,0.0,0.0
SKU1046,Product 1046,Store C,0.0,0.0,Supplier 03,0.0,0.0,0.0
SKU1046,Product 1046,Warehouse,0.0,0.0,Supplier 03,0.0,0.0,0.0
SKU1047,Product 1047,Store A,0.0,0.0,Supplier 23,0.0,0.0,0.0
SKU1047,Product 1047,Store B,0.0,0.0,Supplier 23,0.0,0.0,0.0
SKU1047,Product 1047,Store C,0.0,0.0,Supplier 23,0.0,0.0,0.0
SKU1047,Product 1047,Warehouse,0.0,0.0,Supplier 23,0.0,0.0,0.0
SKU1048,Product 1048,Warehouse,84.0,0.4067,Supplier 05,0.0,0.0,0.0
SKU1049,Product 1049,Warehouse,0.0,0.0,Supplier 05,0.0,0.0,0.0
SKU1050,Product 1050,Warehouse,24.0,0.3071,Supplier 05,0.0,0.0,0.0
SKU1051,Product 1051,Warehouse,0.0,0.0,Supplier 05,0.0,0.0,0.0
SKU1052,Product 1052,Store B,0.0,0.0,Supplier 77,0.0,0.0,0.0
SKU1052,Product 1052,Store C,0.0,0.0,Supplier 77,0.0,0.0,0.0
SKU1053,Product 1053,Store B,0.0,0.0,Supplier 77,0.0,0.0,0.0
SKU1053,Product 1053,Store C,0.0,0.0,Supplier 77,0.0,0.0,0.0
SKU1053,Product 1053,Warehouse,0.0,0.0,Supplier 77,0.0,0.0,0.0
SKU1054,Product 1054,Store B,0.0,0.0,Supplier 77,0.0,0.0,0.0
SKU1054,Product 1054,Store C,0.0,0.0,Supplier 77,0.0,0.0,0.0
SKU1055,Product 1055,Store B,0.0,0.0,Supplier 77,0.0,0.0,0.0
SKU1055,Product 1055,Store C,0.0,0.0,Supplier 77,0.0,0.0,0.0
SKU1055,Product 1055,Warehouse,0.0,0.0,Supplier 77,0.0,0.0,0.0
SKU1056,Product 1056,Store C,0.0,0.0,Supplier 77,0.0,0.0,0.0
SKU1057,Product 1057,Store A,0.0,0.0,Supplier 77,0.0,0.0,0.0
SKU1057,Product 1057,Store B,0.0,0.0,Supplier 77,0.0,0.0,0.0
SKU1057,Product 1057,Store C,0.0,0.0,Supplier 77,0.0,0.0,0.0
SKU1057,Product 1057,Warehouse,0.0,0.0,Supplier 77,0.0,0.0,0.0
SKU1058,Product 1058,Store B,0.0,0.0,Supplier 77,0.0,0.0,0.0
SKU1058,Product 1058,Store C,0.0,0.0,Supplier 77,0.0,0.0,0.0
SKU1058,Product 1058,Warehouse,0.0,0.0,Supplier 77,0.0,0.0,0.0
SKU1059,Product 1059,Store A,0.0,0.0,Supplier 77,0.0,0.0,0.0
SKU1059,Product 1059,Store B,0.0,0.0,Supplier 77,0.0,0.0,0.0
SKU1059,Product 1059,Store C,0.0,0.0,Supplier 77,0.0,0.0,0.0
SKU1059,Product 1059,Warehouse,0.0,0.0,Supplier 77,0.0,0.0,0.0
SKU1060,Product 1060,Store B,0.0,0.0,Supplier 77,0.0,0.0,0.0
SKU1060,Product 1060,Store C,0.0,0.0,Supplier 77,0.0,0.0,0.0
SKU1060,Product 1060,Warehouse,0.0,0.0,Supplier 77,0.0,0.0,0.0
SKU1061,Product 1061,Store C,0.0,0.0,Supplier 77,0.0,0.0,0.0
SKU1062,Product 1062,Store A,0.0,0.0,Supplier 64,0.0,0.0,0.0
SKU1062,Product 1062,Store B,0.0,0.0,Supplier 64,0.0,0.0,0.0
SKU1062,Product 1062,Store C,0.0,0.0,Supplier 64,0.0,0.0,0.0
SKU1062,Product 1062,Warehouse,0.0,0.0,Supplier 64,0.0,0.0,0.0
SKU1063,Product 1063,Store A,0.0,0.0,Supplier 64,0.0,0.0,0.0
SKU1063,Product 1063,Store B,0.0,0.0,Supplier 64,0.0,0.0,0.0
SKU1063,Product 1063,Store C,0.0,0.0,Supplier 64,0.0,0.0,0.0
SKU1063,Product 1063,Warehouse,0.0,0.0,Supplier 64,0.0,0.0,0.0
SKU1064,Product 1064,Store C,0.0,0.0,Supplier 55,0.0,0.0,0.0
SKU1065,Product 1065,Store C,0.0,0.0,Supplier 26,0.0,0.0,0.0
SKU1066,Product 1066,Store A,0.0,0.0,Supplier 02,0.0,0.0,0.0
SKU1066,Product 1066,Store B,0.0,0.0,Supplier 02,0.0,0.0,0.0
SKU1066,Product 1066,Store C,0.0,0.0,Supplier 02,0.0,0.0,0.0
SKU1066,Product 1066,Warehouse,0.0,0.0,Supplier 02,0.0,0.0,0.0
SKU1067,Product 1067,Store A,0.0,0.0,Supplier 02,0.0,0.0,0.0
SKU1067,Product 1067,Store B,0.0,0.0,Supplier 02,0.0,0.0,0.0
SKU1067,Product 1067,Store C,0.0,0.0,Supplier 02,0.0,0.0,0.0
SKU1067,Product 1067,Warehouse,0.0,0.0,Supplier 02,0.0,0.0,0.0
SKU1068,Product 1068,Warehouse,345.0,0.4374,Supplier 02,0.0,0.0,0.0
SKU1069,Product 1069,Warehouse,1293.0,0.406,Supplier 02,0.0,0.0,0.0
SKU1070,Product 1070,Warehouse,1257.0,0.406,Supplier 02,0.0,0.0,0.0
SKU1071,Product 1071,Warehouse,1293.0,0.406,Supplier 02,0.0,0.0,0.0
SKU1072,Product 1072,Store A,0.0,0.0,Supplier 09,0.0,0.0,0.0
SKU1072,Product 1072,Store B,0.0,0.0,Supplier 09,0.0,0.0,0.0
SKU1072,Product 1072,Store C,0.0,0.0,Supplier 09,0.0,0.0,0.0
SKU1072,Product 1072,Warehouse,0.0,0.0,Supplier 09,0.0,0.0,0.0
SKU1073,Product 1073,Store A,0.0,0.0,Supplier 09,0.0,0.0,0.0
SKU1073,Product 1073,Store B,0.0,0.0,Supplier 09,0.0,0.0,0.0
SKU1073,Product 1073,Store C,0.0,0.0,Supplier 09,0.0,0.0,0.0
SKU1073,Product 1073,Warehouse,0.0,0.0,Supplier 09,0.0,0.0,0.0
SKU1074,Product 1074,Store A,0.0,0.0,Supplier 09,0.0,0.0,0.0
SKU1074,Product 1074,Store B,0.0,0.0,Supplier 09,0.0,0.0,0.0
SKU1074,Product 1074,Warehouse,0.0,0.0,Supplier 09,0.0,0.0,0.0
SKU1075,Product 1075,Store A,30.0,0.8857,Multiple suppliers,0.0,0.0,0.0
SKU1075,Product 1075,Warehouse,150.0,0.8856,Multiple suppliers,0.0,0.0,0.0
SKU1076,Product 1076,Store A,0.0,0.0,Supplier 02,0.0,0.0,0.0
SKU1076,Product 1076,Store B,0.0,0.0,Supplier 02,0.0,0.0,0.0
SKU1076,Product 1076,Store C,0.0,0.0,Supplier 02,0.0,0.0,0.0
SKU1076,Product 1076,Warehouse,0.0,0.0,Supplier 02,0.0,0.0,0.0
SKU1077,Product 1077,Warehouse,0.0,0.4755,Supplier 02,0.0,0.0,0.0
SKU1078,Product 1078,Store A,0.0,0.0,Supplier 02,0.0,0.0,0.0
SKU1078,Product 1078,Store B,0.0,0.0,Supplier 02,0.0,0.0,0.0
SKU1078,Product 1078,Store C,0.0,0.0,Supplier 02,0.0,0.0,0.0
SKU1078,Product 1078,Warehouse,0.0,0.0,Supplier 02,0.0,0.0,0.0
SKU1079,Product 1079,Warehouse,60.0,0.3776,Supplier 02,0.0,0.0,0.0
SKU1080,Product 1080,Store A,0.0,0.0,Supplier 02,0.0,0.0,0.0
SKU1080,Product 1080,Store B,0.0,0.0,Supplier 02,0.0,0.0,0.0
SKU1080,Product 1080,Store C,0.0,0.0,Supplier 02,0.0,0.0,0.0
SKU1080,Product 1080,Warehouse,0.0,0.0,Supplier 02,0.0,0.0,0.0
SKU1081,Product 1081,Store A,0.0,0.0,Supplier 02,0.0,0.0,0.0
SKU1081,Product 1081,Store B,0.0,0.0,Supplier 02,0.0,0.0,0.0
SKU1081,Product 1081,Store C,0.0,0.0,Supplier 02,0.0,0.0,0.0
SKU1081,Product 1081,Warehouse,0.0,0.0,Supplier 02,0.0,0.0,0.0
SKU1082,Product 1082,Store A,0.0,0.0,Supplier 02,0.0,0.0,0.0
SKU1082,Product 1082,Store B,0.0,0.0,Supplier 02,0.0,0.0,0.0
SKU1082,Product 1082,Warehouse,0.0,0.0,Supplier 02,0.0,0.0,0.0
SKU1083,Product 1083,Store C,0.0,0.0,Supplier 02,0.0,0.0,0.0
SKU1084,Product 1084,Warehouse,0.0,0.3196,Supplier 02,0.0,0.0,0.0
SKU1085,Product 1085,Store A,0.0,0.0,Supplier 51,0.0,0.0,0.0
SKU1085,Product 1085,Store B,0.0,0.0,Supplier 51,0.0,0.0,0.0
SKU1085,Product 1085,Store C,0.0,0.0,Supplier 51,0.0,0.0,0.0
SKU1085,Product 1085,Warehouse,0.0,0.0,Supplier 51,0.0,0.0,0.0
SKU1086,Product 1086,Store A,0.0,0.0,Supplier 54,0.0,0.0,0.0
SKU1086,Product 1086,Store B,0.0,0.0,Supplier 54,0.0,0.0,0.0
SKU1086,Product 1086,Store C,0.0,0.0,Supplier 54,0.0,0.0,0.0
SKU1086,Product 1086,Warehouse,0.0,0.0,Supplier 54,0.0,0.0,0.0
SKU1087,Product 1087,Store A,0.0,0.0,Supplier 51,0.0,0.0,0.0
SKU1087,Product 1087,Store B,0.0,0.0,Supplier 51,0.0,0.0,0.0
SKU1087,Product 1087,Store C,0.0,0.0,Supplier 51,0.0,0.0,0.0
SKU1087,Product 1087,Warehouse,0.0,0.0,Supplier 51,0.0,0.0,0.0
SKU1088,Product 1088,Warehouse,21.0,0.0,Supplier 51,0.0,0.0,0.0
SKU1089,Product 1089,Store A,0.0,0.0,Supplier 51,0.0,0.0,0.0
SKU1089,Product 1089,Store B,0.0,0.0,Supplier 51,0.0,0.0,0.0
SKU1089,Product 1089,Store C,0.0,0.0,Supplier 51,0.0,0.0,0.0
SKU1089,Product 1089,Warehouse,0.0,0.0,Supplier 51,0.0,0.0,0.0
SKU1091,Product 1091,Store A,0.0,0.0,Supplier 51,0.0,0.0,0.0
SKU1091,Product 1091,Store B,0.0,0.0,Supplier 51,0.0,0.0,0.0
SKU1091,Product 1091,Store C,0.0,0.0,Supplier 51,0.0,0.0,0.0
SKU1091,Product 1091,Warehouse,0.0,0.0,Supplier 51,0.0,0.0,0.0
SKU1092,Product 1092,Store A,0.0,0.0,Supplier 09,0.0,0.0,0.0
SKU1092,Product 1092,Store B,0.0,0.0,Supplier 09,0.0,0.0,0.0
SKU1092,Product 1092,Store C,0.0,0.0,Supplier 09,0.0,0.0,0.0
SKU1092,Product 1092,Warehouse,0.0,0.0,Supplier 09,0.0,0.0,0.0
SKU1093,Product 1093,Store A,0.0,0.0,Supplier 09,0.0,0.0,0.0
SKU1093,Product 1093,Store B,0.0,0.0,Supplier 09,0.0,0.0,0.0
SKU1093,Product 1093,Store C,0.0,0.0,Supplier 09,0.0,0.0,0.0
SKU1093,Product 1093,Warehouse,0.0,0.0,Supplier 09,0.0,0.0,0.0
SKU1094,Product 1094,Store C,0.0,0.0,Supplier 55,0.0,0.0,0.0
SKU1095,Product 1095,Store B,0.0,0.0,Supplier 09,0.0,0.0,0.0
SKU1095,Product 1095,Store C,0.0,0.0,Supplier 09,0.0,0.0,0.0
SKU1095,Product 1095,Warehouse,0.0,0.0,Supplier 09,0.0,0.0,0.0
SKU1096,Product 1096,Warehouse,22.0,0.415,Supplier 09,0.0,0.0,0.0
SKU1097,Product 1097,Store B,0.0,0.0,Supplier 09,0.0,0.0,0.0
SKU1097,Product 1097,Warehouse,0.0,0.0,Supplier 09,0.0,0.0,0.0
SKU1098,Product 1098,Warehouse,0.0,0.0,Supplier 09,0.0,0.0,0.0
SKU1099,Product 1099,Store A,0.0,0.0,Supplier 26,0.0,0.0,0.0
SKU1099,Product 1099,Store B,0.0,0.0,Supplier 26,0.0,0.0,0.0
SKU1099,Product 1099,Store C,0.0,0.0,Supplier 26,0.0,0.0,0.0
SKU1099,Product 1099,Warehouse,0.0,0.0,Supplier 26,0.0,0.0,0.0
SKU1100,Product 1100,Store A,0.0,0.0,Supplier 26,0.0,0.0,0.0
SKU1100,Product 1100,Store B,0.0,0.0,Supplier 26,0.0,0.0,0.0
SKU1100,Product 1100,Store C,0.0,0.0,Supplier 26,0.0,0.0,0.0
SKU1100,Product 1100,Warehouse,0.0,0.0,Supplier 26,0.0,0.0,0.0
SKU1101,Product 1101,Store B,0.0,0.0,Supplier 18,0.0,0.0,0.0
SKU1101,Product 1101,Store C,0.0,0.0,Supplier 18,0.0,0.0,0.0
SKU1101,Product 1101,Warehouse,0.0,0.0,Supplier 18,0.0,0.0,0.0
SKU1102,Product 1102,Store A,0.0,0.0,Supplier 51,0.0,0.0,0.0
SKU1102,Product 1102,Store B,0.0,0.0,Supplier 51,0.0,0.0,0.0
SKU1102,Product 1102,Warehouse,0.0,0.0,Supplier 51,0.0,0.0,0.0
SKU1103,Product 1103,Store A,0.0,0.0,Supplier 59,0.0,0.0,0.0
SKU1103,Product 1103,Store B,0.0,0.0,Supplier 59,0.0,0.0,0.0
SKU1103,Product 1103,Store C,0.0,0.0,Supplier 59,0.0,0.0,0.0
SKU1103,Product 1103,Warehouse,0.0,0.0,Supplier 59,0.0,0.0,0.0
SKU1104,Product 1104,Store C,0.0,0.0,Supplier 64,0.0,0.0,0.0
SKU1105,Product 1105,Store B,0.0,0.0,Supplier 64,0.0,0.0,0.0
SKU1105,Product 1105,Store C,0.0,0.0,Supplier 64,0.0,0.0,0.0
SKU1105,Product 1105,Warehouse,0.0,0.0,Supplier 64,0.0,0.0,0.0
SKU1106,Product 1106,Warehouse,0.0,0.0,Supplier 19,0.0,0.0,0.0
SKU1107,Product 1107,Store A,0.0,0.0,Multiple suppliers,0.0,0.0,0.0
SKU1107,Product 1107,Store B,0.0,0.0,Multiple suppliers,0.0,0.0,0.0
SKU1107,Product 1107,Store C,0.0,0.0,Multiple suppliers,0.0,0.0,0.0
SKU1107,Product 1107,Warehouse,0.0,0.0,Multiple suppliers,0.0,0.0,0.0
SKU1108,Product 1108,Store B,0.0,0.0,Supplier 29,0.0,0.0,0.0
SKU1108,Product 1108,Store C,0.0,0.0,Supplier 29,0.0,0.0,0.0
SKU1108,Product 1108,Warehouse,0.0,0.0,Supplier 29,0.0,0.0,0.0
SKU1109,Product 1109,Store A,0.0,0.0,Supplier 41,0.0,0.0,0.0
SKU1109,Product 1109,Store B,0.0,0.0,Supplier 41,0.0,0.0,0.0
SKU1109,Product 1109,Store C,0.0,0.0,Supplier 41,0.0,0.0,0.0
SKU1109,Product 1109,Warehouse,0.0,0.0,Supplier 41,0.0,0.0,0.0
SKU1110,Product 1110,Store A,0.0,0.0,Supplier 41,0.0,0.0,0.0
SKU1110,Product 1110,Store B,0.0,0.0,Supplier 41,0.0,0.0,0.0
SKU1110,Product 1110,Store C,0.0,0.0,Supplier 41,0.0,0.0,0.0
SKU1110,Product 1110,Warehouse,0.0,0.0,Supplier 41,0.0,0.0,0.0
SKU1111,Product 1111,Store A,0.0,0.0,Supplier 41,0.0,0.0,0.0
SKU1111,Product 1111,Store B,0.0,0.0,Supplier 41,0.0,0.0,0.0
SKU1111,Product 1111,Store C,0.0,0.0,Supplier 41,0.0,0.0,0.0
SKU1111,Product 1111,Warehouse,0.0,0.0,Supplier 41,0.0,0.0,0.0
SKU1112,Product 1112,Store A,0.0,0.0,Supplier 41,0.0,0.0,0.0
SKU1112,Product 1112,Store B,0.0,0.0,Supplier 41,0.0,0.0,0.0
SKU1112,Product 1112,Store C,0.0,0.0,Supplier 41,0.0,0.0,0.0
SKU1112,Product 1112,Warehouse,0.0,0.0,Supplier 41,0.0,0.0,0.0
SKU1113,Product 1113,Store A,0.0,0.0,Supplier 41,0.0,0.0,0.0
SKU1113,Product 1113,Store B,0.0,0.0,Supplier 41,0.0,0.0,0.0
SKU1113,Product 1113,Store C,0.0,0.0,Supplier 41,0.0,0.0,0.0
SKU1113,Product 1113,Warehouse,0.0,0.0,Supplier 41,0.0,0.0,0.0
SKU1114,Product 1114,Store B,0.0,0.0,Supplier 41,0.0,0.0,0.0
SKU1114,Product 1114,Store C,0.0,0.0,Supplier 41,0.0,0.0,0.0
SKU1114,Product 1114,Warehouse,0.0,0.0,Supplier 41,0.0,0.0,0.0
SKU1115,Product 1115,Store B,0.0,0.0,Supplier 41,0.0,0.0,0.0
SKU1115,Product 1115,Store C,0.0,0.0,Supplier 41,0.0,0.0,0.0
SKU1115,Product 1115,Warehouse,0.0,0.0,Supplier 41,0.0,0.0,0.0
SKU1116,Product 1116,Store A,0.0,0.0,Supplier 41,0.0,0.0,0.0
SKU1116,Product 1116,Store B,0.0,0.0,Supplier 41,0.0,0.0,0.0
SKU1116,Product 1116,Store C,0.0,0.0,Supplier 41,0.0,0.0,0.0
SKU1116,Product 1116,Warehouse,0.0,0.0,Supplier 41,0.0,0.0,0.0
SKU1117,Product 1117,Store A,0.0,0.0,Supplier 26,0.0,0.0,0.0
SKU1117,Product 1117,Store B,0.0,0.0,Supplier 26,0.0,0.0,0.0
SKU1117,Product 1117,Store C,0.0,0.0,Supplier 26,0.0,0.0,0.0
SKU1117,Product 1117,Warehouse,0.0,0.0,Supplier 26,0.0,0.0,0.0
SKU1118,Product 1118,Store A,0.0,0.0,Supplier 26,0.0,0.0,0.0
SKU1118,Product 1118,Store B,0.0,0.0,Supplier 26,0.0,0.0,0.0
SKU1118,Product 1118,Store C,0.0,0.0,Supplier 26,0.0,0.0,0.0
SKU1118,Product 1118,Warehouse,0.0,0.0,Supplier 26,0.0,0.0,0.0
SKU1119,Product 1119,Store A,0.0,0.0,Supplier 26,0.0,0.0,0.0
SKU1119,Product 1119,Store C,0.0,0.0,Supplier 26,0.0,0.0,0.0
SKU1119,Product 1119,Warehouse,0.0,0.0,Supplier 26,0.0,0.0,0.0
SKU1120,Product 1120,Store A,0.0,0.0,Supplier 26,0.0,0.0,0.0
SKU1120,Product 1120,Store C,0.0,0.0,Supplier 26,0.0,0.0,0.0
SKU1120,Product 1120,Warehouse,0.0,0.0,Supplier 26,0.0,0.0,0.0
SKU1121,Product 1121,Store A,0.0,0.0,Supplier 26,0.0,0.0,0.0
SKU1121,Product 1121,Store C,0.0,0.0,Supplier 26,0.0,0.0,0.0
SKU1121,Product 1121,Warehouse,0.0,0.0,Supplier 26,0.0,0.0,0.0
SKU1122,Product 1122,Store A,0.0,0.0,Supplier 26,0.0,0.0,0.0
SKU1122,Product 1122,Store B,0.0,0.0,Supplier 26,0.0,0.0,0.0
SKU1122,Product 1122,Store C,0.0,0.0,Supplier 26,0.0,0.0,0.0
SKU1122,Product 1122,Warehouse,0.0,0.0,Supplier 26,0.0,0.0,0.0
SKU1123,Product 1123,Store A,0.0,0.0,Supplier 26,0.0,0.0,0.0
SKU1123,Product 1123,Store B,0.0,0.0,Supplier 26,0.0,0.0,0.0
SKU1123,Product 1123,Store C,0.0,0.0,Supplier 26,0.0,0.0,0.0
SKU1123,Product 1123,Warehouse,0.0,0.0,Supplier 26,0.0,0.0,0.0
SKU1124,Product 1124,Store A,0.0,0.0,Supplier 26,0.0,0.0,0.0
SKU1124,Product 1124,Store B,0.0,0.0,Supplier 26,0.0,0.0,0.0
SKU1124,Product 1124,Store C,0.0,0.0,Supplier 26,0.0,0.0,0.0
SKU1124,Product 1124,Warehouse,0.0,0.0,Supplier 26,0.0,0.0,0.0
SKU1125,Product 1125,Store A,0.0,0.0,Supplier 26,0.0,0.0,0.0
SKU1125,Product 1125,Store B,0.0,0.0,Supplier 26,0.0,0.0,0.0
SKU1125,Product 1125,Store C,0.0,0.0,Supplier 26,0.0,0.0,0.0
SKU1125,Product 1125,Warehouse,0.0,0.0,Supplier 26,0.0,0.0,0.0
SKU1126,Product 1126,Store B,0.0,0.0,Supplier 26,0.0,0.0,0.0
SKU1126,Product 1126,Store C,0.0,0.0,Supplier 26,0.0,0.0,0.0
SKU1126,Product 1126,Warehouse,0.0,0.0,Supplier 26,0.0,0.0,0.0
SKU1127,Product 1127,Store C,0.0,0.0,Supplier 26,0.0,0.0,0.0
SKU1128,Product 1128,Store C,0.0,0.0,Supplier 26,0.0,0.0,0.0
SKU1129,Product 1129,Store A,0.0,0.0,Supplier 26,0.0,0.0,0.0
SKU1129,Product 1129,Store B,0.0,0.0,Supplier 26,0.0,0.0,0.0
SKU1129,Product 1129,Store C,0.0,0.0,Supplier 26,0.0,0.0,0.0
SKU1129,Product 1129,Warehouse,0.0,0.0,Supplier 26,0.0,0.0,0.0
SKU1130,Product 1130,Store A,0.0,0.0,Supplier 26,0.0,0.0,0.0
SKU1130,Product 1130,Store C,0.0,0.0,Supplier 26,0.0,0.0,0.0
SKU1130,Product 1130,Warehouse,0.0,0.0,Supplier 26,0.0,0.0,0.0
SKU1131,Product 1131,Store C,0.0,0.0,Supplier 26,0.0,0.0,0.0
SKU1132,Product 1132,Store A,0.0,0.0,Supplier 26,0.0,0.0,0.0
SKU1132,Product 1132,Store B,0.0,0.0,Supplier 26,0.0,0.0,0.0
SKU1132,Product 1132,Store C,0.0,0.0,Supplier 26,0.0,0.0,0.0
SKU1132,Product 1132,Warehouse,0.0,0.0,Supplier 26,0.0,0.0,0.0
SKU1133,Product 1133,Store A,0.0,0.0,Supplier 26,0.0,0.0,0.0
SKU1133,Product 1133,Store B,0.0,0.0,Supplier 26,0.0,0.0,0.0
SKU1133,Product 1133,Store C,0.0,0.0,Supplier 26,0.0,0.0,0.0
SKU1133,Product 1133,Warehouse,0.0,0.0,Supplier 26,0.0,0.0,0.0
SKU1134,Product 1134,Store A,0.0,0.0,Supplier 26,0.0,0.0,0.0
SKU1134,Product 1134,Store B,0.0,0.0,Supplier 26,0.0,0.0,0.0
SKU1134,Product 1134,Store C,0.0,0.0,Supplier 26,0.0,0.0,0.0
SKU1134,Product 1134,Warehouse,0.0,0.0,Supplier 26,0.0,0.0,0.0
SKU1135,Product 1135,Store C,0.0,0.0,Supplier 26,0.0,0.0,0.0
SKU1136,Product 1136,Store C,0.0,0.0,Supplier 26,0.0,0.0,0.0
SKU1137,Product 1137,Store A,0.0,0.0,Supplier 26,0.0,0.0,0.0
SKU1137,Product 1137,Store B,0.0,0.0,Supplier 26,0.0,0.0,0.0
SKU1137,Product 1137,Store C,0.0,0.0,Supplier 26,0.0,0.0,0.0
SKU1137,Product 1137,Warehouse,0.0,0.0,Supplier 26,0.0,0.0,0.0
SKU1138,Product 1138,Store B,0.0,0.0,Supplier 26,0.0,0.0,0.0
SKU1138,Product 1138,Store C,0.0,0.0,Supplier 26,0.0,0.0,0.0
SKU1138,Product 1138,Warehouse,0.0,0.0,Supplier 26,0.0,0.0,0.0
SKU1139,Product 1139,Store A,0.0,0.0,Supplier 26,0.0,0.0,0.0
SKU1139,Product 1139,Store B,0.0,0.0,Supplier 26,0.0,0.0,0.0
SKU1139,Product 1139,Store C,0.0,0.0,Supplier 26,0.0,0.0,0.0
SKU1139,Product 1139,Warehouse,0.0,0.0,Supplier 26,0.0,0.0,0.0
SKU1140,Product 1140,Store B,0.0,0.0,Supplier 26,0.0,0.0,0.0
SKU1140,Product 1140,Store C,0.0,0.0,Supplier 26,0.0,0.0,0.0
SKU1140,Product 1140,Warehouse,0.0,0.0,Supplier 26,0.0,0.0,0.0
SKU1141,Product 1141,Store A,0.0,0.0,Supplier 26,0.0,0.0,0.0
SKU1141,Product 1141,Store B,0.0,0.0,Supplier 26,0.0,0.0,0.0
SKU1141,Product 1141,Store C,0.0,0.0,Supplier 26,0.0,0.0,0.0
SKU1141,Product 1141,Warehouse,0.0,0.0,Supplier 26,0.0,0.0,0.0
SKU1142,Product 1142,Store A,0.0,0.0,Supplier 26,0.0,0.0,0.0
SKU1142,Product 1142,Store B,0.0,0.0,Supplier 26,0.0,0.0,0.0
SKU1142,Product 1142,Store C,0.0,0.0,Supplier 26,0.0,0.0,0.0
SKU1142,Product 1142,Warehouse,0.0,0.0,Supplier 26,0.0,0.0,0.0
SKU1143,Product 1143,Store A,0.0,0.0,Supplier 26,0.0,0.0,0.0
SKU1143,Product 1143,Store B,0.0,0.0,Supplier 26,0.0,0.0,0.0
SKU1143,Product 1143,Store C,0.0,0.0,Supplier 26,0.0,0.0,0.0
SKU1143,Product 1143,Warehouse,0.0,0.0,Supplier 26,0.0,0.0,0.0
SKU1144,Product 1144,Store A,0.0,0.0,Supplier 26,0.0,0.0,0.0
SKU1144,Product 1144,Store B,0.0,0.0,Supplier 26,0.0,0.0,0.0
SKU1144,Product 1144,Store C,0.0,0.0,Supplier 26,0.0,0.0,0.0
SKU1144,Product 1144,Warehouse,0.0,0.0,Supplier 26,0.0,0.0,0.0
SKU1145,Product 1145,Store A,0.0,0.0,Supplier 26,0.0,0.0,0.0
SKU1145,Product 1145,Store B,0.0,0.0,Supplier 26,0.0,0.0,0.0
SKU1145,Product 1145,Store C,0.0,0.0,Supplier 26,0.0,0.0,0.0
SKU1145,Product 1145,Warehouse,0.0,0.0,Supplier 26,0.0,0.0,0.0
SKU1146,Product 1146,Store A,0.0,0.0,Supplier 26,0.0,0.0,0.0
SKU1146,Product 1146,Store B,0.0,0.0,Supplier 26,0.0,0.0,0.0
SKU1146,Product 1146,Store C,0.0,0.0,Supplier 26,0.0,0.0,0.0
SKU1146,Product 1146,Warehouse,0.0,0.0,Supplier 26,0.0,0.0,0.0
SKU1147,Product 1147,Store A,0.0,0.0,Supplier 26,0.0,0.0,0.0
SKU1147,Product 1147,Store B,0.0,0.0,Supplier 26,0.0,0.0,0.0
SKU1147,Product 1147,Store C,0.0,0.0,Supplier 26,0.0,0.0,0.0
SKU1147,Product 1147,Warehouse,0.0,0.0,Supplier 26,0.0,0.0,0.0
SKU1148,Product 1148,Store A,0.0,0.0,Supplier 26,0.0,0.0,0.0
SKU1148,Product 1148,Store B,0.0,0.0,Supplier 26,0.0,0.0,0.0
SKU1148,Product 1148,Store C,0.0,0.0,Supplier 26,0.0,0.0,0.0
SKU1148,Product 1148,Warehouse,0.0,0.0,Supplier 26,0.0,0.0,0.0
SKU1149,Product 1149,Store A,0.0,0.0,Supplier 26,0.0,0.0,0.0
SKU1149,Product 1149,Store B,0.0,0.0,Supplier 26,0.0,0.0,0.0
SKU1149,Product 1149,Store C,0.0,0.0,Supplier 26,0.0,0.0,0.0
SKU1149,Product 1149,Warehouse,0.0,0.0,Supplier 26,0.0,0.0,0.0
SKU1150,Product 1150,Store B,0.0,0.0,Supplier 26,0.0,0.0,0.0
SKU1150,Product 1150,Store C,0.0,0.0,Supplier 26,0.0,0.0,0.0
SKU1150,Product 1150,Warehouse,0.0,0.0,Supplier 26,0.0,0.0,0.0
SKU1151,Product 1151,Store B,0.0,0.0,Supplier 26,0.0,0.0,0.0
SKU1151,Product 1151,Store C,0.0,0.0,Supplier 26,0.0,0.0,0.0
SKU1151,Product 1151,Warehouse,0.0,0.0,Supplier 26,0.0,0.0,0.0
SKU1152,Product 1152,Store B,0.0,0.0,Supplier 26,0.0,0.0,0.0
SKU1152,Product 1152,Store C,0.0,0.0,Supplier 26,0.0,0.0,0.0
SKU1152,Product 1152,Warehouse,0.0,0.0,Supplier 26,0.0,0.0,0.0
SKU1153,Product 1153,Store A,0.0,0.0,Supplier 34,0.0,0.0,0.0
SKU1153,Product 1153,Store C,0.0,0.0,Supplier 34,0.0,0.0,0.0
SKU1153,Product 1153,Warehouse,0.0,0.0,Supplier 34,0.0,0.0,0.0
SKU1154,Product 1154,Store A,0.0,0.0,Supplier 26,0.0,0.0,0.0
SKU1154,Product 1154,Store B,0.0,0.0,Supplier 26,0.0,0.0,0.0
SKU1154,Product 1154,Store C,0.0,0.0,Supplier 26,0.0,0.0,0.0
SKU1154,Product 1154,Warehouse,0.0,0.0,Supplier 26,0.0,0.0,0.0
SKU1155,Product 1155,Store A,0.0,0.0,Supplier 26,0.0,0.0,0.0
SKU1155,Product 1155,Store B,0.0,0.0,Supplier 26,0.0,0.0,0.0
SKU1155,Product 1155,Store C,0.0,0.0,Supplier 26,0.0,0.0,0.0
SKU1155,Product 1155,Warehouse,0.0,0.0,Supplier 26,0.0,0.0,0.0
SKU1156,Product 1156,Store A,0.0,0.0,Supplier 26,0.0,0.0,0.0
SKU1156,Product 1156,Store B,0.0,0.0,Supplier 26,0.0,0.0,0.0
SKU1156,Product 1156,Store C,0.0,0.0,Supplier 26,0.0,0.0,0.0
SKU1156,Product 1156,Warehouse,0.0,0.0,Supplier 26,0.0,0.0,0.0
SKU1157,Product 1157,Store A,0.0,0.0,Supplier 26,0.0,0.0,0.0
SKU1157,Product 1157,Store B,0.0,0.0,Supplier 26,0.0,0.0,0.0
SKU1157,Product 1157,Store C,0.0,0.0,Supplier 26,0.0,0.0,0.0
SKU1157,Product 1157,Warehouse,0.0,0.0,Supplier 26,0.0,0.0,0.0
SKU1158,Product 1158,Store A,0.0,0.0,Supplier 26,0.0,0.0,0.0
SKU1158,Product 1158,Store B,0.0,0.0,Supplier 26,0.0,0.0,0.0
SKU1158,Product 1158,Store C,0.0,0.0,Supplier 26,0.0,0.0,0.0
SKU1158,Product 1158,Warehouse,0.0,0.0,Supplier 26,0.0,0.0,0.0
SKU1159,Product 1159,Store A,0.0,0.0,Supplier 26,0.0,0.0,0.0
SKU1159,Product 1159,Store B,0.0,0.0,Supplier 26,0.0,0.0,0.0
SKU1159,Product 1159,Store C,0.0,0.0,Supplier 26,0.0,0.0,0.0
SKU1159,Product 1159,Warehouse,0.0,0.0,Supplier 26,0.0,0.0,0.0
SKU1160,Product 1160,Store A,0.0,0.0,Supplier 26,0.0,0.0,0.0
SKU1160,Product 1160,Store B,0.0,0.0,Supplier 26,0.0,0.0,0.0
SKU1160,Product 1160,Store C,0.0,0.0,Supplier 26,0.0,0.0,0.0
SKU1160,Product 1160,Warehouse,0.0,0.0,Supplier 26,0.0,0.0,0.0
SKU1161,Product 1161,Store A,0.0,0.0,Supplier 26,0.0,0.0,0.0
SKU1161,Product 1161,Store B,0.0,0.0,Supplier 26,0.0,0.0,0.0
SKU1161,Product 1161,Store C,0.0,0.0,Supplier 26,0.0,0.0,0.0
SKU1161,Product 1161,Warehouse,0.0,0.0,Supplier 26,0.0,0.0,0.0
SKU1162,Product 1162,Store A,0.0,0.0,Supplier 26,0.0,0.0,0.0
SKU1162,Product 1162,Store B,0.0,0.0,Supplier 26,0.0,0.0,0.0
SKU1162,Product 1162,Store C,0.0,0.0,Supplier 26,0.0,0.0,0.0
SKU1162,Product 1162,Warehouse,0.0,0.0,Supplier 26,0.0,0.0,0.0
SKU1163,Product 1163,Store A,0.0,0.0,Supplier 26,0.0,0.0,0.0
SKU1163,Product 1163,Store B,0.0,0.0,Supplier 26,0.0,0.0,0.0
SKU1163,Product 1163,Store C,0.0,0.0,Supplier 26,0.0,0.0,0.0
SKU1163,Product 1163,Warehouse,0.0,0.0,Supplier 26,0.0,0.0,0.0
SKU1164,Product 1164,Store A,0.0,0.0,Supplier 26,0.0,0.0,0.0
SKU1164,Product 1164,Store B,0.0,0.0,Supplier 26,0.0,0.0,0.0
SKU1164,Product 1164,Store C,0.0,0.0,Supplier 26,0.0,0.0,0.0
SKU1164,Product 1164,Warehouse,0.0,0.0,Supplier 26,0.0,0.0,0.0
SKU1165,Product 1165,Store A,0.0,0.0,Supplier 26,0.0,0.0,0.0
SKU1165,Product 1165,Store B,0.0,0.0,Supplier 26,0.0,0.0,0.0
SKU1165,Product 1165,Store C,0.0,0.0,Supplier 26,0.0,0.0,0.0
SKU1165,Product 1165,Warehouse,0.0,0.0,Supplier 26,0.0,0.0,0.0
SKU1166,Product 1166,Store B,0.0,0.0,Supplier 26,0.0,0.0,0.0
SKU1166,Product 1166,Store C,0.0,0.0,Supplier 26,0.0,0.0,0.0
SKU1166,Product 1166,Warehouse,0.0,0.0,Supplier 26,0.0,0.0,0.0
SKU1167,Product 1167,Store B,0.0,0.0,Supplier 26,0.0,0.0,0.0
SKU1167,Product 1167,Store C,0.0,0.0,Supplier 26,0.0,0.0,0.0
SKU1167,Product 1167,Warehouse,0.0,0.0,Supplier 26,0.0,0.0,0.0
SKU1168,Product 1168,Store A,0.0,0.0,Supplier 34,0.0,0.0,0.0
SKU1168,Product 1168,Store B,0.0,0.0,Supplier 34,0.0,0.0,0.0
SKU1168,Product 1168,Store C,0.0,0.0,Supplier 34,0.0,0.0,0.0
SKU1168,Product 1168,Warehouse,0.0,0.0,Supplier 34,0.0,0.0,0.0
SKU1169,Product 1169,Store A,0.0,0.0,Supplier 34,0.0,0.0,0.0
SKU1169,Product 1169,Store B,0.0,0.0,Supplier 34,0.0,0.0,0.0
SKU1169,Product 1169,Warehouse,0.0,0.0,Supplier 34,0.0,0.0,0.0
SKU1170,Product 1170,Store A,0.0,0.0,Supplier 26,0.0,0.0,0.0
SKU1170,Product 1170,Store B,0.0,0.0,Supplier 26,0.0,0.0,0.0
SKU1170,Product 1170,Store C,0.0,0.0,Supplier 26,0.0,0.0,0.0
SKU1170,Product 1170,Warehouse,0.0,0.0,Supplier 26,0.0,0.0,0.0
SKU1171,Product 1171,Store A,0.0,0.0,Supplier 26,0.0,0.0,0.0
SKU1171,Product 1171,Store B,0.0,0.0,Supplier 26,0.0,0.0,0.0
SKU1171,Product 1171,Store C,0.0,0.0,Supplier 26,0.0,0.0,0.0
SKU1171,Product 1171,Warehouse,0.0,0.0,Supplier 26,0.0,0.0,0.0
SKU1172,Product 1172,Store B,0.0,0.0,Supplier 26,0.0,0.0,0.0
SKU1172,Product 1172,Store C,0.0,0.0,Supplier 26,0.0,0.0,0.0
SKU1172,Product 1172,Warehouse,0.0,0.0,Supplier 26,0.0,0.0,0.0
SKU1173,Product 1173,Store A,0.0,0.0,Supplier 34,0.0,0.0,0.0
SKU1173,Product 1173,Store B,0.0,0.0,Supplier 34,0.0,0.0,0.0
SKU1173,Product 1173,Store C,0.0,0.0,Supplier 34,0.0,0.0,0.0
SKU1173,Product 1173,Warehouse,0.0,0.0,Supplier 34,0.0,0.0,0.0
SKU1174,Product 1174,Warehouse,0.0,0.2573,Supplier 24,0.0,0.0,0.0
SKU1175,Product 1175,Store A,0.0,0.0,Supplier 34,0.0,0.0,0.0
SKU1175,Product 1175,Store B,0.0,0.0,Supplier 34,0.0,0.0,0.0
SKU1175,Product 1175,Store C,0.0,0.0,Supplier 34,0.0,0.0,0.0
SKU1175,Product 1175,Warehouse,0.0,0.0,Supplier 34,0.0,0.0,0.0
SKU1176,Product 1176,Store A,0.0,0.0,Supplier 34,0.0,0.0,0.0
SKU1176,Product 1176,Store B,0.0,0.0,Supplier 34,0.0,0.0,0.0
SKU1176,Product 1176,Store C,0.0,0.0,Supplier 34,0.0,0.0,0.0
SKU1176,Product 1176,Warehouse,0.0,0.0,Supplier 34,0.0,0.0,0.0
SKU1177,Product 1177,Store A,0.0,0.0,Supplier 34,0.0,0.0,0.0
SKU1177,Product 1177,Store B,0.0,0.0,Supplier 34,0.0,0.0,0.0
SKU1177,Product 1177,Store C,0.0,0.0,Supplier 34,0.0,0.0,0.0
SKU1177,Product 1177,Warehouse,0.0,0.0,Supplier 34,0.0,0.0,0.0
SKU1178,Product 1178,Store A,0.0,0.0,Supplier 34,0.0,0.0,0.0
SKU1178,Product 1178,Store B,0.0,0.0,Supplier 34,0.0,0.0,0.0
SKU1178,Product 1178,Store C,0.0,0.0,Supplier 34,0.0,0.0,0.0
SKU1178,Product 1178,Warehouse,0.0,0.0,Supplier 34,0.0,0.0,0.0
SKU1179,Product 1179,Store A,0.0,0.0,Supplier 34,0.0,0.0,0.0
SKU1179,Product 1179,Store B,0.0,0.0,Supplier 34,0.0,0.0,0.0
SKU1179,Product 1179,Warehouse,0.0,0.0,Supplier 34,0.0,0.0,0.0
SKU1180,Product 1180,Store A,0.0,0.0,Supplier 26,0.0,0.0,0.0
SKU1180,Product 1180,Store B,0.0,0.0,Supplier 26,0.0,0.0,0.0
SKU1180,Product 1180,Store C,0.0,0.0,Supplier 26,0.0,0.0,0.0
SKU1180,Product 1180,Warehouse,0.0,0.0,Supplier 26,0.0,0.0,0.0
SKU1181,Product 1181,Store A,0.0,0.0,Supplier 26,0.0,0.0,0.0
SKU1181,Product 1181,Store B,0.0,0.0,Supplier 26,0.0,0.0,0.0
SKU1181,Product 1181,Store C,0.0,0.0,Supplier 26,0.0,0.0,0.0
SKU1181,Product 1181,Warehouse,0.0,0.0,Supplier 26,0.0,0.0,0.0
SKU1182,Product 1182,Store A,0.0,0.0,Supplier 26,0.0,0.0,0.0
SKU1182,Product 1182,Store B,0.0,0.0,Supplier 26,0.0,0.0,0.0
SKU1182,Product 1182,Store C,0.0,0.0,Supplier 26,0.0,0.0,0.0
SKU1182,Product 1182,Warehouse,0.0,0.0,Supplier 26,0.0,0.0,0.0
SKU1183,Product 1183,Store A,0.0,0.0,Supplier 26,0.0,0.0,0.0
SKU1183,Product 1183,Store B,0.0,0.0,Supplier 26,0.0,0.0,0.0
SKU1183,Product 1183,Store C,0.0,0.0,Supplier 26,0.0,0.0,0.0
SKU1183,Product 1183,Warehouse,0.0,0.0,Supplier 26,0.0,0.0,0.0
SKU1184,Product 1184,Store A,0.0,0.0,Supplier 26,0.0,0.0,0.0
SKU1184,Product 1184,Store B,0.0,0.0,Supplier 26,0.0,0.0,0.0
SKU1184,Product 1184,Store C,0.0,0.0,Supplier 26,0.0,0.0,0.0
SKU1184,Product 1184,Warehouse,0.0,0.0,Supplier 26,0.0,0.0,0.0
SKU1185,Product 1185,Warehouse,0.0,0.0,Supplier 26,0.0,0.0,0.0
SKU1186,Product 1186,Store A,0.0,0.0,Supplier 26,0.0,0.0,0.0
SKU1186,Product 1186,Store B,0.0,0.0,Supplier 26,0.0,0.0,0.0
SKU1186,Product 1186,Store C,0.0,0.0,Supplier 26,0.0,0.0,0.0
SKU1186,Product 1186,Warehouse,0.0,0.0,Supplier 26,0.0,0.0,0.0
SKU1187,Product 1187,Store A,0.0,0.0,Supplier 26,0.0,0.0,0.0
SKU1187,Product 1187,Store B,0.0,0.0,Supplier 26,0.0,0.0,0.0
SKU1187,Product 1187,Store C,0.0,0.0,Supplier 26,0.0,0.0,0.0
SKU1187,Product 1187,Warehouse,0.0,0.0,Supplier 26,0.0,0.0,0.0
SKU1188,Product 1188,Store C,0.0,0.0,Supplier 26,0.0,0.0,0.0
SKU1188,Product 1188,Warehouse,0.0,0.0,Supplier 26,0.0,0.0,0.0
SKU1189,Product 1189,Store A,0.0,0.0,Supplier 24,0.0,0.0,0.0
SKU1189,Product 1189,Store B,0.0,0.0,Supplier 24,0.0,0.0,0.0
SKU1189,Product 1189,Store C,0.0,0.0,Supplier 24,0.0,0.0,0.0
SKU1189,Product 1189,Warehouse,0.0,0.0,Supplier 24,0.0,0.0,0.0
SKU1190,Product 1190,Store B,0.0,0.0,Supplier 48,0.0,0.0,0.0
SKU1190,Product 1190,Store C,0.0,0.0,Supplier 48,0.0,0.0,0.0
SKU1190,Product 1190,Warehouse,0.0,0.0,Supplier 48,0.0,0.0,0.0
SKU1191,Product 1191,Store A,0.0,0.0,Supplier 26,0.0,0.0,0.0
SKU1191,Product 1191,Store B,0.0,0.0,Supplier 26,0.0,0.0,0.0
SKU1191,Product 1191,Store C,0.0,0.0,Supplier 26,0.0,0.0,0.0
SKU1191,Product 1191,Warehouse,0.0,0.0,Supplier 26,0.0,0.0,0.0
SKU1192,Product 1192,Store A,0.0,0.0,Supplier 23,0.0,0.0,0.0
SKU1192,Product 1192,Store B,0.0,0.0,Supplier 23,0.0,0.0,0.0
SKU1192,Product 1192,Store C,0.0,0.0,Supplier 23,0.0,0.0,0.0
SKU1192,Product 1192,Warehouse,0.0,0.0,Supplier 23,0.0,0.0,0.0
SKU1193,Product 1193,Warehouse,0.0,0.0,Supplier 23,0.0,0.0,0.0
SKU1194,Product 1194,Warehouse,0.0,0.0,Supplier 23,0.0,0.0,0.0
SKU1195,Product 1195,Store A,0.0,0.0,Unknown supplier,0.0,0.0,0.0
SKU1195,Product 1195,Store B,0.0,0.0,Unknown supplier,0.0,0.0,0.0
SKU1195,Product 1195,Store C,0.0,0.0,Unknown supplier,0.0,0.0,0.0
SKU1195,Product 1195,Warehouse,0.0,0.0,Unknown supplier,0.0,0.0,0.0
SKU1196,Product 1196,Store A,0.0,0.0,Unknown supplier,0.0,0.0,0.0
SKU1196,Product 1196,Store B,0.0,0.0,Unknown supplier,0.0,0.0,0.0
SKU1196,Product 1196,Store C,0.0,0.0,Unknown supplier,0.0,0.0,0.0
SKU1196,Product 1196,Warehouse,0.0,0.0,Unknown supplier,0.0,0.0,0.0
SKU1197,Product 1197,Warehouse,0.0,0.0,Supplier 43,0.0,0.0,0.0
SKU1198,Product 1198,Store A,0.0,0.0,Supplier 41,0.0,0.0,0.0
SKU1198,Product 1198,Store B,0.0,0.0,Supplier 41,0.0,0.0,0.0
SKU1198,Product 1198,Store C,0.0,0.0,Supplier 41,0.0,0.0,0.0
SKU1198,Product 1198,Warehouse,0.0,0.0,Supplier 41,0.0,0.0,0.0
SKU1199,Product 1199,Store B,0.0,0.0,Supplier 41,0.0,0.0,0.0
SKU1199,Product 1199,Store C,0.0,0.0,Supplier 41,0.0,0.0,0.0
SKU1199,Product 1199,Warehouse,0.0,0.0,Supplier 41,0.0,0.0,0.0
SKU1200,Product 1200,Warehouse,0.0,0.0,Unknown supplier,0.0,0.0,0.0
SKU1201,Product 1201,Store B,0.0,0.0,Supplier 41,0.0,0.0,0.0
SKU1201,Product 1201,Store C,0.0,0.0,Supplier 41,0.0,0.0,0.0
SKU1201,Product 1201,Warehouse,0.0,0.0,Supplier 41,0.0,0.0,0.0
SKU1202,Product 1202,Warehouse,6.0,1.2368,Multiple suppliers,0.0,0.0,0.0
SKU1203,Product 1203,Store B,0.0,0.0,Supplier 41,0.0,0.0,0.0
SKU1203,Product 1203,Store C,0.0,0.0,Supplier 41,0.0,0.0,0.0
SKU1203,Product 1203,Warehouse,0.0,0.0,Supplier 41,0.0,0.0,0.0
SKU1204,Product 1204,Warehouse,0.0,0.0,Supplier 39,0.0,0.0,0.0
SKU1205,Product 1205,Store C,0.0,0.0,Supplier 39,0.0,0.0,0.0
SKU1205,Product 1205,Warehouse,0.0,0.0,Supplier 39,0.0,0.0,0.0
SKU1206,Product 1206,Store A,0.0,0.0,Supplier 39,0.0,0.0,0.0
SKU1206,Product 1206,Store B,0.0,0.0,Supplier 39,0.0,0.0,0.0
SKU1206,Product 1206,Store C,0.0,0.0,Supplier 39,0.0,0.0,0.0
SKU1206,Product 1206,Warehouse,0.0,0.0,Supplier 39,0.0,0.0,0.0
SKU1207,Product 1207,Warehouse,0.0,0.0,Supplier 39,0.0,0.0,0.0
SKU1208,Product 1208,Warehouse,0.0,0.0,Multiple suppliers,0.0,0.0,0.0
SKU1209,Product 1209,Store A,0.0,0.0,Supplier 24,0.0,0.0,0.0
SKU1209,Product 1209,Store B,0.0,0.0,Supplier 24,0.0,0.0,0.0
SKU1209,Product 1209,Store C,0.0,0.0,Supplier 24,0.0,0.0,0.0
SKU1209,Product 1209,Warehouse,0.0,0.0,Supplier 24,0.0,0.0,0.0
SKU1210,Product 1210,Warehouse,0.0,0.0,Supplier 43,0.0,0.0,0.0
SKU1211,Product 1211,Store A,0.0,0.0,Supplier 17,0.0,0.0,0.0
SKU1211,Product 1211,Store C,0.0,0.0,Supplier 17,0.0,0.0,0.0
SKU1211,Product 1211,Warehouse,0.0,0.0,Supplier 17,0.0,0.0,0.0
SKU1212,Product 1212,Warehouse,0.0,0.0,Supplier 17,0.0,0.0,0.0
SKU1213,Product 1213,Store A,0.0,0.0,Supplier 36,0.0,0.0,0.0
SKU1213,Product 1213,Store B,0.0,0.0,Supplier 36,0.0,0.0,0.0
SKU1213,Product 1213,Store C,0.0,0.0,Supplier 36,0.0,0.0,0.0
SKU1213,Product 1213,Warehouse,0.0,0.0,Supplier 36,0.0,0.0,0.0
SKU1214,Product 1214,Store A,0.0,0.0,Supplier 64,0.0,0.0,0.0
SKU1214,Product 1214,Store B,0.0,0.0,Supplier 64,0.0,0.0,0.0
SKU1214,Product 1214,Store C,0.0,0.0,Supplier 64,0.0,0.0,0.0
SKU1214,Product 1214,Warehouse,0.0,0.0,Supplier 64,0.0,0.0,0.0
SKU1215,Product 1215,Warehouse,0.0,0.0,Supplier 43,0.0,0.0,0.0
SKU1216,Product 1216,Warehouse,0.0,0.4731,Multiple suppliers,0.0,0.0,0.0
SKU1217,Product 1217,Warehouse,24.0,0.2739,Supplier 24,0.0,0.0,0.0
SKU1218,Product 1218,Warehouse,0.0,0.631,Supplier 24,0.0,0.0,0.0
SKU1219,Product 1219,Store B,0.0,0.0,Supplier 41,0.0,0.0,0.0
SKU1219,Product 1219,Store C,0.0,0.0,Supplier 41,0.0,0.0,0.0
SKU1219,Product 1219,Warehouse,0.0,0.0,Supplier 41,0.0,0.0,0.0
SKU1220,Product 1220,Store B,0.0,0.0,Supplier 41,0.0,0.0,0.0
SKU1220,Product 1220,Store C,0.0,0.0,Supplier 41,0.0,0.0,0.0
SKU1220,Product 1220,Warehouse,0.0,0.0,Supplier 41,0.0,0.0,0.0
SKU1221,Product 1221,Store B,0.0,0.0,Supplier 21,0.0,0.0,0.0
SKU1221,Product 1221,Store C,0.0,0.0,Supplier 21,0.0,0.0,0.0
SKU1221,Product 1221,Warehouse,0.0,0.0,Supplier 21,0.0,0.0,0.0
SKU1222,Product 1222,Store A,0.0,0.0,Supplier 21,0.0,0.0,0.0
SKU1222,Product 1222,Store B,0.0,0.0,Supplier 21,0.0,0.0,0.0
SKU1222,Product 1222,Store C,0.0,0.0,Supplier 21,0.0,0.0,0.0
SKU1222,Product 1222,Warehouse,0.0,0.0,Supplier 21,0.0,0.0,0.0
SKU1223,Product 1223,Store C,0.0,0.0,Supplier 17,0.0,0.0,0.0
SKU1223,Product 1223,Warehouse,0.0,0.0,Supplier 17,0.0,0.0,0.0
SKU1224,Product 1224,Store A,0.0,0.0,Supplier 17,0.0,0.0,0.0
SKU1224,Product 1224,Store B,0.0,0.0,Supplier 17,0.0,0.0,0.0
SKU1224,Product 1224,Store C,0.0,0.0,Supplier 17,0.0,0.0,0.0
SKU1224,Product 1224,Warehouse,0.0,0.0,Supplier 17,0.0,0.0,0.0
SKU1225,Product 1225,Store A,0.0,0.0,Supplier 21,0.0,0.0,0.0
SKU1225,Product 1225,Store B,0.0,0.0,Supplier 21,0.0,0.0,0.0
SKU1225,Product 1225,Store C,0.0,0.0,Supplier 21,0.0,0.0,0.0
SKU1225,Product 1225,Warehouse,0.0,0.0,Supplier 21,0.0,0.0,0.0
SKU1226,Product 1226,Store B,0.0,0.0,Supplier 24,0.0,0.0,0.0
SKU1226,Product 1226,Store C,0.0,0.0,Supplier 24,0.0,0.0,0.0
SKU1226,Product 1226,Warehouse,0.0,0.0,Supplier 24,0.0,0.0,0.0
SKU1227,Product 1227,Store B,0.0,0.0,Supplier 24,0.0,0.0,0.0
SKU1227,Product 1227,Store C,0.0,0.0,Supplier 24,0.0,0.0,0.0
SKU1227,Product 1227,Warehouse,0.0,0.0,Supplier 24,0.0,0.0,0.0
SKU1228,Product 1228,Store A,0.0,0.0,Supplier 50,0.0,0.0,0.0
SKU1228,Product 1228,Store B,0.0,0.0,Supplier 50,0.0,0.0,0.0
SKU1228,Product 1228,Store C,0.0,0.0,Supplier 50,0.0,0.0,0.0
SKU1228,Product 1228,Warehouse,0.0,0.0,Supplier 50,0.0,0.0,0.0
SKU1229,Product 1229,Warehouse,0.0,0.0,Supplier 19,0.0,0.0,0.0
SKU1230,Product 1230,Warehouse,0.0,0.0,Supplier 19,0.0,0.0,0.0
SKU1231,Product 1231,Warehouse,0.0,0.0,Supplier 19,0.0,0.0,0.0
SKU1232,Product 1232,Warehouse,0.0,0.0,Supplier 19,0.0,0.0,0.0
SKU1233,Product 1233,Warehouse,0.0,0.0,Supplier 17,0.0,0.0,0.0
SKU1234,Product 1234,Warehouse,0.0,0.5147,Supplier 24,0.0,0.0,0.0
SKU1235,Product 1235,Warehouse,23.0,0.4897,Supplier 04,0.0,0.0,0.0
SKU1236,Product 1236,Warehouse,24.0,0.4897,Supplier 04,0.0,0.0,0.0
SKU1237,Product 1237,Warehouse,0.0,0.0,Supplier 04,0.0,0.0,0.0
SKU1238,Product 1238,Store A,0.0,0.0,Supplier 04,0.0,0.0,0.0
SKU1238,Product 1238,Store B,0.0,0.0,Supplier 04,0.0,0.0,0.0
SKU1238,Product 1238,Store C,0.0,0.0,Supplier 04,0.0,0.0,0.0
SKU1238,Product 1238,Warehouse,0.0,0.0,Supplier 04,0.0,0.0,0.0
SKU1239,Product 1239,Store A,0.0,0.0,Supplier 04,0.0,0.0,0.0
SKU1239,Product 1239,Store B,0.0,0.0,Supplier 04,0.0,0.0,0.0
SKU1239,Product 1239,Warehouse,0.0,0.0,Supplier 04,0.0,0.0,0.0
SKU1240,Product 1240,Store A,0.0,0.0,Supplier 04,0.0,0.0,0.0
SKU1240,Product 1240,Store B,0.0,0.0,Supplier 04,0.0,0.0,0.0
SKU1240,Product 1240,Warehouse,0.0,0.0,Supplier 04,0.0,0.0,0.0
SKU1241,Product 1241,Store A,0.0,0.0,Supplier 30,0.0,0.0,0.0
SKU1241,Product 1241,Store B,0.0,0.0,Supplier 30,0.0,0.0,0.0
SKU1241,Product 1241,Store C,0.0,0.0,Supplier 30,0.0,0.0,0.0
SKU1241,Product 1241,Warehouse,0.0,0.0,Supplier 30,0.0,0.0,0.0
SKU1242,Product 1242,Store A,0.0,0.0,Supplier 30,0.0,0.0,0.0
SKU1242,Product 1242,Store B,0.0,0.0,Supplier 30,0.0,0.0,0.0
SKU1242,Product 1242,Store C,0.0,0.0,Supplier 30,0.0,0.0,0.0
SKU1242,Product 1242,Warehouse,0.0,0.0,Supplier 30,0.0,0.0,0.0
SKU1243,Product 1243,Store A,0.0,0.0,Supplier 30,0.0,0.0,0.0
SKU1243,Product 1243,Store B,0.0,0.0,Supplier 30,0.0,0.0,0.0
SKU1243,Product 1243,Store C,0.0,0.0,Supplier 30,0.0,0.0,0.0
SKU1243,Product 1243,Warehouse,0.0,0.0,Supplier 30,0.0,0.0,0.0
SKU1244,Product 1244,Store A,0.0,0.0,Supplier 24,0.0,0.0,0.0
SKU1244,Product 1244,Store B,0.0,0.0,Supplier 24,0.0,0.0,0.0
SKU1244,Product 1244,Store C,0.0,0.0,Supplier 24,0.0,0.0,0.0
SKU1244,Product 1244,Warehouse,0.0,0.0,Supplier 24,0.0,0.0,0.0
SKU1245,Product 1245,Store C,0.0,0.0,Supplier 24,0.0,0.0,0.0
SKU1245,Product 1245,Warehouse,0.0,0.0,Supplier 24,0.0,0.0,0.0
SKU1246,Product 1246,Store A,0.0,0.0,Supplier 24,0.0,0.0,0.0
SKU1246,Product 1246,Store B,0.0,0.0,Supplier 24,0.0,0.0,0.0
SKU1246,Product 1246,Store C,0.0,0.0,Supplier 24,0.0,0.0,0.0
SKU1246,Product 1246,Warehouse,0.0,0.0,Supplier 24,0.0,0.0,0.0
SKU1247,Product 1247,Store C,0.0,0.0,Supplier 24,0.0,0.0,0.0
SKU1247,Product 1247,Warehouse,0.0,0.0,Supplier 24,0.0,0.0,0.0
SKU1248,Product 1248,Store A,0.0,0.0,Supplier 24,0.0,0.0,0.0
SKU1248,Product 1248,Store B,0.0,0.0,Supplier 24,0.0,0.0,0.0
SKU1248,Product 1248,Store C,0.0,0.0,Supplier 24,0.0,0.0,0.0
SKU1248,Product 1248,Warehouse,0.0,0.0,Supplier 24,0.0,0.0,0.0
SKU1249,Product 1249,Warehouse,0.0,0.3154,Supplier 24,0.0,0.0,0.0
SKU1250,Product 1250,Store A,0.0,0.0,Supplier 24,0.0,0.0,0.0
SKU1250,Product 1250,Store B,0.0,0.0,Supplier 24,0.0,0.0,0.0
SKU1250,Product 1250,Store C,0.0,0.0,Supplier 24,0.0,0.0,0.0
SKU1250,Product 1250,Warehouse,0.0,0.0,Supplier 24,0.0,0.0,0.0
SKU1251,Product 1251,Store B,0.0,0.0,Supplier 24,0.0,0.0,0.0
SKU1251,Product 1251,Store C,0.0,0.0,Supplier 24,0.0,0.0,0.0
SKU1251,Product 1251,Warehouse,0.0,0.0,Supplier 24,0.0,0.0,0.0
SKU1252,Product 1252,Store B,5.0,0.6142,Supplier 24,0.0,0.0,0.0
SKU1252,Product 1252,Warehouse,7.0,0.6142,Supplier 24,0.0,0.0,0.0
SKU1253,Product 1253,Warehouse,6.0,0.5976,Supplier 24,0.0,0.0,0.0
SKU1254,Product 1254,Store A,0.0,0.0,Supplier 24,0.0,0.0,0.0
SKU1254,Product 1254,Store B,0.0,0.0,Supplier 24,0.0,0.0,0.0
SKU1254,Product 1254,Store C,0.0,0.0,Supplier 24,0.0,0.0,0.0
SKU1254,Product 1254,Warehouse,0.0,0.0,Supplier 24,0.0,0.0,0.0
SKU1255,Product 1255,Store B,0.0,0.0,Supplier 24,0.0,0.0,0.0
SKU1255,Product 1255,Warehouse,0.0,0.0,Supplier 24,0.0,0.0,0.0
SKU1256,Product 1256,Warehouse,24.0,0.4772,Supplier 02,0.0,0.0,0.0
SKU1257,Product 1257,Store A,0.0,0.0,Supplier 24,0.0,0.0,0.0
SKU1257,Product 1257,Store B,0.0,0.0,Supplier 24,0.0,0.0,0.0
SKU1257,Product 1257,Store C,0.0,0.0,Supplier 24,0.0,0.0,0.0
SKU1257,Product 1257,Warehouse,0.0,0.0,Supplier 24,0.0,0.0,0.0
SKU1258,Product 1258,Warehouse,3.0,0.0,Supplier 24,0.0,0.0,0.0
SKU1259,Product 1259,Warehouse,0.0,1.3529,Supplier 24,0.0,0.0,0.0
SKU1260,Product 1260,Store B,0.0,0.0,Supplier 24,0.0,0.0,0.0
SKU1260,Product 1260,Store C,0.0,0.0,Supplier 24,0.0,0.0,0.0
SKU1260,Product 1260,Warehouse,0.0,0.0,Supplier 24,0.0,0.0,0.0
SKU1261,Product 1261,Warehouse,0.0,0.0,Supplier 24,0.0,0.0,0.0
SKU1262,Product 1262,Store A,0.0,0.0,Supplier 24,0.0,0.0,0.0
SKU1262,Product 1262,Store B,0.0,0.0,Supplier 24,0.0,0.0,0.0
SKU1262,Product 1262,Store C,0.0,0.0,Supplier 24,0.0,0.0,0.0
SKU1262,Product 1262,Warehouse,0.0,0.0,Supplier 24,0.0,0.0,0.0
SKU1263,Product 1263,Store A,0.0,0.0,Supplier 24,0.0,0.0,0.0
SKU1263,Product 1263,Store C,0.0,0.0,Supplier 24,0.0,0.0,0.0
SKU1264,Product 1264,Store C,0.0,0.0,Supplier 24,0.0,0.0,0.0
SKU1265,Product 1265,Store A,0.0,0.0,Supplier 48,0.0,0.0,0.0
SKU1265,Product 1265,Store B,0.0,0.0,Supplier 48,0.0,0.0,0.0
SKU1265,Product 1265,Store C,0.0,0.0,Supplier 48,0.0,0.0,0.0
SKU1265,Product 1265,Warehouse,0.0,0.0,Supplier 48,0.0,0.0,0.0
SKU1266,Product 1266,Store A,0.0,0.0,Supplier 24,0.0,0.0,0.0
SKU1266,Product 1266,Store B,0.0,0.0,Supplier 24,0.0,0.0,0.0
SKU1266,Product 1266,Store C,0.0,0.0,Supplier 24,0.0,0.0,0.0
SKU1266,Product 1266,Warehouse,0.0,0.0,Supplier 24,0.0,0.0,0.0
SKU1267,Product 1267,Store A,0.0,0.0,Supplier 24,0.0,0.0,0.0
SKU1267,Product 1267,Store B,0.0,0.0,Supplier 24,0.0,0.0,0.0
SKU1267,Product 1267,Store C,0.0,0.0,Supplier 24,0.0,0.0,0.0
SKU1267,Product 1267,Warehouse,0.0,0.0,Supplier 24,0.0,0.0,0.0
SKU1268,Product 1268,Store A,0.0,0.0,Supplier 24,0.0,0.0,0.0
SKU1268,Product 1268,Store B,0.0,0.0,Supplier 24,0.0,0.0,0.0
SKU1268,Product 1268,Store C,0.0,0.0,Supplier 24,0.0,0.0,0.0
SKU1268,Product 1268,Warehouse,0.0,0.0,Supplier 24,0.0,0.0,0.0
SKU1269,Product 1269,Store B,5.0,0.6391,Supplier 24,0.0,0.0,0.0
SKU1269,Product 1269,Warehouse,0.0,0.6391,Supplier 24,0.0,0.0,0.0
SKU1270,Product 1270,Warehouse,4.0,0.6142,Supplier 24,0.0,0.0,0.0
SKU1271,Product 1271,Warehouse,0.0,0.0,Supplier 24,0.0,0.0,0.0
SKU1272,Product 1272,Store A,0.0,0.0,Supplier 24,0.0,0.0,0.0
SKU1272,Product 1272,Store B,0.0,0.0,Supplier 24,0.0,0.0,0.0
SKU1272,Product 1272,Store C,0.0,0.0,Supplier 24,0.0,0.0,0.0
SKU1272,Product 1272,Warehouse,0.0,0.0,Supplier 24,0.0,0.0,0.0
SKU1273,Product 1273,Store A,0.0,0.0,Supplier 24,0.0,0.0,0.0
SKU1273,Product 1273,Store B,0.0,0.0,Supplier 24,0.0,0.0,0.0
SKU1273,Product 1273,Store C,0.0,0.0,Supplier 24,0.0,0.0,0.0
SKU1273,Product 1273,Warehouse,0.0,0.0,Supplier 24,0.0,0.0,0.0
SKU1274,Product 1274,Warehouse,0.0,0.0,Supplier 24,0.0,0.0,0.0
SKU1275,Product 1275,Store A,0.0,0.0,Supplier 24,0.0,0.0,0.0
SKU1275,Product 1275,Store B,0.0,0.0,Supplier 24,0.0,0.0,0.0
SKU1275,Product 1275,Store C,0.0,0.0,Supplier 24,0.0,0.0,0.0
SKU1275,Product 1275,Warehouse,0.0,0.0,Supplier 24,0.0,0.0,0.0
SKU1276,Product 1276,Warehouse,0.0,0.8466,Supplier 24,0.0,0.0,0.0
SKU1277,Product 1277,Store B,8.0,0.8466,Supplier 24,0.0,0.0,0.0
SKU1277,Product 1277,Warehouse,0.0,0.8466,Supplier 24,0.0,0.0,0.0
SKU1278,Product 1278,Warehouse,0.0,0.8466,Supplier 24,0.0,0.0,0.0
SKU1279,Product 1279,Warehouse,0.0,0.8466,Supplier 24,0.0,0.0,0.0
SKU1280,Product 1280,Store A,0.0,0.0,Supplier 24,0.0,0.0,0.0
SKU1280,Product 1280,Store B,0.0,0.0,Supplier 24,0.0,0.0,0.0
SKU1280,Product 1280,Store C,0.0,0.0,Supplier 24,0.0,0.0,0.0
SKU1280,Product 1280,Warehouse,0.0,0.0,Supplier 24,0.0,0.0,0.0
SKU1281,Product 1281,Store A,0.0,0.0,Supplier 24,0.0,0.0,0.0
SKU1281,Product 1281,Store B,0.0,0.0,Supplier 24,0.0,0.0,0.0
SKU1281,Product 1281,Store C,0.0,0.0,Supplier 24,0.0,0.0,0.0
SKU1281,Product 1281,Warehouse,0.0,0.0,Supplier 24,0.0,0.0,0.0
SKU1282,Product 1282,Store A,0.0,0.0,Supplier 24,0.0,0.0,0.0
SKU1282,Product 1282,Store C,0.0,0.0,Supplier 24,0.0,0.0,0.0
SKU1282,Product 1282,Warehouse,0.0,0.0,Supplier 24,0.0,0.0,0.0
SKU1283,Product 1283,Warehouse,72.0,0.2988,Supplier 24,0.0,0.0,0.0
SKU1284,Product 1284,Store C,0.0,0.0,Supplier 24,0.0,0.0,0.0
SKU1284,Product 1284,Warehouse,0.0,0.0,Supplier 24,0.0,0.0,0.0
SKU1285,Product 1285,Store B,0.0,0.0,Supplier 24,0.0,0.0,0.0
SKU1285,Product 1285,Store C,0.0,0.0,Supplier 24,0.0,0.0,0.0
SKU1285,Product 1285,Warehouse,0.0,0.0,Supplier 24,0.0,0.0,0.0
SKU1286,Product 1286,Store A,0.0,0.0,Supplier 24,0.0,0.0,0.0
SKU1286,Product 1286,Store B,0.0,0.0,Supplier 24,0.0,0.0,0.0
SKU1286,Product 1286,Store C,0.0,0.0,Supplier 24,0.0,0.0,0.0
SKU1286,Product 1286,Warehouse,0.0,0.0,Supplier 24,0.0,0.0,0.0
SKU1287,Product 1287,Store A,0.0,0.0,Supplier 24,0.0,0.0,0.0
SKU1287,Product 1287,Store B,0.0,0.0,Supplier 24,0.0,0.0,0.0
SKU1287,Product 1287,Store C,0.0,0.0,Supplier 24,0.0,0.0,0.0
SKU1287,Product 1287,Warehouse,0.0,0.0,Supplier 24,0.0,0.0,0.0
SKU1288,Product 1288,Store A,0.0,0.0,Supplier 24,0.0,0.0,0.0
SKU1288,Product 1288,Store B,0.0,0.0,Supplier 24,0.0,0.0,0.0
SKU1288,Product 1288,Store C,0.0,0.0,Supplier 24,0.0,0.0,0.0
SKU1288,Product 1288,Warehouse,0.0,0.0,Supplier 24,0.0,0.0,0.0
SKU1289,Product 1289,Store B,0.0,0.0,Supplier 77,0.0,0.0,0.0
SKU1289,Product 1289,Store C,0.0,0.0,Supplier 77,0.0,0.0,0.0
SKU1289,Product 1289,Warehouse,0.0,0.0,Supplier 77,0.0,0.0,0.0
SKU1290,Product 1290,Warehouse,0.0,0.0,Supplier 19,0.0,0.0,0.0
SKU1291,Product 1291,Store A,0.0,0.0,Supplier 24,0.0,0.0,0.0
SKU1291,Product 1291,Store B,0.0,0.0,Supplier 24,0.0,0.0,0.0
SKU1291,Product 1291,Store C,0.0,0.0,Supplier 24,0.0,0.0,0.0
SKU1291,Product 1291,Warehouse,0.0,0.0,Supplier 24,0.0,0.0,0.0
SKU1292,Product 1292,Store B,0.0,0.0,Supplier 77,0.0,0.0,0.0
SKU1292,Product 1292,Store C,0.0,0.0,Supplier 77,0.0,0.0,0.0
SKU1292,Product 1292,Warehouse,0.0,0.0,Supplier 77,0.0,0.0,0.0
SKU1293,Product 1293,Store A,0.0,0.0,Supplier 24,0.0,0.0,0.0
SKU1293,Product 1293,Store B,0.0,0.0,Supplier 24,0.0,0.0,0.0
SKU1293,Product 1293,Store C,0.0,0.0,Supplier 24,0.0,0.0,0.0
SKU1293,Product 1293,Warehouse,0.0,0.0,Supplier 24,0.0,0.0,0.0
SKU1294,Product 1294,Store A,0.0,0.0,Supplier 59,0.0,0.0,0.0
SKU1294,Product 1294,Store B,0.0,0.0,Supplier 59,0.0,0.0,0.0
SKU1294,Product 1294,Store C,0.0,0.0,Supplier 59,0.0,0.0,0.0
SKU1294,Product 1294,Warehouse,0.0,0.0,Supplier 59,0.0,0.0,0.0
SKU1295,Product 1295,Store A,0.0,0.0,Supplier 24,0.0,0.0,0.0
SKU1295,Product 1295,Store B,0.0,0.0,Supplier 24,0.0,0.0,0.0
SKU1295,Product 1295,Store C,0.0,0.0,Supplier 24,0.0,0.0,0.0
SKU1295,Product 1295,Warehouse,0.0,0.0,Supplier 24,0.0,0.0,0.0
SKU1296,Product 1296,Store A,0.0,0.0,Supplier 24,0.0,0.0,0.0
SKU1296,Product 1296,Store B,0.0,0.0,Supplier 24,0.0,0.0,0.0
SKU1296,Product 1296,Store C,0.0,0.0,Supplier 24,0.0,0.0,0.0
SKU1296,Product 1296,Warehouse,0.0,0.0,Supplier 24,0.0,0.0,0.0
SKU1297,Product 1297,Store A,0.0,0.0,Supplier 06,0.0,0.0,0.0
SKU1297,Product 1297,Store C,0.0,0.0,Supplier 06,0.0,0.0,0.0
SKU1297,Product 1297,Warehouse,0.0,0.0,Supplier 06,0.0,0.0,0.0
SKU1298,Product 1298,Warehouse,14.0,0.9545,Supplier 06,0.0,0.0,0.0
SKU1299,Product 1299,Warehouse,0.0,0.0,Supplier 17,0.0,0.0,0.0
SKU1300,Product 1300,Warehouse,0.0,0.0,Supplier 17,0.0,0.0,0.0
SKU1301,Product 1301,Warehouse,0.0,0.0,Multiple suppliers,0.0,0.0,0.0
SKU1302,Product 1302,Warehouse,0.0,0.0,Supplier 12,0.0,0.0,0.0
SKU1303,Product 1303,Warehouse,0.0,0.0,Multiple suppliers,0.0,0.0,0.0
SKU1304,Product 1304,Warehouse,0.0,0.0,Supplier 12,0.0,0.0,0.0
SKU1305,Product 1305,Warehouse,0.0,0.0,Multiple suppliers,0.0,0.0,0.0
SKU1306,Product 1306,Warehouse,0.0,0.0,Supplier 12,0.0,0.0,0.0
SKU1307,Product 1307,Store A,0.0,0.0,Supplier 24,0.0,0.0,0.0
SKU1307,Product 1307,Store B,0.0,0.0,Supplier 24,0.0,0.0,0.0
SKU1307,Product 1307,Store C,0.0,0.0,Supplier 24,0.0,0.0,0.0
SKU1307,Product 1307,Warehouse,0.0,0.0,Supplier 24,0.0,0.0,0.0
SKU1308,Product 1308,Store A,0.0,0.0,Supplier 24,0.0,0.0,0.0
SKU1308,Product 1308,Store B,0.0,0.0,Supplier 24,0.0,0.0,0.0
SKU1308,Product 1308,Store C,0.0,0.0,Supplier 24,0.0,0.0,0.0
SKU1308,Product 1308,Warehouse,0.0,0.0,Supplier 24,0.0,0.0,0.0
SKU1309,Product 1309,Store A,0.0,0.0,Supplier 24,0.0,0.0,0.0
SKU1309,Product 1309,Store B,0.0,0.0,Supplier 24,0.0,0.0,0.0
SKU1309,Product 1309,Store C,0.0,0.0,Supplier 24,0.0,0.0,0.0
SKU1309,Product 1309,Warehouse,0.0,0.0,Supplier 24,0.0,0.0,0.0
SKU1310,Product 1310,Store C,0.0,0.0,Supplier 24,0.0,0.0,0.0
SKU1311,Product 1311,Store C,0.0,0.0,Supplier 24,0.0,0.0,0.0
SKU1312,Product 1312,Store A,0.0,0.0,Supplier 24,0.0,0.0,0.0
SKU1312,Product 1312,Store B,0.0,0.0,Supplier 24,0.0,0.0,0.0
SKU1312,Product 1312,Store C,0.0,0.0,Supplier 24,0.0,0.0,0.0
SKU1312,Product 1312,Warehouse,0.0,0.0,Supplier 24,0.0,0.0,0.0
SKU1313,Product 1313,Store B,0.0,0.0,Supplier 24,0.0,0.0,0.0
SKU1313,Product 1313,Store C,0.0,0.0,Supplier 24,0.0,0.0,0.0
SKU1313,Product 1313,Warehouse,0.0,0.0,Supplier 24,0.0,0.0,0.0
SKU1314,Product 1314,Store A,0.0,0.0,Supplier 24,0.0,0.0,0.0
SKU1314,Product 1314,Store C,0.0,0.0,Supplier 24,0.0,0.0,0.0
SKU1314,Product 1314,Warehouse,0.0,0.0,Supplier 24,0.0,0.0,0.0
SKU1315,Product 1315,Warehouse,0.0,0.8716,Supplier 24,0.0,0.0,0.0
SKU1316,Product 1316,Store B,0.0,0.0,Supplier 24,0.0,0.0,0.0
SKU1316,Product 1316,Store C,0.0,0.0,Supplier 24,0.0,0.0,0.0
SKU1316,Product 1316,Warehouse,0.0,0.0,Supplier 24,0.0,0.0,0.0
SKU1317,Product 1317,Store B,0.0,0.0,Supplier 24,0.0,0.0,0.0
SKU1317,Product 1317,Store C,0.0,0.0,Supplier 24,0.0,0.0,0.0
SKU1317,Product 1317,Warehouse,0.0,0.0,Supplier 24,0.0,0.0,0.0
SKU1318,Product 1318,Store A,0.0,0.0,Supplier 24,0.0,0.0,0.0
SKU1318,Product 1318,Store B,0.0,0.0,Supplier 24,0.0,0.0,0.0
SKU1318,Product 1318,Store C,0.0,0.0,Supplier 24,0.0,0.0,0.0
SKU1318,Product 1318,Warehouse,0.0,0.0,Supplier 24,0.0,0.0,0.0
SKU1319,Product 1319,Warehouse,0.0,0.9878,Supplier 24,0.0,0.0,0.0
SKU1320,Product 1320,Warehouse,0.0,0.0,Supplier 24,0.0,0.0,0.0
SKU1321,Product 1321,Warehouse,0.0,0.0,Supplier 03,0.0,0.0,0.0
SKU1322,Product 1322,Warehouse,0.0,0.0,Supplier 03,0.0,0.0,0.0
SKU1323,Product 1323,Warehouse,0.0,0.0,Supplier 03,0.0,0.0,0.0
SKU1324,Product 1324,Warehouse,0.0,0.0,Supplier 03,0.0,0.0,0.0
SKU1325,Product 1325,Warehouse,0.0,0.0,Supplier 03,0.0,0.0,0.0
SKU1326,Product 1326,Warehouse,0.0,0.0,Supplier 03,0.0,0.0,0.0
SKU1327,Product 1327,Warehouse,0.0,0.0,Supplier 03,0.0,0.0,0.0
SKU1328,Product 1328,Warehouse,0.0,0.0,Supplier 03,0.0,0.0,0.0
SKU1329,Product 1329,Store C,0.0,0.0,Supplier 24,0.0,0.0,0.0
SKU1329,Product 1329,Warehouse,0.0,0.0,Supplier 24,0.0,0.0,0.0
SKU1330,Product 1330,Store A,0.0,0.0,Supplier 24,0.0,0.0,0.0
SKU1330,Product 1330,Store B,0.0,0.0,Supplier 24,0.0,0.0,0.0
SKU1330,Product 1330,Store C,0.0,0.0,Supplier 24,0.0,0.0,0.0
SKU1330,Product 1330,Warehouse,0.0,0.0,Supplier 24,0.0,0.0,0.0
SKU1331,Product 1331,Store A,0.0,0.0,Supplier 03,0.0,0.0,0.0
SKU1331,Product 1331,Store B,0.0,0.0,Supplier 03,0.0,0.0,0.0
SKU1331,Product 1331,Store C,0.0,0.0,Supplier 03,0.0,0.0,0.0
SKU1331,Product 1331,Warehouse,0.0,0.0,Supplier 03,0.0,0.0,0.0
SKU1332,Product 1332,Warehouse,166.0,0.5727,Supplier 03,0.0,0.0,0.0
SKU1333,Product 1333,Store A,0.0,0.0,Supplier 03,0.0,0.0,0.0
SKU1333,Product 1333,Store B,0.0,0.0,Supplier 03,0.0,0.0,0.0
SKU1333,Product 1333,Store C,0.0,0.0,Supplier 03,0.0,0.0,0.0
SKU1333,Product 1333,Warehouse,0.0,0.0,Supplier 03,0.0,0.0,0.0
SKU1334,Product 1334,Store A,0.0,0.0,Supplier 03,0.0,0.0,0.0
SKU1334,Product 1334,Store B,0.0,0.0,Supplier 03,0.0,0.0,0.0
SKU1334,Product 1334,Store C,0.0,0.0,Supplier 03,0.0,0.0,0.0
SKU1334,Product 1334,Warehouse,0.0,0.0,Supplier 03,0.0,0.0,0.0
SKU1335,Product 1335,Store A,0.0,0.0,Supplier 03,0.0,0.0,0.0
SKU1335,Product 1335,Store B,0.0,0.0,Supplier 03,0.0,0.0,0.0
SKU1335,Product 1335,Store C,0.0,0.0,Supplier 03,0.0,0.0,0.0
SKU1335,Product 1335,Warehouse,0.0,0.0,Supplier 03,0.0,0.0,0.0
SKU1336,Product 1336,Store A,0.0,0.0,Supplier 03,0.0,0.0,0.0
SKU1336,Product 1336,Store B,0.0,0.0,Supplier 03,0.0,0.0,0.0
SKU1336,Product 1336,Store C,0.0,0.0,Supplier 03,0.0,0.0,0.0
SKU1336,Product 1336,Warehouse,0.0,0.0,Supplier 03,0.0,0.0,0.0
SKU1337,Product 1337,Store A,0.0,0.0,Supplier 03,0.0,0.0,0.0
SKU1337,Product 1337,Store B,0.0,0.0,Supplier 03,0.0,0.0,0.0
SKU1337,Product 1337,Store C,0.0,0.0,Supplier 03,0.0,0.0,0.0
SKU1337,Product 1337,Warehouse,0.0,0.0,Supplier 03,0.0,0.0,0.0
SKU1338,Product 1338,Store A,0.0,0.0,Supplier 03,0.0,0.0,0.0
SKU1338,Product 1338,Store B,0.0,0.0,Supplier 03,0.0,0.0,0.0
SKU1338,Product 1338,Store C,0.0,0.0,Supplier 03,0.0,0.0,0.0
SKU1338,Product 1338,Warehouse,0.0,0.0,Supplier 03,0.0,0.0,0.0
SKU1339,Product 1339,Store A,0.0,0.0,Supplier 03,0.0,0.0,0.0
SKU1339,Product 1339,Store B,0.0,0.0,Supplier 03,0.0,0.0,0.0
SKU1339,Product 1339,Store C,0.0,0.0,Supplier 03,0.0,0.0,0.0
SKU1339,Product 1339,Warehouse,0.0,0.0,Supplier 03,0.0,0.0,0.0
SKU1340,Product 1340,Store A,0.0,0.0,Supplier 03,0.0,0.0,0.0
SKU1340,Product 1340,Store B,0.0,0.0,Supplier 03,0.0,0.0,0.0
SKU1340,Product 1340,Store C,0.0,0.0,Supplier 03,0.0,0.0,0.0
SKU1340,Product 1340,Warehouse,0.0,0.0,Supplier 03,0.0,0.0,0.0
SKU1341,Product 1341,Store A,0.0,0.0,Supplier 03,0.0,0.0,0.0
SKU1341,Product 1341,Store B,0.0,0.0,Supplier 03,0.0,0.0,0.0
SKU1341,Product 1341,Store C,0.0,0.0,Supplier 03,0.0,0.0,0.0
SKU1341,Product 1341,Warehouse,0.0,0.0,Supplier 03,0.0,0.0,0.0
SKU1342,Product 1342,Store A,0.0,0.0,Supplier 24,0.0,0.0,0.0
SKU1342,Product 1342,Store B,0.0,0.0,Supplier 24,0.0,0.0,0.0
SKU1342,Product 1342,Store C,0.0,0.0,Supplier 24,0.0,0.0,0.0
SKU1342,Product 1342,Warehouse,0.0,0.0,Supplier 24,0.0,0.0,0.0
SKU1343,Product 1343,Store B,0.0,0.0,Supplier 24,0.0,0.0,0.0
SKU1343,Product 1343,Store C,0.0,0.0,Supplier 24,0.0,0.0,0.0
SKU1343,Product 1343,Warehouse,0.0,0.0,Supplier 24,0.0,0.0,0.0
SKU1344,Product 1344,Store A,0.0,0.0,Supplier 24,0.0,0.0,0.0
SKU1344,Product 1344,Store B,0.0,0.0,Supplier 24,0.0,0.0,0.0
SKU1344,Product 1344,Store C,0.0,0.0,Supplier 24,0.0,0.0,0.0
SKU1344,Product 1344,Warehouse,0.0,0.0,Supplier 24,0.0,0.0,0.0
SKU1345,Product 1345,Store C,0.0,0.0,Supplier 24,0.0,0.0,0.0
SKU1346,Product 1346,Store A,0.0,0.0,Supplier 24,0.0,0.0,0.0
SKU1346,Product 1346,Store B,0.0,0.0,Supplier 24,0.0,0.0,0.0
SKU1346,Product 1346,Store C,0.0,0.0,Supplier 24,0.0,0.0,0.0
SKU1346,Product 1346,Warehouse,0.0,0.0,Supplier 24,0.0,0.0,0.0
SKU1347,Product 1347,Store A,0.0,0.0,Supplier 24,0.0,0.0,0.0
SKU1347,Product 1347,Store B,0.0,0.0,Supplier 24,0.0,0.0,0.0
SKU1347,Product 1347,Store C,0.0,0.0,Supplier 24,0.0,0.0,0.0
SKU1347,Product 1347,Warehouse,0.0,0.0,Supplier 24,0.0,0.0,0.0
SKU1348,Product 1348,Store A,0.0,0.0,Supplier 24,0.0,0.0,0.0
SKU1348,Product 1348,Store B,0.0,0.0,Supplier 24,0.0,0.0,0.0
SKU1348,Product 1348,Store C,0.0,0.0,Supplier 24,0.0,0.0,0.0
SKU1348,Product 1348,Warehouse,0.0,0.0,Supplier 24,0.0,0.0,0.0
SKU1349,Product 1349,Store A,0.0,0.0,Supplier 24,0.0,0.0,0.0
SKU1349,Product 1349,Store B,0.0,0.0,Supplier 24,0.0,0.0,0.0
SKU1349,Product 1349,Store C,0.0,0.0,Supplier 24,0.0,0.0,0.0
SKU1349,Product 1349,Warehouse,0.0,0.0,Supplier 24,0.0,0.0,0.0
SKU1350,Product 1350,Store A,0.0,0.0,Supplier 24,0.0,0.0,0.0
SKU1350,Product 1350,Store B,0.0,0.0,Supplier 24,0.0,0.0,0.0
SKU1350,Product 1350,Store C,0.0,0.0,Supplier 24,0.0,0.0,0.0
SKU1350,Product 1350,Warehouse,0.0,0.0,Supplier 24,0.0,0.0,0.0
SKU1351,Product 1351,Store A,0.0,0.0,Supplier 24,0.0,0.0,0.0
SKU1351,Product 1351,Store B,0.0,0.0,Supplier 24,0.0,0.0,0.0
SKU1351,Product 1351,Store C,0.0,0.0,Supplier 24,0.0,0.0,0.0
SKU1351,Product 1351,Warehouse,0.0,0.0,Supplier 24,0.0,0.0,0.0
SKU1352,Product 1352,Store A,0.0,0.0,Supplier 24,0.0,0.0,0.0
SKU1352,Product 1352,Store B,0.0,0.0,Supplier 24,0.0,0.0,0.0
SKU1352,Product 1352,Store C,0.0,0.0,Supplier 24,0.0,0.0,0.0
SKU1352,Product 1352,Warehouse,0.0,0.0,Supplier 24,0.0,0.0,0.0
SKU1353,Product 1353,Store B,0.0,0.0,Supplier 24,0.0,0.0,0.0
SKU1353,Product 1353,Store C,0.0,0.0,Supplier 24,0.0,0.0,0.0
SKU1353,Product 1353,Warehouse,0.0,0.0,Supplier 24,0.0,0.0,0.0
SKU1354,Product 1354,Store B,0.0,0.0,Supplier 24,0.0,0.0,0.0
SKU1354,Product 1354,Store C,0.0,0.0,Supplier 24,0.0,0.0,0.0
SKU1354,Product 1354,Warehouse,0.0,0.0,Supplier 24,0.0,0.0,0.0
SKU1355,Product 1355,Store C,0.0,0.0,Supplier 77,0.0,0.0,0.0
SKU1356,Product 1356,Store C,0.0,0.0,Supplier 77,0.0,0.0,0.0
SKU1357,Product 1357,Store A,0.0,0.0,Supplier 24,0.0,0.0,0.0
SKU1357,Product 1357,Store B,0.0,0.0,Supplier 24,0.0,0.0,0.0
SKU1357,Product 1357,Store C,0.0,0.0,Supplier 24,0.0,0.0,0.0
SKU1357,Product 1357,Warehouse,0.0,0.0,Supplier 24,0.0,0.0,0.0
SKU1358,Product 1358,Store B,20.0,0.7984,Supplier 24,0.0,0.0,0.0
SKU1358,Product 1358,Warehouse,0.0,0.7885,Supplier 24,0.0,0.0,0.0
SKU1359,Product 1359,Store A,0.0,0.0,Supplier 24,0.0,0.0,0.0
SKU1359,Product 1359,Store B,0.0,0.0,Supplier 24,0.0,0.0,0.0
SKU1359,Product 1359,Store C,0.0,0.0,Supplier 24,0.0,0.0,0.0
SKU1359,Product 1359,Warehouse,0.0,0.0,Supplier 24,0.0,0.0,0.0
SKU1360,Product 1360,Store A,0.0,0.0,Supplier 24,0.0,0.0,0.0
SKU1360,Product 1360,Store B,0.0,0.0,Supplier 24,0.0,0.0,0.0
SKU1360,Product 1360,Store C,0.0,0.0,Supplier 24,0.0,0.0,0.0
SKU1360,Product 1360,Warehouse,0.0,0.0,Supplier 24,0.0,0.0,0.0
SKU1361,Product 1361,Store A,0.0,0.0,Supplier 24,0.0,0.0,0.0
SKU1361,Product 1361,Store B,0.0,0.0,Supplier 24,0.0,0.0,0.0
SKU1361,Product 1361,Store C,0.0,0.0,Supplier 24,0.0,0.0,0.0
SKU1361,Product 1361,Warehouse,0.0,0.0,Supplier 24,0.0,0.0,0.0
SKU1362,Product 1362,Store A,0.0,0.0,Supplier 24,0.0,0.0,0.0
SKU1362,Product 1362,Store B,0.0,0.0,Supplier 24,0.0,0.0,0.0
SKU1362,Product 1362,Store C,0.0,0.0,Supplier 24,0.0,0.0,0.0
SKU1362,Product 1362,Warehouse,0.0,0.0,Supplier 24,0.0,0.0,0.0
SKU1363,Product 1363,Store A,0.0,0.0,Supplier 24,0.0,0.0,0.0
SKU1363,Product 1363,Store B,0.0,0.0,Supplier 24,0.0,0.0,0.0
SKU1363,Product 1363,Store C,0.0,0.0,Supplier 24,0.0,0.0,0.0
SKU1363,Product 1363,Warehouse,0.0,0.0,Supplier 24,0.0,0.0,0.0
SKU1364,Product 1364,Warehouse,0.0,0.7885,Supplier 24,0.0,0.0,0.0
SKU1365,Product 1365,Warehouse,0.0,0.1411,Supplier 59,0.0,0.0,0.0
SKU1366,Product 1366,Store A,0.0,0.0,Supplier 52,0.0,0.0,0.0
SKU1366,Product 1366,Store B,0.0,0.0,Supplier 52,0.0,0.0,0.0
SKU1366,Product 1366,Store C,0.0,0.0,Supplier 52,0.0,0.0,0.0
SKU1366,Product 1366,Warehouse,0.0,0.0,Supplier 52,0.0,0.0,0.0
SKU1367,Product 1367,Store A,0.0,0.0,Supplier 52,0.0,0.0,0.0
SKU1367,Product 1367,Store B,0.0,0.0,Supplier 52,0.0,0.0,0.0
SKU1367,Product 1367,Store C,0.0,0.0,Supplier 52,0.0,0.0,0.0
SKU1367,Product 1367,Warehouse,0.0,0.0,Supplier 52,0.0,0.0,0.0
SKU1368,Product 1368,Store A,0.0,0.0,Supplier 52,0.0,0.0,0.0
SKU1368,Product 1368,Store B,0.0,0.0,Supplier 52,0.0,0.0,0.0
SKU1368,Product 1368,Store C,0.0,0.0,Supplier 52,0.0,0.0,0.0
SKU1368,Product 1368,Warehouse,0.0,0.0,Supplier 52,0.0,0.0,0.0
SKU1369,Product 1369,Store A,0.0,0.0,Supplier 52,0.0,0.0,0.0
SKU1369,Product 1369,Store B,0.0,0.0,Supplier 52,0.0,0.0,0.0
SKU1369,Product 1369,Store C,0.0,0.0,Supplier 52,0.0,0.0,0.0
SKU1369,Product 1369,Warehouse,0.0,0.0,Supplier 52,0.0,0.0,0.0
SKU1370,Product 1370,Warehouse,0.0,0.4067,Supplier 24,0.0,0.0,0.0
SKU1371,Product 1371,Warehouse,0.0,0.0,Supplier 63,0.0,0.0,0.0
SKU1372,Product 1372,Store B,0.0,0.0,Supplier 17,0.0,0.0,0.0
SKU1372,Product 1372,Store C,0.0,0.0,Supplier 17,0.0,0.0,0.0
SKU1372,Product 1372,Warehouse,0.0,0.0,Supplier 17,0.0,0.0,0.0
SKU1373,Product 1373,Store A,0.0,0.0,Supplier 17,0.0,0.0,0.0
SKU1373,Product 1373,Store B,0.0,0.0,Supplier 17,0.0,0.0,0.0
SKU1373,Product 1373,Store C,0.0,0.0,Supplier 17,0.0,0.0,0.0
SKU1373,Product 1373,Warehouse,0.0,0.0,Supplier 17,0.0,0.0,0.0
SKU1374,Product 1374,Store B,0.0,0.0,Supplier 17,0.0,0.0,0.0
SKU1374,Product 1374,Store C,0.0,0.0,Supplier 17,0.0,0.0,0.0
SKU1374,Product 1374,Warehouse,0.0,0.0,Supplier 17,0.0,0.0,0.0
SKU1375,Product 1375,Store A,3.0,2.8967,Supplier 28,0.0,0.0,0.0
SKU1375,Product 1375,Store B,3.0,2.8967,Supplier 28,0.0,0.0,0.0
SKU1375,Product 1375,Warehouse,0.0,0.0,Supplier 28,0.0,0.0,0.0
SKU1376,Product 1376,Store A,4.0,2.8967,Supplier 28,0.0,0.0,0.0
SKU1376,Product 1376,Store B,3.0,2.8967,Supplier 28,0.0,0.0,0.0
SKU1376,Product 1376,Store C,4.0,2.8967,Supplier 28,0.0,0.0,0.0
SKU1376,Product 1376,Warehouse,0.0,2.8967,Supplier 28,0.0,0.0,0.0
SKU1377,Product 1377,Store A,4.0,2.8967,Supplier 28,0.0,0.0,0.0
SKU1377,Product 1377,Warehouse,0.0,0.0,Supplier 28,0.0,0.0,0.0
SKU1378,Product 1378,Store B,0.0,0.0,Supplier 28,0.0,0.0,0.0
SKU1378,Product 1378,Warehouse,0.0,0.0,Supplier 28,0.0,0.0,0.0
SKU1379,Product 1379,Store A,3.0,2.8967,Supplier 28,0.0,0.0,0.0
SKU1379,Product 1379,Warehouse,0.0,0.0,Supplier 28,0.0,0.0,0.0
SKU1380,Product 1380,Store A,0.0,0.0,Supplier 24,0.0,0.0,0.0
SKU1380,Product 1380,Store B,0.0,0.0,Supplier 24,0.0,0.0,0.0
SKU1380,Product 1380,Store C,0.0,0.0,Supplier 24,0.0,0.0,0.0
SKU1380,Product 1380,Warehouse,0.0,0.0,Supplier 24,0.0,0.0,0.0
SKU1381,Product 1381,Store A,0.0,0.0,Supplier 17,0.0,0.0,0.0
SKU1381,Product 1381,Store B,0.0,0.0,Supplier 17,0.0,0.0,0.0
SKU1381,Product 1381,Store C,0.0,0.0,Supplier 17,0.0,0.0,0.0
SKU1381,Product 1381,Warehouse,0.0,0.0,Supplier 17,0.0,0.0,0.0
SKU1382,Product 1382,Store C,0.0,0.0,Supplier 17,0.0,0.0,0.0
SKU1383,Product 1383,Store A,0.0,0.0,Multiple suppliers,0.0,0.0,0.0
SKU1383,Product 1383,Store B,0.0,0.0,Multiple suppliers,0.0,0.0,0.0
SKU1383,Product 1383,Store C,0.0,0.0,Multiple suppliers,0.0,0.0,0.0
SKU1383,Product 1383,Warehouse,0.0,0.0,Multiple suppliers,0.0,0.0,0.0
SKU1384,Product 1384,Warehouse,0.0,0.4897,Multiple suppliers,0.0,0.0,0.0
SKU1385,Product 1385,Store A,0.0,0.0,Supplier 17,0.0,0.0,0.0
SKU1385,Product 1385,Store B,0.0,0.0,Supplier 17,0.0,0.0,0.0
SKU1385,Product 1385,Store C,0.0,0.0,Supplier 17,0.0,0.0,0.0
SKU1385,Product 1385,Warehouse,0.0,0.0,Supplier 17,0.0,0.0,0.0
SKU1386,Product 1386,Store C,0.0,0.0,Supplier 17,0.0,0.0,0.0
SKU1387,Product 1387,Store A,0.0,0.0,Supplier 59,0.0,0.0,0.0
SKU1387,Product 1387,Store B,0.0,0.0,Supplier 59,0.0,0.0,0.0
SKU1387,Product 1387,Store C,0.0,0.0,Supplier 59,0.0,0.0,0.0
SKU1387,Product 1387,Warehouse,0.0,0.0,Supplier 59,0.0,0.0,0.0
SKU1388,Product 1388,Warehouse,0.0,0.8466,Supplier 24,0.0,0.0,0.0
SKU1389,Product 1389,Warehouse,0.0,0.8468,Supplier 24,0.0,0.0,0.0
SKU1390,Product 1390,Store B,0.0,0.0,Supplier 24,0.0,0.0,0.0
SKU1390,Product 1390,Store C,0.0,0.0,Supplier 24,0.0,0.0,0.0
SKU1390,Product 1390,Warehouse,0.0,0.0,Supplier 24,0.0,0.0,0.0
SKU1391,Product 1391,Warehouse,0.0,0.0,Supplier 63,0.0,0.0,0.0
SKU1392,Product 1392,Store B,0.0,0.0,Supplier 24,0.0,0.0,0.0
SKU1392,Product 1392,Store C,0.0,0.0,Supplier 24,0.0,0.0,0.0
SKU1392,Product 1392,Warehouse,0.0,0.0,Supplier 24,0.0,0.0,0.0
SKU1393,Product 1393,Store C,0.0,0.0,Supplier 77,0.0,0.0,0.0
SKU1394,Product 1394,Warehouse,0.0,0.7138,Supplier 24,0.0,0.0,0.0
SKU1395,Product 1395,Store A,0.0,0.0,Supplier 24,0.0,0.0,0.0
SKU1395,Product 1395,Store B,0.0,0.0,Supplier 24,0.0,0.0,0.0
SKU1395,Product 1395,Store C,0.0,0.0,Supplier 24,0.0,0.0,0.0
SKU1395,Product 1395,Warehouse,0.0,0.0,Supplier 24,0.0,0.0,0.0
SKU1396,Product 1396,Warehouse,0.0,0.8466,Supplier 24,0.0,0.0,0.0
SKU1397,Product 1397,Warehouse,0.0,0.8466,Supplier 24,0.0,0.0,0.0
SKU1398,Product 1398,Warehouse,1716.0,0.0743,Multiple suppliers,0.0,0.0,0.0
SKU1399,Product 1399,Warehouse,0.0,0.0,Supplier 63,0.0,0.0,0.0
SKU1400,Product 1400,Warehouse,0.0,1.2452,Supplier 24,0.0,0.0,0.0
SKU1401,Product 1401,Warehouse,0.0,1.245,Supplier 24,0.0,0.0,0.0
SKU1402,Product 1402,Warehouse,0.0,0.1494,Supplier 24,0.0,0.0,0.0
SKU1403,Product 1403,Store A,0.0,0.0,Supplier 24,0.0,0.0,0.0
SKU1403,Product 1403,Store B,0.0,0.0,Supplier 24,0.0,0.0,0.0
SKU1403,Product 1403,Store C,0.0,0.0,Supplier 24,0.0,0.0,0.0
SKU1403,Product 1403,Warehouse,0.0,0.0,Supplier 24,0.0,0.0,0.0
SKU1404,Product 1404,Warehouse,192.0,0.381,Multiple suppliers,0.0,0.0,0.0
SKU1405,Product 1405,Store B,0.0,0.0,Supplier 21,0.0,0.0,0.0
SKU1405,Product 1405,Store C,0.0,0.0,Supplier 21,0.0,0.0,0.0
SKU1405,Product 1405,Warehouse,0.0,0.0,Supplier 21,0.0,0.0,0.0
SKU1406,Product 1406,Store A,0.0,0.0,Supplier 24,0.0,0.0,0.0
SKU1406,Product 1406,Store C,0.0,0.0,Supplier 24,0.0,0.0,0.0
SKU1406,Product 1406,Warehouse,0.0,0.0,Supplier 24,0.0,0.0,0.0
SKU1407,Product 1407,Store A,0.0,0.0,Supplier 24,0.0,0.0,0.0
SKU1407,Product 1407,Store B,0.0,0.0,Supplier 24,0.0,0.0,0.0
SKU1407,Product 1407,Store C,0.0,0.0,Supplier 24,0.0,0.0,0.0
SKU1407,Product 1407,Warehouse,0.0,0.0,Supplier 24,0.0,0.0,0.0
SKU1408,Product 1408,Warehouse,0.0,0.7387,Supplier 24,0.0,0.0,0.0
SKU1409,Product 1409,Store B,0.0,0.0,Supplier 24,0.0,0.0,0.0
SKU1409,Product 1409,Store C,0.0,0.0,Supplier 24,0.0,0.0,0.0
SKU1409,Product 1409,Warehouse,0.0,0.0,Supplier 24,0.0,0.0,0.0
SKU1410,Product 1410,Warehouse,0.0,0.7388,Supplier 24,0.0,0.0,0.0
SKU1411,Product 1411,Store A,0.0,0.0,Supplier 24,0.0,0.0,0.0
SKU1411,Product 1411,Store B,0.0,0.0,Supplier 24,0.0,0.0,0.0
SKU1411,Product 1411,Store C,0.0,0.0,Supplier 24,0.0,0.0,0.0
SKU1411,Product 1411,Warehouse,0.0,0.0,Supplier 24,0.0,0.0,0.0
SKU1412,Product 1412,Store B,0.0,0.0,Supplier 24,0.0,0.0,0.0
SKU1412,Product 1412,Store C,0.0,0.0,Supplier 24,0.0,0.0,0.0
SKU1412,Product 1412,Warehouse,0.0,0.0,Supplier 24,0.0,0.0,0.0
SKU1413,Product 1413,Store A,0.0,0.0,Supplier 24,0.0,0.0,0.0
SKU1413,Product 1413,Store B,0.0,0.0,Supplier 24,0.0,0.0,0.0
SKU1413,Product 1413,Store C,0.0,0.0,Supplier 24,0.0,0.0,0.0
SKU1413,Product 1413,Warehouse,0.0,0.0,Supplier 24,0.0,0.0,0.0
SKU1414,Product 1414,Store A,0.0,0.0,Supplier 24,0.0,0.0,0.0
SKU1414,Product 1414,Store B,0.0,0.0,Supplier 24,0.0,0.0,0.0
SKU1414,Product 1414,Store C,0.0,0.0,Supplier 24,0.0,0.0,0.0
SKU1414,Product 1414,Warehouse,0.0,0.0,Supplier 24,0.0,0.0,0.0
SKU1415,Product 1415,Store A,0.0,0.0,Supplier 24,0.0,0.0,0.0
SKU1415,Product 1415,Store B,0.0,0.0,Supplier 24,0.0,0.0,0.0
SKU1415,Product 1415,Store C,0.0,0.0,Supplier 24,0.0,0.0,0.0
SKU1415,Product 1415,Warehouse,0.0,0.0,Supplier 24,0.0,0.0,0.0
SKU1416,Product 1416,Warehouse,0.0,0.0,Multiple suppliers,0.0,0.0,0.0
SKU1417,Product 1417,Store A,0.0,0.0,Supplier 24,0.0,0.0,0.0
SKU1417,Product 1417,Store B,0.0,0.0,Supplier 24,0.0,0.0,0.0
SKU1417,Product 1417,Store C,0.0,0.0,Supplier 24,0.0,0.0,0.0
SKU1417,Product 1417,Warehouse,0.0,0.0,Supplier 24,0.0,0.0,0.0
SKU1418,Product 1418,Warehouse,0.0,0.2988,Supplier 24,0.0,0.0,0.0
SKU1419,Product 1419,Warehouse,0.0,0.2988,Supplier 24,0.0,0.0,0.0
SKU1420,Product 1420,Warehouse,72.0,0.4482,Supplier 24,0.0,0.0,0.0
SKU1421,Product 1421,Store A,0.0,0.0,Supplier 24,0.0,0.0,0.0
SKU1421,Product 1421,Store B,0.0,0.0,Supplier 24,0.0,0.0,0.0
SKU1421,Product 1421,Store C,0.0,0.0,Supplier 24,0.0,0.0,0.0
SKU1421,Product 1421,Warehouse,0.0,0.0,Supplier 24,0.0,0.0,0.0
SKU1422,Product 1422,Warehouse,0.0,0.4814,Supplier 24,0.0,0.0,0.0
SKU1423,Product 1423,Warehouse,0.0,0.4814,Supplier 24,0.0,0.0,0.0
SKU1424,Product 1424,Warehouse,1650.0,0.0743,Multiple suppliers,0.0,0.0,0.0
SKU1425,Product 1425,Warehouse,0.0,0.7387,Supplier 24,0.0,0.0,0.0
SKU1426,Product 1426,Store A,0.0,0.0,Supplier 24,0.0,0.0,0.0
SKU1426,Product 1426,Store B,0.0,0.0,Supplier 24,0.0,0.0,0.0
SKU1426,Product 1426,Store C,0.0,0.0,Supplier 24,0.0,0.0,0.0
SKU1426,Product 1426,Warehouse,0.0,0.0,Supplier 24,0.0,0.0,0.0
SKU1427,Product 1427,Warehouse,0.0,0.0,Supplier 24,0.0,0.0,0.0
SKU1428,Product 1428,Store B,0.0,0.0,Supplier 24,0.0,0.0,0.0
SKU1428,Product 1428,Store C,0.0,0.0,Supplier 24,0.0,0.0,0.0
SKU1428,Product 1428,Warehouse,0.0,0.0,Supplier 24,0.0,0.0,0.0
SKU1429,Product 1429,Warehouse,0.0,0.0,Supplier 24,0.0,0.0,0.0
SKU1430,Product 1430,Store A,0.0,0.0,Supplier 24,0.0,0.0,0.0
SKU1430,Product 1430,Store B,0.0,0.0,Supplier 24,0.0,0.0,0.0
SKU1430,Product 1430,Store C,0.0,0.0,Supplier 24,0.0,0.0,0.0
SKU1430,Product 1430,Warehouse,0.0,0.0,Supplier 24,0.0,0.0,0.0
SKU1431,Product 1431,Store C,0.0,0.0,Supplier 63,0.0,0.0,0.0
SKU1432,Product 1432,Store A,0.0,0.0,Supplier 24,0.0,0.0,0.0
SKU1432,Product 1432,Warehouse,0.0,0.0,Supplier 24,0.0,0.0,0.0
SKU1433,Product 1433,Store A,0.0,0.0,Supplier 24,0.0,0.0,0.0
SKU1433,Product 1433,Store B,0.0,0.0,Supplier 24,0.0,0.0,0.0
SKU1433,Product 1433,Store C,0.0,0.0,Supplier 24,0.0,0.0,0.0
SKU1433,Product 1433,Warehouse,0.0,0.0,Supplier 24,0.0,0.0,0.0
SKU1434,Product 1434,Store A,0.0,0.0,Supplier 24,0.0,0.0,0.0
SKU1434,Product 1434,Store B,0.0,0.0,Supplier 24,0.0,0.0,0.0
SKU1434,Product 1434,Store C,0.0,0.0,Supplier 24,0.0,0.0,0.0
SKU1434,Product 1434,Warehouse,0.0,0.0,Supplier 24,0.0,0.0,0.0
SKU1435,Product 1435,Warehouse,24.0,0.4482,Supplier 24,0.0,0.0,0.0
SKU1436,Product 1436,Warehouse,1980.0,0.0743,Multiple suppliers,0.0,0.0,0.0
SKU1437,Product 1437,Store C,0.0,0.0,Supplier 24,0.0,0.0,0.0
SKU1438,Product 1438,Store A,0.0,0.0,Supplier 17,0.0,0.0,0.0
SKU1438,Product 1438,Store B,0.0,0.0,Supplier 17,0.0,0.0,0.0
SKU1438,Product 1438,Store C,0.0,0.0,Supplier 17,0.0,0.0,0.0
SKU1438,Product 1438,Warehouse,0.0,0.0,Supplier 17,0.0,0.0,0.0
SKU1439,Product 1439,Store A,0.0,0.0,Supplier 17,0.0,0.0,0.0
SKU1439,Product 1439,Store B,0.0,0.0,Supplier 17,0.0,0.0,0.0
SKU1439,Product 1439,Store C,0.0,0.0,Supplier 17,0.0,0.0,0.0
SKU1439,Product 1439,Warehouse,0.0,0.0,Supplier 17,0.0,0.0,0.0
SKU1440,Product 1440,Store C,0.0,0.0,Supplier 24,0.0,0.0,0.0
SKU1441,Product 1441,Store A,0.0,0.0,Supplier 24,0.0,0.0,0.0
SKU1441,Product 1441,Store B,0.0,0.0,Supplier 24,0.0,0.0,0.0
SKU1441,Product 1441,Store C,0.0,0.0,Supplier 24,0.0,0.0,0.0
SKU1441,Product 1441,Warehouse,0.0,0.0,Supplier 24,0.0,0.0,0.0
SKU1442,Product 1442,Store A,0.0,0.0,Supplier 24,0.0,0.0,0.0
SKU1442,Product 1442,Store B,0.0,0.0,Supplier 24,0.0,0.0,0.0
SKU1442,Product 1442,Store C,0.0,0.0,Supplier 24,0.0,0.0,0.0
SKU1442,Product 1442,Warehouse,0.0,0.0,Supplier 24,0.0,0.0,0.0
SKU1443,Product 1443,Store B,49.0,0.4482,Supplier 24,0.0,0.0,0.0
SKU1443,Product 1443,Warehouse,48.0,0.4482,Supplier 24,0.0,0.0,0.0
SKU1444,Product 1444,Warehouse,24.0,0.4482,Supplier 24,0.0,0.0,0.0
SKU1445,Product 1445,Store A,0.0,0.0,Supplier 24,0.0,0.0,0.0
SKU1445,Product 1445,Store B,0.0,0.0,Supplier 24,0.0,0.0,0.0
SKU1445,Product 1445,Store C,0.0,0.0,Supplier 24,0.0,0.0,0.0
SKU1445,Product 1445,Warehouse,0.0,0.0,Supplier 24,0.0,0.0,0.0
SKU1446,Product 1446,Warehouse,0.0,0.0,Supplier 24,0.0,0.0,0.0
SKU1447,Product 1447,Warehouse,0.0,0.4814,Supplier 24,0.0,0.0,0.0
SKU1448,Product 1448,Store A,0.0,0.0,Supplier 24,0.0,0.0,0.0
SKU1448,Product 1448,Store B,0.0,0.0,Supplier 24,0.0,0.0,0.0
SKU1448,Product 1448,Store C,0.0,0.0,Supplier 24,0.0,0.0,0.0
SKU1448,Product 1448,Warehouse,0.0,0.0,Supplier 24,0.0,0.0,0.0
SKU1449,Product 1449,Store A,0.0,0.0,Supplier 24,0.0,0.0,0.0
SKU1449,Product 1449,Store B,0.0,0.0,Supplier 24,0.0,0.0,0.0
SKU1449,Product 1449,Store C,0.0,0.0,Supplier 24,0.0,0.0,0.0
SKU1449,Product 1449,Warehouse,0.0,0.0,Supplier 24,0.0,0.0,0.0
SKU1450,Product 1450,Store C,0.0,0.0,Supplier 42,0.0,0.0,0.0
SKU1451,Product 1451,Store A,0.0,0.0,Supplier 24,0.0,0.0,0.0
SKU1451,Product 1451,Store B,0.0,0.0,Supplier 24,0.0,0.0,0.0
SKU1451,Product 1451,Warehouse,0.0,0.0,Supplier 24,0.0,0.0,0.0
SKU1452,Product 1452,Store A,0.0,0.0,Supplier 24,0.0,0.0,0.0
SKU1452,Product 1452,Store B,0.0,0.0,Supplier 24,0.0,0.0,0.0
SKU1452,Product 1452,Warehouse,0.0,0.0,Supplier 24,0.0,0.0,0.0
SKU1453,Product 1453,Store A,0.0,0.0,Supplier 24,0.0,0.0,0.0
SKU1453,Product 1453,Store B,0.0,0.0,Supplier 24,0.0,0.0,0.0
SKU1453,Product 1453,Warehouse,0.0,0.0,Supplier 24,0.0,0.0,0.0
SKU1454,Product 1454,Store A,0.0,0.0,Supplier 24,0.0,0.0,0.0
SKU1454,Product 1454,Store B,0.0,0.0,Supplier 24,0.0,0.0,0.0
SKU1454,Product 1454,Store C,0.0,0.0,Supplier 24,0.0,0.0,0.0
SKU1454,Product 1454,Warehouse,0.0,0.0,Supplier 24,0.0,0.0,0.0
SKU1455,Product 1455,Store A,0.0,0.0,Supplier 77,0.0,0.0,0.0
SKU1455,Product 1455,Store B,0.0,0.0,Supplier 77,0.0,0.0,0.0
SKU1455,Product 1455,Store C,0.0,0.0,Supplier 77,0.0,0.0,0.0
SKU1455,Product 1455,Warehouse,0.0,0.0,Supplier 77,0.0,0.0,0.0
SKU1456,Product 1456,Store C,0.0,0.0,Supplier 24,0.0,0.0,0.0
SKU1457,Product 1457,Store C,0.0,0.0,Supplier 24,0.0,0.0,0.0
SKU1458,Product 1458,Store B,0.0,0.0,Supplier 24,0.0,0.0,0.0
SKU1458,Product 1458,Store C,0.0,0.0,Supplier 24,0.0,0.0,0.0
SKU1458,Product 1458,Warehouse,0.0,0.0,Supplier 24,0.0,0.0,0.0
SKU1459,Product 1459,Store A,0.0,0.0,Supplier 24,0.0,0.0,0.0
SKU1459,Product 1459,Store B,0.0,0.0,Supplier 24,0.0,0.0,0.0
SKU1459,Product 1459,Store C,0.0,0.0,Supplier 24,0.0,0.0,0.0
SKU1459,Product 1459,Warehouse,0.0,0.0,Supplier 24,0.0,0.0,0.0
SKU1460,Product 1460,Store B,0.0,0.0,Supplier 24,0.0,0.0,0.0
SKU1460,Product 1460,Store C,0.0,0.0,Supplier 24,0.0,0.0,0.0
SKU1460,Product 1460,Warehouse,0.0,0.0,Supplier 24,0.0,0.0,0.0
SKU1461,Product 1461,Warehouse,0.0,0.4234,Supplier 24,0.0,0.0,0.0
SKU1462,Product 1462,Warehouse,0.0,0.4234,Supplier 24,0.0,0.0,0.0
SKU1463,Product 1463,Warehouse,0.0,0.4233,Supplier 24,0.0,0.0,0.0
SKU1464,Product 1464,Warehouse,0.0,0.0,Supplier 24,0.0,0.0,0.0
SKU1465,Product 1465,Store A,0.0,0.0,Supplier 24,0.0,0.0,0.0
SKU1465,Product 1465,Store B,0.0,0.0,Supplier 24,0.0,0.0,0.0
SKU1465,Product 1465,Store C,0.0,0.0,Supplier 24,0.0,0.0,0.0
SKU1465,Product 1465,Warehouse,0.0,0.0,Supplier 24,0.0,0.0,0.0
SKU1466,Product 1466,Warehouse,0.0,0.0,Supplier 66,0.0,0.0,0.0
SKU1467,Product 1467,Store C,0.0,0.0,Supplier 24,0.0,0.0,0.0
SKU1468,Product 1468,Store B,0.0,0.0,Supplier 24,0.0,0.0,0.0
SKU1468,Product 1468,Warehouse,0.0,0.0,Supplier 24,0.0,0.0,0.0
SKU1469,Product 1469,Store B,0.0,0.0,Supplier 24,0.0,0.0,0.0
SKU1469,Product 1469,Store C,0.0,0.0,Supplier 24,0.0,0.0,0.0
SKU1469,Product 1469,Warehouse,0.0,0.0,Supplier 24,0.0,0.0,0.0
SKU1470,Product 1470,Store C,0.0,0.0,Supplier 24,0.0,0.0,0.0
SKU1471,Product 1471,Store B,0.0,0.0,Supplier 24,0.0,0.0,0.0
SKU1471,Product 1471,Store C,0.0,0.0,Supplier 24,0.0,0.0,0.0
SKU1471,Product 1471,Warehouse,0.0,0.0,Supplier 24,0.0,0.0,0.0
SKU1472,Product 1472,Store A,0.0,0.0,Supplier 24,0.0,0.0,0.0
SKU1472,Product 1472,Warehouse,0.0,0.0,Supplier 24,0.0,0.0,0.0
SKU1473,Product 1473,Store A,0.0,0.0,Supplier 24,0.0,0.0,0.0
SKU1473,Product 1473,Store B,0.0,0.0,Supplier 24,0.0,0.0,0.0
SKU1473,Product 1473,Store C,0.0,0.0,Supplier 24,0.0,0.0,0.0
SKU1473,Product 1473,Warehouse,0.0,0.0,Supplier 24,0.0,0.0,0.0
SKU1474,Product 1474,Store A,0.0,0.0,Supplier 24,0.0,0.0,0.0
SKU1474,Product 1474,Store B,0.0,0.0,Supplier 24,0.0,0.0,0.0
SKU1474,Product 1474,Store C,0.0,0.0,Supplier 24,0.0,0.0,0.0
SKU1474,Product 1474,Warehouse,0.0,0.0,Supplier 24,0.0,0.0,0.0
SKU1475,Product 1475,Store B,8.0,0.5313,Supplier 24,0.0,0.0,0.0
SKU1475,Product 1475,Warehouse,0.0,0.5313,Supplier 24,0.0,0.0,0.0
SKU1476,Product 1476,Store A,8.0,0.5313,Supplier 24,0.0,0.0,0.0
SKU1476,Product 1476,Warehouse,0.0,0.5313,Supplier 24,0.0,0.0,0.0
SKU1477,Product 1477,Warehouse,0.0,0.5313,Supplier 24,0.0,0.0,0.0
SKU1478,Product 1478,Store A,7.0,0.5313,Supplier 24,0.0,0.0,0.0
SKU1478,Product 1478,Store B,6.0,0.5313,Supplier 24,0.0,0.0,0.0
SKU1478,Product 1478,Warehouse,0.0,0.5313,Supplier 24,0.0,0.0,0.0
SKU1479,Product 1479,Store B,12.0,0.5312,Supplier 24,0.0,0.0,0.0
SKU1479,Product 1479,Warehouse,24.0,0.5312,Supplier 24,0.0,0.0,0.0
SKU1480,Product 1480,Store A,0.0,0.0,Supplier 24,0.0,0.0,0.0
SKU1480,Product 1480,Store B,0.0,0.0,Supplier 24,0.0,0.0,0.0
SKU1480,Product 1480,Store C,0.0,0.0,Supplier 24,0.0,0.0,0.0
SKU1480,Product 1480,Warehouse,0.0,0.0,Supplier 24,0.0,0.0,0.0
SKU1481,Product 1481,Warehouse,24.0,0.5312,Supplier 24,0.0,0.0,0.0
SKU1482,Product 1482,Warehouse,8.0,0.5312,Supplier 24,0.0,0.0,0.0
SKU1483,Product 1483,Warehouse,16.0,0.5312,Supplier 24,0.0,0.0,0.0
SKU1484,Product 1484,Store C,0.0,0.0,Supplier 24,0.0,0.0,0.0
SKU1485,Product 1485,Warehouse,0.0,0.0,Multiple suppliers,0.0,0.0,0.0
SKU1486,Product 1486,Store A,0.0,0.0,Supplier 24,0.0,0.0,0.0
SKU1486,Product 1486,Store B,0.0,0.0,Supplier 24,0.0,0.0,0.0
SKU1486,Product 1486,Store C,0.0,0.0,Supplier 24,0.0,0.0,0.0
SKU1486,Product 1486,Warehouse,0.0,0.0,Supplier 24,0.0,0.0,0.0
SKU1487,Product 1487,Store A,0.0,0.0,Supplier 24,0.0,0.0,0.0
SKU1487,Product 1487,Store B,0.0,0.0,Supplier 24,0.0,0.0,0.0
SKU1487,Product 1487,Store C,0.0,0.0,Supplier 24,0.0,0.0,0.0
SKU1487,Product 1487,Warehouse,0.0,0.0,Supplier 24,0.0,0.0,0.0
SKU1488,Product 1488,Store A,0.0,0.0,Supplier 24,0.0,0.0,0.0
SKU1488,Product 1488,Store B,0.0,0.0,Supplier 24,0.0,0.0,0.0
SKU1488,Product 1488,Store C,0.0,0.0,Supplier 24,0.0,0.0,0.0
SKU1488,Product 1488,Warehouse,0.0,0.0,Supplier 24,0.0,0.0,0.0
SKU1489,Product 1489,Store A,0.0,0.0,Supplier 24,0.0,0.0,0.0
SKU1489,Product 1489,Store B,0.0,0.0,Supplier 24,0.0,0.0,0.0
SKU1489,Product 1489,Store C,0.0,0.0,Supplier 24,0.0,0.0,0.0
SKU1489,Product 1489,Warehouse,0.0,0.0,Supplier 24,0.0,0.0,0.0
SKU1490,Product 1490,Store A,0.0,0.0,Supplier 24,0.0,0.0,0.0
SKU1490,Product 1490,Warehouse,0.0,0.0,Supplier 24,0.0,0.0,0.0
SKU1491,Product 1491,Store A,0.0,0.0,Supplier 24,0.0,0.0,0.0
SKU1491,Product 1491,Store C,0.0,0.0,Supplier 24,0.0,0.0,0.0
SKU1491,Product 1491,Warehouse,0.0,0.0,Supplier 24,0.0,0.0,0.0
SKU1492,Product 1492,Warehouse,18.0,0.4233,Supplier 24,0.0,0.0,0.0
SKU1493,Product 1493,Store A,0.0,0.0,Supplier 24,0.0,0.0,0.0
SKU1493,Product 1493,Store B,0.0,0.0,Supplier 24,0.0,0.0,0.0
SKU1493,Product 1493,Store C,0.0,0.0,Supplier 24,0.0,0.0,0.0
SKU1493,Product 1493,Warehouse,0.0,0.0,Supplier 24,0.0,0.0,0.0
SKU1494,Product 1494,Store A,0.0,0.0,Supplier 24,0.0,0.0,0.0
SKU1495,Product 1495,Store A,0.0,0.0,Supplier 24,0.0,0.0,0.0
SKU1495,Product 1495,Store B,0.0,0.0,Supplier 24,0.0,0.0,0.0
SKU1495,Product 1495,Store C,0.0,0.0,Supplier 24,0.0,0.0,0.0
SKU1495,Product 1495,Warehouse,0.0,0.0,Supplier 24,0.0,0.0,0.0
SKU1496,Product 1496,Store A,0.0,0.0,Supplier 24,0.0,0.0,0.0
SKU1496,Product 1496,Store B,0.0,0.0,Supplier 24,0.0,0.0,0.0
SKU1496,Product 1496,Store C,0.0,0.0,Supplier 24,0.0,0.0,0.0
SKU1496,Product 1496,Warehouse,0.0,0.0,Supplier 24,0.0,0.0,0.0
SKU1497,Product 1497,Store B,0.0,0.0,Supplier 24,0.0,0.0,0.0
SKU1497,Product 1497,Store C,0.0,0.0,Supplier 24,0.0,0.0,0.0
SKU1497,Product 1497,Warehouse,0.0,0.0,Supplier 24,0.0,0.0,0.0
SKU1498,Product 1498,Store A,0.0,0.0,Supplier 24,0.0,0.0,0.0
SKU1498,Product 1498,Store B,0.0,0.0,Supplier 24,0.0,0.0,0.0
SKU1498,Product 1498,Store C,0.0,0.0,Supplier 24,0.0,0.0,0.0
SKU1498,Product 1498,Warehouse,0.0,0.0,Supplier 24,0.0,0.0,0.0
SKU1499,Product 1499,Store C,0.0,0.0,Supplier 59,0.0,0.0,0.0
SKU1499,Product 1499,Warehouse,0.0,0.0,Supplier 59,0.0,0.0,0.0
SKU1500,Product 1500,Store A,0.0,0.0,Supplier 59,0.0,0.0,0.0
SKU1500,Product 1500,Store C,0.0,0.0,Supplier 59,0.0,0.0,0.0
SKU1500,Product 1500,Warehouse,0.0,0.0,Supplier 59,0.0,0.0,0.0
SKU1501,Product 1501,Warehouse,336.0,0.4897,Multiple suppliers,0.0,0.0,0.0
SKU1502,Product 1502,Warehouse,0.0,0.2303,Multiple suppliers,0.0,0.0,0.0
SKU1503,Product 1503,Store B,0.0,0.0,Supplier 24,0.0,0.0,0.0
SKU1503,Product 1503,Store C,0.0,0.0,Supplier 24,0.0,0.0,0.0
SKU1503,Product 1503,Warehouse,0.0,0.0,Supplier 24,0.0,0.0,0.0
SKU1504,Product 1504,Store C,0.0,0.0,Supplier 24,0.0,0.0,0.0
SKU1505,Product 1505,Store C,0.0,0.0,Supplier 24,0.0,0.0,0.0
SKU1505,Product 1505,Warehouse,0.0,0.0,Supplier 24,0.0,0.0,0.0
SKU1506,Product 1506,Warehouse,6.0,0.4815,Supplier 24,0.0,0.0,0.0
SKU1507,Product 1507,Warehouse,0.0,0.4814,Supplier 24,0.0,0.0,0.0
SKU1508,Product 1508,Store A,0.0,0.0,Supplier 24,0.0,0.0,0.0
SKU1508,Product 1508,Store B,0.0,0.0,Supplier 24,0.0,0.0,0.0
SKU1508,Product 1508,Store C,0.0,0.0,Supplier 24,0.0,0.0,0.0
SKU1508,Product 1508,Warehouse,0.0,0.0,Supplier 24,0.0,0.0,0.0
SKU1509,Product 1509,Warehouse,0.0,0.3818,Supplier 24,0.0,0.0,0.0
SKU1510,Product 1510,Warehouse,24.0,0.3818,Supplier 24,0.0,0.0,0.0
SKU1511,Product 1511,Warehouse,0.0,0.3818,Supplier 24,0.0,0.0,0.0
SKU1512,Product 1512,Warehouse,0.0,0.3818,Supplier 24,0.0,0.0,0.0
SKU1513,Product 1513,Warehouse,0.0,0.3818,Supplier 24,0.0,0.0,0.0
SKU1514,Product 1514,Store A,0.0,0.0,Supplier 24,0.0,0.0,0.0
SKU1514,Product 1514,Store B,0.0,0.0,Supplier 24,0.0,0.0,0.0
SKU1514,Product 1514,Warehouse,0.0,0.0,Supplier 24,0.0,0.0,0.0
SKU1515,Product 1515,Store A,0.0,0.0,Supplier 24,0.0,0.0,0.0
SKU1515,Product 1515,Store B,0.0,0.0,Supplier 24,0.0,0.0,0.0
SKU1515,Product 1515,Warehouse,0.0,0.0,Supplier 24,0.0,0.0,0.0
SKU1516,Product 1516,Store A,0.0,0.0,Supplier 24,0.0,0.0,0.0
SKU1516,Product 1516,Store B,0.0,0.0,Supplier 24,0.0,0.0,0.0
SKU1516,Product 1516,Store C,0.0,0.0,Supplier 24,0.0,0.0,0.0
SKU1516,Product 1516,Warehouse,0.0,0.0,Supplier 24,0.0,0.0,0.0
SKU1517,Product 1517,Store A,0.0,0.0,Supplier 24,0.0,0.0,0.0
SKU1517,Product 1517,Store B,0.0,0.0,Supplier 24,0.0,0.0,0.0
SKU1517,Product 1517,Store C,0.0,0.0,Supplier 24,0.0,0.0,0.0
SKU1517,Product 1517,Warehouse,0.0,0.0,Supplier 24,0.0,0.0,0.0
SKU1518,Product 1518,Warehouse,24.0,0.3818,Supplier 24,0.0,0.0,0.0
SKU1519,Product 1519,Store A,0.0,0.0,Supplier 24,0.0,0.0,0.0
SKU1519,Product 1519,Store B,0.0,0.0,Supplier 24,0.0,0.0,0.0
SKU1519,Product 1519,Store C,0.0,0.0,Supplier 24,0.0,0.0,0.0
SKU1519,Product 1519,Warehouse,0.0,0.0,Supplier 24,0.0,0.0,0.0
SKU1520,Product 1520,Store A,0.0,0.0,Supplier 24,0.0,0.0,0.0
SKU1520,Product 1520,Store B,0.0,0.0,Supplier 24,0.0,0.0,0.0
SKU1520,Product 1520,Store C,0.0,0.0,Supplier 24,0.0,0.0,0.0
SKU1520,Product 1520,Warehouse,0.0,0.0,Supplier 24,0.0,0.0,0.0
SKU1521,Product 1521,Warehouse,0.0,0.7388,Supplier 24,0.0,0.0,0.0
SKU1522,Product 1522,Store A,0.0,0.0,Supplier 24,0.0,0.0,0.0
SKU1522,Product 1522,Store B,0.0,0.0,Supplier 24,0.0,0.0,0.0
SKU1522,Product 1522,Store C,0.0,0.0,Supplier 24,0.0,0.0,0.0
SKU1522,Product 1522,Warehouse,0.0,0.0,Supplier 24,0.0,0.0,0.0
SKU1523,Product 1523,Store A,0.0,0.0,Supplier 24,0.0,0.0,0.0
SKU1523,Product 1523,Store B,0.0,0.0,Supplier 24,0.0,0.0,0.0
SKU1523,Product 1523,Store C,0.0,0.0,Supplier 24,0.0,0.0,0.0
SKU1523,Product 1523,Warehouse,0.0,0.0,Supplier 24,0.0,0.0,0.0
SKU1524,Product 1524,Warehouse,0.0,0.9296,Supplier 24,0.0,0.0,0.0
SKU1525,Product 1525,Store A,0.0,0.0,Supplier 24,0.0,0.0,0.0
SKU1525,Product 1525,Store B,0.0,0.0,Supplier 24,0.0,0.0,0.0
SKU1525,Product 1525,Store C,0.0,0.0,Supplier 24,0.0,0.0,0.0
SKU1525,Product 1525,Warehouse,0.0,0.0,Supplier 24,0.0,0.0,0.0
SKU1526,Product 1526,Store A,0.0,0.0,Supplier 24,0.0,0.0,0.0
SKU1526,Product 1526,Store B,0.0,0.0,Supplier 24,0.0,0.0,0.0
SKU1526,Product 1526,Store C,0.0,0.0,Supplier 24,0.0,0.0,0.0
SKU1526,Product 1526,Warehouse,0.0,0.0,Supplier 24,0.0,0.0,0.0
SKU1527,Product 1527,Store B,0.0,0.0,Supplier 24,0.0,0.0,0.0
SKU1527,Product 1527,Store C,0.0,0.0,Supplier 24,0.0,0.0,0.0
SKU1527,Product 1527,Warehouse,0.0,0.0,Supplier 24,0.0,0.0,0.0
SKU1528,Product 1528,Store B,0.0,0.0,Supplier 24,0.0,0.0,0.0
SKU1528,Product 1528,Warehouse,0.0,0.0,Supplier 24,0.0,0.0,0.0
SKU1529,Product 1529,Store A,0.0,0.0,Supplier 24,0.0,0.0,0.0
SKU1529,Product 1529,Store B,0.0,0.0,Supplier 24,0.0,0.0,0.0
SKU1529,Product 1529,Store C,0.0,0.0,Supplier 24,0.0,0.0,0.0
SKU1529,Product 1529,Warehouse,0.0,0.0,Supplier 24,0.0,0.0,0.0
SKU1530,Product 1530,Store A,0.0,0.0,Supplier 24,0.0,0.0,0.0
SKU1530,Product 1530,Store B,0.0,0.0,Supplier 24,0.0,0.0,0.0
SKU1530,Product 1530,Store C,0.0,0.0,Supplier 24,0.0,0.0,0.0
SKU1530,Product 1530,Warehouse,0.0,0.0,Supplier 24,0.0,0.0,0.0
SKU1531,Product 1531,Store A,0.0,0.0,Supplier 24,0.0,0.0,0.0
SKU1531,Product 1531,Store B,0.0,0.0,Supplier 24,0.0,0.0,0.0
SKU1531,Product 1531,Store C,0.0,0.0,Supplier 24,0.0,0.0,0.0
SKU1531,Product 1531,Warehouse,0.0,0.0,Supplier 24,0.0,0.0,0.0
SKU1532,Product 1532,Store A,0.0,0.0,Supplier 24,0.0,0.0,0.0
SKU1532,Product 1532,Store B,0.0,0.0,Supplier 24,0.0,0.0,0.0
SKU1532,Product 1532,Store C,0.0,0.0,Supplier 24,0.0,0.0,0.0
SKU1532,Product 1532,Warehouse,0.0,0.0,Supplier 24,0.0,0.0,0.0
SKU1533,Product 1533,Store A,0.0,0.0,Supplier 24,0.0,0.0,0.0
SKU1533,Product 1533,Store B,0.0,0.0,Supplier 24,0.0,0.0,0.0
SKU1533,Product 1533,Store C,0.0,0.0,Supplier 24,0.0,0.0,0.0
SKU1533,Product 1533,Warehouse,0.0,0.0,Supplier 24,0.0,0.0,0.0
SKU1534,Product 1534,Store A,0.0,0.0,Supplier 24,0.0,0.0,0.0
SKU1534,Product 1534,Store B,0.0,0.0,Supplier 24,0.0,0.0,0.0
SKU1534,Product 1534,Store C,0.0,0.0,Supplier 24,0.0,0.0,0.0
SKU1534,Product 1534,Warehouse,0.0,0.0,Supplier 24,0.0,0.0,0.0
SKU1535,Product 1535,Store A,0.0,0.0,Supplier 24,0.0,0.0,0.0
SKU1535,Product 1535,Store B,0.0,0.0,Supplier 24,0.0,0.0,0.0
SKU1535,Product 1535,Store C,0.0,0.0,Supplier 24,0.0,0.0,0.0
SKU1535,Product 1535,Warehouse,0.0,0.0,Supplier 24,0.0,0.0,0.0
SKU1536,Product 1536,Warehouse,0.0,0.4234,Supplier 24,0.0,0.0,0.0
SKU1537,Product 1537,Warehouse,0.0,0.4814,Supplier 24,0.0,0.0,0.0
SKU1538,Product 1538,Store A,0.0,0.0,Supplier 02,0.0,0.0,0.0
SKU1538,Product 1538,Store B,0.0,0.0,Supplier 02,0.0,0.0,0.0
SKU1538,Product 1538,Store C,0.0,0.0,Supplier 02,0.0,0.0,0.0
SKU1538,Product 1538,Warehouse,0.0,0.0,Supplier 02,0.0,0.0,0.0
SKU1539,Product 1539,Store A,0.0,0.0,Supplier 24,0.0,0.0,0.0
SKU1539,Product 1539,Store B,0.0,0.0,Supplier 24,0.0,0.0,0.0
SKU1539,Product 1539,Store C,0.0,0.0,Supplier 24,0.0,0.0,0.0
SKU1539,Product 1539,Warehouse,0.0,0.0,Supplier 24,0.0,0.0,0.0
SKU1540,Product 1540,Store A,0.0,0.0,Supplier 24,0.0,0.0,0.0
SKU1540,Product 1540,Store B,0.0,0.0,Supplier 24,0.0,0.0,0.0
SKU1540,Product 1540,Store C,0.0,0.0,Supplier 24,0.0,0.0,0.0
SKU1540,Product 1540,Warehouse,0.0,0.0,Supplier 24,0.0,0.0,0.0
SKU1541,Product 1541,Store A,0.0,0.0,Supplier 24,0.0,0.0,0.0
SKU1541,Product 1541,Store B,0.0,0.0,Supplier 24,0.0,0.0,0.0
SKU1541,Product 1541,Store C,0.0,0.0,Supplier 24,0.0,0.0,0.0
SKU1541,Product 1541,Warehouse,0.0,0.0,Supplier 24,0.0,0.0,0.0
SKU1542,Product 1542,Store B,0.0,0.0,Supplier 24,0.0,0.0,0.0
SKU1542,Product 1542,Store C,0.0,0.0,Supplier 24,0.0,0.0,0.0
SKU1542,Product 1542,Warehouse,0.0,0.0,Supplier 24,0.0,0.0,0.0
SKU1543,Product 1543,Warehouse,14.0,0.7636,Supplier 24,0.0,0.0,0.0
SKU1544,Product 1544,Warehouse,4.0,0.8051,Supplier 24,0.0,0.0,0.0
SKU1545,Product 1545,Store A,0.0,0.0,Supplier 24,0.0,0.0,0.0
SKU1545,Product 1545,Store B,0.0,0.0,Supplier 24,0.0,0.0,0.0
SKU1545,Product 1545,Store C,0.0,0.0,Supplier 24,0.0,0.0,0.0
SKU1545,Product 1545,Warehouse,0.0,0.0,Supplier 24,0.0,0.0,0.0
SKU1546,Product 1546,Warehouse,0.0,0.3818,Supplier 24,0.0,0.0,0.0
SKU1547,Product 1547,Warehouse,0.0,0.3154,Supplier 24,0.0,0.0,0.0
SKU1548,Product 1548,Store A,0.0,0.0,Supplier 24,0.0,0.0,0.0
SKU1548,Product 1548,Store B,0.0,0.0,Supplier 24,0.0,0.0,0.0
SKU1548,Product 1548,Store C,0.0,0.0,Supplier 24,0.0,0.0,0.0
SKU1548,Product 1548,Warehouse,0.0,0.0,Supplier 24,0.0,0.0,0.0
SKU1549,Product 1549,Warehouse,0.0,0.5064,Supplier 24,0.0,0.0,0.0
SKU1550,Product 1550,Store A,0.0,0.0,Supplier 24,0.0,0.0,0.0
SKU1550,Product 1550,Store B,0.0,0.0,Supplier 24,0.0,0.0,0.0
SKU1550,Product 1550,Warehouse,0.0,0.0,Supplier 24,0.0,0.0,0.0
SKU1551,Product 1551,Warehouse,0.0,0.0,Supplier 24,0.0,0.0,0.0
SKU1552,Product 1552,Store A,0.0,0.0,Supplier 24,0.0,0.0,0.0
SKU1552,Product 1552,Store B,0.0,0.0,Supplier 24,0.0,0.0,0.0
SKU1552,Product 1552,Store C,0.0,0.0,Supplier 24,0.0,0.0,0.0
SKU1552,Product 1552,Warehouse,0.0,0.0,Supplier 24,0.0,0.0,0.0
SKU1553,Product 1553,Store A,0.0,0.0,Supplier 24,0.0,0.0,0.0
SKU1553,Product 1553,Store B,0.0,0.0,Supplier 24,0.0,0.0,0.0
SKU1553,Product 1553,Store C,0.0,0.0,Supplier 24,0.0,0.0,0.0
SKU1553,Product 1553,Warehouse,0.0,0.0,Supplier 24,0.0,0.0,0.0
SKU1554,Product 1554,Store A,0.0,0.0,Supplier 24,0.0,0.0,0.0
SKU1554,Product 1554,Warehouse,0.0,0.0,Supplier 24,0.0,0.0,0.0
SKU1555,Product 1555,Warehouse,0.0,0.8466,Supplier 24,0.0,0.0,0.0
SKU1556,Product 1556,Warehouse,0.0,0.0,Supplier 24,0.0,0.0,0.0
SKU1557,Product 1557,Warehouse,0.0,0.3901,Supplier 24,0.0,0.0,0.0
SKU1558,Product 1558,Warehouse,0.0,0.3818,Supplier 24,0.0,0.0,0.0
SKU1559,Product 1559,Warehouse,24.0,0.3818,Supplier 24,0.0,0.0,0.0
SKU1560,Product 1560,Warehouse,48.0,0.4067,Supplier 24,0.0,0.0,0.0
SKU1561,Product 1561,Warehouse,0.0,0.4067,Supplier 24,0.0,0.0,0.0
SKU1562,Product 1562,Warehouse,0.0,0.4067,Supplier 24,0.0,0.0,0.0
SKU1563,Product 1563,Warehouse,0.0,0.4067,Supplier 24,0.0,0.0,0.0
SKU1564,Product 1564,Warehouse,0.0,0.2905,Supplier 24,0.0,0.0,0.0
SKU1565,Product 1565,Warehouse,0.0,0.2905,Supplier 24,0.0,0.0,0.0
SKU1566,Product 1566,Store A,0.0,0.0,Supplier 24,0.0,0.0,0.0
SKU1566,Product 1566,Store B,0.0,0.0,Supplier 24,0.0,0.0,0.0
SKU1566,Product 1566,Store C,0.0,0.0,Supplier 24,0.0,0.0,0.0
SKU1566,Product 1566,Warehouse,0.0,0.0,Supplier 24,0.0,0.0,0.0
SKU1567,Product 1567,Store A,0.0,0.0,Supplier 24,0.0,0.0,0.0
SKU1567,Product 1567,Warehouse,0.0,0.0,Supplier 24,0.0,0.0,0.0
SKU1568,Product 1568,Warehouse,0.0,0.5064,Supplier 24,0.0,0.0,0.0
SKU1569,Product 1569,Store B,0.0,0.0,Supplier 24,0.0,0.0,0.0
SKU1569,Product 1569,Store C,0.0,0.0,Supplier 24,0.0,0.0,0.0
SKU1569,Product 1569,Warehouse,0.0,0.0,Supplier 24,0.0,0.0,0.0
SKU1570,Product 1570,Warehouse,0.0,0.548,Supplier 24,0.0,0.0,0.0
SKU1571,Product 1571,Warehouse,0.0,0.548,Supplier 24,0.0,0.0,0.0
SKU1572,Product 1572,Warehouse,0.0,0.0,Supplier 24,0.0,0.0,0.0
SKU1573,Product 1573,Warehouse,0.0,0.0,Supplier 24,0.0,0.0,0.0
SKU1574,Product 1574,Warehouse,12.0,4.3327,Supplier 24,0.0,0.0,0.0
SKU1575,Product 1575,Store A,0.0,0.0,Supplier 64,0.0,0.0,0.0
SKU1575,Product 1575,Store B,0.0,0.0,Supplier 64,0.0,0.0,0.0
SKU1575,Product 1575,Store C,0.0,0.0,Supplier 64,0.0,0.0,0.0
SKU1575,Product 1575,Warehouse,0.0,0.0,Supplier 64,0.0,0.0,0.0
SKU1576,Product 1576,Store A,0.0,0.0,Supplier 13,0.0,0.0,0.0
SKU1576,Product 1576,Store B,0.0,0.0,Supplier 13,0.0,0.0,0.0
SKU1576,Product 1576,Store C,0.0,0.0,Supplier 13,0.0,0.0,0.0
SKU1576,Product 1576,Warehouse,0.0,0.0,Supplier 13,0.0,0.0,0.0
SKU1577,Product 1577,Store A,0.0,0.0,Supplier 13,0.0,0.0,0.0
SKU1577,Product 1577,Store B,0.0,0.0,Supplier 13,0.0,0.0,0.0
SKU1577,Product 1577,Store C,0.0,0.0,Supplier 13,0.0,0.0,0.0
SKU1577,Product 1577,Warehouse,0.0,0.0,Supplier 13,0.0,0.0,0.0
SKU1578,Product 1578,Store A,0.0,0.0,Supplier 13,0.0,0.0,0.0
SKU1578,Product 1578,Store B,0.0,0.0,Supplier 13,0.0,0.0,0.0
SKU1578,Product 1578,Store C,0.0,0.0,Supplier 13,0.0,0.0,0.0
SKU1578,Product 1578,Warehouse,0.0,0.0,Supplier 13,0.0,0.0,0.0
SKU1579,Product 1579,Store A,0.0,0.0,Supplier 13,0.0,0.0,0.0
SKU1579,Product 1579,Store B,0.0,0.0,Supplier 13,0.0,0.0,0.0
SKU1579,Product 1579,Store C,0.0,0.0,Supplier 13,0.0,0.0,0.0
SKU1579,Product 1579,Warehouse,0.0,0.0,Supplier 13,0.0,0.0,0.0
SKU1580,Product 1580,Store A,0.0,0.0,Supplier 13,0.0,0.0,0.0
SKU1580,Product 1580,Store B,0.0,0.0,Supplier 13,0.0,0.0,0.0
SKU1580,Product 1580,Store C,0.0,0.0,Supplier 13,0.0,0.0,0.0
SKU1580,Product 1580,Warehouse,0.0,0.0,Supplier 13,0.0,0.0,0.0
SKU1581,Product 1581,Store A,0.0,0.0,Supplier 13,0.0,0.0,0.0
SKU1581,Product 1581,Store B,0.0,0.0,Supplier 13,0.0,0.0,0.0
SKU1581,Product 1581,Store C,0.0,0.0,Supplier 13,0.0,0.0,0.0
SKU1581,Product 1581,Warehouse,0.0,0.0,Supplier 13,0.0,0.0,0.0
SKU1582,Product 1582,Store A,0.0,0.0,Supplier 13,0.0,0.0,0.0
SKU1582,Product 1582,Store B,0.0,0.0,Supplier 13,0.0,0.0,0.0
SKU1582,Product 1582,Store C,0.0,0.0,Supplier 13,0.0,0.0,0.0
SKU1582,Product 1582,Warehouse,0.0,0.0,Supplier 13,0.0,0.0,0.0
SKU1583,Product 1583,Store A,0.0,0.0,Supplier 74,0.0,0.0,0.0
SKU1583,Product 1583,Store B,0.0,0.0,Supplier 74,0.0,0.0,0.0
SKU1583,Product 1583,Store C,0.0,0.0,Supplier 74,0.0,0.0,0.0
SKU1583,Product 1583,Warehouse,0.0,0.0,Supplier 74,0.0,0.0,0.0
SKU1584,Product 1584,Store C,0.0,0.0,Supplier 18,0.0,0.0,0.0
SKU1584,Product 1584,Warehouse,0.0,0.0,Supplier 18,0.0,0.0,0.0
SKU1585,Product 1585,Store C,0.0,0.0,Supplier 18,0.0,0.0,0.0
SKU1586,Product 1586,Store C,0.0,0.0,Supplier 18,0.0,0.0,0.0
SKU1586,Product 1586,Warehouse,0.0,0.0,Supplier 18,0.0,0.0,0.0
SKU1587,Product 1587,Warehouse,18.0,0.5063,Supplier 46,0.0,0.0,0.0
SKU1588,Product 1588,Warehouse,51.0,0.5063,Supplier 46,0.0,0.0,0.0
SKU1589,Product 1589,Warehouse,45.0,0.6059,Supplier 46,0.0,0.0,0.0
SKU1590,Product 1590,Store A,0.0,0.0,Supplier 07,0.0,0.0,0.0
SKU1590,Product 1590,Store B,0.0,0.0,Supplier 07,0.0,0.0,0.0
SKU1590,Product 1590,Store C,0.0,0.0,Supplier 07,0.0,0.0,0.0
SKU1590,Product 1590,Warehouse,0.0,0.0,Supplier 07,0.0,0.0,0.0
SKU1591,Product 1591,Store A,0.0,0.0,Supplier 07,0.0,0.0,0.0
SKU1591,Product 1591,Store B,0.0,0.0,Supplier 07,0.0,0.0,0.0
SKU1591,Product 1591,Store C,0.0,0.0,Supplier 07,0.0,0.0,0.0
SKU1591,Product 1591,Warehouse,0.0,0.0,Supplier 07,0.0,0.0,0.0
SKU1592,Product 1592,Store B,0.0,0.0,Supplier 07,0.0,0.0,0.0
SKU1592,Product 1592,Store C,0.0,0.0,Supplier 07,0.0,0.0,0.0
SKU1592,Product 1592,Warehouse,0.0,0.0,Supplier 07,0.0,0.0,0.0
SKU1593,Product 1593,Store A,0.0,0.0,Supplier 07,0.0,0.0,0.0
SKU1593,Product 1593,Store B,0.0,0.0,Supplier 07,0.0,0.0,0.0
SKU1593,Product 1593,Store C,0.0,0.0,Supplier 07,0.0,0.0,0.0
SKU1593,Product 1593,Warehouse,0.0,0.0,Supplier 07,0.0,0.0,0.0
SKU1594,Product 1594,Store A,0.0,0.0,Supplier 07,0.0,0.0,0.0
SKU1594,Product 1594,Store B,0.0,0.0,Supplier 07,0.0,0.0,0.0
SKU1594,Product 1594,Store C,0.0,0.0,Supplier 07,0.0,0.0,0.0
SKU1594,Product 1594,Warehouse,0.0,0.0,Supplier 07,0.0,0.0,0.0
SKU1595,Product 1595,Store A,0.0,0.0,Supplier 07,0.0,0.0,0.0
SKU1595,Product 1595,Store B,0.0,0.0,Supplier 07,0.0,0.0,0.0
SKU1595,Product 1595,Store C,0.0,0.0,Supplier 07,0.0,0.0,0.0
SKU1595,Product 1595,Warehouse,0.0,0.0,Supplier 07,0.0,0.0,0.0
SKU1596,Product 1596,Store A,0.0,0.0,Supplier 07,0.0,0.0,0.0
SKU1596,Product 1596,Store B,0.0,0.0,Supplier 07,0.0,0.0,0.0
SKU1596,Product 1596,Store C,0.0,0.0,Supplier 07,0.0,0.0,0.0
SKU1596,Product 1596,Warehouse,0.0,0.0,Supplier 07,0.0,0.0,0.0
SKU1597,Product 1597,Warehouse,0.0,0.0,Supplier 07,0.0,0.0,0.0
SKU1598,Product 1598,Warehouse,9.0,0.0,Supplier 07,0.0,0.0,0.0
SKU1599,Product 1599,Warehouse,0.0,0.0,Supplier 07,0.0,0.0,0.0
SKU1600,Product 1600,Store A,0.0,0.0,Supplier 07,0.0,0.0,0.0
SKU1600,Product 1600,Store B,0.0,0.0,Supplier 07,0.0,0.0,0.0
SKU1600,Product 1600,Store C,0.0,0.0,Supplier 07,0.0,0.0,0.0
SKU1600,Product 1600,Warehouse,0.0,0.0,Supplier 07,0.0,0.0,0.0
SKU1601,Product 1601,Store A,0.0,0.0,Supplier 07,0.0,0.0,0.0
SKU1601,Product 1601,Store B,0.0,0.0,Supplier 07,0.0,0.0,0.0
SKU1601,Product 1601,Store C,0.0,0.0,Supplier 07,0.0,0.0,0.0
SKU1601,Product 1601,Warehouse,0.0,0.0,Supplier 07,0.0,0.0,0.0
SKU1602,Product 1602,Store A,0.0,0.0,Supplier 07,0.0,0.0,0.0
SKU1602,Product 1602,Store B,0.0,0.0,Supplier 07,0.0,0.0,0.0
SKU1602,Product 1602,Store C,0.0,0.0,Supplier 07,0.0,0.0,0.0
SKU1602,Product 1602,Warehouse,0.0,0.0,Supplier 07,0.0,0.0,0.0
SKU1603,Product 1603,Store A,0.0,0.0,Supplier 07,0.0,0.0,0.0
SKU1603,Product 1603,Store B,0.0,0.0,Supplier 07,0.0,0.0,0.0
SKU1603,Product 1603,Store C,0.0,0.0,Supplier 07,0.0,0.0,0.0
SKU1603,Product 1603,Warehouse,0.0,0.0,Supplier 07,0.0,0.0,0.0
SKU1604,Product 1604,Store A,0.0,0.0,Supplier 07,0.0,0.0,0.0
SKU1604,Product 1604,Store B,0.0,0.0,Supplier 07,0.0,0.0,0.0
SKU1604,Product 1604,Store C,0.0,0.0,Supplier 07,0.0,0.0,0.0
SKU1604,Product 1604,Warehouse,0.0,0.0,Supplier 07,0.0,0.0,0.0
SKU1605,Product 1605,Store C,0.0,0.0,Supplier 07,0.0,0.0,0.0
SKU1605,Product 1605,Warehouse,0.0,0.0,Supplier 07,0.0,0.0,0.0
SKU1606,Product 1606,Warehouse,24.0,0.0,Supplier 07,0.0,0.0,0.0
SKU1607,Product 1607,Warehouse,0.0,0.0,Supplier 07,0.0,0.0,0.0
SKU1608,Product 1608,Store A,0.0,0.0,Supplier 07,0.0,0.0,0.0
SKU1608,Product 1608,Store B,0.0,0.0,Supplier 07,0.0,0.0,0.0
SKU1608,Product 1608,Store C,0.0,0.0,Supplier 07,0.0,0.0,0.0
SKU1608,Product 1608,Warehouse,0.0,0.0,Supplier 07,0.0,0.0,0.0
SKU1609,Product 1609,Warehouse,36.0,0.0,Supplier 07,0.0,0.0,0.0
SKU1610,Product 1610,Warehouse,0.0,0.0,Supplier 07,0.0,0.0,0.0
SKU1611,Product 1611,Warehouse,8.0,0.0,Supplier 07,0.0,0.0,0.0
SKU1612,Product 1612,Store A,0.0,0.0,Supplier 07,0.0,0.0,0.0
SKU1612,Product 1612,Store B,0.0,0.0,Supplier 07,0.0,0.0,0.0
SKU1612,Product 1612,Store C,0.0,0.0,Supplier 07,0.0,0.0,0.0
SKU1612,Product 1612,Warehouse,0.0,0.0,Supplier 07,0.0,0.0,0.0
SKU1613,Product 1613,Warehouse,0.0,0.0,Supplier 07,0.0,0.0,0.0
SKU1614,Product 1614,Warehouse,12.0,0.0,Supplier 07,0.0,0.0,0.0
SKU1615,Product 1615,Warehouse,24.0,0.0,Supplier 07,0.0,0.0,0.0
SKU1616,Product 1616,Warehouse,24.0,0.0,Supplier 07,0.0,0.0,0.0
SKU1617,Product 1617,Store B,0.0,0.0,Supplier 07,0.0,0.0,0.0
SKU1617,Product 1617,Store C,0.0,0.0,Supplier 07,0.0,0.0,0.0
SKU1617,Product 1617,Warehouse,0.0,0.0,Supplier 07,0.0,0.0,0.0
SKU1618,Product 1618,Warehouse,15.0,0.0,Supplier 07,0.0,0.0,0.0
SKU1619,Product 1619,Store A,0.0,0.0,Supplier 07,0.0,0.0,0.0
SKU1619,Product 1619,Store B,0.0,0.0,Supplier 07,0.0,0.0,0.0
SKU1619,Product 1619,Store C,0.0,0.0,Supplier 07,0.0,0.0,0.0
SKU1619,Product 1619,Warehouse,0.0,0.0,Supplier 07,0.0,0.0,0.0
SKU1620,Product 1620,Store A,0.0,0.0,Supplier 07,0.0,0.0,0.0
SKU1620,Product 1620,Store B,0.0,0.0,Supplier 07,0.0,0.0,0.0
SKU1620,Product 1620,Store C,0.0,0.0,Supplier 07,0.0,0.0,0.0
SKU1620,Product 1620,Warehouse,0.0,0.0,Supplier 07,0.0,0.0,0.0
SKU1621,Product 1621,Warehouse,0.0,0.0,Supplier 07,0.0,0.0,0.0
SKU1622,Product 1622,Store A,0.0,0.0,Supplier 07,0.0,0.0,0.0
SKU1622,Product 1622,Store B,0.0,0.0,Supplier 07,0.0,0.0,0.0
SKU1622,Product 1622,Store C,0.0,0.0,Supplier 07,0.0,0.0,0.0
SKU1622,Product 1622,Warehouse,0.0,0.0,Supplier 07,0.0,0.0,0.0
SKU1623,Product 1623,Store A,0.0,0.0,Supplier 07,0.0,0.0,0.0
SKU1623,Product 1623,Store B,0.0,0.0,Supplier 07,0.0,0.0,0.0
SKU1623,Product 1623,Store C,0.0,0.0,Supplier 07,0.0,0.0,0.0
SKU1623,Product 1623,Warehouse,0.0,0.0,Supplier 07,0.0,0.0,0.0
SKU1624,Product 1624,Store A,0.0,0.0,Supplier 07,0.0,0.0,0.0
SKU1624,Product 1624,Store B,0.0,0.0,Supplier 07,0.0,0.0,0.0
SKU1624,Product 1624,Store C,0.0,0.0,Supplier 07,0.0,0.0,0.0
SKU1624,Product 1624,Warehouse,0.0,0.0,Supplier 07,0.0,0.0,0.0
SKU1625,Product 1625,Store A,0.0,0.0,Supplier 07,0.0,0.0,0.0
SKU1625,Product 1625,Store B,0.0,0.0,Supplier 07,0.0,0.0,0.0
SKU1625,Product 1625,Store C,0.0,0.0,Supplier 07,0.0,0.0,0.0
SKU1625,Product 1625,Warehouse,0.0,0.0,Supplier 07,0.0,0.0,0.0
SKU1626,Product 1626,Store A,0.0,0.0,Supplier 07,0.0,0.0,0.0
SKU1626,Product 1626,Store B,0.0,0.0,Supplier 07,0.0,0.0,0.0
SKU1626,Product 1626,Store C,0.0,0.0,Supplier 07,0.0,0.0,0.0
SKU1626,Product 1626,Warehouse,0.0,0.0,Supplier 07,0.0,0.0,0.0
SKU1627,Product 1627,Store A,0.0,0.0,Supplier 07,0.0,0.0,0.0
SKU1627,Product 1627,Store B,0.0,0.0,Supplier 07,0.0,0.0,0.0
SKU1627,Product 1627,Store C,0.0,0.0,Supplier 07,0.0,0.0,0.0
SKU1627,Product 1627,Warehouse,0.0,0.0,Supplier 07,0.0,0.0,0.0
SKU1628,Product 1628,Store A,0.0,0.0,Supplier 07,0.0,0.0,0.0
SKU1628,Product 1628,Store C,0.0,0.0,Supplier 07,0.0,0.0,0.0
SKU1628,Product 1628,Warehouse,0.0,0.0,Supplier 07,0.0,0.0,0.0
SKU1629,Product 1629,Warehouse,159.0,0.0,Supplier 07,0.0,0.0,0.0
SKU1630,Product 1630,Store A,0.0,0.0,Supplier 75,0.0,0.0,0.0
SKU1630,Product 1630,Store B,0.0,0.0,Supplier 75,0.0,0.0,0.0
SKU1630,Product 1630,Store C,0.0,0.0,Supplier 75,0.0,0.0,0.0
SKU1630,Product 1630,Warehouse,0.0,0.0,Supplier 75,0.0,0.0,0.0
SKU1631,Product 1631,Store A,0.0,0.0,Supplier 75,0.0,0.0,0.0
SKU1631,Product 1631,Store B,0.0,0.0,Supplier 75,0.0,0.0,0.0
SKU1631,Product 1631,Store C,0.0,0.0,Supplier 75,0.0,0.0,0.0
SKU1631,Product 1631,Warehouse,0.0,0.0,Supplier 75,0.0,0.0,0.0
SKU1632,Product 1632,Store A,0.0,0.0,Supplier 75,0.0,0.0,0.0
SKU1632,Product 1632,Store B,0.0,0.0,Supplier 75,0.0,0.0,0.0
SKU1632,Product 1632,Store C,0.0,0.0,Supplier 75,0.0,0.0,0.0
SKU1632,Product 1632,Warehouse,0.0,0.0,Supplier 75,0.0,0.0,0.0
SKU1633,Product 1633,Store A,0.0,0.0,Supplier 75,0.0,0.0,0.0
SKU1633,Product 1633,Store B,0.0,0.0,Supplier 75,0.0,0.0,0.0
SKU1633,Product 1633,Store C,0.0,0.0,Supplier 75,0.0,0.0,0.0
SKU1633,Product 1633,Warehouse,0.0,0.0,Supplier 75,0.0,0.0,0.0
SKU1634,Product 1634,Store A,0.0,0.0,Supplier 75,0.0,0.0,0.0
SKU1634,Product 1634,Store B,0.0,0.0,Supplier 75,0.0,0.0,0.0
SKU1634,Product 1634,Store C,0.0,0.0,Supplier 75,0.0,0.0,0.0
SKU1634,Product 1634,Warehouse,0.0,0.0,Supplier 75,0.0,0.0,0.0
SKU1635,Product 1635,Store A,0.0,0.0,Supplier 75,0.0,0.0,0.0
SKU1635,Product 1635,Store B,0.0,0.0,Supplier 75,0.0,0.0,0.0
SKU1635,Product 1635,Store C,0.0,0.0,Supplier 75,0.0,0.0,0.0
SKU1635,Product 1635,Warehouse,0.0,0.0,Supplier 75,0.0,0.0,0.0
SKU1636,Product 1636,Store A,0.0,0.0,Supplier 75,0.0,0.0,0.0
SKU1636,Product 1636,Store B,0.0,0.0,Supplier 75,0.0,0.0,0.0
SKU1636,Product 1636,Store C,0.0,0.0,Supplier 75,0.0,0.0,0.0
SKU1636,Product 1636,Warehouse,0.0,0.0,Supplier 75,0.0,0.0,0.0
SKU1637,Product 1637,Store A,0.0,0.0,Supplier 75,0.0,0.0,0.0
SKU1637,Product 1637,Store B,0.0,0.0,Supplier 75,0.0,0.0,0.0
SKU1637,Product 1637,Store C,0.0,0.0,Supplier 75,0.0,0.0,0.0
SKU1637,Product 1637,Warehouse,0.0,0.0,Supplier 75,0.0,0.0,0.0
SKU1638,Product 1638,Store B,0.0,0.0,Supplier 75,0.0,0.0,0.0
SKU1638,Product 1638,Store C,0.0,0.0,Supplier 75,0.0,0.0,0.0
SKU1638,Product 1638,Warehouse,0.0,0.0,Supplier 75,0.0,0.0,0.0
SKU1639,Product 1639,Store A,0.0,0.0,Supplier 75,0.0,0.0,0.0
SKU1639,Product 1639,Store B,0.0,0.0,Supplier 75,0.0,0.0,0.0
SKU1639,Product 1639,Store C,0.0,0.0,Supplier 75,0.0,0.0,0.0
SKU1639,Product 1639,Warehouse,0.0,0.0,Supplier 75,0.0,0.0,0.0
SKU1640,Product 1640,Store B,0.0,0.0,Supplier 75,0.0,0.0,0.0
SKU1640,Product 1640,Store C,0.0,0.0,Supplier 75,0.0,0.0,0.0
SKU1640,Product 1640,Warehouse,0.0,0.0,Supplier 75,0.0,0.0,0.0
SKU1641,Product 1641,Store A,0.0,0.0,Supplier 75,0.0,0.0,0.0
SKU1641,Product 1641,Store B,0.0,0.0,Supplier 75,0.0,0.0,0.0
SKU1641,Product 1641,Store C,0.0,0.0,Supplier 75,0.0,0.0,0.0
SKU1641,Product 1641,Warehouse,0.0,0.0,Supplier 75,0.0,0.0,0.0
SKU1642,Product 1642,Store A,0.0,0.0,Supplier 75,0.0,0.0,0.0
SKU1642,Product 1642,Store B,0.0,0.0,Supplier 75,0.0,0.0,0.0
SKU1642,Product 1642,Store C,0.0,0.0,Supplier 75,0.0,0.0,0.0
SKU1642,Product 1642,Warehouse,0.0,0.0,Supplier 75,0.0,0.0,0.0
SKU1643,Product 1643,Store A,0.0,0.0,Supplier 75,0.0,0.0,0.0
SKU1643,Product 1643,Store B,0.0,0.0,Supplier 75,0.0,0.0,0.0
SKU1643,Product 1643,Store C,0.0,0.0,Supplier 75,0.0,0.0,0.0
SKU1643,Product 1643,Warehouse,0.0,0.0,Supplier 75,0.0,0.0,0.0
SKU1644,Product 1644,Store A,0.0,0.0,Supplier 75,0.0,0.0,0.0
SKU1644,Product 1644,Store B,0.0,0.0,Supplier 75,0.0,0.0,0.0
SKU1644,Product 1644,Store C,0.0,0.0,Supplier 75,0.0,0.0,0.0
SKU1644,Product 1644,Warehouse,0.0,0.0,Supplier 75,0.0,0.0,0.0
SKU1645,Product 1645,Warehouse,60.0,1.0873,Supplier 75,0.0,0.0,0.0
SKU1646,Product 1646,Warehouse,132.0,1.0873,Supplier 75,0.0,0.0,0.0
SKU1647,Product 1647,Warehouse,84.0,1.0458,Supplier 75,0.0,0.0,0.0
SKU1648,Product 1648,Warehouse,54.0,1.1537,Supplier 75,0.0,0.0,0.0
SKU1649,Product 1649,Warehouse,54.0,1.1537,Supplier 75,0.0,0.0,0.0
SKU1650,Product 1650,Warehouse,106.0,1.9588,Supplier 75,0.0,0.0,0.0
SKU1651,Product 1651,Warehouse,34.0,1.9588,Supplier 75,0.0,0.0,0.0
SKU1652,Product 1652,Warehouse,130.0,2.3323,Supplier 75,0.0,0.0,0.0
SKU1653,Product 1653,Store A,0.0,0.0,Supplier 53,0.0,0.0,0.0
SKU1653,Product 1653,Store B,0.0,0.0,Supplier 53,0.0,0.0,0.0
SKU1653,Product 1653,Store C,0.0,0.0,Supplier 53,0.0,0.0,0.0
SKU1653,Product 1653,Warehouse,0.0,0.0,Supplier 53,0.0,0.0,0.0
SKU1654,Product 1654,Store A,0.0,0.0,Supplier 53,0.0,0.0,0.0
SKU1654,Product 1654,Store B,0.0,0.0,Supplier 53,0.0,0.0,0.0
SKU1654,Product 1654,Store C,0.0,0.0,Supplier 53,0.0,0.0,0.0
SKU1654,Product 1654,Warehouse,0.0,0.0,Supplier 53,0.0,0.0,0.0
SKU1655,Product 1655,Store A,0.0,0.0,Supplier 53,0.0,0.0,0.0
SKU1655,Product 1655,Store B,0.0,0.0,Supplier 53,0.0,0.0,0.0
SKU1655,Product 1655,Store C,0.0,0.0,Supplier 53,0.0,0.0,0.0
SKU1655,Product 1655,Warehouse,0.0,0.0,Supplier 53,0.0,0.0,0.0
SKU1656,Product 1656,Store A,0.0,0.0,Supplier 18,0.0,0.0,0.0
SKU1656,Product 1656,Store B,0.0,0.0,Supplier 18,0.0,0.0,0.0
SKU1656,Product 1656,Store C,0.0,0.0,Supplier 18,0.0,0.0,0.0
SKU1656,Product 1656,Warehouse,0.0,0.0,Supplier 18,0.0,0.0,0.0
SKU1657,Product 1657,Store A,0.0,0.0,Supplier 18,0.0,0.0,0.0
SKU1657,Product 1657,Store B,0.0,0.0,Supplier 18,0.0,0.0,0.0
SKU1657,Product 1657,Store C,0.0,0.0,Supplier 18,0.0,0.0,0.0
SKU1657,Product 1657,Warehouse,0.0,0.0,Supplier 18,0.0,0.0,0.0
SKU1658,Product 1658,Store A,0.0,0.0,Supplier 18,0.0,0.0,0.0
SKU1658,Product 1658,Store B,0.0,0.0,Supplier 18,0.0,0.0,0.0
SKU1658,Product 1658,Store C,0.0,0.0,Supplier 18,0.0,0.0,0.0
SKU1658,Product 1658,Warehouse,0.0,0.0,Supplier 18,0.0,0.0,0.0
SKU1659,Product 1659,Warehouse,32.0,0.498,Supplier 46,0.0,0.0,0.0
SKU1660,Product 1660,Store A,0.0,0.0,Supplier 18,0.0,0.0,0.0
SKU1660,Product 1660,Store B,0.0,0.0,Supplier 18,0.0,0.0,0.0
SKU1660,Product 1660,Store C,0.0,0.0,Supplier 18,0.0,0.0,0.0
SKU1660,Product 1660,Warehouse,0.0,0.0,Supplier 18,0.0,0.0,0.0
SKU1661,Product 1661,Store A,0.0,0.0,Supplier 18,0.0,0.0,0.0
SKU1661,Product 1661,Store B,0.0,0.0,Supplier 18,0.0,0.0,0.0
SKU1661,Product 1661,Store C,0.0,0.0,Supplier 18,0.0,0.0,0.0
SKU1661,Product 1661,Warehouse,0.0,0.0,Supplier 18,0.0,0.0,0.0
SKU1662,Product 1662,Store A,0.0,0.0,Multiple suppliers,0.0,0.0,0.0
SKU1662,Product 1662,Store B,0.0,0.0,Multiple suppliers,0.0,0.0,0.0
SKU1662,Product 1662,Store C,0.0,0.0,Multiple suppliers,0.0,0.0,0.0
SKU1662,Product 1662,Warehouse,0.0,0.0,Multiple suppliers,0.0,0.0,0.0
SKU1663,Product 1663,Store A,0.0,0.0,Supplier 29,0.0,0.0,0.0
SKU1663,Product 1663,Store B,0.0,0.0,Supplier 29,0.0,0.0,0.0
SKU1663,Product 1663,Warehouse,0.0,0.0,Supplier 29,0.0,0.0,0.0
SKU1664,Product 1664,Store A,0.0,0.0,Supplier 29,0.0,0.0,0.0
SKU1664,Product 1664,Store B,0.0,0.0,Supplier 29,0.0,0.0,0.0
SKU1664,Product 1664,Store C,0.0,0.0,Supplier 29,0.0,0.0,0.0
SKU1664,Product 1664,Warehouse,0.0,0.0,Supplier 29,0.0,0.0,0.0
SKU1665,Product 1665,Store A,0.0,0.0,Supplier 76,0.0,0.0,0.0
SKU1665,Product 1665,Store B,0.0,0.0,Supplier 76,0.0,0.0,0.0
SKU1665,Product 1665,Store C,0.0,0.0,Supplier 76,0.0,0.0,0.0
SKU1665,Product 1665,Warehouse,0.0,0.0,Supplier 76,0.0,0.0,0.0
SKU1666,Product 1666,Store A,0.0,0.0,Supplier 76,0.0,0.0,0.0
SKU1666,Product 1666,Store B,0.0,0.0,Supplier 76,0.0,0.0,0.0
SKU1666,Product 1666,Store C,0.0,0.0,Supplier 76,0.0,0.0,0.0
SKU1666,Product 1666,Warehouse,0.0,0.0,Supplier 76,0.0,0.0,0.0
SKU1667,Product 1667,Store A,0.0,0.0,Multiple suppliers,0.0,0.0,0.0
SKU1667,Product 1667,Store B,0.0,0.0,Multiple suppliers,0.0,0.0,0.0
SKU1667,Product 1667,Store C,0.0,0.0,Multiple suppliers,0.0,0.0,0.0
SKU1667,Product 1667,Warehouse,0.0,0.0,Multiple suppliers,0.0,0.0,0.0
SKU1668,Product 1668,Store A,0.0,0.0,Supplier 76,0.0,0.0,0.0
SKU1668,Product 1668,Store B,0.0,0.0,Supplier 76,0.0,0.0,0.0
SKU1668,Product 1668,Store C,0.0,0.0,Supplier 76,0.0,0.0,0.0
SKU1668,Product 1668,Warehouse,0.0,0.0,Supplier 76,0.0,0.0,0.0
SKU1669,Product 1669,Store A,0.0,0.0,Supplier 76,0.0,0.0,0.0
SKU1669,Product 1669,Store B,0.0,0.0,Supplier 76,0.0,0.0,0.0
SKU1669,Product 1669,Store C,0.0,0.0,Supplier 76,0.0,0.0,0.0
SKU1669,Product 1669,Warehouse,0.0,0.0,Supplier 76,0.0,0.0,0.0
SKU1670,Product 1670,Store A,0.0,0.0,Supplier 76,0.0,0.0,0.0
SKU1670,Product 1670,Store B,0.0,0.0,Supplier 76,0.0,0.0,0.0
SKU1670,Product 1670,Store C,0.0,0.0,Supplier 76,0.0,0.0,0.0
SKU1670,Product 1670,Warehouse,0.0,0.0,Supplier 76,0.0,0.0,0.0
SKU1671,Product 1671,Store A,0.0,0.0,Supplier 76,0.0,0.0,0.0
SKU1671,Product 1671,Store B,0.0,0.0,Supplier 76,0.0,0.0,0.0
SKU1671,Product 1671,Store C,0.0,0.0,Supplier 76,0.0,0.0,0.0
SKU1671,Product 1671,Warehouse,0.0,0.0,Supplier 76,0.0,0.0,0.0
SKU1672,Product 1672,Store A,0.0,0.0,Supplier 76,0.0,0.0,0.0
SKU1672,Product 1672,Store B,0.0,0.0,Supplier 76,0.0,0.0,0.0
SKU1672,Product 1672,Store C,0.0,0.0,Supplier 76,0.0,0.0,0.0
SKU1672,Product 1672,Warehouse,0.0,0.0,Supplier 76,0.0,0.0,0.0
SKU1673,Product 1673,Store A,0.0,0.0,Supplier 76,0.0,0.0,0.0
SKU1673,Product 1673,Store B,0.0,0.0,Supplier 76,0.0,0.0,0.0
SKU1673,Product 1673,Store C,0.0,0.0,Supplier 76,0.0,0.0,0.0
SKU1673,Product 1673,Warehouse,0.0,0.0,Supplier 76,0.0,0.0,0.0
SKU1674,Product 1674,Store A,0.0,0.0,Supplier 76,0.0,0.0,0.0
SKU1674,Product 1674,Store B,0.0,0.0,Supplier 76,0.0,0.0,0.0
SKU1674,Product 1674,Store C,0.0,0.0,Supplier 76,0.0,0.0,0.0
SKU1674,Product 1674,Warehouse,0.0,0.0,Supplier 76,0.0,0.0,0.0
SKU1675,Product 1675,Store A,0.0,0.0,Supplier 18,0.0,0.0,0.0
SKU1675,Product 1675,Store B,0.0,0.0,Supplier 18,0.0,0.0,0.0
SKU1675,Product 1675,Store C,0.0,0.0,Supplier 18,0.0,0.0,0.0
SKU1675,Product 1675,Warehouse,0.0,0.0,Supplier 18,0.0,0.0,0.0
SKU1676,Product 1676,Store C,0.0,0.0,Supplier 18,0.0,0.0,0.0
SKU1677,Product 1677,Store A,0.0,0.0,Supplier 18,0.0,0.0,0.0
SKU1677,Product 1677,Store B,0.0,0.0,Supplier 18,0.0,0.0,0.0
SKU1677,Product 1677,Store C,0.0,0.0,Supplier 18,0.0,0.0,0.0
SKU1677,Product 1677,Warehouse,0.0,0.0,Supplier 18,0.0,0.0,0.0
SKU1678,Product 1678,Store A,0.0,0.0,Supplier 18,0.0,0.0,0.0
SKU1678,Product 1678,Store B,0.0,0.0,Supplier 18,0.0,0.0,0.0
SKU1678,Product 1678,Store C,0.0,0.0,Supplier 18,0.0,0.0,0.0
SKU1678,Product 1678,Warehouse,0.0,0.0,Supplier 18,0.0,0.0,0.0
SKU1679,Product 1679,Store A,0.0,0.0,Supplier 18,0.0,0.0,0.0
SKU1679,Product 1679,Store B,0.0,0.0,Supplier 18,0.0,0.0,0.0
SKU1679,Product 1679,Store C,0.0,0.0,Supplier 18,0.0,0.0,0.0
SKU1679,Product 1679,Warehouse,0.0,0.0,Supplier 18,0.0,0.0,0.0
SKU1680,Product 1680,Store A,0.0,0.0,Supplier 18,0.0,0.0,0.0
SKU1680,Product 1680,Warehouse,0.0,0.0,Supplier 18,0.0,0.0,0.0
SKU1681,Product 1681,Store A,0.0,0.0,Supplier 24,0.0,0.0,0.0
SKU1681,Product 1681,Store B,0.0,0.0,Supplier 24,0.0,0.0,0.0
SKU1681,Product 1681,Warehouse,0.0,0.0,Supplier 24,0.0,0.0,0.0
SKU1682,Product 1682,Store A,0.0,0.0,Supplier 18,0.0,0.0,0.0
SKU1682,Product 1682,Store B,0.0,0.0,Supplier 18,0.0,0.0,0.0
SKU1682,Product 1682,Store C,0.0,0.0,Supplier 18,0.0,0.0,0.0
SKU1682,Product 1682,Warehouse,0.0,0.0,Supplier 18,0.0,0.0,0.0
SKU1683,Product 1683,Store B,0.0,0.0,Supplier 18,0.0,0.0,0.0
SKU1683,Product 1683,Store C,0.0,0.0,Supplier 18,0.0,0.0,0.0
SKU1683,Product 1683,Warehouse,0.0,0.0,Supplier 18,0.0,0.0,0.0
SKU1684,Product 1684,Store A,0.0,0.0,Supplier 42,0.0,0.0,0.0
SKU1684,Product 1684,Store B,0.0,0.0,Supplier 42,0.0,0.0,0.0
SKU1684,Product 1684,Warehouse,0.0,0.0,Supplier 42,0.0,0.0,0.0
SKU1685,Product 1685,Warehouse,0.0,0.0,Supplier 42,0.0,0.0,0.0
SKU1686,Product 1686,Warehouse,384.0,0.4897,Supplier 42,0.0,0.0,0.0
SKU1687,Product 1687,Warehouse,0.0,0.0,Supplier 42,0.0,0.0,0.0
SKU1688,Product 1688,Store A,0.0,0.0,Supplier 42,0.0,0.0,0.0
SKU1688,Product 1688,Store B,0.0,0.0,Supplier 42,0.0,0.0,0.0
SKU1688,Product 1688,Store C,0.0,0.0,Supplier 42,0.0,0.0,0.0
SKU1688,Product 1688,Warehouse,0.0,0.0,Supplier 42,0.0,0.0,0.0
SKU1689,Product 1689,Store A,0.0,0.0,Supplier 46,0.0,0.0,0.0
SKU1689,Product 1689,Store B,0.0,0.0,Supplier 46,0.0,0.0,0.0
SKU1689,Product 1689,Store C,0.0,0.0,Supplier 46,0.0,0.0,0.0
SKU1689,Product 1689,Warehouse,0.0,0.0,Supplier 46,0.0,0.0,0.0
SKU1690,Product 1690,Store C,0.0,0.0,Supplier 18,0.0,0.0,0.0
SKU1690,Product 1690,Warehouse,0.0,0.0,Supplier 18,0.0,0.0,0.0
SKU1691,Product 1691,Store B,0.0,0.0,Supplier 18,0.0,0.0,0.0
SKU1691,Product 1691,Store C,0.0,0.0,Supplier 18,0.0,0.0,0.0
SKU1691,Product 1691,Warehouse,0.0,0.0,Supplier 18,0.0,0.0,0.0
SKU1692,Product 1692,Store C,0.0,0.0,Supplier 18,0.0,0.0,0.0
SKU1693,Product 1693,Store C,0.0,0.0,Supplier 18,0.0,0.0,0.0
SKU1693,Product 1693,Warehouse,0.0,0.0,Supplier 18,0.0,0.0,0.0
SKU1694,Product 1694,Store A,0.0,0.0,Supplier 74,0.0,0.0,0.0
SKU1694,Product 1694,Store B,0.0,0.0,Supplier 74,0.0,0.0,0.0
SKU1694,Product 1694,Store C,0.0,0.0,Supplier 74,0.0,0.0,0.0
SKU1694,Product 1694,Warehouse,0.0,0.0,Supplier 74,0.0,0.0,0.0
SKU1695,Product 1695,Store C,0.0,0.0,Supplier 35,0.0,0.0,0.0
SKU1695,Product 1695,Warehouse,0.0,0.0,Supplier 35,0.0,0.0,0.0
SKU1696,Product 1696,Store A,0.0,0.0,Supplier 74,0.0,0.0,0.0
SKU1696,Product 1696,Store B,0.0,0.0,Supplier 74,0.0,0.0,0.0
SKU1696,Product 1696,Store C,0.0,0.0,Supplier 74,0.0,0.0,0.0
SKU1696,Product 1696,Warehouse,0.0,0.0,Supplier 74,0.0,0.0,0.0
SKU1697,Product 1697,Store A,0.0,0.0,Multiple suppliers,0.0,0.0,0.0
SKU1697,Product 1697,Store B,0.0,0.0,Multiple suppliers,0.0,0.0,0.0
SKU1697,Product 1697,Store C,0.0,0.0,Multiple suppliers,0.0,0.0,0.0
SKU1697,Product 1697,Warehouse,0.0,0.0,Multiple suppliers,0.0,0.0,0.0
SKU1698,Product 1698,Store A,0.0,0.0,Supplier 18,0.0,0.0,0.0
SKU1698,Product 1698,Store B,0.0,0.0,Supplier 18,0.0,0.0,0.0
SKU1698,Product 1698,Store C,0.0,0.0,Supplier 18,0.0,0.0,0.0
SKU1698,Product 1698,Warehouse,0.0,0.0,Supplier 18,0.0,0.0,0.0
SKU1699,Product 1699,Store A,0.0,0.0,Supplier 18,0.0,0.0,0.0
SKU1699,Product 1699,Store B,0.0,0.0,Supplier 18,0.0,0.0,0.0
SKU1699,Product 1699,Store C,0.0,0.0,Supplier 18,0.0,0.0,0.0
SKU1699,Product 1699,Warehouse,0.0,0.0,Supplier 18,0.0,0.0,0.0
SKU1700,Product 1700,Store A,0.0,0.0,Supplier 74,0.0,0.0,0.0
SKU1700,Product 1700,Store B,0.0,0.0,Supplier 74,0.0,0.0,0.0
SKU1700,Product 1700,Store C,0.0,0.0,Supplier 74,0.0,0.0,0.0
SKU1700,Product 1700,Warehouse,0.0,0.0,Supplier 74,0.0,0.0,0.0
SKU1701,Product 1701,Warehouse,0.0,0.0,Supplier 74,0.0,0.0,0.0
SKU1702,Product 1702,Store A,0.0,0.0,Supplier 74,0.0,0.0,0.0
SKU1702,Product 1702,Store B,0.0,0.0,Supplier 74,0.0,0.0,0.0
SKU1702,Product 1702,Store C,0.0,0.0,Supplier 74,0.0,0.0,0.0
SKU1702,Product 1702,Warehouse,0.0,0.0,Supplier 74,0.0,0.0,0.0
SKU1703,Product 1703,Store A,0.0,0.0,Supplier 74,0.0,0.0,0.0
SKU1703,Product 1703,Store B,0.0,0.0,Supplier 74,0.0,0.0,0.0
SKU1703,Product 1703,Store C,0.0,0.0,Supplier 74,0.0,0.0,0.0
SKU1703,Product 1703,Warehouse,0.0,0.0,Supplier 74,0.0,0.0,0.0
SKU1704,Product 1704,Store A,0.0,0.0,Supplier 74,0.0,0.0,0.0
SKU1704,Product 1704,Store B,0.0,0.0,Supplier 74,0.0,0.0,0.0
SKU1704,Product 1704,Store C,0.0,0.0,Supplier 74,0.0,0.0,0.0
SKU1704,Product 1704,Warehouse,0.0,0.0,Supplier 74,0.0,0.0,0.0
SKU1705,Product 1705,Store A,0.0,0.0,Supplier 74,0.0,0.0,0.0
SKU1705,Product 1705,Store B,0.0,0.0,Supplier 74,0.0,0.0,0.0
SKU1705,Product 1705,Store C,0.0,0.0,Supplier 74,0.0,0.0,0.0
SKU1705,Product 1705,Warehouse,0.0,0.0,Supplier 74,0.0,0.0,0.0
SKU1706,Product 1706,Store A,0.0,0.0,Multiple suppliers,0.0,0.0,0.0
SKU1706,Product 1706,Store B,0.0,0.0,Multiple suppliers,0.0,0.0,0.0
SKU1706,Product 1706,Store C,0.0,0.0,Multiple suppliers,0.0,0.0,0.0
SKU1706,Product 1706,Warehouse,0.0,0.0,Multiple suppliers,0.0,0.0,0.0
SKU1707,Product 1707,Store A,0.0,0.0,Supplier 74,0.0,0.0,0.0
SKU1707,Product 1707,Store B,0.0,0.0,Supplier 74,0.0,0.0,0.0
SKU1707,Product 1707,Store C,0.0,0.0,Supplier 74,0.0,0.0,0.0
SKU1707,Product 1707,Warehouse,0.0,0.0,Supplier 74,0.0,0.0,0.0
SKU1708,Product 1708,Store A,0.0,0.0,Supplier 74,0.0,0.0,0.0
SKU1708,Product 1708,Store B,0.0,0.0,Supplier 74,0.0,0.0,0.0
SKU1708,Product 1708,Store C,0.0,0.0,Supplier 74,0.0,0.0,0.0
SKU1708,Product 1708,Warehouse,0.0,0.0,Supplier 74,0.0,0.0,0.0
SKU1709,Product 1709,Store A,0.0,0.0,Supplier 74,0.0,0.0,0.0
SKU1709,Product 1709,Store B,0.0,0.0,Supplier 74,0.0,0.0,0.0
SKU1709,Product 1709,Store C,0.0,0.0,Supplier 74,0.0,0.0,0.0
SKU1709,Product 1709,Warehouse,0.0,0.0,Supplier 74,0.0,0.0,0.0
SKU1710,Product 1710,Warehouse,38.0,0.5063,Supplier 46,0.0,0.0,0.0
SKU1711,Product 1711,Warehouse,24.0,0.5063,Supplier 46,0.0,0.0,0.0
SKU1712,Product 1712,Store A,0.0,0.0,Supplier 46,0.0,0.0,0.0
SKU1712,Product 1712,Store B,0.0,0.0,Supplier 46,0.0,0.0,0.0
SKU1712,Product 1712,Store C,0.0,0.0,Supplier 46,0.0,0.0,0.0
SKU1712,Product 1712,Warehouse,0.0,0.0,Supplier 46,0.0,0.0,0.0
SKU1713,Product 1713,Warehouse,51.0,0.5146,Supplier 46,0.0,0.0,0.0
SKU1714,Product 1714,Store A,0.0,0.0,Supplier 46,0.0,0.0,0.0
SKU1714,Product 1714,Store B,0.0,0.0,Supplier 46,0.0,0.0,0.0
SKU1714,Product 1714,Store C,0.0,0.0,Supplier 46,0.0,0.0,0.0
SKU1714,Product 1714,Warehouse,0.0,0.0,Supplier 46,0.0,0.0,0.0
SKU1715,Product 1715,Warehouse,0.0,0.0,Supplier 46,0.0,0.0,0.0
SKU1716,Product 1716,Warehouse,0.0,0.0,Supplier 46,0.0,0.0,0.0
SKU1717,Product 1717,Store A,0.0,0.0,Supplier 46,0.0,0.0,0.0
SKU1717,Product 1717,Store B,0.0,0.0,Supplier 46,0.0,0.0,0.0
SKU1717,Product 1717,Store C,0.0,0.0,Supplier 46,0.0,0.0,0.0
SKU1717,Product 1717,Warehouse,0.0,0.0,Supplier 46,0.0,0.0,0.0
SKU1718,Product 1718,Store A,0.0,0.0,Supplier 74,0.0,0.0,0.0
SKU1718,Product 1718,Store B,0.0,0.0,Supplier 74,0.0,0.0,0.0
SKU1718,Product 1718,Store C,0.0,0.0,Supplier 74,0.0,0.0,0.0
SKU1718,Product 1718,Warehouse,0.0,0.0,Supplier 74,0.0,0.0,0.0
SKU1719,Product 1719,Store A,0.0,0.0,Multiple suppliers,0.0,0.0,0.0
SKU1719,Product 1719,Warehouse,0.0,0.0,Multiple suppliers,0.0,0.0,0.0
SKU1720,Product 1720,Store A,0.0,0.0,Supplier 20,0.0,0.0,0.0
SKU1720,Product 1720,Store B,0.0,0.0,Supplier 20,0.0,0.0,0.0
SKU1720,Product 1720,Store C,0.0,0.0,Supplier 20,0.0,0.0,0.0
SKU1720,Product 1720,Warehouse,0.0,0.0,Supplier 20,0.0,0.0,0.0
SKU1721,Product 1721,Store A,0.0,0.0,Supplier 09,0.0,0.0,0.0
SKU1721,Product 1721,Store B,0.0,0.0,Supplier 09,0.0,0.0,0.0
SKU1721,Product 1721,Store C,0.0,0.0,Supplier 09,0.0,0.0,0.0
SKU1721,Product 1721,Warehouse,0.0,0.0,Supplier 09,0.0,0.0,0.0
SKU1722,Product 1722,Store A,0.0,0.0,Supplier 09,0.0,0.0,0.0
SKU1722,Product 1722,Store B,0.0,0.0,Supplier 09,0.0,0.0,0.0
SKU1722,Product 1722,Store C,0.0,0.0,Supplier 09,0.0,0.0,0.0
SKU1722,Product 1722,Warehouse,0.0,0.0,Supplier 09,0.0,0.0,0.0
SKU1723,Product 1723,Store A,0.0,0.0,Supplier 09,0.0,0.0,0.0
SKU1723,Product 1723,Warehouse,0.0,0.0,Supplier 09,0.0,0.0,0.0
SKU1724,Product 1724,Store A,0.0,0.0,Supplier 09,0.0,0.0,0.0
SKU1724,Product 1724,Store B,0.0,0.0,Supplier 09,0.0,0.0,0.0
SKU1724,Product 1724,Store C,0.0,0.0,Supplier 09,0.0,0.0,0.0
SKU1724,Product 1724,Warehouse,0.0,0.0,Supplier 09,0.0,0.0,0.0
SKU1725,Product 1725,Store A,0.0,0.0,Supplier 09,0.0,0.0,0.0
SKU1725,Product 1725,Store B,0.0,0.0,Supplier 09,0.0,0.0,0.0
SKU1725,Product 1725,Store C,0.0,0.0,Supplier 09,0.0,0.0,0.0
SKU1725,Product 1725,Warehouse,0.0,0.0,Supplier 09,0.0,0.0,0.0
SKU1726,Product 1726,Store A,0.0,0.0,Supplier 09,0.0,0.0,0.0
SKU1726,Product 1726,Store B,0.0,0.0,Supplier 09,0.0,0.0,0.0
SKU1726,Product 1726,Store C,0.0,0.0,Supplier 09,0.0,0.0,0.0
SKU1726,Product 1726,Warehouse,0.0,0.0,Supplier 09,0.0,0.0,0.0
SKU1727,Product 1727,Store A,0.0,0.0,Supplier 09,0.0,0.0,0.0
SKU1727,Product 1727,Store B,0.0,0.0,Supplier 09,0.0,0.0,0.0
SKU1727,Product 1727,Store C,0.0,0.0,Supplier 09,0.0,0.0,0.0
SKU1727,Product 1727,Warehouse,0.0,0.0,Supplier 09,0.0,0.0,0.0
SKU1728,Product 1728,Store A,0.0,0.0,Supplier 09,0.0,0.0,0.0
SKU1728,Product 1728,Store B,0.0,0.0,Supplier 09,0.0,0.0,0.0
SKU1728,Product 1728,Store C,0.0,0.0,Supplier 09,0.0,0.0,0.0
SKU1728,Product 1728,Warehouse,0.0,0.0,Supplier 09,0.0,0.0,0.0
SKU1729,Product 1729,Warehouse,23.0,1.1952,Supplier 09,0.0,0.0,0.0
SKU1730,Product 1730,Warehouse,0.0,1.0707,Supplier 09,0.0,0.0,0.0
SKU1731,Product 1731,Store A,0.0,0.0,Supplier 09,0.0,0.0,0.0
SKU1731,Product 1731,Store B,0.0,0.0,Supplier 09,0.0,0.0,0.0
SKU1731,Product 1731,Store C,0.0,0.0,Supplier 09,0.0,0.0,0.0
SKU1731,Product 1731,Warehouse,0.0,0.0,Supplier 09,0.0,0.0,0.0
SKU1732,Product 1732,Store A,0.0,0.0,Supplier 09,0.0,0.0,0.0
SKU1732,Product 1732,Store B,0.0,0.0,Supplier 09,0.0,0.0,0.0
SKU1732,Product 1732,Store C,0.0,0.0,Supplier 09,0.0,0.0,0.0
SKU1732,Product 1732,Warehouse,0.0,0.0,Supplier 09,0.0,0.0,0.0
SKU1733,Product 1733,Store A,0.0,0.0,Supplier 09,0.0,0.0,0.0
SKU1733,Product 1733,Store B,0.0,0.0,Supplier 09,0.0,0.0,0.0
SKU1733,Product 1733,Store C,0.0,0.0,Supplier 09,0.0,0.0,0.0
SKU1733,Product 1733,Warehouse,0.0,0.0,Supplier 09,0.0,0.0,0.0
SKU1734,Product 1734,Warehouse,108.0,0.415,Supplier 09,0.0,0.0,0.0
SKU1735,Product 1735,Warehouse,24.0,0.415,Supplier 09,0.0,0.0,0.0
SKU1736,Product 1736,Warehouse,132.0,0.415,Supplier 09,0.0,0.0,0.0
SKU1737,Product 1737,Store A,0.0,0.0,Supplier 09,0.0,0.0,0.0
SKU1737,Product 1737,Store B,0.0,0.0,Supplier 09,0.0,0.0,0.0
SKU1737,Product 1737,Store C,0.0,0.0,Supplier 09,0.0,0.0,0.0
SKU1737,Product 1737,Warehouse,0.0,0.0,Supplier 09,0.0,0.0,0.0
SKU1738,Product 1738,Store A,0.0,0.0,Supplier 09,0.0,0.0,0.0
SKU1738,Product 1738,Store B,0.0,0.0,Supplier 09,0.0,0.0,0.0
SKU1738,Product 1738,Store C,0.0,0.0,Supplier 09,0.0,0.0,0.0
SKU1738,Product 1738,Warehouse,0.0,0.0,Supplier 09,0.0,0.0,0.0
SKU1739,Product 1739,Store A,0.0,0.0,Supplier 09,0.0,0.0,0.0
SKU1739,Product 1739,Store B,0.0,0.0,Supplier 09,0.0,0.0,0.0
SKU1739,Product 1739,Store C,0.0,0.0,Supplier 09,0.0,0.0,0.0
SKU1739,Product 1739,Warehouse,0.0,0.0,Supplier 09,0.0,0.0,0.0
SKU1740,Product 1740,Store A,0.0,3.3382,Multiple suppliers,0.0,0.0,0.0
SKU1740,Product 1740,Store B,0.0,3.3382,Multiple suppliers,0.0,0.0,0.0
SKU1740,Product 1740,Warehouse,0.0,0.0,Multiple suppliers,0.0,0.0,0.0
SKU1741,Product 1741,Warehouse,0.0,0.083,Multiple suppliers,0.0,0.0,0.0
SKU1742,Product 1742,Warehouse,0.0,0.0,Supplier 10,0.0,0.0,0.0
SKU1743,Product 1743,Warehouse,0.0,0.083,Supplier 43,0.0,0.0,0.0
SKU1744,Product 1744,Warehouse,550.0,0.083,Multiple suppliers,0.0,0.0,0.0
SKU1745,Product 1745,Warehouse,0.0,0.0,Supplier 10,0.0,0.0,0.0
SKU1746,Product 1746,Store A,0.0,0.0,Supplier 46,0.0,0.0,0.0
SKU1746,Product 1746,Store B,0.0,0.0,Supplier 46,0.0,0.0,0.0
SKU1746,Product 1746,Store C,0.0,0.0,Supplier 46,0.0,0.0,0.0
SKU1746,Product 1746,Warehouse,0.0,0.0,Supplier 46,0.0,0.0,0.0
SKU1747,Product 1747,Store A,0.0,0.0,Supplier 74,0.0,0.0,0.0
SKU1747,Product 1747,Store B,0.0,0.0,Supplier 74,0.0,0.0,0.0
SKU1747,Product 1747,Store C,0.0,0.0,Supplier 74,0.0,0.0,0.0
SKU1747,Product 1747,Warehouse,0.0,0.0,Supplier 74,0.0,0.0,0.0
SKU1748,Product 1748,Store A,0.0,0.0,Supplier 74,0.0,0.0,0.0
SKU1748,Product 1748,Store B,0.0,0.0,Supplier 74,0.0,0.0,0.0
SKU1748,Product 1748,Store C,0.0,0.0,Supplier 74,0.0,0.0,0.0
SKU1748,Product 1748,Warehouse,0.0,0.0,Supplier 74,0.0,0.0,0.0
SKU1749,Product 1749,Store A,0.0,0.0,Supplier 74,0.0,0.0,0.0
SKU1749,Product 1749,Store B,0.0,0.0,Supplier 74,0.0,0.0,0.0
SKU1749,Product 1749,Store C,0.0,0.0,Supplier 74,0.0,0.0,0.0
SKU1749,Product 1749,Warehouse,0.0,0.0,Supplier 74,0.0,0.0,0.0
SKU1750,Product 1750,Store A,0.0,0.0,Supplier 74,0.0,0.0,0.0
SKU1750,Product 1750,Store B,0.0,0.0,Supplier 74,0.0,0.0,0.0
SKU1750,Product 1750,Store C,0.0,0.0,Supplier 74,0.0,0.0,0.0
SKU1750,Product 1750,Warehouse,0.0,0.0,Supplier 74,0.0,0.0,0.0
SKU1751,Product 1751,Store A,0.0,0.0,Supplier 46,0.0,0.0,0.0
SKU1751,Product 1751,Store B,0.0,0.0,Supplier 46,0.0,0.0,0.0
SKU1751,Product 1751,Store C,0.0,0.0,Supplier 46,0.0,0.0,0.0
SKU1751,Product 1751,Warehouse,0.0,0.0,Supplier 46,0.0,0.0,0.0
SKU1752,Product 1752,Store A,0.0,0.0,Supplier 46,0.0,0.0,0.0
SKU1752,Product 1752,Store B,0.0,0.0,Supplier 46,0.0,0.0,0.0
SKU1752,Product 1752,Store C,0.0,0.0,Supplier 46,0.0,0.0,0.0
SKU1752,Product 1752,Warehouse,0.0,0.0,Supplier 46,0.0,0.0,0.0
SKU1753,Product 1753,Store A,0.0,0.0,Supplier 46,0.0,0.0,0.0
SKU1753,Product 1753,Store B,0.0,0.0,Supplier 46,0.0,0.0,0.0
SKU1753,Product 1753,Store C,0.0,0.0,Supplier 46,0.0,0.0,0.0
SKU1753,Product 1753,Warehouse,0.0,0.0,Supplier 46,0.0,0.0,0.0
SKU1754,Product 1754,Store A,0.0,0.0,Supplier 74,0.0,0.0,0.0
SKU1754,Product 1754,Store B,0.0,0.0,Supplier 74,0.0,0.0,0.0
SKU1754,Product 1754,Store C,0.0,0.0,Supplier 74,0.0,0.0,0.0
SKU1754,Product 1754,Warehouse,0.0,0.0,Supplier 74,0.0,0.0,0.0
SKU1755,Product 1755,Store A,0.0,0.0,Supplier 74,0.0,0.0,0.0
SKU1755,Product 1755,Store B,0.0,0.0,Supplier 74,0.0,0.0,0.0
SKU1755,Product 1755,Store C,0.0,0.0,Supplier 74,0.0,0.0,0.0
SKU1755,Product 1755,Warehouse,0.0,0.0,Supplier 74,0.0,0.0,0.0
SKU1756,Product 1756,Store A,0.0,0.0,Supplier 74,0.0,0.0,0.0
SKU1756,Product 1756,Store B,0.0,0.0,Supplier 74,0.0,0.0,0.0
SKU1756,Product 1756,Store C,0.0,0.0,Supplier 74,0.0,0.0,0.0
SKU1756,Product 1756,Warehouse,0.0,0.0,Supplier 74,0.0,0.0,0.0
SKU1757,Product 1757,Store A,0.0,0.0,Supplier 74,0.0,0.0,0.0
SKU1757,Product 1757,Store B,0.0,0.0,Supplier 74,0.0,0.0,0.0
SKU1757,Product 1757,Store C,0.0,0.0,Supplier 74,0.0,0.0,0.0
SKU1757,Product 1757,Warehouse,0.0,0.0,Supplier 74,0.0,0.0,0.0
SKU1758,Product 1758,Store A,0.0,0.0,Supplier 74,0.0,0.0,0.0
SKU1758,Product 1758,Store B,0.0,0.0,Supplier 74,0.0,0.0,0.0
SKU1758,Product 1758,Store C,0.0,0.0,Supplier 74,0.0,0.0,0.0
SKU1758,Product 1758,Warehouse,0.0,0.0,Supplier 74,0.0,0.0,0.0
SKU1759,Product 1759,Warehouse,33.0,0.5063,Supplier 46,0.0,0.0,0.0
SKU1760,Product 1760,Warehouse,51.0,0.5063,Supplier 46,0.0,0.0,0.0
SKU1761,Product 1761,Warehouse,15.0,0.5063,Supplier 46,0.0,0.0,0.0
SKU1762,Product 1762,Warehouse,51.0,0.5063,Supplier 46,0.0,0.0,0.0
SKU1764,Product 1764,Store A,0.0,0.0,Multiple suppliers,0.0,0.0,0.0
SKU1764,Product 1764,Store B,0.0,0.0,Multiple suppliers,0.0,0.0,0.0
SKU1764,Product 1764,Store C,0.0,0.0,Multiple suppliers,0.0,0.0,0.0
SKU1764,Product 1764,Warehouse,0.0,0.0,Multiple suppliers,0.0,0.0,0.0
SKU1765,Product 1765,Store A,0.0,0.0,Supplier 74,0.0,0.0,0.0
SKU1765,Product 1765,Store B,0.0,0.0,Supplier 74,0.0,0.0,0.0
SKU1765,Product 1765,Store C,0.0,0.0,Supplier 74,0.0,0.0,0.0
SKU1765,Product 1765,Warehouse,0.0,0.0,Supplier 74,0.0,0.0,0.0
SKU1766,Product 1766,Warehouse,0.0,0.0,Multiple suppliers,0.0,0.0,0.0
SKU1767,Product 1767,Store A,1.0,0.6391,Multiple suppliers,0.0,0.0,0.0
SKU1767,Product 1767,Store B,0.0,0.0,Multiple suppliers,0.0,0.0,0.0
SKU1767,Product 1767,Store C,0.0,0.0,Multiple suppliers,0.0,0.0,0.0
SKU1767,Product 1767,Warehouse,0.0,0.0,Multiple suppliers,0.0,0.0,0.0
SKU1768,Product 1768,Warehouse,0.0,0.0,Multiple suppliers,0.0,0.0,0.0
SKU1769,Product 1769,Store A,0.0,0.0,Supplier 74,0.0,0.0,0.0
SKU1769,Product 1769,Store B,0.0,0.0,Supplier 74,0.0,0.0,0.0
SKU1769,Product 1769,Store C,0.0,0.0,Supplier 74,0.0,0.0,0.0
SKU1769,Product 1769,Warehouse,0.0,0.0,Supplier 74,0.0,0.0,0.0
SKU1770,Product 1770,Store A,0.0,0.0,Supplier 74,0.0,0.0,0.0
SKU1770,Product 1770,Store B,0.0,0.0,Supplier 74,0.0,0.0,0.0
SKU1770,Product 1770,Store C,0.0,0.0,Supplier 74,0.0,0.0,0.0
SKU1770,Product 1770,Warehouse,0.0,0.0,Supplier 74,0.0,0.0,0.0
SKU1771,Product 1771,Store A,0.0,0.0,Supplier 74,0.0,0.0,0.0
SKU1771,Product 1771,Store B,0.0,0.0,Supplier 74,0.0,0.0,0.0
SKU1771,Product 1771,Store C,0.0,0.0,Supplier 74,0.0,0.0,0.0
SKU1771,Product 1771,Warehouse,0.0,0.0,Supplier 74,0.0,0.0,0.0
SKU1772,Product 1772,Store A,0.0,0.0,Supplier 74,0.0,0.0,0.0
SKU1772,Product 1772,Store B,0.0,0.0,Supplier 74,0.0,0.0,0.0
SKU1772,Product 1772,Store C,0.0,0.0,Supplier 74,0.0,0.0,0.0
SKU1772,Product 1772,Warehouse,0.0,0.0,Supplier 74,0.0,0.0,0.0
SKU1773,Product 1773,Store A,0.0,0.0,Supplier 74,0.0,0.0,0.0
SKU1773,Product 1773,Store B,0.0,0.0,Supplier 74,0.0,0.0,0.0
SKU1773,Product 1773,Store C,0.0,0.0,Supplier 74,0.0,0.0,0.0
SKU1773,Product 1773,Warehouse,0.0,0.0,Supplier 74,0.0,0.0,0.0
SKU1774,Product 1774,Store A,0.0,0.0,Supplier 74,0.0,0.0,0.0
SKU1774,Product 1774,Store B,0.0,0.0,Supplier 74,0.0,0.0,0.0
SKU1774,Product 1774,Store C,0.0,0.0,Supplier 74,0.0,0.0,0.0
SKU1774,Product 1774,Warehouse,0.0,0.0,Supplier 74,0.0,0.0,0.0
SKU1775,Product 1775,Store A,0.0,0.0,Supplier 74,0.0,0.0,0.0
SKU1775,Product 1775,Store B,0.0,0.0,Supplier 74,0.0,0.0,0.0
SKU1775,Product 1775,Store C,0.0,0.0,Supplier 74,0.0,0.0,0.0
SKU1775,Product 1775,Warehouse,0.0,0.0,Supplier 74,0.0,0.0,0.0
SKU1776,Product 1776,Store A,0.0,0.0,Supplier 74,0.0,0.0,0.0
SKU1776,Product 1776,Store B,0.0,0.0,Supplier 74,0.0,0.0,0.0
SKU1776,Product 1776,Store C,0.0,0.0,Supplier 74,0.0,0.0,0.0
SKU1776,Product 1776,Warehouse,0.0,0.0,Supplier 74,0.0,0.0,0.0
SKU1777,Product 1777,Store A,0.0,0.0,Supplier 74,0.0,0.0,0.0
SKU1777,Product 1777,Store B,0.0,0.0,Supplier 74,0.0,0.0,0.0
SKU1777,Product 1777,Store C,0.0,0.0,Supplier 74,0.0,0.0,0.0
SKU1777,Product 1777,Warehouse,0.0,0.0,Supplier 74,0.0,0.0,0.0
SKU1778,Product 1778,Store A,0.0,0.0,Supplier 74,0.0,0.0,0.0
SKU1778,Product 1778,Store B,0.0,0.0,Supplier 74,0.0,0.0,0.0
SKU1778,Product 1778,Store C,0.0,0.0,Supplier 74,0.0,0.0,0.0
SKU1778,Product 1778,Warehouse,0.0,0.0,Supplier 74,0.0,0.0,0.0
SKU1779,Product 1779,Store A,0.0,0.0,Supplier 42,0.0,0.0,0.0
SKU1779,Product 1779,Store B,0.0,0.0,Supplier 42,0.0,0.0,0.0
SKU1779,Product 1779,Store C,0.0,0.0,Supplier 42,0.0,0.0,0.0
SKU1779,Product 1779,Warehouse,0.0,0.0,Supplier 42,0.0,0.0,0.0
SKU1780,Product 1780,Store A,0.0,0.0,Supplier 42,0.0,0.0,0.0
SKU1780,Product 1780,Store B,0.0,0.0,Supplier 42,0.0,0.0,0.0
SKU1780,Product 1780,Store C,0.0,0.0,Supplier 42,0.0,0.0,0.0
SKU1780,Product 1780,Warehouse,0.0,0.0,Supplier 42,0.0,0.0,0.0
SKU1781,Product 1781,Store A,0.0,0.0,Supplier 42,0.0,0.0,0.0
SKU1781,Product 1781,Store B,0.0,0.0,Supplier 42,0.0,0.0,0.0
SKU1781,Product 1781,Store C,0.0,0.0,Supplier 42,0.0,0.0,0.0
SKU1781,Product 1781,Warehouse,0.0,0.0,Supplier 42,0.0,0.0,0.0
SKU1782,Product 1782,Store A,0.0,0.0,Supplier 42,0.0,0.0,0.0
SKU1782,Product 1782,Store B,0.0,0.0,Supplier 42,0.0,0.0,0.0
SKU1782,Product 1782,Store C,0.0,0.0,Supplier 42,0.0,0.0,0.0
SKU1782,Product 1782,Warehouse,0.0,0.0,Supplier 42,0.0,0.0,0.0
SKU1783,Product 1783,Warehouse,13.0,5.229,Supplier 42,0.0,0.0,0.0
SKU1784,Product 1784,Warehouse,20.0,5.1461,Supplier 42,0.0,0.0,0.0
SKU1785,Product 1785,Warehouse,28.0,4.3991,Supplier 42,0.0,0.0,0.0
SKU1786,Product 1786,Store A,0.0,0.0,Supplier 42,0.0,0.0,0.0
SKU1786,Product 1786,Store B,0.0,0.0,Supplier 42,0.0,0.0,0.0
SKU1786,Product 1786,Store C,0.0,0.0,Supplier 42,0.0,0.0,0.0
SKU1786,Product 1786,Warehouse,0.0,0.0,Supplier 42,0.0,0.0,0.0
SKU1787,Product 1787,Warehouse,139.0,1.2367,Supplier 42,0.0,0.0,0.0
SKU1788,Product 1788,Warehouse,0.0,0.0,Supplier 42,0.0,0.0,0.0
SKU1789,Product 1789,Warehouse,0.0,0.0,Supplier 42,0.0,0.0,0.0
SKU1790,Product 1790,Warehouse,234.0,1.2444,Supplier 42,0.0,0.0,0.0
SKU1791,Product 1791,Warehouse,488.0,0.8051,Supplier 42,0.0,0.0,0.0
SKU1792,Product 1792,Warehouse,477.0,0.7553,Supplier 42,0.0,0.0,0.0
SKU1793,Product 1793,Warehouse,489.0,0.7553,Supplier 42,0.0,0.0,0.0
SKU1794,Product 1794,Warehouse,609.0,0.2988,Supplier 42,0.0,0.0,0.0
SKU1795,Product 1795,Warehouse,0.0,0.0,Multiple suppliers,0.0,0.0,0.0
