period,sku,location,retail_price,retail_price_net,avg_qty,min_qty,max_qty,current_qty,current_retail_value,current_cost_value,unit_cost,purchase_price,product_name,unit,unit_description,stock_group,supplier
2025-05-01,SKU0002,Store C,0.332,0.2678,2.0,2.0,2.0,0.0,0.0,0.0,0.0585,0.0585,Product 0002,TK,TK(14)G,CANDYLAND,Supplier 64
2025-05-01,SKU0005,Warehouse,1.328,1.0709,0.0,0.0,0.0,0.0,0.0,0.0,0.0,0.0,Product 0005,TK,TK(100)G,CANDYLAND,Supplier 42
2025-05-01,SKU0007,Store C,0.581,0.4685,38.258,32.0,42.0,1.0,0.581,0.2094,0.2094,0.2094,Product 0007,TK,TK(35)G,CANDYLAND,Supplier 64
2025-05-01,SKU0015,Store C,2.49,2.0081,0.0,0.0,0.0,0.0,0.0,0.0,0.0,0.0,Product 0015,TK,TK(10)G,CANDYLAND,Supplier 66
2025-05-01,SKU0016,Store A,1.494,1.2048,22.193,16.0,28.0,0.0,0.0,0.0,0.5264,0.5264,Product 0016,TK,TK(80)G,CANDYLAND,Supplier 64
2025-05-01,SKU0025,Store B,1.245,1.0041,2.903,2.0,3.0,0.0,0.0,0.0,0.3591,0.3591,Product 0025,TK,TK(105)ML,CANDYLAND,Supplier 64
2025-05-01,SKU0032,Warehouse,21.497,17.3363,0.0,0.0,0.0,0.0,0.0,0.0,0.0,0.0,Product 0032,TK,TK(955)G,CANDYLAND,Supplier 29
2025-05-01,SKU0041,Store C,3.735,3.0121,7.225,4.0,10.0,0.0,0.0,0.0,1.6602,1.6602,Product 0041,TK,TK(20)G,CANDYLAND,Supplier 66
2025-05-01,SKU0045,Store C,3.735,3.0121,7.096,3.0,12.0,0.0,0.0,0.0,1.6602,1.6602,Product 0045,TK,TK(20)G,CANDYLAND,Supplier 66
2025-05-01,SKU0059,Store A,2.905,2.3428,0.0,0.0,0.0,0.0,0.0,0.0,0.0,0.0,Product 0059,TK,TK(120)G,CANDYLAND,Supplier 66
2025-05-01,SKU0062,Store A,4.897,3.9492,0.0,0.0,0.0,0.0,0.0,0.0,0.0,0.0,Product 0062,TK,TK(97)G,CANDYLAND,Supplier 73
2025-05-01,SKU0066,Store C,0.913,0.7363,3.451,0.0,14.0,0.0,0.0,0.0,0.3736,0.3736,Product 0066,TK,TK(90)G,CANDYLAND,Supplier 68
2025-05-01,SKU0069,Store A,5.395,4.3508,0.0,0.0,0.0,0.0,0.0,0.0,0.0,0.0,Product 0069,TK,TK(77)G,CANDYLAND,Supplier 73
2025-05-01,SKU0070,Store B,1.577,1.2718,0.0,0.0,0.0,17.0,26.809,10.5825,0.0,0.0,Product 0070,TK,TK(30)G,CANDYLAND,Supplier 66
2025-05-01,SKU0073,Store A,1.411,1.1379,0.0,0.0,0.0,0.0,0.0,0.0,0.0,0.0,Product 0073,TK,TK(50)G,CANDYLAND,Supplier 66
2025-05-01,SKU0096,Store A,0.913,0.7363,3.612,0.0,28.0,0.0,0.0,0.0,0.3736,0.3736,Product 0096,TK,TK(90)G,CANDYLAND,Supplier 68
2025-05-01,SKU0101,Store B,1.577,1.2718,0.0,0.0,0.0,0.0,0.0,0.0,0.0,0.0,Product 0101,TK,TK(100)G,CANDYLAND,Supplier 59
2025-05-01,SKU0103,Store A,10.707,8.6347,0.0,0.0,0.0,0.0,0.0,0.0,0.0,0.0,Product 0103,TK,TK(150)G,CANDYLAND,Supplier 73
2025-05-01,SKU0105,Warehouse,0.913,0.7363,0.0,0.0,0.0,28.0,25.564,10.458,0.0,0.0,Product 0105,TK,TK(90)G,CANDYLAND,Supplier 68
2025-05-01,SKU0112,Warehouse,0.913,0.7363,0.0,0.0,0.0,0.0,0.0,0.0,0.0,0.0,Product 0112,TK,TK(100)G,CANDYLAND,Supplier 68
2025-05-01,SKU0119,Store B,1.494,1.2048,0.0,0.0,0.0,14.0,20.916,6.8558,0.0,0.0,Product 0119,TK,TK(80)ML,CANDYLAND,Supplier 05
2025-05-01,SKU0120,Store C,3.071,2.4766,0.0,0.0,0.0,8.0,24.568,11.2216,0.0,0.0,Product 0120,TK,TK(30)G,CANDYLAND,Supplier 05
2025-05-01,SKU0121,Warehouse,1.992,1.6065,0.0,0.0,0.0,96.0,191.232,66.2699,0.0,0.0,Product 0121,TK,TK(10)G,CANDYLAND,Supplier 05
2025-05-01,SKU0122,Store C,1.826,1.4726,0.0,0.0,0.0,8.0,14.608,4.4707,0.0,0.0,Product 0122,TK,TK(17)G,CANDYLAND,Supplier 05
2025-05-01,SKU0122,Warehouse,1.826,1.4726,0.0,0.0,0.0,168.0,306.768,93.885,0.0,0.0,Product 0122,TK,TK(17)G,CANDYLAND,Supplier 05
2025-05-01,SKU0126,Warehouse,1.826,1.4726,0.0,0.0,0.0,0.0,0.0,0.0,0.0,0.0,Product 0126,TK,TK(16)G,CANDYLAND,Supplier 05
2025-05-01,SKU0134,Store C,0.249,0.2008,0.0,0.0,0.0,0.0,0.0,0.0,0.0,0.0,Product 0134,TK,TK(8)G,CANDYLAND,Supplier 36
2025-05-01,SKU0136,Store B,2.656,2.1419,0.0,0.0,0.0,0.0,0.0,0.0,0.0,0.0,Product 0136,TK,TK(750)ML,CANDYLAND,Supplier 59
2025-05-01,SKU0141,Store B,0.996,0.8032,0.0,0.0,0.0,0.0,0.0,0.0,0.0,0.0,Product 0141,TK,TK(330)ML,CANDYLAND,Multiple suppliers
2025-05-01,SKU0141,Store C,0.996,0.8032,0.0,0.0,0.0,0.0,0.0,0.0,0.0,0.0,Product 0141,TK,TK(330)ML,CANDYLAND,Multiple suppliers
2025-05-01,SKU0144,Store C,0.3735,0.3012,10.129,0.0,24.0,19.0,7.0965,2.3387,0.1231,0.1231,Product 0144,TK,TK(19)G,CANDYLAND,Supplier 68
2025-05-01,SKU0148,Store C,0.913,0.7363,24.838,11.0,39.0,27.0,24.651,9.6363,0.3569,0.3569,Product 0148,TK,TK(90)G,CANDYLAND,Supplier 68
2025-05-01,SKU0152,Store B,0.3735,0.3012,15.387,8.0,54.0,90.0,33.615,11.078,0.1231,0.1231,Product 0152,TK,TK(20)G,CANDYLAND,Supplier 68
2025-05-01,SKU0156,Warehouse,0.913,0.7363,70.419,51.0,79.0,154.0,140.602,52.4062,0.3403,0.3403,Product 0156,TK,TK(90)G,CANDYLAND,Supplier 68
2025-05-01,SKU0158,Store A,1.66,1.3387,0.0,0.0,0.0,0.0,0.0,0.0,0.0,0.0,Product 0158,TK,TK(200)G,CANDYLAND,Supplier 59
2025-05-01,SKU0164,Store C,1.494,1.2048,0.0,0.0,0.0,0.0,0.0,0.0,0.0,0.0,Product 0164,TK,TK(200)G,CANDYLAND,Supplier 59
2025-05-01,SKU0180,Store C,0.83,0.6694,0.0,0.0,0.0,0.0,0.0,0.0,0.0,0.0,Product 0180,TK,TK(330)ML,CANDYLAND,Supplier 59
2025-05-01,SKU0187,Store A,2.324,1.8742,0.0,0.0,0.0,0.0,0.0,0.0,0.0,0.0,Product 0187,TK,TK(220)G,CANDYLAND,Supplier 59
2025-05-01,SKU0189,Store A,0.249,0.2008,285.225,272.0,294.0,120.0,29.88,3.1673,0.0264,0.0264,Product 0189,TK,TK(5)G,CANDYLAND,Supplier 68
2025-05-01,SKU0193,Warehouse,1.494,1.2048,0.0,0.0,0.0,0.0,0.0,0.0,0.0,0.0,Product 0193,TK,TK(132)G,CANDYLAND,Supplier 59
2025-05-01,SKU0195,Warehouse,2.324,1.8742,0.0,0.0,0.0,0.0,0.0,0.0,0.0,0.0,Product 0195,TK,TK(126)G,CANDYLAND,Supplier 59
2025-05-01,SKU0197,Store B,2.324,1.8742,0.0,0.0,0.0,0.0,0.0,0.0,0.0,0.0,Product 0197,TK,TK(750)ML,CANDYLAND,Supplier 59
2025-05-01,SKU0200,Warehouse,1.494,1.2048,21.677,0.0,48.0,0.0,0.0,0.0,0.6391,0.6391,Product 0200,TK,TK(85)G,CANDYLAND,Supplier 59
2025-05-01,SKU0202,Warehouse,1.494,1.2048,0.0,0.0,0.0,0.0,0.0,0.0,0.0,0.0,Product 0202,TK,TK(100)G,CANDYLAND,Supplier 59
2025-05-01,SKU0203,Warehouse,0.747,0.6024,0.0,0.0,0.0,0.0,0.0,0.0,0.0,0.0,Product 0203,TK,TK(330)ML,CANDYLAND,Supplier 59
2025-05-01,SKU0215,Store A,1.66,1.3387,0.0,0.0,0.0,0.0,0.0,0.0,0.0,0.0,Product 0215,TK,TK(200)G,CANDYLAND,Supplier 59
2025-05-01,SKU0223,Store C,1.162,0.9371,20.709,19.0,22.0,0.0,0.0,0.0,0.415,0.415,Product 0223,TK,TK(50)ML,CANDYLAND,Supplier 59
2025-05-01,SKU0226,Warehouse,1.162,0.9371,0.0,0.0,0.0,0.0,0.0,0.0,0.0,0.0,Product 0226,TK,TK(20)G,CANDYLAND,Supplier 17
2025-05-01,SKU0229,Store A,2.324,1.8742,0.0,0.0,0.0,0.0,0.0,0.0,0.0,0.0,Product 0229,TK,TK(216)G,CANDYLAND,Supplier 59
2025-05-01,SKU0233,Store A,1.245,1.0041,0.0,0.0,0.0,0.0,0.0,0.0,0.0,0.0,Product 0233,TK,TK(200)G,CANDYLAND,Supplier 59
2025-05-01,SKU0235,Store C,1.328,1.0709,4.451,0.0,12.0,0.0,0.0,0.0,0.6127,0.6127,Product 0235,TK,TK(120)G,CANDYLAND,Supplier 59
2025-05-01,SKU0237,Store B,1.245,1.0041,0.0,0.0,0.0,0.0,0.0,0.0,0.0,0.0,Product 0237,TK,TK(200)G,CANDYLAND,Supplier 59
2025-05-01,SKU0240,Store A,1.162,0.9371,0.0,0.0,0.0,0.0,0.0,0.0,0.0,0.0,Product 0240,TK,TK(32)G,CANDYLAND,Supplier 59
2025-05-01,SKU0241,Store B,1.245,1.0041,5.967,5.0,6.0,0.0,0.0,0.0,0.5894,0.5894,Product 0241,TK,TK(200)G,CANDYLAND,Supplier 59
2025-05-01,SKU0247,Store B,1.577,1.2718,30.419,18.0,43.0,10.0,15.77,6.7902,0.7719,0.7719,Product 0247,TK,TK(46)G,CANDYLAND,Multiple suppliers
2025-05-01,SKU0253,Store A,1.66,1.3387,0.0,0.0,0.0,0.0,0.0,0.0,0.0,0.0,Product 0253,TK,TK(114)G,CANDYLAND,Supplier 59
2025-05-01,SKU0253,Store C,1.66,1.3387,0.225,0.0,2.0,0.0,0.0,0.0,0.5412,0.5412,Product 0253,TK,TK(114)G,CANDYLAND,Supplier 59
2025-05-01,SKU0259,Store A,1.328,1.0709,0.0,0.0,0.0,0.0,0.0,0.0,0.0,0.0,Product 0259,TK,TK(80)G,CANDYLAND,Supplier 59
2025-05-01,SKU0265,Store C,1.245,1.0041,0.0,0.0,0.0,0.0,0.0,0.0,0.0,0.0,Product 0265,TK,TK(160)G,CANDYLAND,Supplier 59
2025-05-01,SKU0270,Store C,2.905,2.3428,3.064,0.0,8.0,0.0,0.0,0.0,1.339,1.339,Product 0270,TK,TK(120)G,CANDYLAND,Supplier 59
2025-05-01,SKU0274,Warehouse,0.8715,0.7028,0.0,0.0,0.0,0.0,0.0,0.0,0.0,0.0,Product 0274,TK,TK(80)G,CANDYLAND,Supplier 59
2025-05-01,SKU0281,Store A,1.328,1.0709,0.0,0.0,0.0,0.0,0.0,0.0,0.0,0.0,Product 0281,TK,TK(114)G,CANDYLAND,Supplier 59
2025-05-01,SKU0291,Warehouse,2.075,1.6734,0.0,0.0,0.0,0.0,0.0,0.0,0.0,0.0,Product 0291,TK,TK(50)G,CANDYLAND,Supplier 66
2025-05-01,SKU0300,Store B,5.81,4.6855,0.0,0.0,0.0,0.0,0.0,0.0,0.0,0.0,Product 0300,TK,TK(149)G,CANDYLAND,Supplier 59
2025-05-01,SKU0303,Store B,1.494,1.2048,0.0,0.0,0.0,0.0,0.0,0.0,0.0,0.0,Product 0303,TK,TK(70)G,CANDYLAND,Supplier 59
2025-05-01,SKU0311,Store B,1.162,0.9371,0.0,0.0,0.0,0.0,0.0,0.0,0.0,0.0,Product 0311,TK,TK(70)ML,CANDYLAND,Supplier 59
2025-05-01,SKU0319,Store A,1.411,1.1379,10.0,10.0,10.0,0.0,0.0,0.0,0.6374,0.6374,Product 0319,TK,TK(150)G,CANDYLAND,Supplier 33
2025-05-01,SKU0322,Warehouse,1.411,1.1379,0.0,0.0,0.0,0.0,0.0,0.0,0.0,0.0,Product 0322,TK,TK(125)G,CANDYLAND,Supplier 33
2025-05-01,SKU0323,Store C,1.411,1.1379,0.0,0.0,0.0,0.0,0.0,0.0,0.0,0.0,Product 0323,TK,TK(150)G,CANDYLAND,Supplier 33
2025-05-01,SKU0334,Store C,1.245,1.0041,0.0,0.0,0.0,0.0,0.0,0.0,0.0,0.0,Product 0334,TK,TK(200)G,CANDYLAND,Supplier 59
2025-05-01,SKU0335,Store B,1.245,1.0041,0.0,0.0,0.0,0.0,0.0,0.0,0.0,0.0,Product 0335,TK,TK(200)G,CANDYLAND,Supplier 59
2025-05-01,SKU0341,Store C,1.411,1.1379,0.0,0.0,0.0,0.0,0.0,0.0,0.0,0.0,Product 0341,TK,TK(114)G,CANDYLAND,Supplier 59
2025-05-01,SKU0342,Warehouse,2.49,2.0081,0.0,0.0,0.0,0.0,0.0,0.0,0.0,0.0,Product 0342,TK,TK(141)G,CANDYLAND,Supplier 59
2025-05-01,SKU0345,Warehouse,0.996,0.8032,0.0,0.0,0.0,0.0,0.0,0.0,0.0,0.0,Product 0345,TK,TK(30)G,CANDYLAND,Supplier 59
2025-05-01,SKU0350,Store B,1.328,1.0709,0.0,0.0,0.0,0.0,0.0,0.0,0.0,0.0,Product 0350,TK,TK(50)G,CANDYLAND,Supplier 59
2025-05-01,SKU0351,Store C,1.245,1.0041,0.0,0.0,0.0,0.0,0.0,0.0,0.0,0.0,Product 0351,TK,TK(160)G,CANDYLAND,Supplier 59
2025-05-01,SKU0359,Store B,2.49,2.0081,0.0,0.0,0.0,0.0,0.0,0.0,0.0,0.0,Product 0359,TK,TK(350)ML,CANDYLAND,Supplier 59
2025-05-01,SKU0364,Store A,1.245,1.0041,0.0,0.0,0.0,0.0,0.0,0.0,0.0,0.0,Product 0364,TK,TK(160)G,CANDYLAND,Supplier 59
2025-05-01,SKU0376,Store B,2.3987,1.9344,0.0,0.0,0.0,0.0,0.0,0.0,0.0,0.0,Product 0376,TK,TK(102)G,CANDYLAND,Multiple suppliers
2025-05-01,SKU0380,Store C,2.905,2.3428,0.0,0.0,0.0,0.0,0.0,0.0,0.0,0.0,Product 0380,TK,TK(195)G,CANDYLAND,Supplier 59
2025-05-01,SKU0380,Warehouse,2.905,2.3428,0.0,0.0,0.0,0.0,0.0,0.0,0.0,0.0,Product 0380,TK,TK(195)G,CANDYLAND,Supplier 59
2025-05-01,SKU0393,Warehouse,0.415,0.3347,0.0,0.0,0.0,0.0,0.0,0.0,0.0,0.0,Product 0393,TK,TK(40)G,CANDYLAND,Supplier 59
2025-05-01,SKU0394,Warehouse,0.415,0.3347,0.0,0.0,0.0,0.0,0.0,0.0,0.0,0.0,Product 0394,TK,TK(35)G,CANDYLAND,Supplier 59
2025-05-01,SKU0397,Warehouse,0.415,0.3347,0.0,0.0,0.0,0.0,0.0,0.0,0.0,0.0,Product 0397,TK,TK(40)G,CANDYLAND,Supplier 59
2025-05-01,SKU0409,Store A,1.245,1.0041,0.0,0.0,0.0,0.0,0.0,0.0,0.0,0.0,Product 0409,TK,TK(160)G,CANDYLAND,Supplier 59
2025-05-01,SKU0417,Store A,2.49,2.0081,0.0,0.0,0.0,0.0,0.0,0.0,0.0,0.0,Product 0417,TK,TK(132)G,CANDYLAND,Multiple suppliers
2025-05-01,SKU0423,Store C,0.9545,0.7697,0.0,0.0,0.0,0.0,0.0,0.0,0.0,0.0,Product 0423,TK,TK(240)ML,CANDYLAND,Supplier 59
2025-05-01,SKU0424,Store A,0.9545,0.7697,0.0,0.0,0.0,0.0,0.0,0.0,0.0,0.0,Product 0424,TK,TK(240)ML,CANDYLAND,Supplier 59
2025-05-01,SKU0427,Store C,2.49,2.0081,0.0,0.0,0.0,0.0,0.0,0.0,0.0,0.0,Product 0427,TK,TK(132)G,CANDYLAND,Multiple suppliers
2025-05-01,SKU0442,Warehouse,2.49,2.0081,0.0,0.0,0.0,0.0,0.0,0.0,0.0,0.0,Product 0442,TK,TK(75)G,CANDYLAND,Supplier 59
2025-05-01,SKU0443,Warehouse,2.656,2.1419,0.0,0.0,0.0,0.0,0.0,0.0,0.0,0.0,Product 0443,TK,TK(100)G,CANDYLAND,Supplier 59
2025-05-01,SKU0449,Store C,1.162,0.9371,4.903,0.0,10.0,0.0,0.0,0.0,0.3245,0.3245,Product 0449,TK,TK(60)ML,CANDYLAND,Multiple suppliers
2025-05-01,SKU0450,Warehouse,1.66,1.3387,0.0,0.0,0.0,0.0,0.0,0.0,0.0,0.0,Product 0450,TK,TK(115)G,CANDYLAND,Supplier 59
2025-05-01,SKU0461,Store B,1.494,1.2048,3.354,3.0,4.0,0.0,0.0,0.0,0.4649,0.4649,Product 0461,TK,TK(98)G,CANDYLAND,Supplier 59
2025-05-01,SKU0464,Store B,1.328,1.0709,0.0,0.0,0.0,0.0,0.0,0.0,0.0,0.0,Product 0464,TK,TK(184)G,CANDYLAND,Supplier 59
2025-05-01,SKU0467,Store C,1.328,1.0709,0.0,0.0,0.0,0.0,0.0,0.0,0.0,0.0,Product 0467,TK,TK(150)G,CANDYLAND,Supplier 59
2025-05-01,SKU0476,Store C,1.162,0.9371,11.967,9.0,21.0,0.0,0.0,0.0,0.5135,0.5135,Product 0476,TK,TK(30)G,CANDYLAND,Supplier 59
2025-05-01,SKU0478,Store B,1.162,0.9371,0.0,0.0,0.0,0.0,0.0,0.0,0.0,0.0,Product 0478,TK,TK(18)G,CANDYLAND,Supplier 59
2025-05-01,SKU0484,Store A,2.905,2.3428,0.0,0.0,0.0,0.0,0.0,0.0,0.0,0.0,Product 0484,TK,TK(115)G,CANDYLAND,Supplier 59
2025-05-01,SKU0484,Store C,2.905,2.3428,0.0,0.0,0.0,0.0,0.0,0.0,0.0,0.0,Product 0484,TK,TK(115)G,CANDYLAND,Supplier 59
2025-05-01,SKU0487,Store C,1.245,1.0041,19.774,10.0,34.0,0.0,0.0,0.0,0.498,0.498,Product 0487,TK,TK(40)G,CANDYLAND,Supplier 59
2025-05-01,SKU0489,Warehouse,0.996,0.8032,0.0,0.0,0.0,0.0,0.0,0.0,0.0,0.0,Product 0489,TK,TK(3)G,CANDYLAND,Supplier 59
2025-05-01,SKU0492,Warehouse,1.494,1.2048,0.0,0.0,0.0,0.0,0.0,0.0,0.0,0.0,Product 0492,TK,TK(20)G,CANDYLAND,Supplier 59
2025-05-01,SKU0498,Store A,1.162,0.9371,31.032,29.0,35.0,0.0,0.0,0.0,0.3547,0.3547,Product 0498,TK,TK(8)G,CANDYLAND,Supplier 59
2025-05-01,SKU0498,Store B,1.162,0.9371,23.709,15.0,29.0,0.0,0.0,0.0,0.2905,0.2905,Product 0498,TK,TK(8)G,CANDYLAND,Supplier 59
2025-05-01,SKU0502,Warehouse,1.66,1.3387,0.0,0.0,0.0,0.0,0.0,0.0,0.0,0.0,Product 0502,TK,TK(114)G,CANDYLAND,Supplier 59
2025-05-01,SKU0506,Store C,1.577,1.2718,5.096,3.0,7.0,0.0,0.0,0.0,0.7139,0.7139,Product 0506,TK,TK(150)G,CANDYLAND,Supplier 59
2025-05-01,SKU0509,Store C,1.992,1.6065,19.161,1.0,37.0,7.0,13.944,5.326,0.6432,0.6432,Product 0509,TK,TK(140)G,CANDYLAND,Supplier 57
2025-05-01,SKU0514,Warehouse,0.996,0.8032,4.838,0.0,10.0,0.0,0.0,0.0,0.3155,0.3155,Product 0514,TK,TK(80)G,CANDYLAND,Supplier 59
2025-05-01,SKU0516,Warehouse,0.996,0.8032,3.387,0.0,7.0,0.0,0.0,0.0,0.3154,0.3154,Product 0516,TK,TK(80)G,CANDYLAND,Supplier 59
2025-05-01,SKU0520,Store A,1.494,1.2048,10.612,8.0,11.0,0.0,0.0,0.0,0.606,0.606,Product 0520,TK,TK(160)G,CANDYLAND,Supplier 59
2025-05-01,SKU0523,Store C,2.158,1.7403,1.903,0.0,3.0,0.0,0.0,0.0,1.0625,1.0625,Product 0523,TK,TK(105)G,CANDYLAND,Supplier 59
2025-05-01,SKU0530,Store B,0.996,0.8032,12.258,8.0,18.0,0.0,0.0,0.0,0.3735,0.3735,Product 0530,TK,TK(90)G,CANDYLAND,Supplier 59
2025-05-01,SKU0531,Store A,2.49,2.0081,16.161,9.0,24.0,0.0,0.0,0.0,1.1952,1.1952,Product 0531,TK,TK(125)G,CANDYLAND,Supplier 59
2025-05-01,SKU0534,Store B,1.162,0.9371,11.548,11.0,12.0,4.0,4.648,2.2244,0.5561,0.5561,Product 0534,TK,TK(150)G,CANDYLAND,Supplier 59
2025-05-01,SKU0538,Store A,1.328,1.0709,0.0,0.0,0.0,0.0,0.0,0.0,0.0,0.0,Product 0538,TK,TK(110)G,CANDYLAND,Supplier 59
2025-05-01,SKU0542,Store A,2.075,1.6734,1.548,0.0,12.0,0.0,0.0,0.0,0.9879,0.9879,Product 0542,TK,TK(150)G,CANDYLAND,Supplier 59
2025-05-01,SKU0543,Store B,1.494,1.2048,4.419,0.0,16.0,0.0,0.0,0.0,0.689,0.689,Product 0543,TK,TK(12)G,CANDYLAND,Supplier 59
2025-05-01,SKU0548,Store A,1.826,1.4726,0.0,0.0,0.0,0.0,0.0,0.0,0.0,0.0,Product 0548,TK,TK(150)G,CANDYLAND,Supplier 59
2025-05-01,SKU0548,Warehouse,1.826,1.4726,0.0,0.0,0.0,0.0,0.0,0.0,0.0,0.0,Product 0548,TK,TK(150)G,CANDYLAND,Supplier 59
2025-05-01,SKU0555,Store C,15.687,12.6508,0.0,0.0,0.0,0.0,0.0,0.0,0.0,0.0,Product 0555,TK,TK(200)G,CANDYLAND,Supplier 29
2025-05-01,SKU0557,Store A,1.992,1.6065,0.0,0.0,0.0,0.0,0.0,0.0,0.0,0.0,Product 0557,TK,TK(150)G,CANDYLAND,Supplier 26
2025-05-01,SKU0558,Store C,1.992,1.6065,0.0,0.0,0.0,0.0,0.0,0.0,0.0,0.0,Product 0558,TK,TK(150)G,CANDYLAND,Supplier 26
2025-05-01,SKU0570,Store B,11.5785,9.3375,0.0,0.0,0.0,0.0,0.0,0.0,0.0,0.0,Product 0570,TK,TK(105)G,CANDYLAND,Unknown supplier
2025-05-01,SKU0573,Store A,3.2785,2.644,0.0,0.0,0.0,0.0,0.0,0.0,0.0,0.0,Product 0573,TK,TK(43)G,CANDYLAND,Unknown supplier
2025-05-01,SKU0574,Store B,8.217,6.6266,0.0,0.0,0.0,0.0,0.0,0.0,0.0,0.0,Product 0574,TK,TK(250)G,CANDYLAND,Supplier 54
2025-05-01,SKU0576,Warehouse,0.332,0.2678,0.0,0.0,0.0,0.0,0.0,0.0,0.0,0.0,Product 0576,TK,TK(25)G,CANDYLAND,Supplier 64
2025-05-01,SKU0578,Store B,0.996,0.8032,0.0,0.0,0.0,0.0,0.0,0.0,0.0,0.0,Product 0578,TK,TK(40)G,CANDYLAND,Supplier 64
2025-05-01,SKU0580,Store B,2.241,1.8072,0.0,0.0,0.0,0.0,0.0,0.0,0.0,0.0,Product 0580,TK,TK(280)G,CANDYLAND,Supplier 17
2025-05-01,SKU0584,Store B,1.66,1.3387,0.0,0.0,0.0,0.0,0.0,0.0,0.0,0.0,Product 0584,TK,"TK(115,5)G",CANDYLAND,Supplier 17
2025-05-01,SKU0590,Warehouse,8.217,6.6266,0.0,0.0,0.0,0.0,0.0,0.0,0.0,0.0,Product 0590,TK,TK(195)G,CANDYLAND,Supplier 54
2025-05-01,SKU0610,Store A,1.162,0.9371,0.0,0.0,0.0,0.0,0.0,0.0,0.0,0.0,Product 0610,TK,TK(180)G,CANDYLAND,Supplier 17
2025-05-01,SKU0615,Warehouse,1.162,0.9371,0.0,0.0,0.0,0.0,0.0,0.0,0.0,0.0,Product 0615,TK,TK(150)G,CANDYLAND,Supplier 17
2025-05-01,SKU0630,Store C,0.83,0.6694,19.193,11.0,35.0,0.0,0.0,0.0,0.3604,0.3604,Product 0630,TK,TK(23)G,CANDYLAND,Supplier 16
2025-05-01,SKU0641,Store B,2.656,2.1419,14.677,4.0,21.0,0.0,0.0,0.0,1.2284,1.2284,Product 0641,TK,TK(94)G,CANDYLAND,Supplier 16
2025-05-01,SKU0649,Store C,2.075,1.6734,1.354,0.0,5.0,0.0,0.0,0.0,0.9966,0.9966,Product 0649,TK,TK(250)ML,CANDYLAND,Supplier 16
2025-05-01,SKU0654,Warehouse,1.826,1.4726,0.0,0.0,0.0,168.0,306.768,64.4213,0.0,0.0,Product 0654,TK,TK(17)G,CANDYLAND,Supplier 02
2025-05-01,SKU0658,Store A,0.83,0.6694,0.0,0.0,0.0,0.0,0.0,0.0,0.0,0.0,Product 0658,TK,"TK(15,6)G",CANDYLAND,Supplier 16
2025-05-01,SKU0658,Store C,0.83,0.6694,0.0,0.0,0.0,1.0,0.83,0.2716,0.0,0.0,Product 0658,TK,"TK(15,6)G",CANDYLAND,Supplier 16
2025-05-01,SKU0663,Store A,2.075,1.6734,0.0,0.0,0.0,0.0,0.0,0.0,0.0,0.0,Product 0663,TK,TK(90)G,CANDYLAND,Supplier 16
2025-05-01,SKU0683,Store A,1.66,1.3387,3.838,3.0,6.0,0.0,0.0,0.0,0.5217,0.5217,Product 0683,TK,TK(120)G,CANDYLAND,Supplier 02
2025-05-01,SKU0684,Store C,1.66,1.3387,11.064,7.0,16.0,0.0,0.0,0.0,0.5215,0.5215,Product 0684,TK,TK(120)G,CANDYLAND,Supplier 02
2025-05-01,SKU0685,Store B,9.047,7.2959,0.0,0.0,0.0,0.0,0.0,0.0,0.0,0.0,Product 0685,TK,TK(1250)G,CANDYLAND,Supplier 32
2025-05-01,SKU0688,Store B,1.494,1.2048,25.645,13.0,43.0,22.0,32.868,7.8883,0.3586,0.3586,Product 0688,TK,TK(120)G,CANDYLAND,Multiple suppliers
2025-05-01,SKU0690,Store A,0.996,0.8032,0.0,0.0,0.0,0.0,0.0,0.0,0.0,0.0,Product 0690,TK,TK(40)G,CANDYLAND,Supplier 02
2025-05-01,SKU0697,Store C,1.079,0.8702,0.0,0.0,0.0,0.0,0.0,0.0,0.0,0.0,Product 0697,TK,TK(15)G,CANDYLAND,Supplier 64
2025-05-01,SKU0707,Warehouse,0.415,0.3347,700.967,670.0,718.0,0.0,0.0,0.0,0.1743,0.1743,Product 0707,TK,TK(200)ML,CANDYLAND,Supplier 59
2025-05-01,SKU0708,Store B,0.996,0.8032,14.258,12.0,19.0,0.0,0.0,0.0,0.366,0.366,Product 0708,TK,TK(15)ML,CANDYLAND,Supplier 02
2025-05-01,SKU0713,Store C,1.245,1.0041,17.741,4.0,38.0,0.0,0.0,0.0,0.3071,0.3071,Product 0713,TK,TK(60)ML,CANDYLAND,Supplier 02
2025-05-01,SKU0717,Store A,9.9185,7.9988,0.0,0.0,0.0,0.0,0.0,0.0,0.0,0.0,Product 0717,TK,TK(200)G,CANDYLAND,Supplier 27
2025-05-01,SKU0726,Store A,2.407,1.9411,0.0,0.0,0.0,7.0,16.849,6.0715,0.0,0.0,Product 0726,TK,TK(150)G,CANDYLAND,Supplier 49
2025-05-01,SKU0739,Warehouse,3.735,3.0121,0.0,0.0,0.0,0.0,0.0,0.0,0.0,0.0,Product 0739,TK,TK(250)G,CANDYLAND,Supplier 38
2025-05-01,SKU0741,Store B,3.735,3.0121,3.096,0.0,5.0,0.0,0.0,0.0,1.76,1.76,Product 0741,TK,TK(250)G,CANDYLAND,Supplier 38
2025-05-01,SKU0766,Store C,3.32,2.6774,0.0,0.0,0.0,0.0,0.0,0.0,0.0,0.0,Product 0766,TK,TK(150)G,CANDYLAND,Supplier 32
2025-05-01,SKU0789,Store C,1.2035,0.9706,0.0,0.0,0.0,0.0,0.0,0.0,0.0,0.0,Product 0789,TK,TK(330)ML,CANDYLAND,Supplier 10
2025-05-01,SKU0790,Store C,2.075,1.6734,0.0,0.0,0.0,0.0,0.0,0.0,0.0,0.0,Product 0790,TK,TK(600)G,CANDYLAND,Supplier 72
2025-05-01,SKU0794,Store B,1.328,1.0709,0.0,0.0,0.0,0.0,0.0,0.0,0.0,0.0,Product 0794,TK,TK(90)G,CANDYLAND,Supplier 32
2025-05-01,SKU0795,Warehouse,0.913,0.7363,0.0,0.0,0.0,0.0,0.0,0.0,0.0,0.0,Product 0795,TK,TK(80)G,CANDYLAND,Supplier 32
2025-05-01,SKU0820,Warehouse,2.158,1.7403,0.0,0.0,0.0,0.0,0.0,0.0,0.0,0.0,Product 0820,TK,TK(138)G,CANDYLAND,Unknown supplier
2025-05-01,SKU0826,Store A,2.49,2.0081,0.0,0.0,0.0,5.0,12.45,5.3535,0.0,0.0,Product 0826,TK,TK(50)G,CANDYLAND,Supplier 44
2025-05-01,SKU0834,Store B,0.83,0.6694,0.0,0.0,0.0,0.0,0.0,0.0,0.0,0.0,Product 0834,TK,TK(10)G,CANDYLAND,Supplier 51
2025-05-01,SKU0839,Store A,0.249,0.2008,0.0,0.0,0.0,135.0,33.615,12.5496,0.0,0.0,Product 0839,TK,TK(18)G,CANDYLAND,Supplier 02
2025-05-01,SKU0839,Store B,0.249,0.2008,0.0,0.0,0.0,171.0,42.579,15.8962,0.0,0.0,Product 0839,TK,TK(18)G,CANDYLAND,Supplier 02
2025-05-01,SKU0844,Warehouse,1.411,1.1379,54.967,48.0,72.0,0.0,0.0,0.0,0.5395,0.5395,Product 0844,TK,TK(320)ML,CANDYLAND,Supplier 03
2025-05-01,SKU0845,Store C,1.411,1.1379,26.967,25.0,31.0,0.0,0.0,0.0,0.5395,0.5395,Product 0845,TK,TK(320)ML,CANDYLAND,Supplier 03
2025-05-01,SKU0846,Store B,1.411,1.1379,26.225,26.0,27.0,0.0,0.0,0.0,0.5395,0.5395,Product 0846,TK,TK(320)ML,CANDYLAND,Supplier 03
2025-05-01,SKU0847,Store A,0.996,0.8032,0.0,0.0,0.0,0.0,0.0,0.0,0.0,0.0,Product 0847,TK,TK(320)ML,CANDYLAND,Supplier 03
2025-05-01,SKU0847,Warehouse,0.996,0.8032,40.0,40.0,40.0,0.0,0.0,0.0,0.5395,0.5395,Product 0847,TK,TK(320)ML,CANDYLAND,Supplier 03
2025-05-01,SKU0855,Warehouse,8.217,6.6266,0.0,0.0,0.0,0.0,0.0,0.0,0.0,0.0,Product 0855,TK,TK(200)G,CANDYLAND,Supplier 58
2025-05-01,SKU0856,Warehouse,8.217,6.6266,0.0,0.0,0.0,0.0,0.0,0.0,0.0,0.0,Product 0856,TK,TK(200)G,CANDYLAND,Supplier 58
2025-05-01,SKU0864,Warehouse,1.66,1.3387,0.0,0.0,0.0,0.0,0.0,0.0,0.0,0.0,Product 0864,KG,KG(1000)G,CANDYLAND,Supplier 69
2025-05-01,SKU0871,Store A,5.976,4.8194,0.0,0.0,0.0,0.0,0.0,0.0,0.0,0.0,Product 0871,TK,TK(450)G,CANDYLAND,Supplier 19
2025-05-01,SKU0871,Store B,5.976,4.8194,0.0,0.0,0.0,0.0,0.0,0.0,0.0,0.0,Product 0871,TK,TK(450)G,CANDYLAND,Supplier 19
2025-05-01,SKU0878,Store B,0.498,0.4016,0.0,0.0,0.0,29.0,14.442,5.7768,0.0,0.0,Product 0878,TK,TK(20)G,CANDYLAND,Supplier 19
2025-05-01,SKU0880,Store A,0.083,0.0669,0.0,0.0,0.0,0.0,0.0,0.0,0.0,0.0,Product 0880,TK,"TK(7,5)G",CANDYLAND,Supplier 69
2025-05-01,SKU0882,Store B,0.249,0.2008,0.0,0.0,0.0,86.0,21.414,6.7383,0.0,0.0,Product 0882,TK,TK(15)G,CANDYLAND,Supplier 69
2025-05-01,SKU0886,Store A,1.162,0.9371,0.0,0.0,0.0,22.0,25.564,5.2954,0.0,0.0,Product 0886,TK,TK(42)G,CANDYLAND,Supplier 02
2025-05-01,SKU0889,Warehouse,0.581,0.4685,0.0,0.0,0.0,720.0,418.32,125.496,0.0,0.0,Product 0889,TK,TK(40)G,CANDYLAND,Supplier 02
2025-05-01,SKU0891,Warehouse,1.162,0.9371,0.0,0.0,0.0,456.0,529.872,166.1527,0.0,0.0,Product 0891,TK,TK(57)G,CANDYLAND,Supplier 02
2025-05-01,SKU0892,Warehouse,1.328,1.0709,0.0,0.0,0.0,0.0,0.0,0.0,0.0,0.0,Product 0892,TK,TK(160)G,CANDYLAND,Supplier 02
2025-05-01,SKU0893,Store A,5.727,4.6185,0.0,0.0,0.0,0.0,0.0,0.0,0.0,0.0,Product 0893,TK,TK(920)G,CANDYLAND,Unknown supplier
2025-05-01,SKU0903,Store C,1.162,0.9371,0.0,0.0,0.0,0.0,0.0,0.0,0.0,0.0,Product 0903,TK,TK(60)ML,CANDYLAND,Supplier 64
2025-05-01,SKU0904,Store A,9.047,7.2959,10.451,10.0,12.0,0.0,0.0,0.0,4.0913,4.0913,Product 0904,TK,TK(320)G,CANDYLAND,Supplier 29
2025-05-01,SKU0908,Warehouse,0.415,0.3347,0.0,0.0,0.0,0.0,0.0,0.0,0.0,0.0,Product 0908,TK,TK(25)ML,CANDYLAND,Supplier 64
2025-05-01,SKU0921,Store A,1.162,0.9371,0.0,0.0,0.0,0.0,0.0,0.0,0.0,0.0,Product 0921,TK,TK(80)G,CANDYLAND,Supplier 64
2025-05-01,SKU0924,Store A,0.2075,0.1673,0.0,0.0,0.0,10.0,2.075,1.0035,0.0,0.0,Product 0924,TK,"TK(6,5)G",CANDYLAND,Supplier 69
2025-05-01,SKU0926,Store B,0.3735,0.3012,0.0,0.0,0.0,31.0,11.5785,2.8869,0.0,0.0,Product 0926,TK,"TK(18,7)G",CANDYLAND,Unknown supplier
2025-05-01,SKU0936,Warehouse,9.0885,7.3294,0.0,0.0,0.0,0.0,0.0,0.0,0.0,0.0,Product 0936,TK,TK(48)G,CANDYLAND,Supplier 62
2025-05-01,SKU0938,Store C,18.2185,14.6923,0.0,0.0,0.0,0.0,0.0,0.0,0.0,0.0,Product 0938,TK,TK(110)G,CANDYLAND,Supplier 62
2025-05-01,SKU0939,Store B,22.3685,18.0391,0.0,0.0,0.0,8.0,178.948,92.5616,0.0,0.0,Product 0939,TK,"TK(18,5)G",CANDYLAND,Supplier 62
2025-05-01,SKU0947,Warehouse,2.075,1.6734,28.0,28.0,28.0,0.0,0.0,0.0,0.415,0.415,Product 0947,TK,TK(60)G,CANDYLAND,Supplier 59
2025-05-01,SKU0953,Store B,2.407,1.9411,0.0,0.0,0.0,15.0,36.105,13.0102,0.0,0.0,Product 0953,TK,TK(150)G,CANDYLAND,Supplier 49
2025-05-01,SKU0965,Warehouse,0.4067,0.328,0.0,0.0,0.0,0.0,0.0,0.0,0.0,0.0,Product 0965,TK,TK(20)G,CANDYLAND,Supplier 15
2025-05-01,SKU0966,Store C,3.32,2.6774,0.0,0.0,0.0,0.0,0.0,0.0,0.0,0.0,Product 0966,TK,TK(225)G,CANDYLAND,Supplier 71
2025-05-01,SKU0971,Store C,2.905,2.3428,0.0,0.0,0.0,0.0,0.0,0.0,0.0,0.0,Product 0971,TK,TK(182)G,CANDYLAND,Supplier 71
2025-05-01,SKU0981,Warehouse,0.664,0.5355,0.0,0.0,0.0,20.0,13.28,5.81,0.0,0.0,Product 0981,TK,TK(100)G,CANDYLAND,Supplier 22
2025-05-01,SKU0990,Warehouse,1.328,1.0709,0.0,0.0,0.0,0.0,0.0,0.0,0.0,0.0,Product 0990,TK,TK(125)G,CANDYLAND,Supplier 46
2025-05-01,SKU1002,Warehouse,1.245,1.0041,0.0,0.0,0.0,0.0,0.0,0.0,0.0,0.0,Product 1002,TK,TK(48)G,CANDYLAND,Supplier 19
2025-05-01,SKU1007,Store B,0.996,0.8032,5.064,0.0,32.0,0.0,0.0,0.0,0.5396,0.5396,Product 1007,TK,TK(450)ML,CANDYLAND,Supplier 03
2025-05-01,SKU1014,Store B,1.162,0.9371,19.193,18.0,21.0,0.0,0.0,0.0,0.415,0.415,Product 1014,TK,TK(500)ML,CANDYLAND,Supplier 03
2025-05-01,SKU1017,Store C,0.747,0.6024,0.0,0.0,0.0,0.0,0.0,0.0,0.0,0.0,Product 1017,TK,TK(330)ML,CANDYLAND,Supplier 03
2025-05-01,SKU1019,Store A,0.747,0.6024,0.0,0.0,0.0,0.0,0.0,0.0,0.0,0.0,Product 1019,TK,TK(330)ML,CANDYLAND,Supplier 03
2025-05-01,SKU1019,Warehouse,0.747,0.6024,0.0,0.0,0.0,0.0,0.0,0.0,0.0,0.0,Product 1019,TK,TK(330)ML,CANDYLAND,Supplier 03
2025-05-01,SKU1026,Store A,0.747,0.6024,0.0,0.0,0.0,7.0,5.229,2.324,0.0,0.0,Product 1026,TK,TK(100)G,CANDYLAND,Supplier 11
2025-05-01,SKU1026,Store B,0.747,0.6024,0.0,0.0,0.0,9.0,6.723,2.988,0.0,0.0,Product 1026,TK,TK(100)G,CANDYLAND,Supplier 11
2025-05-01,SKU1027,Store A,0.747,0.6024,0.0,0.0,0.0,0.0,0.0,0.0,0.0,0.0,Product 1027,TK,TK(100)G,CANDYLAND,Supplier 11
2025-05-01,SKU1028,Warehouse,1.162,0.9371,0.0,0.0,0.0,0.0,0.0,0.0,0.0,0.0,Product 1028,TK,TK(150)G,CANDYLAND,Supplier 11
2025-05-01,SKU1030,Warehouse,0.913,0.7363,0.0,0.0,0.0,0.0,0.0,0.0,0.0,0.0,Product 1030,TK,TK(130)G,CANDYLAND,Supplier 69
2025-05-01,SKU1039,Store C,4.399,3.5476,0.0,0.0,0.0,3.0,13.197,5.4531,0.0,0.0,Product 1039,TK,TK(120)G,CANDYLAND,Supplier 28
2025-05-01,SKU1044,Store C,2.656,2.1419,0.0,0.0,0.0,0.0,0.0,0.0,0.0,0.0,Product 1044,TK,TK(750)ML,CANDYLAND,Supplier 03
2025-05-01,SKU1069,Store C,1.328,1.0709,0.0,0.0,0.0,25.0,33.2,10.1509,0.0,0.0,Product 1069,TK,TK(75)G,CANDYLAND,Supplier 02
2025-05-01,SKU1082,Store B,1.245,1.0041,14.645,13.0,16.0,0.0,0.0,0.0,0.3735,0.3735,Product 1082,TK,TK(50)G,CANDYLAND,Supplier 02
2025-05-01,SKU1083,Store C,0.2075,0.1673,0.0,0.0,0.0,0.0,0.0,0.0,0.0,0.0,Product 1083,TK,TK(10)G,CANDYLAND,Supplier 02
2025-05-01,SKU1096,Store B,1.494,1.2048,0.0,0.0,0.0,15.0,22.41,6.225,0.0,0.0,Product 1096,TK,TK(40)G,CANDYLAND,Supplier 09
2025-05-01,SKU1097,Store C,2.49,2.0081,0.0,0.0,0.0,8.0,19.92,8.8969,0.0,0.0,Product 1097,TK,TK(5)G,CANDYLAND,Supplier 09
2025-05-01,SKU1098,Store A,1.328,1.0709,0.0,0.0,0.0,0.0,0.0,0.0,0.0,0.0,Product 1098,TK,TK(46)G,CANDYLAND,Supplier 09
2025-05-01,SKU1104,Store C,0.7885,0.6359,0.0,0.0,0.0,0.0,0.0,0.0,0.0,0.0,Product 1104,TK,TK(15)G,CANDYLAND,Supplier 64
2025-05-01,SKU1110,Store A,0.747,0.6024,0.0,0.0,0.0,0.0,0.0,0.0,0.0,0.0,Product 1110,TK,TK(75)G,CANDYLAND,Supplier 41
2025-05-01,SKU1118,Store B,3.32,2.6774,0.0,0.0,0.0,0.0,0.0,0.0,0.0,0.0,Product 1118,TK,TK(125)G,CANDYLAND,Supplier 26
2025-05-01,SKU1124,Store A,2.49,2.0081,0.0,0.0,0.0,0.0,0.0,0.0,0.0,0.0,Product 1124,TK,TK(100)G,CANDYLAND,Supplier 26
2025-05-01,SKU1125,Store C,3.32,2.6774,0.0,0.0,0.0,0.0,0.0,0.0,0.0,0.0,Product 1125,TK,TK(125)G,CANDYLAND,Supplier 26
2025-05-01,SKU1131,Store C,6.0175,4.8528,0.0,0.0,0.0,0.0,0.0,0.0,0.0,0.0,Product 1131,TK,TK(250)G,CANDYLAND,Supplier 26
2025-05-01,SKU1135,Store C,13.28,10.7097,0.0,0.0,0.0,0.0,0.0,0.0,0.0,0.0,Product 1135,TK,TK(400)G,CANDYLAND,Supplier 26
2025-05-01,SKU1147,Warehouse,2.656,2.1419,0.0,0.0,0.0,0.0,0.0,0.0,0.0,0.0,Product 1147,TK,TK(150)G,CANDYLAND,Supplier 26
2025-05-01,SKU1149,Store C,2.407,1.9411,0.0,0.0,0.0,0.0,0.0,0.0,0.0,0.0,Product 1149,TK,TK(165)G,CANDYLAND,Supplier 26
2025-05-01,SKU1153,Warehouse,14.027,11.3121,0.0,0.0,0.0,0.0,0.0,0.0,0.0,0.0,Product 1153,TK,TK(745)G,CANDYLAND,Supplier 34
2025-05-01,SKU1156,Warehouse,2.656,2.1419,0.0,0.0,0.0,0.0,0.0,0.0,0.0,0.0,Product 1156,TK,TK(125)G,CANDYLAND,Supplier 26
2025-05-01,SKU1159,Warehouse,2.656,2.1419,0.0,0.0,0.0,0.0,0.0,0.0,0.0,0.0,Product 1159,TK,TK(125)G,CANDYLAND,Supplier 26
2025-05-01,SKU1168,Store B,20.667,16.6669,0.0,0.0,0.0,0.0,0.0,0.0,0.0,0.0,Product 1168,TK,TK(800)G,CANDYLAND,Supplier 34
2025-05-01,SKU1170,Store C,2.075,1.6734,0.0,0.0,0.0,0.0,0.0,0.0,0.0,0.0,Product 1170,TK,TK(100)G,CANDYLAND,Supplier 26
2025-05-01,SKU1176,Warehouse,3.237,2.6105,0.0,0.0,0.0,0.0,0.0,0.0,0.0,0.0,Product 1176,TK,TK(150)G,CANDYLAND,Supplier 34
2025-05-01,SKU1178,Store B,3.237,2.6105,0.0,0.0,0.0,0.0,0.0,0.0,0.0,0.0,Product 1178,TK,TK(150)G,CANDYLAND,Supplier 34
2025-05-01,SKU1179,Store C,2.656,2.1419,0.0,0.0,0.0,0.0,0.0,0.0,0.0,0.0,Product 1179,TK,TK(175)G,CANDYLAND,Supplier 34
2025-05-01,SKU1184,Store B,1.494,1.2048,0.0,0.0,0.0,0.0,0.0,0.0,0.0,0.0,Product 1184,TK,TK(100)G,CANDYLAND,Supplier 26
2025-05-01,SKU1187,Warehouse,1.66,1.3387,0.0,0.0,0.0,0.0,0.0,0.0,0.0,0.0,Product 1187,TK,TK(60)G,CANDYLAND,Supplier 26
2025-05-01,SKU1190,Store B,1.245,1.0041,0.0,0.0,0.0,0.0,0.0,0.0,0.0,0.0,Product 1190,TK,TK(150)G,CANDYLAND,Supplier 48
2025-05-01,SKU1209,Store C,0.498,0.4016,0.0,0.0,0.0,0.0,0.0,0.0,0.0,0.0,Product 1209,TK,TK(330)ML,CANDYLAND,Supplier 24
2025-05-01,SKU1218,Warehouse,1.494,1.2048,0.0,0.0,0.0,0.0,0.0,0.0,0.0,0.0,Product 1218,TK,TK(125)G,CANDYLAND,Supplier 24
2025-05-01,SKU1222,Store B,1.992,1.6065,0.0,0.0,0.0,0.0,0.0,0.0,0.0,0.0,Product 1222,TK,TK(120)G,CANDYLAND,Supplier 21
2025-05-01,SKU1229,Store B,0.2075,0.1673,0.0,0.0,0.0,89.0,18.4675,4.4322,0.0,0.0,Product 1229,TK,TK(9)G,CANDYLAND,Supplier 19
2025-05-01,SKU1229,Warehouse,0.2075,0.1673,0.0,0.0,0.0,0.0,0.0,0.0,0.0,0.0,Product 1229,TK,TK(9)G,CANDYLAND,Supplier 19
2025-05-01,SKU1235,Warehouse,1.245,1.0041,972.0,972.0,972.0,23.0,28.635,11.2631,0.4897,0.4897,Product 1235,TK,TK(5)G,CANDYLAND,Supplier 04
2025-05-01,SKU1238,Store B,1.162,0.9371,21.677,21.0,22.0,0.0,0.0,0.0,0.415,0.415,Product 1238,TK,TK(15)G,CANDYLAND,Supplier 04
2025-05-01,SKU1245,Store A,2.49,2.0081,0.0,0.0,0.0,5.0,12.45,5.478,0.0,0.0,Product 1245,TK,TK(400)G,CANDYLAND,Supplier 24
2025-05-01,SKU1250,Store B,2.241,1.8072,2.225,0.0,3.0,0.0,0.0,0.0,1.1043,1.1043,Product 1250,TK,TK(180)G,CANDYLAND,Supplier 24
2025-05-01,SKU1252,Store C,1.494,1.2048,1.129,0.0,2.0,9.0,13.446,5.5278,0.6141,0.6141,Product 1252,TK,TK(125)G,CANDYLAND,Supplier 24
2025-05-01,SKU1253,Store C,1.494,1.2048,11.258,6.0,15.0,3.0,4.482,1.7928,0.5976,0.5976,Product 1253,TK,TK(125)G,CANDYLAND,Supplier 24
2025-05-01,SKU1275,Store C,1.245,1.0041,0.0,0.0,0.0,0.0,0.0,0.0,0.0,0.0,Product 1275,TK,TK(75)G,CANDYLAND,Supplier 24
2025-05-01,SKU1288,Store B,1.494,1.2048,0.0,0.0,0.0,0.0,0.0,0.0,0.0,0.0,Product 1288,TK,TK(100)G,CANDYLAND,Supplier 24
2025-05-01,SKU1290,Store B,5.561,4.4847,0.0,0.0,0.0,0.0,0.0,0.0,0.0,0.0,Product 1290,KG,KG(1000)G,CANDYLAND,Supplier 19
2025-05-01,SKU1291,Store C,2.905,2.3428,0.0,0.0,0.0,0.0,0.0,0.0,0.0,0.0,Product 1291,TK,TK(300)G,CANDYLAND,Supplier 24
2025-05-01,SKU1296,Store C,1.494,1.2048,0.0,0.0,0.0,0.0,0.0,0.0,0.0,0.0,Product 1296,TK,TK(75)G,CANDYLAND,Supplier 24
2025-05-01,SKU1316,Store B,1.494,1.2048,0.0,0.0,0.0,0.0,0.0,0.0,0.0,0.0,Product 1316,TK,TK(120)G,CANDYLAND,Supplier 24
2025-05-01,SKU1317,Store B,1.494,1.2048,0.0,0.0,0.0,0.0,0.0,0.0,0.0,0.0,Product 1317,TK,TK(120)G,CANDYLAND,Supplier 24
2025-05-01,SKU1323,Store A,1.411,1.1379,9.451,0.0,54.0,0.0,0.0,0.0,0.6225,0.6225,Product 1323,TK,TK(150)ML,CANDYLAND,Supplier 03
2025-05-01,SKU1330,Store C,1.577,1.2718,7.129,5.0,10.0,0.0,0.0,0.0,0.5478,0.5478,Product 1330,TK,TK(50)G,CANDYLAND,Supplier 24
2025-05-01,SKU1341,Store A,0.996,0.8032,0.0,0.0,0.0,0.0,0.0,0.0,0.0,0.0,Product 1341,TK,TK(500)ML,CANDYLAND,Supplier 03
2025-05-01,SKU1342,Store C,1.826,1.4726,0.0,0.0,0.0,0.0,0.0,0.0,0.0,0.0,Product 1342,TK,TK(100)G,CANDYLAND,Supplier 24
2025-05-01,SKU1344,Store B,1.494,1.2048,2.516,2.0,3.0,0.0,0.0,0.0,0.6308,0.6308,Product 1344,TK,TK(125)G,CANDYLAND,Supplier 24
2025-05-01,SKU1358,Store C,2.075,1.6734,0.0,0.0,0.0,24.0,49.8,19.3888,0.0,0.0,Product 1358,TK,TK(75)G,CANDYLAND,Supplier 24
2025-05-01,SKU1361,Store A,2.075,1.6734,0.0,0.0,0.0,0.0,0.0,0.0,0.0,0.0,Product 1361,TK,TK(148)G,CANDYLAND,Supplier 24
2025-05-01,SKU1379,Warehouse,5.81,4.6855,0.0,0.0,0.0,0.0,0.0,0.0,0.0,0.0,Product 1379,TK,TK(119)G,CANDYLAND,Supplier 28
2025-05-01,SKU1381,Store C,1.577,1.2718,0.0,0.0,0.0,0.0,0.0,0.0,0.0,0.0,Product 1381,TK,TK(10)G,CANDYLAND,Supplier 17
2025-05-01,SKU1384,Store A,0.996,0.8032,270.354,254.0,289.0,5.0,4.98,2.4485,0.4592,0.4592,Product 1384,TK,TK(50)G,CANDYLAND,Multiple suppliers
2025-05-01,SKU1388,Store B,1.66,1.3387,0.0,0.0,0.0,7.0,11.62,5.9262,0.0,0.0,Product 1388,TK,TK(200)G,CANDYLAND,Supplier 24
2025-05-01,SKU1394,Warehouse,2.075,1.6734,0.0,0.0,0.0,0.0,0.0,0.0,0.0,0.0,Product 1394,TK,TK(40)G,CANDYLAND,Supplier 24
2025-05-01,SKU1397,Warehouse,1.66,1.3387,0.0,0.0,0.0,0.0,0.0,0.0,0.0,0.0,Product 1397,TK,TK(175)G,CANDYLAND,Supplier 24
2025-05-01,SKU1404,Store C,0.996,0.8032,110.903,11.0,203.0,108.0,107.568,41.1448,0.3786,0.3786,Product 1404,TK,TK(25)G,CANDYLAND,Multiple suppliers
2025-05-01,SKU1407,Store B,3.32,2.6774,0.0,0.0,0.0,0.0,0.0,0.0,0.0,0.0,Product 1407,TK,TK(200)G,CANDYLAND,Supplier 24
2025-05-01,SKU1408,Warehouse,1.66,1.3387,0.0,0.0,0.0,0.0,0.0,0.0,0.0,0.0,Product 1408,TK,TK(250)G,CANDYLAND,Supplier 24
2025-05-01,SKU1414,Warehouse,1.66,1.3387,0.0,0.0,0.0,0.0,0.0,0.0,0.0,0.0,Product 1414,TK,TK(180)G,CANDYLAND,Supplier 24
2025-05-01,SKU1417,Store B,1.328,1.0709,0.0,0.0,0.0,0.0,0.0,0.0,0.0,0.0,Product 1417,TK,TK(50)G,CANDYLAND,Supplier 24
2025-05-01,SKU1419,Store B,0.664,0.5355,0.0,0.0,0.0,30.0,19.92,8.964,0.0,0.0,Product 1419,TK,"TK(21,5)G",CANDYLAND,Supplier 24
2025-05-01,SKU1423,Store B,0.996,0.8032,0.0,0.0,0.0,0.0,0.0,0.0,0.0,0.0,Product 1423,TK,TK(230)ML,CANDYLAND,Supplier 24
2025-05-01,SKU1426,Store A,1.66,1.3387,0.0,0.0,0.0,0.0,0.0,0.0,0.0,0.0,Product 1426,TK,TK(200)G,CANDYLAND,Supplier 24
2025-05-01,SKU1428,Store C,1.079,0.8702,0.0,0.0,0.0,0.0,0.0,0.0,0.0,0.0,Product 1428,TK,TK(100)G,CANDYLAND,Supplier 24
2025-05-01,SKU1429,Warehouse,1.079,0.8702,0.0,0.0,0.0,0.0,0.0,0.0,0.0,0.0,Product 1429,TK,TK(100)G,CANDYLAND,Supplier 24
2025-05-01,SKU1436,Store B,0.249,0.2008,75.0,74.0,76.0,33.0,8.217,2.4514,0.083,0.083,Product 1436,TK,TK(11)G,CANDYLAND,Multiple suppliers
2025-05-01,SKU1441,Warehouse,1.245,1.0041,0.0,0.0,0.0,0.0,0.0,0.0,0.0,0.0,Product 1441,TK,TK(150)G,CANDYLAND,Supplier 24
2025-05-01,SKU1454,Store B,0.913,0.7363,0.0,0.0,0.0,0.0,0.0,0.0,0.0,0.0,Product 1454,TK,"TK(41,4)G",CANDYLAND,Supplier 24
2025-05-01,SKU1459,Store A,2.1995,1.7738,0.0,0.0,0.0,0.0,0.0,0.0,0.0,0.0,Product 1459,TK,TK(125)G,CANDYLAND,Supplier 24
2025-05-01,SKU1462,Store A,0.996,0.8032,9.29,8.0,11.0,8.0,7.968,3.3864,0.4897,0.4897,Product 1462,TK,TK(80)G,CANDYLAND,Supplier 24
2025-05-01,SKU1470,Store C,1.494,1.2048,0.0,0.0,0.0,0.0,0.0,0.0,0.0,0.0,Product 1470,TK,TK(200)G,CANDYLAND,Supplier 24
2025-05-01,SKU1491,Store A,1.245,1.0041,0.0,0.0,0.0,0.0,0.0,0.0,0.0,0.0,Product 1491,TK,TK(110)G,CANDYLAND,Supplier 24
2025-05-01,SKU1495,Store A,2.075,1.6734,0.0,0.0,0.0,0.0,0.0,0.0,0.0,0.0,Product 1495,TK,TK(120)G,CANDYLAND,Supplier 24
2025-05-01,SKU1495,Warehouse,2.075,1.6734,0.0,0.0,0.0,0.0,0.0,0.0,0.0,0.0,Product 1495,TK,TK(120)G,CANDYLAND,Supplier 24
2025-05-01,SKU1509,Store C,0.83,0.6694,1.516,0.0,8.0,18.0,14.94,6.8724,0.3403,0.3403,Product 1509,TK,TK(200)ML,CANDYLAND,Supplier 24
2025-05-01,SKU1517,Store B,2.49,2.0081,0.0,0.0,0.0,0.0,0.0,0.0,0.0,0.0,Product 1517,TK,TK(170)G,CANDYLAND,Supplier 24
2025-05-01,SKU1520,Store B,1.494,1.2048,0.0,0.0,0.0,0.0,0.0,0.0,0.0,0.0,Product 1520,TK,TK(100)G,CANDYLAND,Supplier 24
2025-05-01,SKU1522,Store C,2.3655,1.9077,0.0,0.0,0.0,0.0,0.0,0.0,0.0,0.0,Product 1522,TK,TK(200)G,CANDYLAND,Supplier 24
2025-05-01,SKU1523,Store B,1.245,1.0041,30.935,29.0,31.0,0.0,0.0,0.0,0.4316,0.4316,Product 1523,TK,TK(32)G,CANDYLAND,Supplier 24
2025-05-01,SKU1526,Store B,1.245,1.0041,0.0,0.0,0.0,0.0,0.0,0.0,0.0,0.0,Product 1526,TK,TK(48)G,CANDYLAND,Supplier 24
2025-05-01,SKU1532,Store A,1.66,1.3387,12.0,12.0,12.0,0.0,0.0,0.0,0.6557,0.6557,Product 1532,TK,TK(17)G,CANDYLAND,Supplier 24
2025-05-01,SKU1533,Store B,1.826,1.4726,0.0,0.0,0.0,0.0,0.0,0.0,0.0,0.0,Product 1533,TK,TK(40)G,CANDYLAND,Supplier 24
2025-05-01,SKU1536,Store C,0.996,0.8032,0.0,0.0,0.0,0.0,0.0,0.0,0.0,0.0,Product 1536,TK,TK(80)G,CANDYLAND,Supplier 24
2025-05-01,SKU1541,Store C,1.66,1.3387,8.903,8.0,13.0,0.0,0.0,0.0,0.8051,0.8051,Product 1541,TK,TK(84)G,CANDYLAND,Supplier 24
2025-05-01,SKU1541,Warehouse,1.66,1.3387,21.225,16.0,22.0,0.0,0.0,0.0,0.8051,0.8051,Product 1541,TK,TK(84)G,CANDYLAND,Supplier 24
2025-05-01,SKU1551,Warehouse,1.245,1.0041,0.0,0.0,0.0,0.0,0.0,0.0,0.0,0.0,Product 1551,TK,TK(100)G,CANDYLAND,Supplier 24
2025-05-01,SKU1554,Store A,2.905,2.3428,0.0,0.0,0.0,0.0,0.0,0.0,0.0,0.0,Product 1554,TK,TK(400)G,CANDYLAND,Supplier 24
2025-05-01,SKU1559,Store C,0.83,0.6694,0.0,0.0,0.0,7.0,5.81,2.6726,0.0,0.0,Product 1559,TK,TK(200)ML,CANDYLAND,Supplier 24
2025-05-01,SKU1561,Warehouse,0.913,0.7363,0.0,0.0,0.0,0.0,0.0,0.0,0.0,0.0,Product 1561,TK,"TK(17,5)G",CANDYLAND,Supplier 24
2025-05-01,SKU1563,Store C,0.913,0.7363,0.0,0.0,0.0,3.0,2.739,1.2201,0.0,0.0,Product 1563,TK,"TK(17,5)G",CANDYLAND,Supplier 24
2025-05-01,SKU1563,Warehouse,0.913,0.7363,0.0,0.0,0.0,0.0,0.0,0.0,0.0,0.0,Product 1563,TK,"TK(17,5)G",CANDYLAND,Supplier 24
2025-05-01,SKU1566,Warehouse,0.747,0.6024,0.0,0.0,0.0,0.0,0.0,0.0,0.0,0.0,Product 1566,TK,TK(22)G,CANDYLAND,Supplier 24
2025-05-01,SKU1568,Store A,1.162,0.9371,0.0,0.0,0.0,2.0,2.324,1.0126,0.0,0.0,Product 1568,TK,TK(60)G,CANDYLAND,Supplier 24
2025-05-01,SKU1576,Store A,4.067,3.2798,12.032,9.0,15.0,0.0,0.0,0.0,2.0501,2.0501,Product 1576,TK,TK(200)G,CANDYLAND,Supplier 13
2025-05-01,SKU1576,Warehouse,4.067,3.2798,2.903,0.0,6.0,0.0,0.0,0.0,2.0503,2.0503,Product 1576,TK,TK(200)G,CANDYLAND,Supplier 13
2025-05-01,SKU1598,Store B,2.656,2.1419,8.129,1.0,11.0,8.0,21.248,10.956,1.3583,1.3583,Product 1598,TK,TK(360)ML,CANDYLAND,Supplier 07
2025-05-01,SKU1600,Store A,2.075,1.6734,4.58,4.0,6.0,0.0,0.0,0.0,0.8301,0.8301,Product 1600,TK,TK(360)ML,CANDYLAND,Supplier 07
2025-05-01,SKU1602,Warehouse,1.328,1.0709,0.0,0.0,0.0,0.0,0.0,0.0,0.0,0.0,Product 1602,TK,TK(85)G,CANDYLAND,Supplier 07
2025-05-01,SKU1604,Store B,1.328,1.0709,0.0,0.0,0.0,0.0,0.0,0.0,0.0,0.0,Product 1604,TK,TK(85)G,CANDYLAND,Supplier 07
2025-05-01,SKU1611,Store C,1.411,1.1379,20.645,6.0,29.0,6.0,8.466,3.984,0.664,0.664,Product 1611,TK,TK(330)ML,CANDYLAND,Supplier 07
2025-05-01,SKU1614,Warehouse,1.411,1.1379,41.0,0.0,72.0,12.0,16.932,7.968,0.664,0.664,Product 1614,TK,TK(330)ML,CANDYLAND,Supplier 07
2025-05-01,SKU1621,Store B,2.656,2.1419,8.129,6.0,13.0,0.0,0.0,0.0,1.3695,1.3695,Product 1621,TK,TK(360)ML,CANDYLAND,Supplier 07
2025-05-01,SKU1622,Store C,0.664,0.5355,0.0,0.0,0.0,0.0,0.0,0.0,0.0,0.0,Product 1622,TK,TK(32)G,CANDYLAND,Supplier 07
2025-05-01,SKU1624,Store A,1.411,1.1379,0.0,0.0,0.0,0.0,0.0,0.0,0.0,0.0,Product 1624,TK,TK(330)ML,CANDYLAND,Supplier 07
2025-05-01,SKU1625,Store C,1.411,1.1379,0.0,0.0,0.0,0.0,0.0,0.0,0.0,0.0,Product 1625,TK,TK(330)ML,CANDYLAND,Supplier 07
2025-05-01,SKU1626,Store C,1.411,1.1379,0.0,0.0,0.0,0.0,0.0,0.0,0.0,0.0,Product 1626,TK,TK(330)ML,CANDYLAND,Supplier 07
2025-05-01,SKU1633,Store C,4.897,3.9492,5.548,0.0,8.0,0.0,0.0,0.0,2.374,2.374,Product 1633,TK,TK(200)G,CANDYLAND,Supplier 75
2025-05-01,SKU1642,Store A,1.245,1.0041,35.58,0.0,57.0,0.0,0.0,0.0,0.6391,0.6391,Product 1642,TK,TK(50)G,CANDYLAND,Supplier 75
2025-05-01,SKU1654,Store B,0.415,0.3347,0.0,0.0,0.0,0.0,0.0,0.0,0.0,0.0,Product 1654,TK,TK(500)ML,CANDYLAND,Supplier 53
2025-05-01,SKU1655,Store A,0.415,0.3347,0.0,0.0,0.0,0.0,0.0,0.0,0.0,0.0,Product 1655,TK,TK(500)ML,CANDYLAND,Supplier 53
2025-05-01,SKU1658,Store B,1.494,1.2048,0.0,0.0,0.0,0.0,0.0,0.0,0.0,0.0,Product 1658,TK,TK(35)G,CANDYLAND,Supplier 18
2025-05-01,SKU1659,Store C,1.328,1.0709,1.322,0.0,6.0,18.0,23.904,8.964,0.4318,0.4318,Product 1659,TK,TK(110)G,CANDYLAND,Supplier 46
2025-05-01,SKU1666,Store B,1.245,1.0041,29.451,28.0,31.0,0.0,0.0,0.0,0.3818,0.3818,Product 1666,TK,TK(150)G,CANDYLAND,Supplier 76
2025-05-01,SKU1675,Warehouse,0.664,0.5355,0.0,0.0,0.0,0.0,0.0,0.0,0.0,0.0,Product 1675,TK,TK(35)G,CANDYLAND,Supplier 18
2025-05-01,SKU1677,Store B,0.83,0.6694,88.709,53.0,120.0,0.0,0.0,0.0,0.2905,0.2905,Product 1677,TK,TK(18)ML,CANDYLAND,Supplier 18
2025-05-01,SKU1677,Warehouse,0.83,0.6694,87.483,24.0,96.0,0.0,0.0,0.0,0.2905,0.2905,Product 1677,TK,TK(18)ML,CANDYLAND,Supplier 18
2025-05-01,SKU1678,Warehouse,0.83,0.6694,2218.064,1968.0,2280.0,0.0,0.0,0.0,0.2863,0.2863,Product 1678,TK,TK(5)G,CANDYLAND,Supplier 18
2025-05-01,SKU1679,Warehouse,1.245,1.0041,76.0,76.0,76.0,0.0,0.0,0.0,0.6723,0.6723,Product 1679,TK,TK(8)ML,CANDYLAND,Supplier 18
2025-05-01,SKU1706,Store A,2.49,2.0081,0.0,0.0,0.0,0.0,0.0,0.0,0.0,0.0,Product 1706,TK,TK(141)G,CANDYLAND,Multiple suppliers
2025-05-01,SKU1707,Store B,1.411,1.1379,0.0,0.0,0.0,0.0,0.0,0.0,0.0,0.0,Product 1707,TK,TK(26)G,CANDYLAND,Supplier 74
2025-05-01,SKU1708,Store B,1.411,1.1379,0.0,0.0,0.0,0.0,0.0,0.0,0.0,0.0,Product 1708,TK,TK(26)G,CANDYLAND,Supplier 74
2025-05-01,SKU1712,Warehouse,1.328,1.0709,9.0,9.0,9.0,0.0,0.0,0.0,0.4814,0.4814,Product 1712,TK,TK(128)G,CANDYLAND,Supplier 46
2025-05-01,SKU1713,Store A,1.328,1.0709,0.0,0.0,0.0,18.0,23.904,9.2628,0.0,0.0,Product 1713,TK,TK(128)G,CANDYLAND,Supplier 46
2025-05-01,SKU1714,Store A,1.328,1.0709,0.0,0.0,0.0,0.0,0.0,0.0,0.0,0.0,Product 1714,TK,TK(128)G,CANDYLAND,Supplier 46
2025-05-01,SKU1718,Store C,1.577,1.2718,0.0,0.0,0.0,0.0,0.0,0.0,0.0,0.0,Product 1718,TK,"TK(119,6)G",CANDYLAND,Supplier 74
2025-05-01,SKU1719,Store A,3.154,2.5435,0.0,0.0,0.0,0.0,0.0,0.0,0.0,0.0,Product 1719,TK,TK(227)G,CANDYLAND,Multiple suppliers
2025-05-01,SKU1723,Store B,3.32,2.6774,0.0,0.0,0.0,0.0,0.0,0.0,0.0,0.0,Product 1723,TK,TK(120)G,CANDYLAND,Supplier 09
2025-05-01,SKU1726,Warehouse,2.905,2.3428,0.0,0.0,0.0,0.0,0.0,0.0,0.0,0.0,Product 1726,TK,TK(120)G,CANDYLAND,Supplier 09
2025-05-01,SKU1727,Warehouse,3.32,2.6774,0.0,0.0,0.0,0.0,0.0,0.0,0.0,0.0,Product 1727,TK,TK(120)G,CANDYLAND,Supplier 09
2025-05-01,SKU1737,Store C,0.747,0.6024,0.0,0.0,0.0,0.0,0.0,0.0,0.0,0.0,Product 1737,TK,"TK(13,8)G",CANDYLAND,Supplier 09
2025-05-01,SKU1743,Store A,0.083,0.083,0.0,0.0,0.0,0.0,0.0,0.0,0.0,0.0,Product 1743,TK,TK,CANDYLAND,Supplier 43
2025-05-01,SKU1756,Store B,2.49,2.0081,0.0,0.0,0.0,0.0,0.0,0.0,0.0,0.0,Product 1756,TK,TK(140)G,CANDYLAND,Supplier 74
2025-05-01,SKU1770,Store C,1.411,1.1379,0.0,0.0,0.0,0.0,0.0,0.0,0.0,0.0,Product 1770,TK,TK(335)ML,CANDYLAND,Supplier 74
2025-05-01,SKU1772,Store A,2.3987,1.9344,0.0,0.0,0.0,0.0,0.0,0.0,0.0,0.0,Product 1772,TK,TK(102)G,CANDYLAND,Supplier 74
2025-05-01,SKU1783,Store B,12.45,10.0403,0.0,0.0,0.0,6.551,81.56,34.2552,0.0,0.0,Product 1783,KG,KG(1000)G,CANDYLAND,Supplier 42
2025-05-01,SKU1786,Store A,4.897,3.9492,1.516,0.0,22.0,0.0,0.0,0.0,2.1582,2.1582,Product 1786,TK,TK(240)G,CANDYLAND,Supplier 42
2025-05-01,SKU1786,Warehouse,4.897,3.9492,44.0,0.0,122.0,0.0,0.0,0.0,2.158,2.158,Product 1786,TK,TK(240)G,CANDYLAND,Supplier 42
2025-05-01,SKU1790,Store C,2.905,2.3428,31.548,1.0,81.0,54.0,156.87,66.7818,1.4027,1.4027,Product 1790,TK,TK(70)G,CANDYLAND,Supplier 42
2025-05-01,SKU1794,Store A,0.913,0.7363,0.0,0.0,0.0,28.0,25.564,8.3664,0.0,0.0,Product 1794,TK,TK(35)G,CANDYLAND,Supplier 42
2025-06-01,SKU0001,Store C,0.249,0.2008,46.433,30.0,129.0,2.0,0.498,0.0867,0.0433,0.0433,Product 0001,TK,TK(12)G,CANDYLAND,Supplier 64
2025-06-01,SKU0004,Store C,0.415,0.3347,3.366,0.0,6.0,0.0,0.0,0.0,0.0707,0.0707,Product 0004,TK,TK(19)G,CANDYLAND,Supplier 64
2025-06-01,SKU0008,Store B,0.581,0.4685,34.533,9.0,39.0,0.0,0.0,0.0,0.2094,0.2094,Product 0008,TK,TK(35)G,CANDYLAND,Supplier 64
2025-06-01,SKU0012,Warehouse,0.581,0.4685,0.0,0.0,0.0,0.0,0.0,0.0,0.0,0.0,Product 0012,TK,TK(28)G,CANDYLAND,Supplier 64
2025-06-01,SKU0019,Store A,14.027,11.3121,0.0,0.0,0.0,0.0,0.0,0.0,0.0,0.0,Product 0019,TK,TK(205)G,CANDYLAND,Supplier 29
2025-06-01,SKU0021,Store B,22.327,18.0056,0.0,0.0,0.0,0.0,0.0,0.0,0.0,0.0,Product 0021,TK,TK(430)G,CANDYLAND,Supplier 29
2025-06-01,SKU0023,Store A,0.996,0.8032,35.333,5.0,57.0,0.0,0.0,0.0,0.3555,0.3555,Product 0023,TK,TK(20)ML,CANDYLAND,Supplier 64
2025-06-01,SKU0050,Store C,2.988,2.4097,0.0,0.0,0.0,0.0,0.0,0.0,0.0,0.0,Product 0050,TK,TK(40)G,CANDYLAND,Supplier 66
2025-06-01,SKU0052,Warehouse,1.245,1.0041,0.0,0.0,0.0,0.0,0.0,0.0,0.0,0.0,Product 0052,TK,TK(50)G,CANDYLAND,Supplier 26
2025-06-01,SKU0055,Store B,1.0375,0.8367,0.0,0.0,0.0,0.0,0.0,0.0,0.0,0.0,Product 0055,TK,TK(100)G,CANDYLAND,Supplier 59
2025-06-01,SKU0058,Store C,2.905,2.3428,0.0,0.0,0.0,0.0,0.0,0.0,0.0,0.0,Product 0058,TK,TK(120)G,CANDYLAND,Supplier 66
2025-06-01,SKU0078,Store B,2.905,2.3428,0.0,0.0,0.0,0.0,0.0,0.0,0.0,0.0,Product 0078,TK,TK(120)G,CANDYLAND,Supplier 66
2025-06-01,SKU0080,Store C,2.075,1.6734,0.0,0.0,0.0,0.0,0.0,0.0,0.0,0.0,Product 0080,TK,TK(185)G,CANDYLAND,Supplier 59
2025-06-01,SKU0084,Store B,1.826,1.4726,4.9,3.0,8.0,0.0,0.0,0.0,0.8798,0.8798,Product 0084,TK,TK(100)G,CANDYLAND,Supplier 59
2025-06-01,SKU0086,Store B,0.913,0.7363,6.666,3.0,16.0,14.0,12.782,5.229,0.3735,0.3735,Product 0086,TK,TK(90)G,CANDYLAND,Supplier 68
2025-06-01,SKU0089,Store A,0.913,0.7363,0.0,0.0,0.0,0.0,0.0,0.0,0.0,0.0,Product 0089,TK,TK(90)G,CANDYLAND,Supplier 68
2025-06-01,SKU0090,Store B,1.826,1.4726,0.0,0.0,0.0,0.0,0.0,0.0,0.0,0.0,Product 0090,TK,TK(200)G,CANDYLAND,Supplier 59
2025-06-01,SKU0092,Store C,0.913,0.7363,21.233,5.0,33.0,0.0,0.0,0.0,0.3735,0.3735,Product 0092,TK,TK(90)G,CANDYLAND,Supplier 68
2025-06-01,SKU0095,Store B,0.913,0.7363,22.333,11.0,25.0,9.0,8.217,3.3615,0.3735,0.3735,Product 0095,TK,TK(85)G,CANDYLAND,Supplier 68
2025-06-01,SKU0096,Warehouse,0.913,0.7363,110.133,98.0,112.0,0.0,0.0,0.0,0.3735,0.3735,Product 0096,TK,TK(90)G,CANDYLAND,Supplier 68
2025-06-01,SKU0104,Warehouse,1.66,1.3387,0.0,0.0,0.0,0.0,0.0,0.0,0.0,0.0,Product 0104,TK,TK(200)G,CANDYLAND,Supplier 59
2025-06-01,SKU0109,Store B,10.707,8.6347,0.0,0.0,0.0,0.0,0.0,0.0,0.0,0.0,Product 0109,TK,TK(150)G,CANDYLAND,Supplier 73
2025-06-01,SKU0114,Store A,4.731,3.8153,0.0,0.0,0.0,0.0,0.0,0.0,0.0,0.0,Product 0114,TK,TK(77)G,CANDYLAND,Supplier 73
2025-06-01,SKU0128,Store A,2.988,2.4097,0.0,0.0,0.0,0.0,0.0,0.0,0.0,0.0,Product 0128,TK,TK(70)G,CANDYLAND,Supplier 05
2025-06-01,SKU0129,Store A,2.988,2.4097,0.0,0.0,0.0,0.0,0.0,0.0,0.0,0.0,Product 0129,TK,TK(70)G,CANDYLAND,Supplier 05
2025-06-01,SKU0145,Store C,0.3735,0.3012,37.633,4.0,76.0,24.0,8.964,2.9541,0.1231,0.1231,Product 0145,TK,TK(19)G,CANDYLAND,Supplier 68
2025-06-01,SKU0146,Store C,0.913,0.7363,0.0,0.0,0.0,33.0,30.129,11.2299,0.0,0.0,Product 0146,TK,TK(90)G,CANDYLAND,Supplier 68
2025-06-01,SKU0151,Warehouse,1.245,1.0041,0.0,0.0,0.0,0.0,0.0,0.0,0.0,0.0,Product 0151,TK,TK(90)ML,CANDYLAND,Supplier 59
2025-06-01,SKU0155,Store A,1.162,0.9371,0.0,0.0,0.0,81.0,94.122,26.892,0.0,0.0,Product 0155,TK,TK(15)G,CANDYLAND,Supplier 66
2025-06-01,SKU0156,Store A,0.913,0.7363,15.533,10.0,21.0,12.0,10.956,4.0836,0.3403,0.3403,Product 0156,TK,TK(90)G,CANDYLAND,Supplier 68
2025-06-01,SKU0160,Store B,1.66,1.3387,0.0,0.0,0.0,0.0,0.0,0.0,0.0,0.0,Product 0160,TK,TK(200)G,CANDYLAND,Supplier 59
2025-06-01,SKU0166,Store A,1.66,1.3387,0.0,0.0,0.0,0.0,0.0,0.0,0.0,0.0,Product 0166,TK,TK(360)ML,CANDYLAND,Multiple suppliers
2025-06-01,SKU0168,Store A,1.245,1.0041,0.433,0.0,1.0,0.0,0.0,0.0,0.2741,0.2741,Product 0168,TK,TK(20)G,CANDYLAND,Supplier 64
2025-06-01,SKU0175,Warehouse,1.411,1.1379,0.0,0.0,0.0,0.0,0.0,0.0,0.0,0.0,Product 0175,TK,TK(84)G,CANDYLAND,Supplier 59
2025-06-01,SKU0192,Store A,1.328,1.0709,0.0,0.0,0.0,0.0,0.0,0.0,0.0,0.0,Product 0192,TK,TK(80)G,CANDYLAND,Supplier 59
2025-06-01,SKU0193,Warehouse,1.494,1.2048,0.0,0.0,0.0,0.0,0.0,0.0,0.0,0.0,Product 0193,TK,TK(132)G,CANDYLAND,Supplier 59
2025-06-01,SKU0195,Store A,2.324,1.8742,0.0,0.0,0.0,0.0,0.0,0.0,0.0,0.0,Product 0195,TK,TK(126)G,CANDYLAND,Supplier 59
2025-06-01,SKU0200,Store B,1.494,1.2048,16.466,12.0,21.0,0.0,0.0,0.0,0.6391,0.6391,Product 0200,TK,TK(85)G,CANDYLAND,Supplier 59
2025-06-01,SKU0221,Warehouse,2.324,1.8742,0.0,0.0,0.0,0.0,0.0,0.0,0.0,0.0,Product 0221,TK,TK(750)ML,CANDYLAND,Supplier 59
2025-06-01,SKU0222,Store B,1.162,0.9371,5.166,4.0,8.0,0.0,0.0,0.0,0.5064,0.5064,Product 0222,TK,TK(27)G,CANDYLAND,Supplier 59
2025-06-01,SKU0228,Store C,0.332,0.2678,0.0,0.0,0.0,96.0,31.872,5.7768,0.0,0.0,Product 0228,TK,TK(12)G,CANDYLAND,Multiple suppliers
2025-06-01,SKU0234,Store B,1.328,1.0709,6.766,3.0,10.0,0.0,0.0,0.0,0.6226,0.6226,Product 0234,TK,TK(100)G,CANDYLAND,Supplier 59
2025-06-01,SKU0242,Store B,0.83,0.6694,0.0,0.0,0.0,0.0,0.0,0.0,0.0,0.0,Product 0242,TK,TK(20)G,CANDYLAND,Supplier 59
2025-06-01,SKU0242,Store C,0.83,0.6694,0.0,0.0,0.0,0.0,0.0,0.0,0.0,0.0,Product 0242,TK,TK(20)G,CANDYLAND,Supplier 59
2025-06-01,SKU0249,Store A,1.328,1.0709,0.0,0.0,0.0,0.0,0.0,0.0,0.0,0.0,Product 0249,TK,TK(40)ML,CANDYLAND,Supplier 59
2025-06-01,SKU0251,Warehouse,1.577,1.2718,0.0,0.0,0.0,0.0,0.0,0.0,0.0,0.0,Product 0251,TK,TK(45)G,CANDYLAND,Supplier 59
2025-06-01,SKU0262,Store A,1.245,1.0041,0.133,0.0,1.0,0.0,0.0,0.0,0.5573,0.5573,Product 0262,TK,TK(160)G,CANDYLAND,Supplier 59
2025-06-01,SKU0263,Store C,1.245,1.0041,0.133,0.0,1.0,0.0,0.0,0.0,0.5573,0.5573,Product 0263,TK,TK(160)G,CANDYLAND,Supplier 59
2025-06-01,SKU0268,Store C,2.49,2.0081,0.566,0.0,2.0,0.0,0.0,0.0,1.0387,1.0387,Product 0268,TK,TK(113)G,CANDYLAND,Multiple suppliers
2025-06-01,SKU0269,Store A,2.49,2.0081,0.0,0.0,0.0,0.0,0.0,0.0,0.0,0.0,Product 0269,TK,TK(113)G,CANDYLAND,Supplier 59
2025-06-01,SKU0277,Store B,1.328,1.0709,12.9,8.0,20.0,0.0,0.0,0.0,0.5727,0.5727,Product 0277,TK,TK(20)G,CANDYLAND,Supplier 59
2025-06-01,SKU0277,Warehouse,1.328,1.0709,24.8,12.0,36.0,0.0,0.0,0.0,0.5727,0.5727,Product 0277,TK,TK(20)G,CANDYLAND,Supplier 59
2025-06-01,SKU0283,Store B,2.241,1.8072,6.6,3.0,7.0,0.0,0.0,0.0,1.0043,1.0043,Product 0283,TK,TK(200)G,CANDYLAND,Supplier 59
2025-06-01,SKU0290,Store A,2.075,1.6734,0.0,0.0,0.0,0.0,0.0,0.0,0.0,0.0,Product 0290,TK,TK(50)G,CANDYLAND,Supplier 66
2025-06-01,SKU0306,Warehouse,1.494,1.2048,0.0,0.0,0.0,0.0,0.0,0.0,0.0,0.0,Product 0306,TK,TK(70)G,CANDYLAND,Supplier 59
2025-06-01,SKU0307,Warehouse,0.996,0.8032,0.0,0.0,0.0,0.0,0.0,0.0,0.0,0.0,Product 0307,TK,TK(26)G,CANDYLAND,Supplier 59
2025-06-01,SKU0308,Store A,1.245,1.0041,0.0,0.0,0.0,0.0,0.0,0.0,0.0,0.0,Product 0308,TK,TK(75)G,CANDYLAND,Supplier 59
2025-06-01,SKU0322,Store B,1.411,1.1379,0.0,0.0,0.0,0.0,0.0,0.0,0.0,0.0,Product 0322,TK,TK(125)G,CANDYLAND,Supplier 33
2025-06-01,SKU0324,Store B,1.411,1.1379,0.0,0.0,0.0,0.0,0.0,0.0,0.0,0.0,Product 0324,TK,TK(150)G,CANDYLAND,Supplier 33
2025-06-01,SKU0338,Store A,1.494,1.2048,0.0,0.0,0.0,0.0,0.0,0.0,0.0,0.0,Product 0338,TK,TK(135)G,CANDYLAND,Supplier 59
2025-06-01,SKU0338,Store B,1.494,1.2048,0.0,0.0,0.0,0.0,0.0,0.0,0.0,0.0,Product 0338,TK,TK(135)G,CANDYLAND,Supplier 59
2025-06-01,SKU0341,Store A,1.411,1.1379,0.0,0.0,0.0,0.0,0.0,0.0,0.0,0.0,Product 0341,TK,TK(114)G,CANDYLAND,Supplier 59
2025-06-01,SKU0347,Store A,1.245,1.0041,0.0,0.0,0.0,0.0,0.0,0.0,0.0,0.0,Product 0347,TK,TK(200)G,CANDYLAND,Supplier 59
2025-06-01,SKU0349,Store B,1.328,1.0709,0.0,0.0,0.0,0.0,0.0,0.0,0.0,0.0,Product 0349,TK,TK(50)G,CANDYLAND,Supplier 59
2025-06-01,SKU0352,Warehouse,1.494,1.2048,89.6,48.0,96.0,0.0,0.0,0.0,0.5976,0.5976,Product 0352,TK,TK(85)G,CANDYLAND,Supplier 59
2025-06-01,SKU0353,Store B,1.162,0.9371,1.333,0.0,10.0,0.0,0.0,0.0,0.5396,0.5396,Product 0353,TK,TK(50)G,CANDYLAND,Supplier 59
2025-06-01,SKU0355,Store B,2.49,2.0081,0.0,0.0,0.0,0.0,0.0,0.0,0.0,0.0,Product 0355,TK,TK(350)ML,CANDYLAND,Supplier 59
2025-06-01,SKU0365,Warehouse,1.826,1.4726,0.0,0.0,0.0,0.0,0.0,0.0,0.0,0.0,Product 0365,TK,TK(40)G,CANDYLAND,Supplier 59
2025-06-01,SKU0369,Store C,1.66,1.3387,0.0,0.0,0.0,0.0,0.0,0.0,0.0,0.0,Product 0369,TK,"TK(112,5)G",CANDYLAND,Supplier 59
2025-06-01,SKU0380,Store C,2.905,2.3428,0.0,0.0,0.0,0.0,0.0,0.0,0.0,0.0,Product 0380,TK,TK(195)G,CANDYLAND,Supplier 59
2025-06-01,SKU0388,Store B,6.64,5.3548,0.0,0.0,0.0,0.0,0.0,0.0,0.0,0.0,Product 0388,TK,TK(440)G,CANDYLAND,Supplier 59
2025-06-01,SKU0394,Store B,0.415,0.3347,0.0,0.0,0.0,0.0,0.0,0.0,0.0,0.0,Product 0394,TK,TK(35)G,CANDYLAND,Supplier 59
2025-06-01,SKU0403,Warehouse,1.328,1.0709,0.0,0.0,0.0,0.0,0.0,0.0,0.0,0.0,Product 0403,TK,TK(160)G,CANDYLAND,Supplier 59
2025-06-01,SKU0405,Store C,1.494,1.2048,0.0,0.0,0.0,0.0,0.0,0.0,0.0,0.0,Product 0405,TK,TK(160)G,CANDYLAND,Supplier 59
2025-06-01,SKU0408,Store C,1.494,1.2048,5.833,1.0,22.0,0.0,0.0,0.0,0.6308,0.6308,Product 0408,TK,TK(160)G,CANDYLAND,Supplier 59
2025-06-01,SKU0409,Store A,1.245,1.0041,0.0,0.0,0.0,0.0,0.0,0.0,0.0,0.0,Product 0409,TK,TK(160)G,CANDYLAND,Supplier 59
2025-06-01,SKU0411,Store C,0.83,0.6694,0.0,0.0,0.0,0.0,0.0,0.0,0.0,0.0,Product 0411,TK,TK(80)G,CANDYLAND,Supplier 59
2025-06-01,SKU0412,Warehouse,1.494,1.2048,0.0,0.0,0.0,0.0,0.0,0.0,0.0,0.0,Product 0412,TK,TK(100)G,CANDYLAND,Supplier 59
2025-06-01,SKU0413,Store A,1.494,1.2048,21.1,19.0,22.0,0.0,0.0,0.0,0.6308,0.6308,Product 0413,TK,TK(160)G,CANDYLAND,Supplier 59
2025-06-01,SKU0414,Store A,1.494,1.2048,0.0,0.0,0.0,0.0,0.0,0.0,0.0,0.0,Product 0414,TK,TK(60)G,CANDYLAND,Supplier 59
2025-06-01,SKU0419,Store C,2.49,2.0081,0.0,0.0,0.0,0.0,0.0,0.0,0.0,0.0,Product 0419,TK,TK(127)G,CANDYLAND,Supplier 59
2025-06-01,SKU0435,Warehouse,0.249,0.2008,0.0,0.0,0.0,0.0,0.0,0.0,0.0,0.0,Product 0435,TK,TK(4)G,CANDYLAND,Supplier 02
2025-06-01,SKU0436,Store B,0.249,0.2008,64.866,57.0,74.0,0.0,0.0,0.0,0.0249,0.0249,Product 0436,TK,TK(4)G,CANDYLAND,Supplier 02
2025-06-01,SKU0442,Warehouse,2.49,2.0081,0.0,0.0,0.0,0.0,0.0,0.0,0.0,0.0,Product 0442,TK,TK(75)G,CANDYLAND,Supplier 59
2025-06-01,SKU0444,Store B,0.415,0.3347,84.266,63.0,109.0,0.0,0.0,0.0,0.0805,0.0805,Product 0444,TK,"TK(17,5)G",CANDYLAND,Supplier 02
2025-06-01,SKU0453,Warehouse,1.328,1.0709,0.0,0.0,0.0,0.0,0.0,0.0,0.0,0.0,Product 0453,TK,TK(70)G,CANDYLAND,Supplier 59
2025-06-01,SKU0458,Store B,0.996,0.8032,0.0,0.0,0.0,0.0,0.0,0.0,0.0,0.0,Product 0458,TK,TK(18)G,CANDYLAND,Supplier 59
2025-06-01,SKU0460,Store B,2.324,1.8742,0.0,0.0,0.0,0.0,0.0,0.0,0.0,0.0,Product 0460,TK,TK(144)G,CANDYLAND,Supplier 59
2025-06-01,SKU0465,Warehouse,1.328,1.0709,0.0,0.0,0.0,0.0,0.0,0.0,0.0,0.0,Product 0465,TK,TK(150)G,CANDYLAND,Supplier 59
2025-06-01,SKU0471,Store A,1.494,1.2048,1.0,1.0,1.0,0.0,0.0,0.0,0.5727,0.5727,Product 0471,TK,TK(40)G,CANDYLAND,Supplier 59
2025-06-01,SKU0472,Store C,1.494,1.2048,6.633,1.0,13.0,0.0,0.0,0.0,0.6889,0.6889,Product 0472,TK,TK(51)G,CANDYLAND,Supplier 59
2025-06-01,SKU0482,Store C,2.49,2.0081,0.0,0.0,0.0,0.0,0.0,0.0,0.0,0.0,Product 0482,TK,TK(350)ML,CANDYLAND,Supplier 59
2025-06-01,SKU0484,Store B,2.905,2.3428,0.0,0.0,0.0,0.0,0.0,0.0,0.0,0.0,Product 0484,TK,TK(115)G,CANDYLAND,Supplier 59
2025-06-01,SKU0486,Warehouse,1.245,1.0041,13.866,0.0,30.0,0.0,0.0,0.0,0.5312,0.5312,Product 0486,TK,TK(100)G,CANDYLAND,Supplier 59
2025-06-01,SKU0504,Warehouse,2.407,1.9411,0.0,0.0,0.0,0.0,0.0,0.0,0.0,0.0,Product 0504,TK,TK(101)G,CANDYLAND,Supplier 59
2025-06-01,SKU0506,Warehouse,1.577,1.2718,0.0,0.0,0.0,0.0,0.0,0.0,0.0,0.0,Product 0506,TK,TK(150)G,CANDYLAND,Supplier 59
2025-06-01,SKU0509,Store A,1.992,1.6065,25.7,23.0,33.0,27.0,53.784,20.5432,0.6432,0.6432,Product 0509,TK,TK(140)G,CANDYLAND,Supplier 57
2025-06-01,SKU0513,Store B,2.407,1.9411,0.0,0.0,0.0,0.0,0.0,0.0,0.0,0.0,Product 0513,TK,TK(200)G,CANDYLAND,Multiple suppliers
2025-06-01,SKU0515,Warehouse,0.996,0.8032,0.0,0.0,0.0,0.0,0.0,0.0,0.0,0.0,Product 0515,TK,TK(80)G,CANDYLAND,Supplier 59
2025-06-01,SKU0527,Store A,2.324,1.8742,33.7,33.0,34.0,0.0,0.0,0.0,1.1371,1.1371,Product 0527,TK,TK(120)G,CANDYLAND,Supplier 59
2025-06-01,SKU0537,Store B,1.826,1.4726,5.833,3.0,8.0,0.0,0.0,0.0,0.855,0.855,Product 0537,TK,TK(100)G,CANDYLAND,Supplier 59
2025-06-01,SKU0537,Store C,1.826,1.4726,5.8,0.0,11.0,0.0,0.0,0.0,0.8549,0.8549,Product 0537,TK,TK(100)G,CANDYLAND,Supplier 59
2025-06-01,SKU0540,Store B,1.328,1.0709,35.266,22.0,57.0,0.0,0.0,0.0,0.6059,0.6059,Product 0540,TK,TK(35)G,CANDYLAND,Supplier 59
2025-06-01,SKU0543,Store B,1.494,1.2048,12.7,9.0,25.0,0.0,0.0,0.0,0.6889,0.6889,Product 0543,TK,TK(12)G,CANDYLAND,Supplier 59
2025-06-01,SKU0550,Store C,1.328,1.0709,0.0,0.0,0.0,0.0,0.0,0.0,0.0,0.0,Product 0550,TK,TK(110)G,CANDYLAND,Supplier 59
2025-06-01,SKU0559,Store C,1.66,1.3387,0.0,0.0,0.0,0.0,0.0,0.0,0.0,0.0,Product 0559,TK,TK(150)G,CANDYLAND,Supplier 26
2025-06-01,SKU0568,Store B,3.818,3.0791,0.0,0.0,0.0,2.0,7.636,3.403,0.0,0.0,Product 0568,TK,TK(340)G,CANDYLAND,Supplier 65
2025-06-01,SKU0572,Store B,5.7685,4.652,0.0,0.0,0.0,0.0,0.0,0.0,0.0,0.0,Product 0572,TK,TK(75)G,CANDYLAND,Unknown supplier
2025-06-01,SKU0578,Store B,0.996,0.8032,0.0,0.0,0.0,0.0,0.0,0.0,0.0,0.0,Product 0578,TK,TK(40)G,CANDYLAND,Supplier 64
2025-06-01,SKU0581,Store A,11.537,9.3041,0.0,0.0,0.0,-1.0,-11.537,-4.233,0.0,0.0,Product 0581,TK,TK(200)G,CANDYLAND,Supplier 14
2025-06-01,SKU0587,Warehouse,2.49,2.0081,0.0,0.0,0.0,0.0,0.0,0.0,0.0,0.0,Product 0587,TK,TK(120)G,CANDYLAND,Supplier 16
2025-06-01,SKU0588,Store C,2.49,2.0081,4.6,2.0,10.0,0.0,0.0,0.0,1.245,1.245,Product 0588,TK,TK(120)G,CANDYLAND,Supplier 16
2025-06-01,SKU0589,Store C,4.648,3.7484,0.0,0.0,0.0,0.0,0.0,0.0,0.0,0.0,Product 0589,TK,TK(298)G,CANDYLAND,Supplier 17
2025-06-01,SKU0590,Store A,8.217,6.6266,0.0,0.0,0.0,0.0,0.0,0.0,0.0,0.0,Product 0590,TK,TK(195)G,CANDYLAND,Supplier 54
2025-06-01,SKU0593,Warehouse,0.996,0.8032,0.0,0.0,0.0,0.0,0.0,0.0,0.0,0.0,Product 0593,TK,TK(40)G,CANDYLAND,Supplier 17
2025-06-01,SKU0599,Store B,1.162,0.9371,0.0,0.0,0.0,0.0,0.0,0.0,0.0,0.0,Product 0599,TK,TK(130)G,CANDYLAND,Supplier 17
2025-06-01,SKU0609,Store A,1.162,0.9371,0.0,0.0,0.0,0.0,0.0,0.0,0.0,0.0,Product 0609,TK,TK(180)G,CANDYLAND,Supplier 17
2025-06-01,SKU0612,Store B,1.162,0.9371,0.0,0.0,0.0,5.0,5.81,2.6975,0.0,0.0,Product 0612,TK,TK(150)G,CANDYLAND,Supplier 17
2025-06-01,SKU0613,Store A,1.162,0.9371,13.666,11.0,17.0,0.0,0.0,0.0,0.5561,0.5561,Product 0613,TK,TK(150)G,CANDYLAND,Multiple suppliers
2025-06-01,SKU0624,Store C,2.324,1.8742,0.0,0.0,0.0,0.0,0.0,0.0,0.0,0.0,Product 0624,TK,TK(216)G,CANDYLAND,Supplier 17
2025-06-01,SKU0634,Store C,1.826,1.4726,5.166,0.0,12.0,0.0,0.0,0.0,0.7288,0.7288,Product 0634,TK,TK(11)G,CANDYLAND,Supplier 02
2025-06-01,SKU0634,Warehouse,1.826,1.4726,0.0,0.0,0.0,0.0,0.0,0.0,0.0,0.0,Product 0634,TK,TK(11)G,CANDYLAND,Supplier 02
2025-06-01,SKU0635,Store C,1.992,1.6065,22.333,15.0,26.0,0.0,0.0,0.0,0.7138,0.7138,Product 0635,TK,TK(20)G,CANDYLAND,Supplier 02
2025-06-01,SKU0645,Store C,0.332,0.2678,26.9,26.0,27.0,0.0,0.0,0.0,0.0752,0.0752,Product 0645,TK,TK(2)G,CANDYLAND,Supplier 64
2025-06-01,SKU0647,Warehouse,2.49,2.0081,0.0,0.0,0.0,0.0,0.0,0.0,0.0,0.0,Product 0647,TK,TK(99)G,CANDYLAND,Supplier 16
2025-06-01,SKU0650,Store A,0.996,0.8032,23.6,22.0,25.0,0.0,0.0,0.0,0.3436,0.3436,Product 0650,TK,TK(23)G,CANDYLAND,Supplier 02
2025-06-01,SKU0653,Store C,1.826,1.4726,12.066,0.0,22.0,29.0,52.954,11.7943,0.4067,0.4067,Product 0653,TK,TK(10)G,CANDYLAND,Supplier 02
2025-06-01,SKU0658,Store A,0.83,0.6694,0.0,0.0,0.0,0.0,0.0,0.0,0.0,0.0,Product 0658,TK,"TK(15,6)G",CANDYLAND,Supplier 16
2025-06-01,SKU0660,Store A,2.158,1.7403,0.0,0.0,0.0,0.0,0.0,0.0,0.0,0.0,Product 0660,TK,TK(42)G,CANDYLAND,Supplier 16
2025-06-01,SKU0661,Warehouse,1.245,1.0041,0.0,0.0,0.0,0.0,0.0,0.0,0.0,0.0,Product 0661,TK,TK(65)G,CANDYLAND,Supplier 16
2025-06-01,SKU0662,Store C,1.577,1.2718,0.0,0.0,0.0,0.0,0.0,0.0,0.0,0.0,Product 0662,TK,TK(35)G,CANDYLAND,Supplier 16
2025-06-01,SKU0671,Warehouse,3.32,2.6774,0.0,0.0,0.0,0.0,0.0,0.0,0.0,0.0,Product 0671,PK,PK(60)G,CANDYLAND,Supplier 16
2025-06-01,SKU0672,Store B,0.083,0.0669,0.0,0.0,0.0,0.0,0.0,0.0,0.0,0.0,Product 0672,TK,TK(10)G,CANDYLAND,Supplier 42
2025-06-01,SKU0677,Store A,0.415,0.3347,0.0,0.0,0.0,0.0,0.0,0.0,0.0,0.0,Product 0677,TK,TK(16)G,CANDYLAND,Supplier 74
2025-06-01,SKU0689,Store C,1.245,1.0041,23.433,6.0,30.0,0.0,0.0,0.0,0.3403,0.3403,Product 0689,TK,TK(102)G,CANDYLAND,Supplier 02
2025-06-01,SKU0693,Store C,1.162,0.9371,0.0,0.0,0.0,35.0,40.67,12.3462,0.0,0.0,Product 0693,TK,TK(64)G,CANDYLAND,Supplier 02
2025-06-01,SKU0697,Store C,1.079,0.8702,0.0,0.0,0.0,0.0,0.0,0.0,0.0,0.0,Product 0697,TK,TK(15)G,CANDYLAND,Supplier 64
2025-06-01,SKU0698,Warehouse,1.909,1.5395,0.0,0.0,0.0,0.0,0.0,0.0,0.0,0.0,Product 0698,TK,TK(8)G,CANDYLAND,Supplier 05
2025-06-01,SKU0699,Store C,0.996,0.8032,0.0,0.0,0.0,0.0,0.0,0.0,0.0,0.0,Product 0699,TK,TK(23)G,CANDYLAND,Supplier 64
2025-06-01,SKU0707,Store A,0.415,0.3347,173.9,165.0,185.0,0.0,0.0,0.0,0.1743,0.1743,Product 0707,TK,TK(200)ML,CANDYLAND,Supplier 59
2025-06-01,SKU0725,Store B,2.407,1.9411,0.0,0.0,0.0,0.0,0.0,0.0,0.0,0.0,Product 0725,TK,TK(150)G,CANDYLAND,Supplier 49
2025-06-01,SKU0728,Store B,2.407,1.9411,0.0,0.0,0.0,0.0,0.0,0.0,0.0,0.0,Product 0728,TK,TK(150)G,CANDYLAND,Supplier 49
2025-06-01,SKU0728,Store C,2.407,1.9411,0.0,0.0,0.0,11.0,26.477,9.8147,0.0,0.0,Product 0728,TK,TK(150)G,CANDYLAND,Supplier 49
2025-06-01,SKU0737,Store C,6.64,5.3548,0.0,0.0,0.0,0.0,0.0,0.0,0.0,0.0,Product 0737,TK,TK(350)G,CANDYLAND,Unknown supplier
2025-06-01,SKU0739,Store A,3.735,3.0121,3.0,3.0,3.0,0.0,0.0,0.0,1.7596,1.7596,Product 0739,TK,TK(250)G,CANDYLAND,Supplier 38
2025-06-01,SKU0740,Store A,4.15,3.3468,4.133,4.0,5.0,0.0,0.0,0.0,2.0835,2.0835,Product 0740,TK,TK(250)G,CANDYLAND,Supplier 38
2025-06-01,SKU0740,Store C,4.15,3.3468,7.966,7.0,8.0,0.0,0.0,0.0,2.0835,2.0835,Product 0740,TK,TK(250)G,CANDYLAND,Supplier 38
2025-06-01,SKU0745,Store A,2.075,1.6734,8.433,6.0,12.0,0.0,0.0,0.0,0.9462,0.9462,Product 0745,TK,TK(125)G,CANDYLAND,Supplier 38
2025-06-01,SKU0753,Store B,0.996,0.8032,0.0,0.0,0.0,0.0,0.0,0.0,0.0,0.0,Product 0753,TK,TK(40)G,CANDYLAND,Supplier 26
2025-06-01,SKU0768,Store C,1.245,1.0041,0.0,0.0,0.0,0.0,0.0,0.0,0.0,0.0,Product 0768,TK,TK(150)G,CANDYLAND,Supplier 32
2025-06-01,SKU0775,Store A,1.245,1.0041,0.0,0.0,0.0,0.0,0.0,0.0,0.0,0.0,Product 0775,TK,TK(150)G,CANDYLAND,Supplier 32
2025-06-01,SKU0776,Store B,0.747,0.6024,0.0,0.0,0.0,0.0,0.0,0.0,0.0,0.0,Product 0776,TK,TK(56)G,CANDYLAND,Supplier 21
2025-06-01,SKU0779,Store A,0.747,0.6024,0.0,0.0,0.0,0.0,0.0,0.0,0.0,0.0,Product 0779,TK,TK(56)G,CANDYLAND,Supplier 21
2025-06-01,SKU0784,Store B,0.913,0.7363,0.0,0.0,0.0,0.0,0.0,0.0,0.0,0.0,Product 0784,TK,TK(100)G,CANDYLAND,Supplier 11
2025-06-01,SKU0800,Store B,3.154,2.5435,0.0,0.0,0.0,0.0,0.0,0.0,0.0,0.0,Product 0800,TK,TK(120)G,CANDYLAND,Supplier 66
2025-06-01,SKU0801,Store C,1.577,1.2718,0.0,0.0,0.0,46.0,72.542,28.635,0.0,0.0,Product 0801,TK,TK(30)G,CANDYLAND,Supplier 66
2025-06-01,SKU0806,Warehouse,1.328,1.0709,0.0,0.0,0.0,0.0,0.0,0.0,0.0,0.0,Product 0806,TK,TK(8)G,CANDYLAND,Supplier 66
2025-06-01,SKU0811,Store B,0.83,0.6694,21.633,19.0,25.0,0.0,0.0,0.0,0.2822,0.2822,Product 0811,TK,TK(40)G,CANDYLAND,Multiple suppliers
2025-06-01,SKU0814,Store C,24.9,20.0806,0.0,0.0,0.0,0.0,0.0,0.0,0.0,0.0,Product 0814,TK,TK(528)G,CANDYLAND,Supplier 23
2025-06-01,SKU0841,Store B,0.2905,0.2343,99.5,44.0,142.0,213.0,61.8765,39.9894,0.2241,0.2241,Product 0841,TK,TK(1)TK,CANDYLAND,Supplier 25
2025-06-01,SKU0841,Warehouse,0.2905,0.2343,2453.333,377.0,3377.0,2053.0,596.3965,374.8778,0.1957,0.1957,Product 0841,TK,TK(1)TK,CANDYLAND,Supplier 25
2025-06-01,SKU0844,Store C,1.411,1.1379,13.0,7.0,31.0,0.0,0.0,0.0,0.5395,0.5395,Product 0844,TK,TK(320)ML,CANDYLAND,Supplier 03
2025-06-01,SKU0846,Store C,1.411,1.1379,21.9,18.0,29.0,0.0,0.0,0.0,0.5395,0.5395,Product 0846,TK,TK(320)ML,CANDYLAND,Supplier 03
2025-06-01,SKU0852,Store C,0.4565,0.3681,0.0,0.0,0.0,0.0,0.0,0.0,0.0,0.0,Product 0852,TK,TK(500)ML,CANDYLAND,Supplier 43
2025-06-01,SKU0857,Store A,8.217,6.6266,0.0,0.0,0.0,0.0,0.0,0.0,0.0,0.0,Product 0857,TK,TK(200)G,CANDYLAND,Supplier 58
2025-06-01,SKU0859,Store C,3.237,2.6105,8.766,5.0,11.0,0.0,0.0,0.0,1.602,1.602,Product 0859,TK,TK(98)G,CANDYLAND,Supplier 23
2025-06-01,SKU0867,Store C,0.083,0.0669,0.0,0.0,0.0,197.0,16.351,3.5645,0.0,0.0,Product 0867,TK,TK(7G),CANDYLAND,Supplier 69
2025-06-01,SKU0873,Warehouse,0.415,0.3347,0.0,0.0,0.0,0.0,0.0,0.0,0.0,0.0,Product 0873,TK,TK(15)G,CANDYLAND,Supplier 19
2025-06-01,SKU0894,Store B,6.64,5.3548,0.0,0.0,0.0,0.0,0.0,0.0,0.0,0.0,Product 0894,TK,TK(60)G,CANDYLAND,Supplier 01
2025-06-01,SKU0896,Warehouse,6.64,5.3548,0.0,0.0,0.0,0.0,0.0,0.0,0.0,0.0,Product 0896,TK,TK(80)G,CANDYLAND,Supplier 01
2025-06-01,SKU0898,Store C,7.387,5.9572,0.0,0.0,0.0,8.0,59.096,26.7592,0.0,0.0,Product 0898,TK,TK(205)G,CANDYLAND,Supplier 29
2025-06-01,SKU0899,Warehouse,0.498,0.4016,421.0,421.0,421.0,60.0,29.88,9.462,0.1577,0.1577,Product 0899,TK,TK(16)G,CANDYLAND,Supplier 02
2025-06-01,SKU0902,Store A,13.197,10.6428,6.366,2.0,13.0,0.0,0.0,0.0,5.1209,5.1209,Product 0902,TK,TK(250)G,CANDYLAND,Supplier 29
2025-06-01,SKU0905,Store B,20.667,16.6669,3.533,2.0,5.0,0.0,0.0,0.0,11.2965,11.2965,Product 0905,TK,TK(590)G,CANDYLAND,Supplier 29
2025-06-01,SKU0906,Store B,2.407,1.9411,0.0,0.0,0.0,9.0,21.663,6.3495,0.0,0.0,Product 0906,TK,TK(140)G,CANDYLAND,Supplier 69
2025-06-01,SKU0906,Warehouse,2.407,1.9411,0.0,0.0,0.0,128.0,308.096,90.304,0.0,0.0,Product 0906,TK,TK(140)G,CANDYLAND,Supplier 69
2025-06-01,SKU0923,Store C,1.162,0.9371,0.0,0.0,0.0,0.0,0.0,0.0,0.0,0.0,Product 0923,TK,TK(60)G,CANDYLAND,Supplier 02
2025-06-01,SKU0929,Store B,2.4485,1.9746,0.0,0.0,0.0,0.0,0.0,0.0,0.0,0.0,Product 0929,TK,"TK(13,2)G",CANDYLAND,Supplier 62
2025-06-01,SKU0930,Store C,2.4485,1.9746,0.0,0.0,0.0,0.0,0.0,0.0,0.0,0.0,Product 0930,TK,"TK(13,2)G",CANDYLAND,Supplier 62
2025-06-01,SKU0933,Warehouse,9.0885,7.3294,0.0,0.0,0.0,0.0,0.0,0.0,0.0,0.0,Product 0933,TK,TK(48)G,CANDYLAND,Supplier 62
2025-06-01,SKU0934,Store C,9.0885,7.3294,0.0,0.0,0.0,0.0,0.0,0.0,0.0,0.0,Product 0934,TK,TK(48)G,CANDYLAND,Supplier 62
2025-06-01,SKU0934,Warehouse,9.0885,7.3294,0.0,0.0,0.0,0.0,0.0,0.0,0.0,0.0,Product 0934,TK,TK(48)G,CANDYLAND,Supplier 62
2025-06-01,SKU0935,Warehouse,9.0885,7.3294,0.0,0.0,0.0,10.0,90.885,45.982,0.0,0.0,Product 0935,TK,TK(48)G,CANDYLAND,Supplier 62
2025-06-01,SKU0937,Store B,18.2185,14.6923,0.0,0.0,0.0,2.0,36.437,18.4924,0.0,0.0,Product 0937,TK,"TK(118,8)G",CANDYLAND,Supplier 62
2025-06-01,SKU0942,Store B,2.075,1.6734,5.0,5.0,5.0,0.0,0.0,0.0,0.6059,0.6059,Product 0942,TK,TK(144)G,CANDYLAND,Supplier 59
2025-06-01,SKU0963,Store A,4.648,3.7484,0.0,0.0,0.0,0.0,0.0,0.0,0.0,0.0,Product 0963,TK,TK(400)G,CANDYLAND,Supplier 31
2025-06-01,SKU0966,Warehouse,3.32,2.6774,0.0,0.0,0.0,0.0,0.0,0.0,0.0,0.0,Product 0966,TK,TK(225)G,CANDYLAND,Supplier 71
2025-06-01,SKU0968,Warehouse,3.154,2.5435,0.0,0.0,0.0,0.0,0.0,0.0,0.0,0.0,Product 0968,TK,TK(190)G,CANDYLAND,Supplier 71
2025-06-01,SKU0972,Store B,3.154,2.5435,0.0,0.0,0.0,0.0,0.0,0.0,0.0,0.0,Product 0972,TK,TK(190)G,CANDYLAND,Supplier 71
2025-06-01,SKU0983,Store A,1.328,1.0709,0.0,0.0,0.0,19.0,25.232,9.6197,0.0,0.0,Product 0983,TK,TK(128)G,CANDYLAND,Supplier 46
2025-06-01,SKU0984,Store C,2.075,1.6734,0.0,0.0,0.0,2.0,4.15,1.826,0.0,0.0,Product 0984,TK,TK(128)G,CANDYLAND,Supplier 46
2025-06-01,SKU0985,Warehouse,1.328,1.0709,0.0,0.0,0.0,0.0,0.0,0.0,0.0,0.0,Product 0985,TK,TK(100)G,CANDYLAND,Supplier 46
2025-06-01,SKU0986,Warehouse,1.494,1.2048,0.0,0.0,0.0,18.0,26.892,10.9062,0.0,0.0,Product 0986,TK,TK(128)G,CANDYLAND,Supplier 46
2025-06-01,SKU1003,Warehouse,1.577,1.2718,0.0,0.0,0.0,0.0,0.0,0.0,0.0,0.0,Product 1003,TK,TK(57)G,CANDYLAND,Supplier 19
2025-06-01,SKU1007,Warehouse,0.996,0.8032,0.0,0.0,0.0,0.0,0.0,0.0,0.0,0.0,Product 1007,TK,TK(450)ML,CANDYLAND,Supplier 03
2025-06-01,SKU1018,Store A,0.664,0.5355,0.0,0.0,0.0,0.0,0.0,0.0,0.0,0.0,Product 1018,TK,TK(330)ML,CANDYLAND,Supplier 03
2025-06-01,SKU1031,Store B,2.656,2.1419,0.0,0.0,0.0,0.0,0.0,0.0,0.0,0.0,Product 1031,TK,TK(135)G,CANDYLAND,Supplier 59
2025-06-01,SKU1046,Warehouse,2.656,2.1419,0.0,0.0,0.0,0.0,0.0,0.0,0.0,0.0,Product 1046,TK,TK(750)ML,CANDYLAND,Supplier 03
2025-06-01,SKU1072,Store B,2.407,1.9411,0.0,0.0,0.0,0.0,0.0,0.0,0.0,0.0,Product 1072,TK,TK(214)G,CANDYLAND,Supplier 09
2025-06-01,SKU1073,Store A,3.237,2.6105,0.0,0.0,0.0,0.0,0.0,0.0,0.0,0.0,Product 1073,TK,TK(312)G,CANDYLAND,Supplier 09
2025-06-01,SKU1073,Warehouse,3.237,2.6105,0.0,0.0,0.0,0.0,0.0,0.0,0.0,0.0,Product 1073,TK,TK(312)G,CANDYLAND,Supplier 09
2025-06-01,SKU1082,Store C,1.245,1.0041,17.733,15.0,23.0,0.0,0.0,0.0,0.3735,0.3735,Product 1082,TK,TK(50)G,CANDYLAND,Supplier 02
2025-06-01,SKU1087,Store C,2.988,2.4097,0.0,0.0,0.0,0.0,0.0,0.0,0.0,0.0,Product 1087,TK,TK(10)G,CANDYLAND,Supplier 51
2025-06-01,SKU1087,Warehouse,2.988,2.4097,0.0,0.0,0.0,0.0,0.0,0.0,0.0,0.0,Product 1087,TK,TK(10)G,CANDYLAND,Supplier 51
2025-06-01,SKU1092,Store C,0.996,0.8032,0.0,0.0,0.0,0.0,0.0,0.0,0.0,0.0,Product 1092,TK,TK(15)G,CANDYLAND,Supplier 09
2025-06-01,SKU1098,Warehouse,1.328,1.0709,0.0,0.0,0.0,0.0,0.0,0.0,0.0,0.0,Product 1098,TK,TK(46)G,CANDYLAND,Supplier 09
2025-06-01,SKU1103,Warehouse,0.1245,0.1004,0.0,0.0,0.0,0.0,0.0,0.0,0.0,0.0,Product 1103,TK,TK(9)G,CANDYLAND,Supplier 59
2025-06-01,SKU1109,Store C,0.747,0.6024,0.0,0.0,0.0,0.0,0.0,0.0,0.0,0.0,Product 1109,TK,TK(75)G,CANDYLAND,Supplier 41
2025-06-01,SKU1110,Store B,0.747,0.6024,0.0,0.0,0.0,0.0,0.0,0.0,0.0,0.0,Product 1110,TK,TK(75)G,CANDYLAND,Supplier 41
2025-06-01,SKU1120,Store A,3.237,2.6105,0.0,0.0,0.0,0.0,0.0,0.0,0.0,0.0,Product 1120,TK,TK(125)G,CANDYLAND,Supplier 26
2025-06-01,SKU1122,Store A,3.818,3.0791,0.0,0.0,0.0,0.0,0.0,0.0,0.0,0.0,Product 1122,TK,TK(250)G,CANDYLAND,Supplier 26
2025-06-01,SKU1134,Warehouse,7.47,6.0242,0.0,0.0,0.0,0.0,0.0,0.0,0.0,0.0,Product 1134,TK,TK(200)G,CANDYLAND,Supplier 26
2025-06-01,SKU1143,Store C,1.494,1.2048,0.0,0.0,0.0,0.0,0.0,0.0,0.0,0.0,Product 1143,TK,TK(200)G,CANDYLAND,Supplier 26
2025-06-01,SKU1147,Store C,2.656,2.1419,0.0,0.0,0.0,0.0,0.0,0.0,0.0,0.0,Product 1147,TK,TK(150)G,CANDYLAND,Supplier 26
2025-06-01,SKU1167,Store C,3.237,2.6105,0.0,0.0,0.0,0.0,0.0,0.0,0.0,0.0,Product 1167,TK,TK(125)G,CANDYLAND,Supplier 26
2025-06-01,SKU1174,Store A,0.747,0.6024,0.133,0.0,1.0,9.0,6.723,2.3157,0.2577,0.2577,Product 1174,TK,TK(250)ML,CANDYLAND,Supplier 24
2025-06-01,SKU1180,Store C,2.075,1.6734,0.0,0.0,0.0,0.0,0.0,0.0,0.0,0.0,Product 1180,TK,TK(107)G,CANDYLAND,Supplier 26
2025-06-01,SKU1190,Warehouse,1.245,1.0041,0.0,0.0,0.0,0.0,0.0,0.0,0.0,0.0,Product 1190,TK,TK(150)G,CANDYLAND,Supplier 48
2025-06-01,SKU1193,Warehouse,3.818,3.0791,0.0,0.0,0.0,0.0,0.0,0.0,0.0,0.0,Product 1193,TK,TK(90)G,CANDYLAND,Supplier 23
2025-06-01,SKU1206,Store B,2.075,1.6734,0.0,0.0,0.0,0.0,0.0,0.0,0.0,0.0,Product 1206,TK,TK(180)G,CANDYLAND,Supplier 39
2025-06-01,SKU1213,Store C,0.1245,0.1004,0.0,0.0,0.0,0.0,0.0,0.0,0.0,0.0,Product 1213,TK,TK(4)G,CANDYLAND,Supplier 36
2025-06-01,SKU1218,Store B,1.494,1.2048,0.0,0.0,0.0,4.0,5.976,2.5232,0.0,0.0,Product 1218,TK,TK(125)G,CANDYLAND,Supplier 24
2025-06-01,SKU1220,Store B,0.747,0.6024,0.0,0.0,0.0,0.0,0.0,0.0,0.0,0.0,Product 1220,TK,TK(75)G,CANDYLAND,Supplier 41
2025-06-01,SKU1227,Warehouse,1.494,1.2048,0.0,0.0,0.0,0.0,0.0,0.0,0.0,0.0,Product 1227,TK,TK(125)G,CANDYLAND,Supplier 24
2025-06-01,SKU1228,Store C,1.328,1.0709,17.133,0.0,36.0,0.0,0.0,0.0,0.5976,0.5976,Product 1228,TK,TK(135)G,CANDYLAND,Supplier 50
2025-06-01,SKU1235,Store B,1.245,1.0041,35.3,26.0,38.0,25.0,31.125,12.2425,0.4897,0.4897,Product 1235,TK,TK(5)G,CANDYLAND,Supplier 04
2025-06-01,SKU1236,Warehouse,1.245,1.0041,889.2,888.0,900.0,24.0,29.88,11.7528,0.4897,0.4897,Product 1236,TK,TK(5)G,CANDYLAND,Supplier 04
2025-06-01,SKU1237,Store B,1.245,1.0041,35.233,16.0,40.0,16.0,19.92,7.8352,0.4897,0.4897,Product 1237,TK,TK(5)G,CANDYLAND,Supplier 04
2025-06-01,SKU1237,Store C,1.245,1.0041,19.166,7.0,30.0,0.0,0.0,0.0,0.4897,0.4897,Product 1237,TK,TK(5)G,CANDYLAND,Supplier 04
2025-06-01,SKU1240,Store A,1.162,0.9371,32.3,32.0,33.0,0.0,0.0,0.0,0.415,0.415,Product 1240,TK,TK(15)G,CANDYLAND,Supplier 04
2025-06-01,SKU1247,Store A,2.49,2.0081,0.0,0.0,0.0,1.0,2.49,1.0956,0.0,0.0,Product 1247,TK,TK(400)G,CANDYLAND,Supplier 24
2025-06-01,SKU1252,Store A,1.494,1.2048,-0.233,-1.0,3.0,5.0,7.47,3.071,0.6149,0.6149,Product 1252,TK,TK(125)G,CANDYLAND,Supplier 24
2025-06-01,SKU1270,Store C,1.494,1.2048,2.3,1.0,5.0,7.0,10.458,4.2994,0.6142,0.6142,Product 1270,TK,TK(125)G,CANDYLAND,Supplier 24
2025-06-01,SKU1270,Warehouse,1.494,1.2048,14.666,0.0,40.0,4.0,5.976,2.4568,0.6142,0.6142,Product 1270,TK,TK(125)G,CANDYLAND,Supplier 24
2025-06-01,SKU1285,Store B,0.996,0.8032,0.0,0.0,0.0,0.0,0.0,0.0,0.0,0.0,Product 1285,TK,TK(100)G,CANDYLAND,Supplier 24
2025-06-01,SKU1286,Store A,3.32,2.6774,0.0,0.0,0.0,0.0,0.0,0.0,0.0,0.0,Product 1286,TK,TK(300)G,CANDYLAND,Supplier 24
2025-06-01,SKU1290,Store C,5.561,4.4847,0.0,0.0,0.0,0.0,0.0,0.0,0.0,0.0,Product 1290,KG,KG(1000)G,CANDYLAND,Supplier 19
2025-06-01,SKU1293,Warehouse,1.494,1.2048,0.0,0.0,0.0,0.0,0.0,0.0,0.0,0.0,Product 1293,TK,TK(100)G,CANDYLAND,Supplier 24
2025-06-01,SKU1302,Store A,2.075,1.6734,0.0,0.0,0.0,3.0,6.225,1.8675,0.0,0.0,Product 1302,TK,TK(100)G,CANDYLAND,Supplier 12
2025-06-01,SKU1302,Warehouse,2.075,1.6734,0.0,0.0,0.0,0.0,0.0,0.0,0.0,0.0,Product 1302,TK,TK(100)G,CANDYLAND,Supplier 12
2025-06-01,SKU1305,Warehouse,2.075,1.6734,0.0,0.0,0.0,0.0,0.0,0.0,0.0,0.0,Product 1305,TK,TK(100)G,CANDYLAND,Multiple suppliers
2025-06-01,SKU1306,Store A,4.15,3.3468,0.0,0.0,0.0,4.0,16.6,7.636,0.0,0.0,Product 1306,TK,TK(250)G,CANDYLAND,Supplier 12
2025-06-01,SKU1309,Store C,1.494,1.2048,1.266,1.0,2.0,0.0,0.0,0.0,0.5812,0.5812,Product 1309,TK,TK(180)G,CANDYLAND,Supplier 24
2025-06-01,SKU1321,Warehouse,1.411,1.1379,226.0,175.0,285.0,0.0,0.0,0.0,0.6225,0.6225,Product 1321,TK,TK(150)ML,CANDYLAND,Supplier 03
2025-06-01,SKU1326,Store A,1.411,1.1379,35.1,19.0,66.0,0.0,0.0,0.0,0.6225,0.6225,Product 1326,TK,TK(150)ML,CANDYLAND,Supplier 03
2025-06-01,SKU1326,Store C,1.411,1.1379,31.7,13.0,43.0,0.0,0.0,0.0,0.6225,0.6225,Product 1326,TK,TK(150)ML,CANDYLAND,Supplier 03
2025-06-01,SKU1335,Store B,0.996,0.8032,0.0,0.0,0.0,0.0,0.0,0.0,0.0,0.0,Product 1335,TK,TK(500)ML,CANDYLAND,Supplier 03
2025-06-01,SKU1337,Store A,0.747,0.6024,0.0,0.0,0.0,0.0,0.0,0.0,0.0,0.0,Product 1337,TK,TK(240)ML,CANDYLAND,Supplier 03
2025-06-01,SKU1342,Warehouse,1.826,1.4726,0.0,0.0,0.0,0.0,0.0,0.0,0.0,0.0,Product 1342,TK,TK(100)G,CANDYLAND,Supplier 24
2025-06-01,SKU1350,Warehouse,1.328,1.0709,0.0,0.0,0.0,0.0,0.0,0.0,0.0,0.0,Product 1350,TK,TK(50)G,CANDYLAND,Supplier 24
2025-06-01,SKU1363,Store C,2.241,1.8072,0.0,0.0,0.0,0.0,0.0,0.0,0.0,0.0,Product 1363,TK,TK(180)G,CANDYLAND,Supplier 24
2025-06-01,SKU1364,Store A,2.075,1.6734,0.0,0.0,0.0,0.0,0.0,0.0,0.0,0.0,Product 1364,TK,TK(75)G,CANDYLAND,Supplier 24
2025-06-01,SKU1366,Store A,1.245,1.0041,57.933,12.0,96.0,0.0,0.0,0.0,0.5644,0.5644,Product 1366,TK,TK(240)ML,CANDYLAND,Supplier 52
2025-06-01,SKU1372,Store B,4.15,3.3468,0.0,0.0,0.0,0.0,0.0,0.0,0.0,0.0,Product 1372,TK,TK(6)G,CANDYLAND,Supplier 17
2025-06-01,SKU1389,Store A,1.66,1.3387,13.5,12.0,15.0,10.0,16.6,8.466,0.8474,0.8474,Product 1389,TK,TK(200)G,CANDYLAND,Supplier 24
2025-06-01,SKU1397,Store A,1.66,1.3387,7.466,5.0,10.0,9.0,14.94,7.6194,0.8467,0.8467,Product 1397,TK,TK(175)G,CANDYLAND,Supplier 24
2025-06-01,SKU1399,Warehouse,3.071,2.4766,0.0,0.0,0.0,0.0,0.0,0.0,0.0,0.0,Product 1399,TK,"TK(7,5)G",CANDYLAND,Supplier 63
2025-06-01,SKU1402,Warehouse,0.498,0.4016,0.0,0.0,0.0,0.0,0.0,0.0,0.0,0.0,Product 1402,TK,TK(70)ML,CANDYLAND,Supplier 24
2025-06-01,SKU1404,Store B,0.996,0.8032,148.233,133.0,162.0,158.0,157.368,60.1933,0.3726,0.3726,Product 1404,TK,TK(25)G,CANDYLAND,Multiple suppliers
2025-06-01,SKU1404,Store C,0.996,0.8032,152.3,129.0,178.0,108.0,107.568,41.1448,0.3726,0.3726,Product 1404,TK,TK(25)G,CANDYLAND,Multiple suppliers
2025-06-01,SKU1405,Store B,0.7387,0.5957,0.0,0.0,0.0,0.0,0.0,0.0,0.0,0.0,Product 1405,TK,TK(25)G,CANDYLAND,Supplier 21
2025-06-01,SKU1408,Store A,1.66,1.3387,2.833,1.0,4.0,7.0,11.62,5.1709,0.7969,0.7969,Product 1408,TK,TK(250)G,CANDYLAND,Supplier 24
2025-06-01,SKU1408,Warehouse,1.66,1.3387,35.2,0.0,96.0,0.0,0.0,0.0,0.7968,0.7968,Product 1408,TK,TK(250)G,CANDYLAND,Supplier 24
2025-06-01,SKU1411,Store B,2.905,2.3428,2.2,2.0,3.0,0.0,0.0,0.0,1.4027,1.4027,Product 1411,TK,TK(400)G,CANDYLAND,Supplier 24
2025-06-01,SKU1411,Store C,2.905,2.3428,0.0,0.0,0.0,0.0,0.0,0.0,0.0,0.0,Product 1411,TK,TK(400)G,CANDYLAND,Supplier 24
2025-06-01,SKU1413,Store C,2.49,2.0081,0.0,0.0,0.0,0.0,0.0,0.0,0.0,0.0,Product 1413,TK,TK(200)G,CANDYLAND,Supplier 24
2025-06-01,SKU1414,Store C,1.66,1.3387,0.0,0.0,0.0,0.0,0.0,0.0,0.0,0.0,Product 1414,TK,TK(180)G,CANDYLAND,Supplier 24
2025-06-01,SKU1418,Store C,0.664,0.5355,33.8,16.0,52.0,25.0,16.6,7.47,0.2324,0.2324,Product 1418,TK,"TK(21,5)G",CANDYLAND,Supplier 24
2025-06-01,SKU1418,Warehouse,0.664,0.5355,32.4,0.0,72.0,0.0,0.0,0.0,0.2324,0.2324,Product 1418,TK,"TK(21,5)G",CANDYLAND,Supplier 24
2025-06-01,SKU1426,Store C,1.66,1.3387,0.0,0.0,0.0,0.0,0.0,0.0,0.0,0.0,Product 1426,TK,TK(200)G,CANDYLAND,Supplier 24
2025-06-01,SKU1426,Warehouse,1.66,1.3387,22.0,0.0,60.0,0.0,0.0,0.0,0.5976,0.5976,Product 1426,TK,TK(200)G,CANDYLAND,Supplier 24
2025-06-01,SKU1432,Store A,1.577,1.2718,0.0,0.0,0.0,0.0,0.0,0.0,0.0,0.0,Product 1432,TK,TK(100)G,CANDYLAND,Supplier 24
2025-06-01,SKU1438,Warehouse,1.6185,1.3053,0.0,0.0,0.0,0.0,0.0,0.0,0.0,0.0,Product 1438,TK,TK(120)G,CANDYLAND,Supplier 17
2025-06-01,SKU1441,Store C,1.245,1.0041,0.0,0.0,0.0,0.0,0.0,0.0,0.0,0.0,Product 1441,TK,TK(150)G,CANDYLAND,Supplier 24
2025-06-01,SKU1444,Store A,0.913,0.7363,1.066,1.0,2.0,16.0,14.608,7.1712,0.4069,0.4069,Product 1444,TK,TK(20)G,CANDYLAND,Supplier 24
2025-06-01,SKU1445,Store A,0.913,0.7363,16.133,15.0,21.0,0.0,0.0,0.0,0.4067,0.4067,Product 1445,TK,TK(20)G,CANDYLAND,Supplier 24
2025-06-01,SKU1445,Store C,0.913,0.7363,0.0,0.0,0.0,0.0,0.0,0.0,0.0,0.0,Product 1445,TK,TK(20)G,CANDYLAND,Supplier 24
2025-06-01,SKU1445,Warehouse,0.913,0.7363,0.0,0.0,0.0,0.0,0.0,0.0,0.0,0.0,Product 1445,TK,TK(20)G,CANDYLAND,Supplier 24
2025-06-01,SKU1463,Store C,0.996,0.8032,0.0,0.0,0.0,12.0,11.952,5.0796,0.0,0.0,Product 1463,TK,TK(80)G,CANDYLAND,Supplier 24
2025-06-01,SKU1475,Store A,1.245,1.0041,0.0,0.0,0.0,2.0,2.49,1.0624,0.0,0.0,Product 1475,TK,TK(150)G,CANDYLAND,Supplier 24
2025-06-01,SKU1475,Warehouse,1.245,1.0041,0.0,0.0,0.0,0.0,0.0,0.0,0.0,0.0,Product 1475,TK,TK(150)G,CANDYLAND,Supplier 24
2025-06-01,SKU1476,Store A,1.245,1.0041,3.433,3.0,4.0,8.0,9.96,4.2496,0.5313,0.5313,Product 1476,TK,TK(150)G,CANDYLAND,Supplier 24
2025-06-01,SKU1481,Store B,1.245,1.0041,4.0,4.0,4.0,6.0,7.47,3.1872,0.5312,0.5312,Product 1481,TK,TK(170)G,CANDYLAND,Supplier 24
2025-06-01,SKU1485,Store C,0.332,0.2678,137.833,72.0,202.0,0.0,0.0,0.0,0.1278,0.1278,Product 1485,TK,TK(5)G,CANDYLAND,Multiple suppliers
2025-06-01,SKU1488,Store B,1.245,1.0041,0.0,0.0,0.0,0.0,0.0,0.0,0.0,0.0,Product 1488,TK,TK(8)G,CANDYLAND,Supplier 24
2025-06-01,SKU1493,Warehouse,0.83,0.6694,0.0,0.0,0.0,0.0,0.0,0.0,0.0,0.0,Product 1493,TK,TK(150)G,CANDYLAND,Supplier 24
2025-06-01,SKU1495,Warehouse,2.075,1.6734,0.0,0.0,0.0,0.0,0.0,0.0,0.0,0.0,Product 1495,TK,TK(120)G,CANDYLAND,Supplier 24
2025-06-01,SKU1511,Store C,0.83,0.6694,0.0,0.0,0.0,13.0,10.79,4.9634,0.0,0.0,Product 1511,TK,TK(200)ML,CANDYLAND,Supplier 24
2025-06-01,SKU1516,Store A,1.079,0.8702,0.0,0.0,0.0,0.0,0.0,0.0,0.0,0.0,Product 1516,TK,TK(24)G,CANDYLAND,Supplier 24
2025-06-01,SKU1520,Store B,1.494,1.2048,0.0,0.0,0.0,0.0,0.0,0.0,0.0,0.0,Product 1520,TK,TK(100)G,CANDYLAND,Supplier 24
2025-06-01,SKU1531,Store B,1.66,1.3387,0.0,0.0,0.0,0.0,0.0,0.0,0.0,0.0,Product 1531,TK,TK(17)G,CANDYLAND,Supplier 24
2025-06-01,SKU1534,Store A,1.577,1.2718,0.0,0.0,0.0,0.0,0.0,0.0,0.0,0.0,Product 1534,TK,TK(84)G,CANDYLAND,Supplier 24
2025-06-01,SKU1536,Store C,0.996,0.8032,0.0,0.0,0.0,0.0,0.0,0.0,0.0,0.0,Product 1536,TK,TK(80)G,CANDYLAND,Supplier 24
2025-06-01,SKU1537,Store C,1.245,1.0041,0.0,0.0,0.0,0.0,0.0,0.0,0.0,0.0,Product 1537,TK,TK(42)G,CANDYLAND,Supplier 24
2025-06-01,SKU1538,Store A,1.992,1.6065,1.066,1.0,3.0,0.0,0.0,0.0,0.7225,0.7225,Product 1538,TK,TK(10)G,CANDYLAND,Supplier 02
2025-06-01,SKU1539,Store B,2.075,1.6734,0.0,0.0,0.0,0.0,0.0,0.0,0.0,0.0,Product 1539,TK,TK(2)L,CANDYLAND,Supplier 24
2025-06-01,SKU1541,Warehouse,1.66,1.3387,8.266,0.0,16.0,0.0,0.0,0.0,0.8052,0.8052,Product 1541,TK,TK(84)G,CANDYLAND,Supplier 24
2025-06-01,SKU1543,Warehouse,1.66,1.3387,22.0,12.0,24.0,14.0,23.24,10.6904,0.8051,0.8051,Product 1543,TK,TK(85)G,CANDYLAND,Supplier 24
2025-06-01,SKU1557,Store C,1.162,0.9371,0.0,0.0,0.0,4.0,4.648,1.5604,0.0,0.0,Product 1557,TK,TK(60)G,CANDYLAND,Supplier 24
2025-06-01,SKU1561,Store B,0.913,0.7363,0.0,0.0,0.0,7.0,6.391,2.8469,0.0,0.0,Product 1561,TK,"TK(17,5)G",CANDYLAND,Supplier 24
2025-06-01,SKU1570,Store B,1.245,1.0041,0.0,0.0,0.0,2.0,2.49,1.0956,0.0,0.0,Product 1570,TK,TK(70)G,CANDYLAND,Supplier 24
2025-06-01,SKU1574,Store C,10.375,8.3669,0.0,0.0,0.0,9.0,93.375,38.9934,0.0,0.0,Product 1574,TK,TK(255)G,CANDYLAND,Supplier 24
2025-06-01,SKU1577,Warehouse,4.067,3.2798,0.0,0.0,0.0,0.0,0.0,0.0,0.0,0.0,Product 1577,TK,TK(200)G,CANDYLAND,Supplier 13
2025-06-01,SKU1584,Store C,0.83,0.6694,0.0,0.0,0.0,0.0,0.0,0.0,0.0,0.0,Product 1584,TK,TK(5)G,CANDYLAND,Supplier 18
2025-06-01,SKU1591,Store A,2.407,1.9411,0.0,0.0,0.0,0.0,0.0,0.0,0.0,0.0,Product 1591,TK,TK(42)G,CANDYLAND,Supplier 07
2025-06-01,SKU1597,Store B,2.656,2.1419,0.0,0.0,0.0,7.0,18.592,9.5865,0.0,0.0,Product 1597,TK,TK(360)ML,CANDYLAND,Supplier 07
2025-06-01,SKU1597,Store C,2.656,2.1419,0.0,0.0,0.0,9.0,23.904,12.3255,0.0,0.0,Product 1597,TK,TK(360)ML,CANDYLAND,Supplier 07
2025-06-01,SKU1608,Warehouse,1.411,1.1379,24.0,24.0,24.0,0.0,0.0,0.0,0.664,0.664,Product 1608,TK,TK(330)ML,CANDYLAND,Supplier 07
2025-06-01,SKU1609,Store A,1.411,1.1379,24.766,17.0,40.0,1.0,1.411,0.664,0.664,0.664,Product 1609,TK,TK(330)ML,CANDYLAND,Supplier 07
2025-06-01,SKU1609,Warehouse,1.411,1.1379,45.6,24.0,96.0,36.0,50.796,23.904,0.664,0.664,Product 1609,TK,TK(330)ML,CANDYLAND,Supplier 07
2025-06-01,SKU1616,Store A,1.411,1.1379,18.8,13.0,37.0,3.0,4.233,1.992,0.664,0.664,Product 1616,TK,TK(330)ML,CANDYLAND,Supplier 07
2025-06-01,SKU1617,Warehouse,0.996,0.8032,0.0,0.0,0.0,0.0,0.0,0.0,0.0,0.0,Product 1617,TK,TK(250)ML,CANDYLAND,Supplier 07
2025-06-01,SKU1628,Store A,6.308,5.0871,0.0,0.0,0.0,0.0,0.0,0.0,0.0,0.0,Product 1628,TK,TK(150)G,CANDYLAND,Supplier 07
2025-06-01,SKU1634,Store B,3.652,2.9452,3.2,2.0,4.0,0.0,0.0,0.0,1.9505,1.9505,Product 1634,TK,TK(150)G,CANDYLAND,Supplier 75
2025-06-01,SKU1637,Store A,6.225,5.0202,4.566,3.0,5.0,0.0,0.0,0.0,2.9635,2.9635,Product 1637,TK,TK(300)G,CANDYLAND,Supplier 75
2025-06-01,SKU1637,Store B,6.225,5.0202,6.0,6.0,6.0,0.0,0.0,0.0,2.9631,2.9631,Product 1637,TK,TK(300)G,CANDYLAND,Supplier 75
2025-06-01,SKU1641,Store A,1.245,1.0041,54.0,54.0,54.0,0.0,0.0,0.0,0.6391,0.6391,Product 1641,TK,TK(50)G,CANDYLAND,Supplier 75
2025-06-01,SKU1644,Warehouse,6.225,5.0202,0.0,0.0,0.0,0.0,0.0,0.0,0.0,0.0,Product 1644,TK,TK(300)G,CANDYLAND,Supplier 75
2025-06-01,SKU1645,Store A,2.656,2.1419,3.333,0.0,8.0,11.0,29.216,11.9603,0.7637,0.7637,Product 1645,TK,TK(126)G,CANDYLAND,Supplier 75
2025-06-01,SKU1647,Store B,2.241,1.8072,25.6,24.0,29.0,37.0,82.917,38.6946,1.0624,1.0624,Product 1647,TK,TK(100)G,CANDYLAND,Supplier 75
2025-06-01,SKU1648,Store C,2.324,1.8742,12.2,8.0,16.0,13.0,30.212,14.9981,0.9296,0.9296,Product 1648,TK,TK(200)G,CANDYLAND,Supplier 75
2025-06-01,SKU1648,Warehouse,2.324,1.8742,0.0,0.0,0.0,54.0,125.496,62.2998,0.0,0.0,Product 1648,TK,TK(200)G,CANDYLAND,Supplier 75
2025-06-01,SKU1652,Store A,4.98,4.0161,0.0,0.0,0.0,12.0,59.76,27.9876,0.0,0.0,Product 1652,TK,TK(200)G,CANDYLAND,Supplier 75
2025-06-01,SKU1663,Store B,2.407,1.9411,23.766,18.0,58.0,0.0,0.0,0.0,1.0241,1.0241,Product 1663,TK,TK(100)G,CANDYLAND,Supplier 29
2025-06-01,SKU1665,Warehouse,1.245,1.0041,81.333,68.0,84.0,0.0,0.0,0.0,0.3818,0.3818,Product 1665,TK,TK(150)G,CANDYLAND,Supplier 76
2025-06-01,SKU1675,Store C,0.664,0.5355,0.0,0.0,0.0,0.0,0.0,0.0,0.0,0.0,Product 1675,TK,TK(35)G,CANDYLAND,Supplier 18
2025-06-01,SKU1681,Warehouse,1.079,0.8702,0.0,0.0,0.0,0.0,0.0,0.0,0.0,0.0,Product 1681,TK,TK(60)G,CANDYLAND,Supplier 24
2025-06-01,SKU1694,Store C,1.245,1.0041,0.0,0.0,0.0,0.0,0.0,0.0,0.0,0.0,Product 1694,TK,"TK(17,5)G",CANDYLAND,Supplier 74
2025-06-01,SKU1698,Warehouse,1.245,1.0041,0.0,0.0,0.0,0.0,0.0,0.0,0.0,0.0,Product 1698,TK,TK(84)G,CANDYLAND,Supplier 18
2025-06-01,SKU1703,Warehouse,2.49,2.0081,0.0,0.0,0.0,0.0,0.0,0.0,0.0,0.0,Product 1703,TK,TK(120)G,CANDYLAND,Supplier 74
2025-06-01,SKU1713,Store B,1.328,1.0709,2.933,0.0,6.0,16.0,21.248,8.2336,0.4815,0.4815,Product 1713,TK,TK(128)G,CANDYLAND,Supplier 46
2025-06-01,SKU1714,Warehouse,1.328,1.0709,0.0,0.0,0.0,0.0,0.0,0.0,0.0,0.0,Product 1714,TK,TK(128)G,CANDYLAND,Supplier 46
2025-06-01,SKU1717,Store A,1.328,1.0709,0.0,0.0,0.0,0.0,0.0,0.0,0.0,0.0,Product 1717,TK,TK(128)G,CANDYLAND,Supplier 46
2025-06-01,SKU1717,Store C,1.328,1.0709,0.0,0.0,0.0,0.0,0.0,0.0,0.0,0.0,Product 1717,TK,TK(128)G,CANDYLAND,Supplier 46
2025-06-01,SKU1719,Warehouse,3.154,2.5435,0.0,0.0,0.0,0.0,0.0,0.0,0.0,0.0,Product 1719,TK,TK(227)G,CANDYLAND,Multiple suppliers
2025-06-01,SKU1724,Warehouse,3.32,2.6774,0.0,0.0,0.0,0.0,0.0,0.0,0.0,0.0,Product 1724,TK,TK(120)G,CANDYLAND,Supplier 09
2025-06-01,SKU1731,Store B,3.32,2.6774,0.0,0.0,0.0,0.0,0.0,0.0,0.0,0.0,Product 1731,TK,TK(120)G,CANDYLAND,Supplier 09
2025-06-01,SKU1736,Store B,1.494,1.2048,0.0,0.0,0.0,17.0,25.398,7.055,0.0,0.0,Product 1736,TK,TK(40)G,CANDYLAND,Supplier 09
2025-06-01,SKU1738,Store C,0.747,0.6024,0.0,0.0,0.0,0.0,0.0,0.0,0.0,0.0,Product 1738,TK,"TK(13,8)G",CANDYLAND,Supplier 09
2025-06-01,SKU1742,Warehouse,0.083,0.083,0.0,0.0,0.0,0.0,0.0,0.0,0.0,0.0,Product 1742,TK,TK,CANDYLAND,Supplier 10
2025-06-01,SKU1743,Store A,0.083,0.083,0.0,0.0,0.0,0.0,0.0,0.0,0.0,0.0,Product 1743,TK,TK,CANDYLAND,Supplier 43
2025-06-01,SKU1746,Store B,1.494,1.2048,6.2,2.0,10.0,0.0,0.0,0.0,0.5395,0.5395,Product 1746,TK,TK(112)G,CANDYLAND,Supplier 46
2025-06-01,SKU1746,Store C,1.494,1.2048,6.066,5.0,10.0,0.0,0.0,0.0,0.5396,0.5396,Product 1746,TK,TK(112)G,CANDYLAND,Supplier 46
2025-06-01,SKU1749,Warehouse,4.1085,3.3133,0.0,0.0,0.0,0.0,0.0,0.0,0.0,0.0,Product 1749,TK,TK(500)ML,CANDYLAND,Supplier 74
2025-06-01,SKU1765,Store B,2.158,1.7403,0.0,0.0,0.0,0.0,0.0,0.0,0.0,0.0,Product 1765,TK,TK(42)G,CANDYLAND,Supplier 74
2025-06-01,SKU1773,Store B,2.49,2.0081,0.0,0.0,0.0,0.0,0.0,0.0,0.0,0.0,Product 1773,TK,TK(141)G,CANDYLAND,Supplier 74
2025-06-01,SKU1774,Store C,1.66,1.3387,0.0,0.0,0.0,0.0,0.0,0.0,0.0,0.0,Product 1774,TK,TK(330)ML,CANDYLAND,Supplier 74
2025-06-01,SKU1775,Warehouse,1.66,1.3387,0.0,0.0,0.0,0.0,0.0,0.0,0.0,0.0,Product 1775,TK,TK(335)ML,CANDYLAND,Supplier 74
2025-06-01,SKU1777,Store B,1.66,1.3387,0.0,0.0,0.0,0.0,0.0,0.0,0.0,0.0,Product 1777,TK,TK(335)ML,CANDYLAND,Supplier 74
2025-06-01,SKU1794,Store C,0.913,0.7363,0.0,0.0,0.0,23.0,20.999,6.8724,0.0,0.0,Product 1794,TK,TK(35)G,CANDYLAND,Supplier 42
2025-06-01,SKU1795,Store B,8.715,7.0282,10.166,0.0,14.0,0.0,0.0,0.0,4.4407,4.4407,Product 1795,TK,TK(189)G,CANDYLAND,Multiple suppliers
2025-07-01,SKU0015,Store A,2.49,2.0081,0.0,0.0,0.0,0.0,0.0,0.0,0.0,0.0,Product 0015,TK,TK(10)G,CANDYLAND,Supplier 66
2025-07-01,SKU0021,Store C,22.327,18.0056,0.0,0.0,0.0,0.0,0.0,0.0,0.0,0.0,Product 0021,TK,TK(430)G,CANDYLAND,Supplier 29
2025-07-01,SKU0026,Store C,0.913,0.7363,1.0,1.0,1.0,0.0,0.0,0.0,0.1718,0.1718,Product 0026,TK,TK(50)ML,CANDYLAND,Supplier 64
2025-07-01,SKU0026,Warehouse,0.913,0.7363,0.0,0.0,0.0,0.0,0.0,0.0,0.0,0.0,Product 0026,TK,TK(50)ML,CANDYLAND,Supplier 64
2025-07-01,SKU0029,Warehouse,0.415,0.3347,0.0,0.0,0.0,0.0,0.0,0.0,0.0,0.0,Product 0029,TK,TK(20)ML,CANDYLAND,Supplier 64
2025-07-01,SKU0037,Store C,1.66,1.3387,0.0,0.0,0.0,0.0,0.0,0.0,0.0,0.0,Product 0037,TK,TK(10)G,CANDYLAND,Supplier 64
2025-07-01,SKU0044,Store B,3.735,3.0121,14.258,13.0,15.0,0.0,0.0,0.0,1.66,1.66,Product 0044,TK,TK(20)G,CANDYLAND,Supplier 66
2025-07-01,SKU0046,Store B,1.494,1.2048,19.0,15.0,23.0,0.0,0.0,0.0,0.7055,0.7055,Product 0046,TK,TK(10)G,CANDYLAND,Supplier 66
2025-07-01,SKU0047,Store A,1.494,1.2048,17.967,14.0,20.0,0.0,0.0,0.0,0.7055,0.7055,Product 0047,TK,TK(10)G,CANDYLAND,Supplier 66
2025-07-01,SKU0057,Store B,2.905,2.3428,0.0,0.0,0.0,0.0,0.0,0.0,0.0,0.0,Product 0057,TK,TK(120)G,CANDYLAND,Supplier 66
2025-07-01,SKU0060,Store B,2.905,2.3428,0.0,0.0,0.0,0.0,0.0,0.0,0.0,0.0,Product 0060,TK,TK(120)G,CANDYLAND,Supplier 66
2025-07-01,SKU0060,Store C,2.905,2.3428,0.0,0.0,0.0,0.0,0.0,0.0,0.0,0.0,Product 0060,TK,TK(120)G,CANDYLAND,Supplier 66
2025-07-01,SKU0063,Store A,1.66,1.3387,1.87,0.0,16.0,0.0,0.0,0.0,0.6541,0.6541,Product 0063,TK,TK(100)G,CANDYLAND,Supplier 59
2025-07-01,SKU0067,Store A,1.079,0.8702,0.0,0.0,0.0,0.0,0.0,0.0,0.0,0.0,Product 0067,TK,TK(200)G,CANDYLAND,Supplier 59
2025-07-01,SKU0068,Store B,1.245,1.0041,0.0,0.0,0.0,0.0,0.0,0.0,0.0,0.0,Product 0068,TK,TK(200)G,CANDYLAND,Supplier 59
2025-07-01,SKU0087,Store B,0.913,0.7363,14.677,12.0,19.0,14.0,12.782,5.229,0.3735,0.3735,Product 0087,TK,TK(90)G,CANDYLAND,Supplier 68
2025-07-01,SKU0089,Store B,0.913,0.7363,0.0,0.0,0.0,0.0,0.0,0.0,0.0,0.0,Product 0089,TK,TK(90)G,CANDYLAND,Supplier 68
2025-07-01,SKU0095,Warehouse,0.913,0.7363,34.225,27.0,41.0,14.0,12.782,5.229,0.3735,0.3735,Product 0095,TK,TK(85)G,CANDYLAND,Supplier 68
2025-07-01,SKU0107,Store B,0.664,0.5355,0.032,0.0,1.0,0.0,0.0,0.0,0.3009,0.3009,Product 0107,TK,"TK(5,5)G",CANDYLAND,Supplier 66
2025-07-01,SKU0107,Warehouse,0.664,0.5355,0.0,0.0,0.0,0.0,0.0,0.0,0.0,0.0,Product 0107,TK,"TK(5,5)G",CANDYLAND,Supplier 66
2025-07-01,SKU0111,Store B,4.482,3.6145,0.0,0.0,0.0,0.0,0.0,0.0,0.0,0.0,Product 0111,TK,TK(454)G,CANDYLAND,Supplier 31
2025-07-01,SKU0111,Warehouse,4.482,3.6145,0.0,0.0,0.0,0.0,0.0,0.0,0.0,0.0,Product 0111,TK,TK(454)G,CANDYLAND,Supplier 31
2025-07-01,SKU0113,Warehouse,4.565,3.6815,0.0,0.0,0.0,0.0,0.0,0.0,0.0,0.0,Product 0113,TK,TK(97)G,CANDYLAND,Supplier 73
2025-07-01,SKU0135,Warehouse,1.66,1.3387,0.0,0.0,0.0,0.0,0.0,0.0,0.0,0.0,Product 0135,TK,TK(84)G,CANDYLAND,Supplier 59
2025-07-01,SKU0143,Store A,4.067,3.2798,0.0,0.0,0.0,0.0,0.0,0.0,0.0,0.0,Product 0143,TK,TK(250)G,CANDYLAND,Supplier 34
2025-07-01,SKU0144,Store C,0.3735,0.3012,0.0,0.0,0.0,19.0,7.0965,2.3387,0.0,0.0,Product 0144,TK,TK(19)G,CANDYLAND,Supplier 68
2025-07-01,SKU0146,Store B,0.913,0.7363,0.0,0.0,0.0,12.0,10.956,4.0836,0.0,0.0,Product 0146,TK,TK(90)G,CANDYLAND,Supplier 68
2025-07-01,SKU0147,Store A,0.913,0.7363,18.387,17.0,20.0,21.0,19.173,7.1463,0.3403,0.3403,Product 0147,TK,TK(85)G,CANDYLAND,Supplier 68
2025-07-01,SKU0153,Warehouse,0.3735,0.3012,750.193,696.0,792.0,0.0,0.0,0.0,0.1231,0.1231,Product 0153,TK,TK(19)G,CANDYLAND,Multiple suppliers
2025-07-01,SKU0162,Store B,0.332,0.2678,0.0,0.0,0.0,0.0,0.0,0.0,0.0,0.0,Product 0162,TK,TK(15)G,CANDYLAND,Supplier 64
2025-07-01,SKU0174,Store B,1.577,1.2718,24.354,15.0,39.0,0.0,0.0,0.0,0.4067,0.4067,Product 0174,TK,TK(40)G,CANDYLAND,Supplier 64
2025-07-01,SKU0176,Warehouse,1.909,1.5395,1.0,1.0,1.0,0.0,0.0,0.0,14.8238,14.8238,Product 0176,TK,TK(181)G,CANDYLAND,Supplier 40
2025-07-01,SKU0180,Store B,0.83,0.6694,0.0,0.0,0.0,0.0,0.0,0.0,0.0,0.0,Product 0180,TK,TK(330)ML,CANDYLAND,Supplier 59
2025-07-01,SKU0180,Store C,0.83,0.6694,0.0,0.0,0.0,0.0,0.0,0.0,0.0,0.0,Product 0180,TK,TK(330)ML,CANDYLAND,Supplier 59
2025-07-01,SKU0181,Store A,1.66,1.3387,0.0,0.0,0.0,0.0,0.0,0.0,0.0,0.0,Product 0181,TK,TK(72)G,CANDYLAND,Supplier 59
2025-07-01,SKU0182,Store C,0.166,0.1339,187.193,117.0,245.0,0.0,0.0,0.0,0.0193,0.0193,Product 0182,TK,"TK(3,5)G",CANDYLAND,Multiple suppliers
2025-07-01,SKU0193,Store A,1.494,1.2048,0.0,0.0,0.0,0.0,0.0,0.0,0.0,0.0,Product 0193,TK,TK(132)G,CANDYLAND,Supplier 59
2025-07-01,SKU0196,Store C,1.162,0.9371,0.0,0.0,0.0,0.0,0.0,0.0,0.0,0.0,Product 0196,TK,TK(80)G,CANDYLAND,Supplier 59
2025-07-01,SKU0207,Warehouse,0.747,0.6024,0.0,0.0,0.0,0.0,0.0,0.0,0.0,0.0,Product 0207,TK,TK(330)ML,CANDYLAND,Supplier 59
2025-07-01,SKU0212,Warehouse,4.482,3.6145,0.0,0.0,0.0,0.0,0.0,0.0,0.0,0.0,Product 0212,TK,TK(400)G,CANDYLAND,Supplier 68
2025-07-01,SKU0220,Store B,1.162,0.9371,10.064,0.0,16.0,0.0,0.0,0.0,0.6474,0.6474,Product 0220,TK,TK(30)G,CANDYLAND,Supplier 59
2025-07-01,SKU0222,Store C,1.162,0.9371,1.516,1.0,3.0,0.0,0.0,0.0,0.5063,0.5063,Product 0222,TK,TK(27)G,CANDYLAND,Supplier 59
2025-07-01,SKU0234,Store B,1.328,1.0709,3.161,0.0,7.0,0.0,0.0,0.0,0.6225,0.6225,Product 0234,TK,TK(100)G,CANDYLAND,Supplier 59
2025-07-01,SKU0236,Warehouse,1.328,1.0709,4.774,0.0,23.0,0.0,0.0,0.0,0.6225,0.6225,Product 0236,TK,TK(120)G,CANDYLAND,Supplier 59
2025-07-01,SKU0245,Warehouse,1.245,1.0041,0.0,0.0,0.0,0.0,0.0,0.0,0.0,0.0,Product 0245,TK,TK(125)G,CANDYLAND,Supplier 59
2025-07-01,SKU0247,Store B,1.577,1.2718,43.774,24.0,58.0,10.0,15.77,6.7902,0.7719,0.7719,Product 0247,TK,TK(46)G,CANDYLAND,Multiple suppliers
2025-07-01,SKU0247,Warehouse,1.577,1.2718,99.87,72.0,180.0,0.0,0.0,0.0,0.7719,0.7719,Product 0247,TK,TK(46)G,CANDYLAND,Multiple suppliers
2025-07-01,SKU0250,Warehouse,1.245,1.0041,0.0,0.0,0.0,0.0,0.0,0.0,0.0,0.0,Product 0250,TK,TK(200)G,CANDYLAND,Supplier 59
2025-07-01,SKU0262,Warehouse,1.245,1.0041,0.0,0.0,0.0,0.0,0.0,0.0,0.0,0.0,Product 0262,TK,TK(160)G,CANDYLAND,Supplier 59
2025-07-01,SKU0263,Store B,1.245,1.0041,0.0,0.0,0.0,0.0,0.0,0.0,0.0,0.0,Product 0263,TK,TK(160)G,CANDYLAND,Supplier 59
2025-07-01,SKU0263,Warehouse,1.245,1.0041,0.0,0.0,0.0,0.0,0.0,0.0,0.0,0.0,Product 0263,TK,TK(160)G,CANDYLAND,Supplier 59
2025-07-01,SKU0274,Store B,0.8715,0.7028,0.0,0.0,0.0,0.0,0.0,0.0,0.0,0.0,Product 0274,TK,TK(80)G,CANDYLAND,Supplier 59
2025-07-01,SKU0293,Store B,2.075,1.6734,0.0,0.0,0.0,0.0,0.0,0.0,0.0,0.0,Product 0293,TK,TK(50)G,CANDYLAND,Supplier 66
2025-07-01,SKU0310,Warehouse,1.245,1.0041,0.0,0.0,0.0,0.0,0.0,0.0,0.0,0.0,Product 0310,TK,TK(75)G,CANDYLAND,Supplier 59
2025-07-01,SKU0315,Warehouse,2.49,2.0081,0.0,0.0,0.0,0.0,0.0,0.0,0.0,0.0,Product 0315,TK,TK(99)G,CANDYLAND,Multiple suppliers
2025-07-01,SKU0323,Store C,1.411,1.1379,9.354,0.0,10.0,0.0,0.0,0.0,0.7179,0.7179,Product 0323,TK,TK(150)G,CANDYLAND,Supplier 33
2025-07-01,SKU0325,Store A,1.411,1.1379,12.193,0.0,18.0,0.0,0.0,0.0,0.7179,0.7179,Product 0325,TK,TK(150)G,CANDYLAND,Supplier 33
2025-07-01,SKU0334,Store B,1.245,1.0041,0.0,0.0,0.0,0.0,0.0,0.0,0.0,0.0,Product 0334,TK,TK(200)G,CANDYLAND,Supplier 59
2025-07-01,SKU0361,Store B,2.49,2.0081,0.0,0.0,0.0,0.0,0.0,0.0,0.0,0.0,Product 0361,TK,TK(99)G,CANDYLAND,Multiple suppliers
2025-07-01,SKU0362,Store A,2.49,2.0081,0.0,0.0,0.0,0.0,0.0,0.0,0.0,0.0,Product 0362,TK,TK(85)G,CANDYLAND,Supplier 59
2025-07-01,SKU0369,Store B,1.66,1.3387,0.0,0.0,0.0,0.0,0.0,0.0,0.0,0.0,Product 0369,TK,"TK(112,5)G",CANDYLAND,Supplier 59
2025-07-01,SKU0372,Warehouse,2.407,1.9411,0.0,0.0,0.0,0.0,0.0,0.0,0.0,0.0,Product 0372,TK,TK(102)G,CANDYLAND,Multiple suppliers
2025-07-01,SKU0374,Store C,0.83,0.6694,0.0,0.0,0.0,0.0,0.0,0.0,0.0,0.0,Product 0374,TK,TK(80)G,CANDYLAND,Supplier 59
2025-07-01,SKU0382,Warehouse,0.83,0.6694,0.0,0.0,0.0,0.0,0.0,0.0,0.0,0.0,Product 0382,TK,TK(80)G,CANDYLAND,Supplier 59
2025-07-01,SKU0384,Warehouse,4.565,3.6815,0.0,0.0,0.0,0.0,0.0,0.0,0.0,0.0,Product 0384,TK,TK(300)G,CANDYLAND,Supplier 59
2025-07-01,SKU0388,Store C,6.64,5.3548,0.0,0.0,0.0,0.0,0.0,0.0,0.0,0.0,Product 0388,TK,TK(440)G,CANDYLAND,Supplier 59
2025-07-01,SKU0397,Warehouse,0.415,0.3347,0.0,0.0,0.0,0.0,0.0,0.0,0.0,0.0,Product 0397,TK,TK(40)G,CANDYLAND,Supplier 59
2025-07-01,SKU0399,Store A,1.245,1.0041,0.0,0.0,0.0,0.0,0.0,0.0,0.0,0.0,Product 0399,TK,TK(160)G,CANDYLAND,Supplier 59
2025-07-01,SKU0399,Store B,1.245,1.0041,0.0,0.0,0.0,0.0,0.0,0.0,0.0,0.0,Product 0399,TK,TK(160)G,CANDYLAND,Supplier 59
2025-07-01,SKU0399,Warehouse,1.245,1.0041,0.0,0.0,0.0,0.0,0.0,0.0,0.0,0.0,Product 0399,TK,TK(160)G,CANDYLAND,Supplier 59
2025-07-01,SKU0402,Warehouse,1.909,1.5395,0.0,0.0,0.0,0.0,0.0,0.0,0.0,0.0,Product 0402,TK,TK(500)ML,CANDYLAND,Supplier 59
2025-07-01,SKU0403,Store A,1.328,1.0709,0.129,0.0,2.0,0.0,0.0,0.0,0.5978,0.5978,Product 0403,TK,TK(160)G,CANDYLAND,Supplier 59
2025-07-01,SKU0407,Store C,2.49,2.0081,0.0,0.0,0.0,0.0,0.0,0.0,0.0,0.0,Product 0407,TK,TK(120)G,CANDYLAND,Supplier 59
2025-07-01,SKU0416,Store A,2.905,2.3428,0.0,0.0,0.0,0.0,0.0,0.0,0.0,0.0,Product 0416,TK,TK(85)G,CANDYLAND,Supplier 59
2025-07-01,SKU0429,Store A,1.245,1.0041,0.0,0.0,0.0,0.0,0.0,0.0,0.0,0.0,Product 0429,TK,TK(82)G,CANDYLAND,Supplier 59
2025-07-01,SKU0434,Store B,2.905,2.3428,0.0,0.0,0.0,0.0,0.0,0.0,0.0,0.0,Product 0434,TK,TK(110)G,CANDYLAND,Supplier 59
2025-07-01,SKU0436,Store B,0.249,0.2008,5.483,0.0,57.0,0.0,0.0,0.0,0.0249,0.0249,Product 0436,TK,TK(4)G,CANDYLAND,Supplier 02
2025-07-01,SKU0448,Warehouse,0.913,0.7363,0.0,0.0,0.0,0.0,0.0,0.0,0.0,0.0,Product 0448,TK,TK(8)G,CANDYLAND,Supplier 59
2025-07-01,SKU0450,Store C,1.66,1.3387,0.0,0.0,0.0,0.0,0.0,0.0,0.0,0.0,Product 0450,TK,TK(115)G,CANDYLAND,Supplier 59
2025-07-01,SKU0462,Store B,0.415,0.3347,112.838,88.0,135.0,0.0,0.0,0.0,0.1079,0.1079,Product 0462,TK,TK(29)G,CANDYLAND,Supplier 59
2025-07-01,SKU0469,Store C,5.727,4.6185,0.0,0.0,0.0,0.0,0.0,0.0,0.0,0.0,Product 0469,TK,TK(475)G,CANDYLAND,Supplier 59
2025-07-01,SKU0470,Warehouse,1.494,1.2048,0.0,0.0,0.0,0.0,0.0,0.0,0.0,0.0,Product 0470,TK,TK(18)G,CANDYLAND,Supplier 59
2025-07-01,SKU0475,Store B,1.328,1.0709,0.0,0.0,0.0,0.0,0.0,0.0,0.0,0.0,Product 0475,TK,TK(63)G,CANDYLAND,Supplier 59
2025-07-01,SKU0477,Warehouse,0.83,0.6694,57.806,0.0,160.0,0.0,0.0,0.0,0.2739,0.2739,Product 0477,TK,TK(20)G,CANDYLAND,Supplier 59
2025-07-01,SKU0488,Store B,1.66,1.3387,0.0,0.0,0.0,0.0,0.0,0.0,0.0,0.0,Product 0488,TK,TK(60)G,CANDYLAND,Supplier 59
2025-07-01,SKU0508,Store C,1.328,1.0709,0.0,0.0,0.0,0.0,0.0,0.0,0.0,0.0,Product 0508,TK,TK(100)G,CANDYLAND,Supplier 59
2025-07-01,SKU0510,Store C,2.158,1.7403,0.0,0.0,0.0,0.0,0.0,0.0,0.0,0.0,Product 0510,TK,TK(105)G,CANDYLAND,Supplier 59
2025-07-01,SKU0513,Warehouse,2.407,1.9411,0.0,0.0,0.0,0.0,0.0,0.0,0.0,0.0,Product 0513,TK,TK(200)G,CANDYLAND,Multiple suppliers
2025-07-01,SKU0514,Store A,0.996,0.8032,5.483,4.0,14.0,0.0,0.0,0.0,0.3154,0.3154,Product 0514,TK,TK(80)G,CANDYLAND,Supplier 59
2025-07-01,SKU0514,Store C,0.996,0.8032,6.258,0.0,8.0,0.0,0.0,0.0,0.3154,0.3154,Product 0514,TK,TK(80)G,CANDYLAND,Supplier 59
2025-07-01,SKU0515,Store C,0.996,0.8032,0.0,0.0,0.0,0.0,0.0,0.0,0.0,0.0,Product 0515,TK,TK(80)G,CANDYLAND,Supplier 59
2025-07-01,SKU0517,Store B,2.324,1.8742,0.0,0.0,0.0,0.0,0.0,0.0,0.0,0.0,Product 0517,TK,TK(110)G,CANDYLAND,Supplier 59
2025-07-01,SKU0518,Store C,0.581,0.4685,38.806,1.0,75.0,57.0,33.117,12.7075,0.229,0.229,Product 0518,TK,TK(33)G,CANDYLAND,Multiple suppliers
2025-07-01,SKU0519,Warehouse,0.332,0.2678,188.58,146.0,190.0,1914.0,635.448,152.3487,0.1198,0.1198,Product 0519,TK,"TK(16,5)G",CANDYLAND,Multiple suppliers
2025-07-01,SKU0522,Warehouse,1.743,1.4056,0.0,0.0,0.0,0.0,0.0,0.0,0.0,0.0,Product 0522,TK,TK(128)G,CANDYLAND,Supplier 59
2025-07-01,SKU0526,Store B,1.494,1.2048,2.161,0.0,8.0,0.0,0.0,0.0,0.6226,0.6226,Product 0526,TK,TK(68)ML,CANDYLAND,Supplier 59
2025-07-01,SKU0529,Store A,0.996,0.8032,16.0,16.0,16.0,0.0,0.0,0.0,0.3735,0.3735,Product 0529,TK,TK(90)G,CANDYLAND,Supplier 59
2025-07-01,SKU0535,Store B,1.162,0.9371,11.612,7.0,15.0,0.0,0.0,0.0,0.5561,0.5561,Product 0535,TK,TK(150)G,CANDYLAND,Supplier 59
2025-07-01,SKU0540,Store A,1.328,1.0709,39.516,25.0,59.0,0.0,0.0,0.0,0.6059,0.6059,Product 0540,TK,TK(35)G,CANDYLAND,Supplier 59
2025-07-01,SKU0542,Store A,2.075,1.6734,5.709,5.0,6.0,0.0,0.0,0.0,0.9878,0.9878,Product 0542,TK,TK(150)G,CANDYLAND,Supplier 59
2025-07-01,SKU0545,Store B,1.494,1.2048,24.806,23.0,26.0,0.0,0.0,0.0,0.6889,0.6889,Product 0545,TK,TK(12)G,CANDYLAND,Supplier 59
2025-07-01,SKU0545,Store C,1.494,1.2048,14.419,7.0,25.0,0.0,0.0,0.0,0.6889,0.6889,Product 0545,TK,TK(12)G,CANDYLAND,Supplier 59
2025-07-01,SKU0553,Store B,1.328,1.0709,0.0,0.0,0.0,0.0,0.0,0.0,0.0,0.0,Product 0553,TK,TK(35)G,CANDYLAND,Supplier 59
2025-07-01,SKU0560,Warehouse,20.667,16.6669,0.0,0.0,0.0,0.0,0.0,0.0,0.0,0.0,Product 0560,TK,TK(590)G,CANDYLAND,Supplier 29
2025-07-01,SKU0564,Store B,1.66,1.3387,27.354,23.0,30.0,0.0,0.0,0.0,0.4897,0.4897,Product 0564,TK,TK(134)G,CANDYLAND,Supplier 02
2025-07-01,SKU0567,Store C,1.494,1.2048,0.0,0.0,0.0,0.0,0.0,0.0,0.0,0.0,Product 0567,TK,TK(123)G,CANDYLAND,Multiple suppliers
2025-07-01,SKU0567,Warehouse,1.494,1.2048,0.0,0.0,0.0,0.0,0.0,0.0,0.0,0.0,Product 0567,TK,TK(123)G,CANDYLAND,Multiple suppliers
2025-07-01,SKU0568,Store A,3.818,3.0791,0.0,0.0,0.0,0.0,0.0,0.0,0.0,0.0,Product 0568,TK,TK(340)G,CANDYLAND,Supplier 65
2025-07-01,SKU0571,Store C,2.49,2.0081,0.0,0.0,0.0,0.0,0.0,0.0,0.0,0.0,Product 0571,TK,TK(99)G,CANDYLAND,Multiple suppliers
2025-07-01,SKU0572,Warehouse,5.7685,4.652,0.0,0.0,0.0,0.0,0.0,0.0,0.0,0.0,Product 0572,TK,TK(75)G,CANDYLAND,Unknown supplier
2025-07-01,SKU0579,Store A,1.577,1.2718,0.0,0.0,0.0,0.0,0.0,0.0,0.0,0.0,Product 0579,TK,TK(120)G,CANDYLAND,Supplier 17
2025-07-01,SKU0583,Store C,0.166,0.1339,563.032,489.0,607.0,1187.0,197.042,29.7533,0.0251,0.0251,Product 0583,TK,"TK(4,6)G",CANDYLAND,Supplier 64
2025-07-01,SKU0585,Warehouse,1.66,1.3387,0.0,0.0,0.0,0.0,0.0,0.0,0.0,0.0,Product 0585,TK,TK(60)G,CANDYLAND,Supplier 17
2025-07-01,SKU0588,Warehouse,2.49,2.0081,0.0,0.0,0.0,0.0,0.0,0.0,0.0,0.0,Product 0588,TK,TK(120)G,CANDYLAND,Supplier 16
2025-07-01,SKU0589,Store C,4.648,3.7484,0.0,0.0,0.0,0.0,0.0,0.0,0.0,0.0,Product 0589,TK,TK(298)G,CANDYLAND,Supplier 17
2025-07-01,SKU0590,Store C,8.217,6.6266,0.0,0.0,0.0,2.0,16.434,7.7356,0.0,0.0,Product 0590,TK,TK(195)G,CANDYLAND,Supplier 54
2025-07-01,SKU0591,Store A,2.49,2.0081,0.0,0.0,0.0,0.0,0.0,0.0,0.0,0.0,Product 0591,TK,TK(141)G,CANDYLAND,Multiple suppliers
2025-07-01,SKU0602,Store B,1.66,1.3387,0.0,0.0,0.0,0.0,0.0,0.0,0.0,0.0,Product 0602,TK,"TK(112,5)G",CANDYLAND,Supplier 17
2025-07-01,SKU0606,Warehouse,0.996,0.8032,0.0,0.0,0.0,0.0,0.0,0.0,0.0,0.0,Product 0606,TK,TK(330)ML,CANDYLAND,Supplier 18
2025-07-01,SKU0614,Warehouse,1.162,0.9371,0.0,0.0,0.0,0.0,0.0,0.0,0.0,0.0,Product 0614,TK,TK(150)G,CANDYLAND,Supplier 17
2025-07-01,SKU0615,Store A,1.162,0.9371,0.0,0.0,0.0,0.0,0.0,0.0,0.0,0.0,Product 0615,TK,TK(150)G,CANDYLAND,Supplier 17
2025-07-01,SKU0621,Store C,3.818,3.0791,0.0,0.0,0.0,0.0,0.0,0.0,0.0,0.0,Product 0621,TK,TK(250)G,CANDYLAND,Supplier 26
2025-07-01,SKU0631,Warehouse,0.83,0.6694,0.0,0.0,0.0,0.0,0.0,0.0,0.0,0.0,Product 0631,TK,TK(23)G,CANDYLAND,Supplier 16
2025-07-01,SKU0634,Warehouse,1.826,1.4726,0.0,0.0,0.0,0.0,0.0,0.0,0.0,0.0,Product 0634,TK,TK(11)G,CANDYLAND,Supplier 02
2025-07-01,SKU0639,Warehouse,1.992,1.6065,134.709,120.0,144.0,0.0,0.0,0.0,0.5976,0.5976,Product 0639,TK,TK(7)G,CANDYLAND,Supplier 02
2025-07-01,SKU0646,Store A,2.49,2.0081,2.838,-1.0,15.0,0.0,0.0,0.0,1.2453,1.2453,Product 0646,TK,TK(99)G,CANDYLAND,Supplier 16
2025-07-01,SKU0657,Store B,8.217,6.6266,0.0,0.0,0.0,4.0,32.868,14.8072,0.0,0.0,Product 0657,TK,TK(250)G,CANDYLAND,Supplier 54
2025-07-01,SKU0658,Warehouse,0.83,0.6694,0.0,0.0,0.0,0.0,0.0,0.0,0.0,0.0,Product 0658,TK,"TK(15,6)G",CANDYLAND,Supplier 16
2025-07-01,SKU0676,Store A,1.577,1.2718,0.0,0.0,0.0,0.0,0.0,0.0,0.0,0.0,Product 0676,TK,"TK(61,3)G",CANDYLAND,Multiple suppliers
2025-07-01,SKU0678,Store A,1.826,1.4726,30.096,27.0,32.0,42.0,76.692,17.2906,0.4117,0.4117,Product 0678,TK,TK(5)G,CANDYLAND,Supplier 02
2025-07-01,SKU0678,Store B,1.826,1.4726,28.677,27.0,30.0,13.0,23.738,5.3518,0.4117,0.4117,Product 0678,TK,TK(5)G,CANDYLAND,Supplier 02
2025-07-01,SKU0679,Store B,1.245,1.0041,0.0,0.0,0.0,38.0,47.31,18.924,0.0,0.0,Product 0679,TK,TK(5)G,CANDYLAND,Supplier 02
2025-07-01,SKU0681,Store C,1.162,0.9371,0.0,0.0,0.0,0.0,0.0,0.0,0.0,0.0,Product 0681,TK,TK(65)G,CANDYLAND,Supplier 02
2025-07-01,SKU0682,Store A,0.83,0.6694,0.0,0.0,0.0,18.0,14.94,5.6772,0.0,0.0,Product 0682,TK,"TK(5,5)G",CANDYLAND,Supplier 66
2025-07-01,SKU0686,Store C,8.2585,6.6601,0.0,0.0,0.0,0.0,0.0,0.0,0.0,0.0,Product 0686,TK,"TK(210,6)G",CANDYLAND,Supplier 21
2025-07-01,SKU0688,Store A,1.494,1.2048,8.419,2.0,28.0,16.0,23.904,5.737,0.3586,0.3586,Product 0688,TK,TK(120)G,CANDYLAND,Multiple suppliers
2025-07-01,SKU0689,Warehouse,1.245,1.0041,0.0,0.0,0.0,0.0,0.0,0.0,0.0,0.0,Product 0689,TK,TK(102)G,CANDYLAND,Supplier 02
2025-07-01,SKU0709,Store A,0.83,0.6694,26.387,21.0,32.0,0.0,0.0,0.0,0.2,0.2,Product 0709,TK,TK(25)ML,CANDYLAND,Supplier 02
2025-07-01,SKU0709,Store C,0.83,0.6694,25.709,12.0,35.0,0.0,0.0,0.0,0.2,0.2,Product 0709,TK,TK(25)ML,CANDYLAND,Supplier 02
2025-07-01,SKU0710,Warehouse,0.913,0.7363,0.0,0.0,0.0,60.0,54.78,18.924,0.0,0.0,Product 0710,TK,TK(25)ML,CANDYLAND,Supplier 02
2025-07-01,SKU0713,Store B,1.245,1.0041,40.096,25.0,49.0,-1.0,-1.245,-0.3071,0.3071,0.3071,Product 0713,TK,TK(60)ML,CANDYLAND,Supplier 02
2025-07-01,SKU0715,Store B,1.992,1.6065,0.0,0.0,0.0,20.0,39.84,14.774,0.0,0.0,Product 0715,TK,TK(10)G,CANDYLAND,Supplier 05
2025-07-01,SKU0718,Store C,1.992,1.6065,0.0,0.0,0.0,0.0,0.0,0.0,0.0,0.0,Product 0718,TK,TK(175)G,CANDYLAND,Supplier 49
2025-07-01,SKU0718,Warehouse,1.992,1.6065,0.0,0.0,0.0,0.0,0.0,0.0,0.0,0.0,Product 0718,TK,TK(175)G,CANDYLAND,Supplier 49
2025-07-01,SKU0719,Store C,1.992,1.6065,0.0,0.0,0.0,0.0,0.0,0.0,0.0,0.0,Product 0719,TK,TK(175)G,CANDYLAND,Supplier 49
2025-07-01,SKU0732,Store C,3.32,2.6774,0.0,0.0,0.0,0.0,0.0,0.0,0.0,0.0,Product 0732,TK,TK(125)G,CANDYLAND,Supplier 37
2025-07-01,SKU0734,Warehouse,2.324,1.8742,0.0,0.0,0.0,0.0,0.0,0.0,0.0,0.0,Product 0734,TK,TK(150)G,CANDYLAND,Supplier 31
2025-07-01,SKU0736,Store B,2.324,1.8742,2.0,2.0,2.0,0.0,0.0,0.0,1.0956,1.0956,Product 0736,TK,TK(150)G,CANDYLAND,Supplier 31
2025-07-01,SKU0737,Store A,6.64,5.3548,0.0,0.0,0.0,0.0,0.0,0.0,0.0,0.0,Product 0737,TK,TK(350)G,CANDYLAND,Unknown supplier
2025-07-01,SKU0747,Store C,2.158,1.7403,0.0,0.0,0.0,0.0,0.0,0.0,0.0,0.0,Product 0747,TK,TK(150)G,CANDYLAND,Supplier 49
2025-07-01,SKU0757,Warehouse,20.667,16.6669,0.0,0.0,0.0,0.0,0.0,0.0,0.0,0.0,Product 0757,TK,TK(750)G,CANDYLAND,Supplier 34
2025-07-01,SKU0764,Store C,1.494,1.2048,5.451,0.0,13.0,0.0,0.0,0.0,0.5977,0.5977,Product 0764,TK,TK(300)G,CANDYLAND,Multiple suppliers
2025-07-01,SKU0768,Store B,1.245,1.0041,0.0,0.0,0.0,0.0,0.0,0.0,0.0,0.0,Product 0768,TK,TK(150)G,CANDYLAND,Supplier 32
2025-07-01,SKU0773,Warehouse,1.245,1.0041,0.0,0.0,0.0,0.0,0.0,0.0,0.0,0.0,Product 0773,TK,TK(150)G,CANDYLAND,Supplier 32
2025-07-01,SKU0781,Store C,0.747,0.6024,0.0,0.0,0.0,0.0,0.0,0.0,0.0,0.0,Product 0781,TK,TK(56)G,CANDYLAND,Supplier 21
2025-07-01,SKU0788,Store A,1.826,1.4726,0.0,0.0,0.0,11.0,20.086,4.1085,0.0,0.0,Product 0788,TK,TK(75)G,CANDYLAND,Supplier 32
2025-07-01,SKU0801,Store C,1.577,1.2718,0.0,0.0,0.0,46.0,72.542,28.635,0.0,0.0,Product 0801,TK,TK(30)G,CANDYLAND,Supplier 66
2025-07-01,SKU0810,Store B,0.249,0.2008,103.258,71.0,141.0,0.0,0.0,0.0,0.0498,0.0498,Product 0810,TK,TK(12)G,CANDYLAND,Multiple suppliers
2025-07-01,SKU0814,Store A,24.9,20.0806,0.0,0.0,0.0,0.0,0.0,0.0,0.0,0.0,Product 0814,TK,TK(528)G,CANDYLAND,Supplier 23
2025-07-01,SKU0823,Store B,3.735,3.0121,0.0,0.0,0.0,12.0,44.82,21.8124,0.0,0.0,Product 0823,TK,TK(100)G,CANDYLAND,Supplier 44
2025-07-01,SKU0824,Store A,6.391,5.1541,0.0,0.0,0.0,10.0,63.91,29.216,0.0,0.0,Product 0824,TK,TK(200)G,CANDYLAND,Supplier 44
2025-07-01,SKU0825,Store A,3.735,3.0121,0.0,0.0,0.0,10.0,37.35,16.517,0.0,0.0,Product 0825,TK,TK(100)G,CANDYLAND,Supplier 44
2025-07-01,SKU0831,Store B,0.498,0.4016,0.0,0.0,0.0,115.0,57.27,19.5672,0.0,0.0,Product 0831,TK,TK(200)ML,CANDYLAND,Supplier 70
2025-07-01,SKU0843,Warehouse,1.411,1.1379,0.0,0.0,0.0,0.0,0.0,0.0,0.0,0.0,Product 0843,TK,TK(315)ML,CANDYLAND,Supplier 03
2025-07-01,SKU0856,Store C,8.217,6.6266,0.0,0.0,0.0,0.0,0.0,0.0,0.0,0.0,Product 0856,TK,TK(200)G,CANDYLAND,Supplier 58
2025-07-01,SKU0860,Store C,3.237,2.6105,5.032,2.0,6.0,0.0,0.0,0.0,1.602,1.602,Product 0860,TK,TK(98)G,CANDYLAND,Supplier 23
2025-07-01,SKU0863,Store A,1.245,1.0041,0.0,0.0,0.0,0.0,0.0,0.0,0.0,0.0,Product 0863,TK,TK(140)G,CANDYLAND,Supplier 69
2025-07-01,SKU0873,Store B,0.415,0.3347,0.0,0.0,0.0,21.0,8.715,4.1832,0.0,0.0,Product 0873,TK,TK(15)G,CANDYLAND,Supplier 19
2025-07-01,SKU0897,Store C,7.387,5.9572,0.0,0.0,0.0,3.0,22.161,12.4251,0.0,0.0,Product 0897,TK,TK(110)G,CANDYLAND,Supplier 01
2025-07-01,SKU0897,Warehouse,7.387,5.9572,0.0,0.0,0.0,0.0,0.0,0.0,0.0,0.0,Product 0897,TK,TK(110)G,CANDYLAND,Supplier 01
2025-07-01,SKU0917,Store C,0.996,0.8032,27.0,17.0,35.0,0.0,0.0,0.0,0.3832,0.3832,Product 0917,TK,TK(40)ML,CANDYLAND,Supplier 64
2025-07-01,SKU0925,Store A,8.217,6.6266,0.0,0.0,0.0,9.0,73.953,32.4945,0.0,0.0,Product 0925,TK,TK(250)G,CANDYLAND,Supplier 54
2025-07-01,SKU0925,Store B,8.217,6.6266,0.0,0.0,0.0,10.0,82.17,36.105,0.0,0.0,Product 0925,TK,TK(250)G,CANDYLAND,Supplier 54
2025-07-01,SKU0928,Store C,3.237,2.6105,0.0,0.0,0.0,2.0,6.474,2.8884,0.0,0.0,Product 0928,TK,TK(200)G,CANDYLAND,Supplier 34
2025-07-01,SKU0931,Store A,2.4485,1.9746,0.0,0.0,0.0,0.0,0.0,0.0,0.0,0.0,Product 0931,TK,"TK(13,2)G",CANDYLAND,Supplier 62
2025-07-01,SKU0931,Warehouse,2.4485,1.9746,0.0,0.0,0.0,0.0,0.0,0.0,0.0,0.0,Product 0931,TK,"TK(13,2)G",CANDYLAND,Supplier 62
2025-07-01,SKU0932,Store C,2.4485,1.9746,0.0,0.0,0.0,0.0,0.0,0.0,0.0,0.0,Product 0932,TK,"TK(13,2)G",CANDYLAND,Supplier 62
2025-07-01,SKU0933,Store C,9.0885,7.3294,0.0,0.0,0.0,2.0,18.177,9.1964,0.0,0.0,Product 0933,TK,TK(48)G,CANDYLAND,Supplier 62
2025-07-01,SKU0939,Store B,22.3685,18.0391,0.0,0.0,0.0,8.0,178.948,92.5616,0.0,0.0,Product 0939,TK,"TK(18,5)G",CANDYLAND,Supplier 62
2025-07-01,SKU0943,Store A,2.075,1.6734,0.0,0.0,0.0,0.0,0.0,0.0,0.0,0.0,Product 0943,TK,TK(144)G,CANDYLAND,Supplier 59
2025-07-01,SKU0944,Store A,2.075,1.6734,0.0,0.0,0.0,0.0,0.0,0.0,0.0,0.0,Product 0944,TK,TK(100)G,CANDYLAND,Supplier 59
2025-07-01,SKU0945,Store A,2.075,1.6734,0.0,0.0,0.0,0.0,0.0,0.0,0.0,0.0,Product 0945,TK,TK(125)G,CANDYLAND,Supplier 59
2025-07-01,SKU0954,Store A,13.197,10.6428,0.0,0.0,0.0,6.0,79.182,33.8092,0.0,0.0,Product 0954,TK,TK(160)G,CANDYLAND,Supplier 29
2025-07-01,SKU0959,Store C,4.897,3.9492,2.0,0.0,12.0,0.0,0.0,0.0,2.158,2.158,Product 0959,TK,TK(180)G,CANDYLAND,Supplier 55
2025-07-01,SKU0963,Warehouse,4.648,3.7484,0.0,0.0,0.0,0.0,0.0,0.0,0.0,0.0,Product 0963,TK,TK(400)G,CANDYLAND,Supplier 31
2025-07-01,SKU0965,Store C,0.4067,0.328,0.0,0.0,0.0,0.0,0.0,0.0,0.0,0.0,Product 0965,TK,TK(20)G,CANDYLAND,Supplier 15
2025-07-01,SKU0983,Store C,1.328,1.0709,0.0,0.0,0.0,6.0,7.968,3.0378,0.0,0.0,Product 0983,TK,TK(128)G,CANDYLAND,Supplier 46
2025-07-01,SKU0985,Store A,1.328,1.0709,0.0,0.0,0.0,0.0,0.0,0.0,0.0,0.0,Product 0985,TK,TK(100)G,CANDYLAND,Supplier 46
2025-07-01,SKU0991,Store A,1.328,1.0709,0.0,0.0,0.0,13.0,17.264,6.5819,0.0,0.0,Product 0991,TK,TK(128)G,CANDYLAND,Supplier 46
2025-07-01,SKU0993,Store C,1.162,0.9371,0.0,0.0,0.0,0.0,0.0,0.0,0.0,0.0,Product 0993,TK,TK(150)G,CANDYLAND,Supplier 06
2025-07-01,SKU0994,Store C,0.996,0.8032,0.0,0.0,0.0,0.0,0.0,0.0,0.0,0.0,Product 0994,TK,TK(150)G,CANDYLAND,Supplier 06
2025-07-01,SKU0995,Warehouse,0.83,0.6694,0.0,0.0,0.0,0.0,0.0,0.0,0.0,0.0,Product 0995,TK,TK(100)G,CANDYLAND,Supplier 06
2025-07-01,SKU0999,Store B,1.162,0.9371,0.0,0.0,0.0,0.0,0.0,0.0,0.0,0.0,Product 0999,TK,TK(100)G,CANDYLAND,Supplier 42
2025-07-01,SKU1003,Warehouse,1.577,1.2718,0.0,0.0,0.0,0.0,0.0,0.0,0.0,0.0,Product 1003,TK,TK(57)G,CANDYLAND,Supplier 19
2025-07-01,SKU1006,Store A,0.996,0.8032,0.0,0.0,0.0,0.0,0.0,0.0,0.0,0.0,Product 1006,TK,TK(450)ML,CANDYLAND,Supplier 03
2025-07-01,SKU1008,Store A,0.996,0.8032,0.0,0.0,0.0,0.0,0.0,0.0,0.0,0.0,Product 1008,TK,TK(450)ML,CANDYLAND,Supplier 03
2025-07-01,SKU1012,Warehouse,0.996,0.8032,0.0,0.0,0.0,0.0,0.0,0.0,0.0,0.0,Product 1012,TK,TK(330)ML,CANDYLAND,Supplier 03
2025-07-01,SKU1013,Store B,1.328,1.0709,23.161,15.0,27.0,28.0,37.184,13.0144,0.4574,0.4574,Product 1013,TK,TK(500)ML,CANDYLAND,Supplier 03
2025-07-01,SKU1014,Warehouse,1.162,0.9371,109.0,90.0,139.0,0.0,0.0,0.0,0.4479,0.4479,Product 1014,TK,TK(500)ML,CANDYLAND,Supplier 03
2025-07-01,SKU1018,Store A,0.664,0.5355,0.0,0.0,0.0,0.0,0.0,0.0,0.0,0.0,Product 1018,TK,TK(330)ML,CANDYLAND,Supplier 03
2025-07-01,SKU1019,Store C,0.747,0.6024,0.0,0.0,0.0,0.0,0.0,0.0,0.0,0.0,Product 1019,TK,TK(330)ML,CANDYLAND,Supplier 03
2025-07-01,SKU1020,Store B,0.747,0.6024,0.0,0.0,0.0,0.0,0.0,0.0,0.0,0.0,Product 1020,TK,TK(330)ML,CANDYLAND,Supplier 03
2025-07-01,SKU1022,Store A,1.66,1.3387,0.0,0.0,0.0,0.0,0.0,0.0,0.0,0.0,Product 1022,TK,TK(96)G,CANDYLAND,Supplier 42
2025-07-01,SKU1025,Warehouse,0.747,0.6024,0.0,0.0,0.0,0.0,0.0,0.0,0.0,0.0,Product 1025,TK,TK(100)G,CANDYLAND,Supplier 11
2025-07-01,SKU1031,Store B,2.656,2.1419,0.0,0.0,0.0,0.0,0.0,0.0,0.0,0.0,Product 1031,TK,TK(135)G,CANDYLAND,Supplier 59
2025-07-01,SKU1034,Store C,0.5395,0.4351,0.0,0.0,0.0,4.0,2.158,1.0624,0.0,0.0,Product 1034,TK,TK(20)G,CANDYLAND,Supplier 19
2025-07-01,SKU1037,Store B,4.399,3.5476,0.0,0.0,0.0,2.0,8.798,4.1334,0.0,0.0,Product 1037,TK,TK(120)G,CANDYLAND,Supplier 28
2025-07-01,SKU1039,Warehouse,4.399,3.5476,0.0,0.0,0.0,0.0,0.0,0.0,0.0,0.0,Product 1039,TK,TK(120)G,CANDYLAND,Supplier 28
2025-07-01,SKU1041,Warehouse,2.656,2.1419,0.0,0.0,0.0,0.0,0.0,0.0,0.0,0.0,Product 1041,TK,TK(750)ML,CANDYLAND,Supplier 03
2025-07-01,SKU1042,Store C,2.656,2.1419,0.0,0.0,0.0,0.0,0.0,0.0,0.0,0.0,Product 1042,TK,TK(750)ML,CANDYLAND,Supplier 03
2025-07-01,SKU1044,Store C,2.656,2.1419,0.0,0.0,0.0,0.0,0.0,0.0,0.0,0.0,Product 1044,TK,TK(750)ML,CANDYLAND,Supplier 03
2025-07-01,SKU1047,Store C,3.237,2.6105,0.0,0.0,0.0,0.0,0.0,0.0,0.0,0.0,Product 1047,TK,TK(98)G,CANDYLAND,Supplier 23
2025-07-01,SKU1049,Store C,1.245,1.0041,0.0,0.0,0.0,0.0,0.0,0.0,0.0,0.0,Product 1049,TK,TK(60)ML,CANDYLAND,Supplier 05
2025-07-01,SKU1056,Store C,0.415,0.3347,0.0,0.0,0.0,0.0,0.0,0.0,0.0,0.0,Product 1056,TK,TK(200)ML,CANDYLAND,Supplier 77
2025-07-01,SKU1068,Store A,1.328,1.0709,29.58,21.0,35.0,51.0,67.728,22.3079,0.4374,0.4374,Product 1068,TK,TK(100)G,CANDYLAND,Supplier 02
2025-07-01,SKU1076,Store A,1.245,1.0041,34.354,34.0,35.0,0.0,0.0,0.0,0.3669,0.3669,Product 1076,TK,TK(35)G,CANDYLAND,Supplier 02
2025-07-01,SKU1080,Store C,1.826,1.4726,0.0,0.0,0.0,0.0,0.0,0.0,0.0,0.0,Product 1080,TK,TK(144)G,CANDYLAND,Supplier 02
2025-07-01,SKU1091,Store A,0.166,0.1339,21.225,0.0,168.0,0.0,0.0,0.0,0.0481,0.0481,Product 1091,TK,TK(7)G,CANDYLAND,Supplier 51
2025-07-01,SKU1100,Store A,2.324,1.8742,0.0,0.0,0.0,0.0,0.0,0.0,0.0,0.0,Product 1100,TK,TK(200)G,CANDYLAND,Supplier 26
2025-07-01,SKU1103,Store C,0.1245,0.1004,0.0,0.0,0.0,0.0,0.0,0.0,0.0,0.0,Product 1103,TK,TK(9)G,CANDYLAND,Supplier 59
2025-07-01,SKU1113,Store C,0.747,0.6024,0.0,0.0,0.0,0.0,0.0,0.0,0.0,0.0,Product 1113,TK,TK(75)G,CANDYLAND,Supplier 41
2025-07-01,SKU1118,Warehouse,3.32,2.6774,0.0,0.0,0.0,0.0,0.0,0.0,0.0,0.0,Product 1118,TK,TK(125)G,CANDYLAND,Supplier 26
2025-07-01,SKU1134,Warehouse,7.47,6.0242,0.0,0.0,0.0,0.0,0.0,0.0,0.0,0.0,Product 1134,TK,TK(200)G,CANDYLAND,Supplier 26
2025-07-01,SKU1136,Store C,6.0175,4.8528,0.0,0.0,0.0,0.0,0.0,0.0,0.0,0.0,Product 1136,TK,TK(200)G,CANDYLAND,Supplier 26
2025-07-01,SKU1142,Warehouse,1.66,1.3387,0.0,0.0,0.0,0.0,0.0,0.0,0.0,0.0,Product 1142,TK,TK(225)G,CANDYLAND,Supplier 26
2025-07-01,SKU1146,Store A,2.656,2.1419,0.0,0.0,0.0,0.0,0.0,0.0,0.0,0.0,Product 1146,TK,TK(150)G,CANDYLAND,Supplier 26
2025-07-01,SKU1146,Warehouse,2.656,2.1419,0.0,0.0,0.0,0.0,0.0,0.0,0.0,0.0,Product 1146,TK,TK(150)G,CANDYLAND,Supplier 26
2025-07-01,SKU1147,Store C,2.656,2.1419,0.0,0.0,0.0,0.0,0.0,0.0,0.0,0.0,Product 1147,TK,TK(150)G,CANDYLAND,Supplier 26
2025-07-01,SKU1149,Store A,2.407,1.9411,0.0,0.0,0.0,0.0,0.0,0.0,0.0,0.0,Product 1149,TK,TK(165)G,CANDYLAND,Supplier 26
2025-07-01,SKU1169,Store A,2.656,2.1419,0.0,0.0,0.0,0.0,0.0,0.0,0.0,0.0,Product 1169,TK,TK(175)G,CANDYLAND,Supplier 34
2025-07-01,SKU1174,Store A,0.747,0.6024,18.451,0.0,24.0,9.0,6.723,2.3157,0.2573,0.2573,Product 1174,TK,TK(250)ML,CANDYLAND,Supplier 24
2025-07-01,SKU1176,Warehouse,3.237,2.6105,0.0,0.0,0.0,0.0,0.0,0.0,0.0,0.0,Product 1176,TK,TK(150)G,CANDYLAND,Supplier 34
2025-07-01,SKU1182,Store C,2.075,1.6734,0.0,0.0,0.0,0.0,0.0,0.0,0.0,0.0,Product 1182,TK,TK(107)G,CANDYLAND,Supplier 26
2025-07-01,SKU1182,Warehouse,2.075,1.6734,0.0,0.0,0.0,0.0,0.0,0.0,0.0,0.0,Product 1182,TK,TK(107)G,CANDYLAND,Supplier 26
2025-07-01,SKU1183,Store C,1.494,1.2048,0.0,0.0,0.0,0.0,0.0,0.0,0.0,0.0,Product 1183,TK,TK(100)G,CANDYLAND,Supplier 26
2025-07-01,SKU1191,Store B,3.237,2.6105,0.0,0.0,0.0,0.0,0.0,0.0,0.0,0.0,Product 1191,TK,TK(132)G,CANDYLAND,Supplier 26
2025-07-01,SKU1191,Warehouse,3.237,2.6105,0.0,0.0,0.0,0.0,0.0,0.0,0.0,0.0,Product 1191,TK,TK(132)G,CANDYLAND,Supplier 26
2025-07-01,SKU1195,Store A,3.32,2.6774,0.0,0.0,0.0,0.0,0.0,0.0,0.0,0.0,Product 1195,TK,TK(90)G,CANDYLAND,Unknown supplier
2025-07-01,SKU1197,Store A,1.992,1.6065,0.0,0.0,0.0,2.0,3.984,1.8937,0.0,0.0,Product 1197,TK,TK(54)G,CANDYLAND,Supplier 43
2025-07-01,SKU1201,Warehouse,0.747,0.6024,0.0,0.0,0.0,0.0,0.0,0.0,0.0,0.0,Product 1201,TK,TK(75)G,CANDYLAND,Supplier 41
2025-07-01,SKU1205,Store A,2.324,1.8742,2.935,2.0,5.0,0.0,0.0,0.0,0.9049,0.9049,Product 1205,TK,TK(180)G,CANDYLAND,Supplier 39
2025-07-01,SKU1215,Store C,0.913,0.7363,0.0,0.0,0.0,0.0,0.0,0.0,0.0,0.0,Product 1215,TK,TK(18)G,CANDYLAND,Supplier 43
2025-07-01,SKU1224,Warehouse,1.992,1.6065,0.0,0.0,0.0,0.0,0.0,0.0,0.0,0.0,Product 1224,TK,TK(120)G,CANDYLAND,Supplier 17
2025-07-01,SKU1230,Warehouse,0.2075,0.1673,0.0,0.0,0.0,0.0,0.0,0.0,0.0,0.0,Product 1230,TK,TK(9)G,CANDYLAND,Supplier 19
2025-07-01,SKU1240,Warehouse,1.162,0.9371,690.967,684.0,708.0,0.0,0.0,0.0,0.415,0.415,Product 1240,TK,TK(15)G,CANDYLAND,Supplier 04
2025-07-01,SKU1244,Store B,2.49,2.0081,0.0,0.0,0.0,0.0,0.0,0.0,0.0,0.0,Product 1244,TK,TK(400)G,CANDYLAND,Supplier 24
2025-07-01,SKU1248,Store B,1.494,1.2048,0.0,0.0,0.0,0.0,0.0,0.0,0.0,0.0,Product 1248,TK,TK(100)G,CANDYLAND,Supplier 24
2025-07-01,SKU1256,Warehouse,1.494,1.2048,0.0,0.0,0.0,24.0,35.856,11.454,0.0,0.0,Product 1256,TK,TK(120)G,CANDYLAND,Supplier 02
2025-07-01,SKU1262,Store C,2.324,1.8742,0.0,0.0,0.0,0.0,0.0,0.0,0.0,0.0,Product 1262,TK,TK(200)G,CANDYLAND,Supplier 24
2025-07-01,SKU1269,Store C,1.494,1.2048,0.0,0.0,0.0,4.0,5.976,2.5564,0.0,0.0,Product 1269,TK,TK(125)G,CANDYLAND,Supplier 24
2025-07-01,SKU1270,Store B,1.494,1.2048,3.58,0.0,12.0,7.0,10.458,4.2994,0.6143,0.6143,Product 1270,TK,TK(125)G,CANDYLAND,Supplier 24
2025-07-01,SKU1273,Warehouse,1.245,1.0041,0.0,0.0,0.0,0.0,0.0,0.0,0.0,0.0,Product 1273,TK,TK(75)G,CANDYLAND,Supplier 24
2025-07-01,SKU1276,Store B,1.66,1.3387,0.0,0.0,0.0,1.0,1.66,0.8466,0.0,0.0,Product 1276,TK,TK(200)G,CANDYLAND,Supplier 24
2025-07-01,SKU1281,Store A,1.494,1.2048,0.0,0.0,0.0,0.0,0.0,0.0,0.0,0.0,Product 1281,TK,TK(150)G,CANDYLAND,Supplier 24
2025-07-01,SKU1298,Store C,3.154,2.5435,0.0,0.0,0.0,27.0,85.158,25.7715,0.0,0.0,Product 1298,TK,TK(150)G,CANDYLAND,Supplier 06
2025-07-01,SKU1305,Store B,2.075,1.6734,0.0,0.0,0.0,8.0,16.6,4.98,0.0,0.0,Product 1305,TK,TK(100)G,CANDYLAND,Multiple suppliers
2025-07-01,SKU1310,Store C,5.146,4.15,0.0,0.0,0.0,0.0,0.0,0.0,0.0,0.0,Product 1310,TK,TK(200)G,CANDYLAND,Supplier 24
2025-07-01,SKU1315,Store A,1.66,1.3387,0.0,0.0,0.0,9.0,14.94,7.8435,0.0,0.0,Product 1315,TK,TK(200)G,CANDYLAND,Supplier 24
2025-07-01,SKU1326,Store B,1.411,1.1379,48.419,31.0,64.0,0.0,0.0,0.0,0.6225,0.6225,Product 1326,TK,TK(150)ML,CANDYLAND,Supplier 03
2025-07-01,SKU1327,Store A,1.411,1.1379,51.516,30.0,65.0,0.0,0.0,0.0,0.6225,0.6225,Product 1327,TK,TK(150)ML,CANDYLAND,Supplier 03
2025-07-01,SKU1331,Store A,0.747,0.6024,0.0,0.0,0.0,0.0,0.0,0.0,0.0,0.0,Product 1331,TK,TK(240)ML,CANDYLAND,Supplier 03
2025-07-01,SKU1336,Store A,0.747,0.6024,0.0,0.0,0.0,0.0,0.0,0.0,0.0,0.0,Product 1336,TK,TK(240)ML,CANDYLAND,Supplier 03
2025-07-01,SKU1337,Store B,0.747,0.6024,0.0,0.0,0.0,0.0,0.0,0.0,0.0,0.0,Product 1337,TK,TK(240)ML,CANDYLAND,Supplier 03
2025-07-01,SKU1340,Store B,0.996,0.8032,0.0,0.0,0.0,0.0,0.0,0.0,0.0,0.0,Product 1340,TK,TK(500)ML,CANDYLAND,Supplier 03
2025-07-01,SKU1342,Warehouse,1.826,1.4726,0.0,0.0,0.0,0.0,0.0,0.0,0.0,0.0,Product 1342,TK,TK(100)G,CANDYLAND,Supplier 24
2025-07-01,SKU1344,Store A,1.494,1.2048,0.0,0.0,0.0,0.0,0.0,0.0,0.0,0.0,Product 1344,TK,TK(125)G,CANDYLAND,Supplier 24
2025-07-01,SKU1349,Store A,1.328,1.0709,0.0,0.0,0.0,0.0,0.0,0.0,0.0,0.0,Product 1349,TK,TK(75)G,CANDYLAND,Supplier 24
2025-07-01,SKU1351,Store C,2.905,2.3428,0.0,0.0,0.0,0.0,0.0,0.0,0.0,0.0,Product 1351,TK,TK(400)G,CANDYLAND,Supplier 24
2025-07-01,SKU1362,Warehouse,2.075,1.6734,0.0,0.0,0.0,0.0,0.0,0.0,0.0,0.0,Product 1362,TK,TK(148)G,CANDYLAND,Supplier 24
2025-07-01,SKU1373,Store B,1.328,1.0709,0.0,0.0,0.0,0.0,0.0,0.0,0.0,0.0,Product 1373,TK,TK(20)G,CANDYLAND,Supplier 17
2025-07-01,SKU1373,Store C,1.328,1.0709,0.0,0.0,0.0,0.0,0.0,0.0,0.0,0.0,Product 1373,TK,TK(20)G,CANDYLAND,Supplier 17
2025-07-01,SKU1377,Store C,5.81,4.6855,0.0,0.0,0.0,2.0,11.62,5.7934,0.0,0.0,Product 1377,TK,TK(119)G,CANDYLAND,Supplier 28
2025-07-01,SKU1383,Store C,3.154,2.5435,0.0,0.0,0.0,0.0,0.0,0.0,0.0,0.0,Product 1383,TK,TK(170)G,CANDYLAND,Multiple suppliers
2025-07-01,SKU1387,Store B,2.407,1.9411,12.29,7.0,15.0,0.0,0.0,0.0,0.6225,0.6225,Product 1387,TK,TK(80)G,CANDYLAND,Supplier 59
2025-07-01,SKU1395,Store A,1.079,0.8702,0.0,0.0,0.0,0.0,0.0,0.0,0.0,0.0,Product 1395,TK,TK(15)G,CANDYLAND,Supplier 24
2025-07-01,SKU1407,Store C,3.32,2.6774,0.0,0.0,0.0,0.0,0.0,0.0,0.0,0.0,Product 1407,TK,TK(200)G,CANDYLAND,Supplier 24
2025-07-01,SKU1418,Warehouse,0.664,0.5355,0.0,0.0,0.0,0.0,0.0,0.0,0.0,0.0,Product 1418,TK,"TK(21,5)G",CANDYLAND,Supplier 24
2025-07-01,SKU1421,Store C,1.245,1.0041,0.0,0.0,0.0,0.0,0.0,0.0,0.0,0.0,Product 1421,TK,TK(144)G,CANDYLAND,Supplier 24
2025-07-01,SKU1423,Store A,0.996,0.8032,0.0,0.0,0.0,0.0,0.0,0.0,0.0,0.0,Product 1423,TK,TK(230)ML,CANDYLAND,Supplier 24
2025-07-01,SKU1423,Store B,0.996,0.8032,0.0,0.0,0.0,0.0,0.0,0.0,0.0,0.0,Product 1423,TK,TK(230)ML,CANDYLAND,Supplier 24
2025-07-01,SKU1442,Store B,2.407,1.9411,0.0,0.0,0.0,0.0,0.0,0.0,0.0,0.0,Product 1442,TK,TK(200)G,CANDYLAND,Supplier 24
2025-07-01,SKU1445,Store A,0.913,0.7363,14.161,14.0,15.0,0.0,0.0,0.0,0.4067,0.4067,Product 1445,TK,TK(20)G,CANDYLAND,Supplier 24
2025-07-01,SKU1445,Store B,0.913,0.7363,0.0,0.0,0.0,0.0,0.0,0.0,0.0,0.0,Product 1445,TK,TK(20)G,CANDYLAND,Supplier 24
2025-07-01,SKU1465,Store A,2.324,1.8742,0.0,0.0,0.0,0.0,0.0,0.0,0.0,0.0,Product 1465,TK,TK(200)G,CANDYLAND,Supplier 24
2025-07-01,SKU1472,Store C,1.245,1.0041,8.354,7.0,11.0,0.0,0.0,0.0,0.4898,0.4898,Product 1472,TK,TK(175)G,CANDYLAND,Supplier 24
2025-07-01,SKU1472,Warehouse,1.245,1.0041,0.0,0.0,0.0,0.0,0.0,0.0,0.0,0.0,Product 1472,TK,TK(175)G,CANDYLAND,Supplier 24
2025-07-01,SKU1473,Store B,1.245,1.0041,0.0,0.0,0.0,0.0,0.0,0.0,0.0,0.0,Product 1473,TK,TK(175)G,CANDYLAND,Supplier 24
2025-07-01,SKU1474,Store C,1.245,1.0041,0.0,0.0,0.0,0.0,0.0,0.0,0.0,0.0,Product 1474,TK,TK(750)ML,CANDYLAND,Supplier 24
2025-07-01,SKU1480,Warehouse,1.245,1.0041,0.0,0.0,0.0,0.0,0.0,0.0,0.0,0.0,Product 1480,TK,TK(170)G,CANDYLAND,Supplier 24
2025-07-01,SKU1488,Store B,1.245,1.0041,0.0,0.0,0.0,0.0,0.0,0.0,0.0,0.0,Product 1488,TK,TK(8)G,CANDYLAND,Supplier 24
2025-07-01,SKU1494,Store A,1.66,1.3387,0.0,0.0,0.0,0.0,0.0,0.0,0.0,0.0,Product 1494,TK,TK(144)G,CANDYLAND,Supplier 24
2025-07-01,SKU1496,Store C,1.245,1.0041,0.0,0.0,0.0,0.0,0.0,0.0,0.0,0.0,Product 1496,TK,TK(750)ML,CANDYLAND,Supplier 24
2025-07-01,SKU1497,Warehouse,2.49,2.0081,0.0,0.0,0.0,0.0,0.0,0.0,0.0,0.0,Product 1497,TK,TK(150)G,CANDYLAND,Supplier 24
2025-07-01,SKU1508,Store C,1.079,0.8702,0.0,0.0,0.0,0.0,0.0,0.0,0.0,0.0,Product 1508,TK,TK(100)G,CANDYLAND,Supplier 24
2025-07-01,SKU1509,Warehouse,0.83,0.6694,83.612,48.0,192.0,0.0,0.0,0.0,0.3818,0.3818,Product 1509,TK,TK(200)ML,CANDYLAND,Supplier 24
2025-07-01,SKU1511,Store B,0.83,0.6694,35.967,0.0,47.0,18.0,14.94,6.8724,0.3818,0.3818,Product 1511,TK,TK(200)ML,CANDYLAND,Supplier 24
2025-07-01,SKU1519,Store C,0.83,0.6694,0.0,0.0,0.0,0.0,0.0,0.0,0.0,0.0,Product 1519,TK,TK(200)ML,CANDYLAND,Supplier 24
2025-07-01,SKU1520,Warehouse,1.494,1.2048,0.0,0.0,0.0,0.0,0.0,0.0,0.0,0.0,Product 1520,TK,TK(100)G,CANDYLAND,Supplier 24
2025-07-01,SKU1525,Store B,1.245,1.0041,0.0,0.0,0.0,0.0,0.0,0.0,0.0,0.0,Product 1525,TK,TK(48)G,CANDYLAND,Supplier 24
2025-07-01,SKU1537,Store C,1.245,1.0041,0.0,0.0,0.0,0.0,0.0,0.0,0.0,0.0,Product 1537,TK,TK(42)G,CANDYLAND,Supplier 24
2025-07-01,SKU1538,Store B,1.992,1.6065,-0.548,-1.0,0.0,0.0,0.0,0.0,0.7224,0.7224,Product 1538,TK,TK(10)G,CANDYLAND,Supplier 02
2025-07-01,SKU1540,Store A,1.494,1.2048,0.0,0.0,0.0,0.0,0.0,0.0,0.0,0.0,Product 1540,TK,TK(150)G,CANDYLAND,Supplier 24
2025-07-01,SKU1547,Warehouse,0.83,0.6694,0.0,0.0,0.0,0.0,0.0,0.0,0.0,0.0,Product 1547,TK,TK(26)G,CANDYLAND,Supplier 24
2025-07-01,SKU1549,Store A,1.162,0.9371,7.935,0.0,12.0,6.0,6.972,3.0378,0.5395,0.5395,Product 1549,TK,TK(50)G,CANDYLAND,Supplier 24
2025-07-01,SKU1552,Store B,1.826,1.4726,5.225,0.0,6.0,0.0,0.0,0.0,0.8966,0.8966,Product 1552,TK,TK(154)G,CANDYLAND,Supplier 24
2025-07-01,SKU1553,Warehouse,1.245,1.0041,0.0,0.0,0.0,0.0,0.0,0.0,0.0,0.0,Product 1553,TK,TK(8)G,CANDYLAND,Supplier 24
2025-07-01,SKU1557,Store B,1.162,0.9371,0.0,0.0,0.0,9.0,10.458,3.5109,0.0,0.0,Product 1557,TK,TK(60)G,CANDYLAND,Supplier 24
2025-07-01,SKU1562,Store C,0.913,0.7363,0.0,0.0,0.0,9.0,8.217,3.6603,0.0,0.0,Product 1562,TK,"TK(17,5)G",CANDYLAND,Supplier 24
2025-07-01,SKU1567,Store C,1.162,0.9371,0.0,0.0,0.0,0.0,0.0,0.0,0.0,0.0,Product 1567,TK,TK(60)G,CANDYLAND,Supplier 24
2025-07-01,SKU1572,Store A,2.988,2.4097,0.0,0.0,0.0,0.0,0.0,0.0,0.0,0.0,Product 1572,TK,"TK(46,8)G",CANDYLAND,Supplier 24
2025-07-01,SKU1582,Warehouse,4.067,3.2798,0.0,0.0,0.0,0.0,0.0,0.0,0.0,0.0,Product 1582,TK,TK(200)G,CANDYLAND,Supplier 13
2025-07-01,SKU1592,Store B,1.162,0.9371,0.032,0.0,1.0,0.0,0.0,0.0,0.5759,0.5759,Product 1592,TK,TK(345)ML,CANDYLAND,Supplier 07
2025-07-01,SKU1592,Warehouse,1.162,0.9371,29.419,0.0,72.0,0.0,0.0,0.0,0.5727,0.5727,Product 1592,TK,TK(345)ML,CANDYLAND,Supplier 07
2025-07-01,SKU1598,Warehouse,2.656,2.1419,0.0,0.0,0.0,9.0,23.904,12.3255,0.0,0.0,Product 1598,TK,TK(360)ML,CANDYLAND,Supplier 07
2025-07-01,SKU1599,Store B,2.656,2.1419,0.0,0.0,0.0,3.0,7.968,4.1085,0.0,0.0,Product 1599,TK,TK(360)ML,CANDYLAND,Supplier 07
2025-07-01,SKU1601,Store C,1.328,1.0709,2.741,0.0,12.0,0.0,0.0,0.0,0.7887,0.7887,Product 1601,TK,TK(85)G,CANDYLAND,Supplier 07
2025-07-01,SKU1612,Warehouse,1.411,1.1379,44.129,0.0,120.0,0.0,0.0,0.0,0.664,0.664,Product 1612,TK,TK(330)ML,CANDYLAND,Supplier 07
2025-07-01,SKU1617,Store C,0.996,0.8032,9.645,5.0,11.0,0.0,0.0,0.0,0.664,0.664,Product 1617,TK,TK(250)ML,CANDYLAND,Supplier 07
2025-07-01,SKU1627,Warehouse,1.411,1.1379,0.0,0.0,0.0,0.0,0.0,0.0,0.0,0.0,Product 1627,TK,TK(330)ML,CANDYLAND,Supplier 07
2025-07-01,SKU1631,Warehouse,5.727,4.6185,0.0,0.0,0.0,0.0,0.0,0.0,0.0,0.0,Product 1631,TK,TK(180)G,CANDYLAND,Supplier 75
2025-07-01,SKU1639,Store A,4.897,3.9492,0.0,0.0,0.0,0.0,0.0,0.0,0.0,0.0,Product 1639,TK,TK(140)G,CANDYLAND,Supplier 75
2025-07-01,SKU1651,Store C,4.565,3.6815,0.0,0.0,0.0,19.0,86.735,37.2172,0.0,0.0,Product 1651,TK,TK(150)G,CANDYLAND,Supplier 75
2025-07-01,SKU1660,Store A,0.747,0.6024,33.161,32.0,35.0,0.0,0.0,0.0,0.8466,0.8466,Product 1660,TK,TK(83)ML,CANDYLAND,Supplier 18
2025-07-01,SKU1660,Store B,0.747,0.6024,31.096,29.0,32.0,0.0,0.0,0.0,0.8466,0.8466,Product 1660,TK,TK(83)ML,CANDYLAND,Supplier 18
2025-07-01,SKU1663,Store B,2.407,1.9411,54.451,54.0,57.0,0.0,0.0,0.0,1.0241,1.0241,Product 1663,TK,TK(100)G,CANDYLAND,Supplier 29
2025-07-01,SKU1669,Store B,1.66,1.3387,0.0,0.0,0.0,0.0,0.0,0.0,0.0,0.0,Product 1669,TK,TK(140)G,CANDYLAND,Supplier 76
2025-07-01,SKU1673,Store B,1.245,1.0041,0.0,0.0,0.0,0.0,0.0,0.0,0.0,0.0,Product 1673,TK,TK(86)G,CANDYLAND,Supplier 76
2025-07-01,SKU1688,Store B,0.913,0.7363,28.903,26.0,36.0,0.0,0.0,0.0,0.3071,0.3071,Product 1688,TK,TK(85)G,CANDYLAND,Supplier 42
2025-07-01,SKU1689,Store C,1.494,1.2048,0.0,0.0,0.0,0.0,0.0,0.0,0.0,0.0,Product 1689,TK,TK(225)G,CANDYLAND,Supplier 46
2025-07-01,SKU1698,Store A,1.245,1.0041,0.0,0.0,0.0,0.0,0.0,0.0,0.0,0.0,Product 1698,TK,TK(84)G,CANDYLAND,Supplier 18
2025-07-01,SKU1699,Store C,1.245,1.0041,0.0,0.0,0.0,0.0,0.0,0.0,0.0,0.0,Product 1699,TK,TK(84)G,CANDYLAND,Supplier 18
2025-07-01,SKU1701,Store A,1.079,0.8702,0.0,0.0,0.0,13.0,14.027,6.3661,0.0,0.0,Product 1701,TK,TK(37)G,CANDYLAND,Supplier 74
2025-07-01,SKU1704,Store B,2.49,2.0081,0.0,0.0,0.0,0.0,0.0,0.0,0.0,0.0,Product 1704,TK,TK(120)G,CANDYLAND,Supplier 74
2025-07-01,SKU1716,Store B,1.328,1.0709,0.0,0.0,0.0,0.0,0.0,0.0,0.0,0.0,Product 1716,TK,TK(128)G,CANDYLAND,Supplier 46
2025-07-01,SKU1721,Store C,3.32,2.6774,0.0,0.0,0.0,0.0,0.0,0.0,0.0,0.0,Product 1721,TK,TK(110)G,CANDYLAND,Supplier 09
2025-07-01,SKU1723,Store A,3.32,2.6774,0.0,0.0,0.0,0.0,0.0,0.0,0.0,0.0,Product 1723,TK,TK(120)G,CANDYLAND,Supplier 09
2025-07-01,SKU1726,Store B,2.905,2.3428,6.903,0.0,12.0,0.0,0.0,0.0,1.4276,1.4276,Product 1726,TK,TK(120)G,CANDYLAND,Supplier 09
2025-07-01,SKU1733,Store B,1.826,1.4726,4.516,0.0,20.0,0.0,0.0,0.0,0.8466,0.8466,Product 1733,TK,TK(39)G,CANDYLAND,Supplier 09
2025-07-01,SKU1734,Warehouse,1.494,1.2048,0.0,0.0,0.0,108.0,161.352,44.82,0.0,0.0,Product 1734,TK,TK(40)G,CANDYLAND,Supplier 09
2025-07-01,SKU1736,Store B,1.494,1.2048,0.0,0.0,0.0,17.0,25.398,7.055,0.0,0.0,Product 1736,TK,TK(40)G,CANDYLAND,Supplier 09
2025-07-01,SKU1738,Store A,0.747,0.6024,14.354,0.0,24.0,0.0,0.0,0.0,0.3071,0.3071,Product 1738,TK,"TK(13,8)G",CANDYLAND,Supplier 09
2025-07-01,SKU1750,Store C,3.2785,2.644,0.0,0.0,0.0,0.0,0.0,0.0,0.0,0.0,Product 1750,TK,TK(500)ML,CANDYLAND,Supplier 74
2025-07-01,SKU1756,Warehouse,2.49,2.0081,0.0,0.0,0.0,0.0,0.0,0.0,0.0,0.0,Product 1756,TK,TK(140)G,CANDYLAND,Supplier 74
2025-07-01,SKU1757,Store C,2.49,2.0081,0.0,0.0,0.0,0.0,0.0,0.0,0.0,0.0,Product 1757,TK,TK(142)G,CANDYLAND,Supplier 74
2025-07-01,SKU1760,Store A,1.328,1.0709,0.0,0.0,0.0,19.0,25.232,9.6197,0.0,0.0,Product 1760,TK,TK(130)G,CANDYLAND,Supplier 46
2025-07-01,SKU1764,Store C,2.158,1.7403,1.0,1.0,1.0,0.0,0.0,0.0,0.9404,0.9404,Product 1764,TK,TK(42)G,CANDYLAND,Multiple suppliers
2025-07-01,SKU1765,Store B,2.158,1.7403,0.0,0.0,0.0,0.0,0.0,0.0,0.0,0.0,Product 1765,TK,TK(42)G,CANDYLAND,Supplier 74
2025-07-01,SKU1768,Store C,2.158,1.7403,0.0,0.0,0.0,0.0,0.0,0.0,0.0,0.0,Product 1768,TK,TK(42)G,CANDYLAND,Multiple suppliers
2025-07-01,SKU1779,Warehouse,2.324,1.8742,48.0,48.0,48.0,0.0,0.0,0.0,1.1495,1.1495,Product 1779,TK,TK(175)G,CANDYLAND,Supplier 42
2025-07-01,SKU1782,Store A,2.324,1.8742,22.806,22.0,23.0,0.0,0.0,0.0,1.079,1.079,Product 1782,TK,TK(175)G,CANDYLAND,Supplier 42
2025-07-01,SKU1784,Store B,12.45,10.0403,0.0,0.0,0.0,5.019,62.4865,25.8278,0.0,0.0,Product 1784,KG,KG(1000)G,CANDYLAND,Supplier 42
2025-08-01,SKU0003,Store B,0.332,0.2678,0.0,0.0,0.0,0.0,0.0,0.0,0.0,0.0,Product 0003,TK,TK(14)G,CANDYLAND,Supplier 64
2025-08-01,SKU0006,Store C,1.162,0.9371,0.0,0.0,0.0,0.0,0.0,0.0,0.0,0.0,Product 0006,TK,TK(100)G,CANDYLAND,Supplier 42
2025-08-01,SKU0008,Store A,0.581,0.4685,58.161,57.0,59.0,0.0,0.0,0.0,0.2094,0.2094,Product 0008,TK,TK(35)G,CANDYLAND,Supplier 64
2025-08-01,SKU0020,Warehouse,1.162,0.9371,0.0,0.0,0.0,0.0,0.0,0.0,0.0,0.0,Product 0020,TK,TK(60)ML,CANDYLAND,Supplier 64
2025-08-01,SKU0029,Store C,0.415,0.3347,1.0,1.0,1.0,0.0,0.0,0.0,0.0913,0.0913,Product 0029,TK,TK(20)ML,CANDYLAND,Supplier 64
2025-08-01,SKU0033,Warehouse,2.988,2.4097,0.0,0.0,0.0,0.0,0.0,0.0,0.0,0.0,Product 0033,TK,TK(190)ML,CANDYLAND,Supplier 09
2025-08-01,SKU0047,Store B,1.494,1.2048,6.838,4.0,21.0,0.0,0.0,0.0,0.7056,0.7056,Product 0047,TK,TK(10)G,CANDYLAND,Supplier 66
2025-08-01,SKU0057,Store B,2.905,2.3428,0.0,0.0,0.0,0.0,0.0,0.0,0.0,0.0,Product 0057,TK,TK(120)G,CANDYLAND,Supplier 66
2025-08-01,SKU0061,Warehouse,0.747,0.6024,0.0,0.0,0.0,0.0,0.0,0.0,0.0,0.0,Product 0061,TK,TK(75)G,CANDYLAND,Supplier 68
2025-08-01,SKU0064,Store B,0.913,0.7363,21.225,13.0,27.0,0.0,0.0,0.0,0.3735,0.3735,Product 0064,TK,TK(90)G,CANDYLAND,Supplier 68
2025-08-01,SKU0074,Store A,1.411,1.1379,0.0,0.0,0.0,0.0,0.0,0.0,0.0,0.0,Product 0074,TK,TK(50)G,CANDYLAND,Supplier 66
2025-08-01,SKU0075,Warehouse,1.245,1.0041,0.0,0.0,0.0,0.0,0.0,0.0,0.0,0.0,Product 0075,TK,TK(30)G,CANDYLAND,Supplier 66
2025-08-01,SKU0077,Store C,2.905,2.3428,0.0,0.0,0.0,0.0,0.0,0.0,0.0,0.0,Product 0077,TK,TK(120)G,CANDYLAND,Supplier 66
2025-08-01,SKU0080,Store B,2.075,1.6734,0.0,0.0,0.0,0.0,0.0,0.0,0.0,0.0,Product 0080,TK,TK(185)G,CANDYLAND,Supplier 59
2025-08-01,SKU0086,Store B,0.913,0.7363,18.29,16.0,22.0,14.0,12.782,5.229,0.3735,0.3735,Product 0086,TK,TK(90)G,CANDYLAND,Supplier 68
2025-08-01,SKU0087,Store B,0.913,0.7363,13.064,7.0,20.0,14.0,12.782,5.229,0.3735,0.3735,Product 0087,TK,TK(90)G,CANDYLAND,Supplier 68
2025-08-01,SKU0091,Store C,0.913,0.7363,25.193,22.0,30.0,23.0,20.999,8.5905,0.3735,0.3735,Product 0091,TK,TK(90)G,CANDYLAND,Supplier 68
2025-08-01,SKU0096,Warehouse,0.913,0.7363,70.0,70.0,70.0,0.0,0.0,0.0,0.3735,0.3735,Product 0096,TK,TK(90)G,CANDYLAND,Supplier 68
2025-08-01,SKU0110,Store B,3.154,2.5435,0.0,0.0,0.0,0.0,0.0,0.0,0.0,0.0,Product 0110,TK,TK(325)G,CANDYLAND,Supplier 59
2025-08-01,SKU0116,Store B,1.6185,1.3053,0.0,0.0,0.0,0.0,0.0,0.0,0.0,0.0,Product 0116,TK,TK(530)ML,CANDYLAND,Supplier 10
2025-08-01,SKU0116,Warehouse,1.6185,1.3053,0.0,0.0,0.0,0.0,0.0,0.0,0.0,0.0,Product 0116,TK,TK(530)ML,CANDYLAND,Supplier 10
2025-08-01,SKU0135,Store A,1.66,1.3387,0.0,0.0,0.0,0.0,0.0,0.0,0.0,0.0,Product 0135,TK,TK(84)G,CANDYLAND,Supplier 59
2025-08-01,SKU0138,Store A,2.49,2.0081,0.0,0.0,0.0,0.0,0.0,0.0,0.0,0.0,Product 0138,TK,TK(750)ML,CANDYLAND,Multiple suppliers
2025-08-01,SKU0142,Warehouse,1.494,1.2048,0.0,0.0,0.0,0.0,0.0,0.0,0.0,0.0,Product 0142,TK,TK(100)G,CANDYLAND,Supplier 59
2025-08-01,SKU0145,Store C,0.3735,0.3012,44.225,38.0,49.0,24.0,8.964,2.9541,0.1231,0.1231,Product 0145,TK,TK(19)G,CANDYLAND,Supplier 68
2025-08-01,SKU0155,Warehouse,1.162,0.9371,123.87,0.0,480.0,80.0,92.96,26.56,0.332,0.332,Product 0155,TK,TK(15)G,CANDYLAND,Supplier 66
2025-08-01,SKU0163,Store A,1.494,1.2048,0.0,0.0,0.0,0.0,0.0,0.0,0.0,0.0,Product 0163,TK,TK(200)G,CANDYLAND,Supplier 59
2025-08-01,SKU0163,Warehouse,1.494,1.2048,0.0,0.0,0.0,0.0,0.0,0.0,0.0,0.0,Product 0163,TK,TK(200)G,CANDYLAND,Supplier 59
2025-08-01,SKU0164,Store A,1.494,1.2048,0.0,0.0,0.0,0.0,0.0,0.0,0.0,0.0,Product 0164,TK,TK(200)G,CANDYLAND,Supplier 59
2025-08-01,SKU0166,Warehouse,1.66,1.3387,35.612,0.0,138.0,0.0,0.0,0.0,0.415,0.415,Product 0166,TK,TK(360)ML,CANDYLAND,Multiple suppliers
2025-08-01,SKU0171,Store A,1.66,1.3387,0.0,0.0,0.0,0.0,0.0,0.0,0.0,0.0,Product 0171,TK,TK(90)G,CANDYLAND,Supplier 59
2025-08-01,SKU0187,Warehouse,2.324,1.8742,0.0,0.0,0.0,0.0,0.0,0.0,0.0,0.0,Product 0187,TK,TK(220)G,CANDYLAND,Supplier 59
2025-08-01,SKU0191,Store B,1.079,0.8702,0.0,0.0,0.0,0.0,0.0,0.0,0.0,0.0,Product 0191,TK,TK(50)ML,CANDYLAND,Supplier 59
2025-08-01,SKU0192,Store A,1.328,1.0709,0.0,0.0,0.0,0.0,0.0,0.0,0.0,0.0,Product 0192,TK,TK(80)G,CANDYLAND,Supplier 59
2025-08-01,SKU0194,Store A,1.162,0.9371,0.0,0.0,0.0,0.0,0.0,0.0,0.0,0.0,Product 0194,TK,TK(55)ML,CANDYLAND,Supplier 59
2025-08-01,SKU0196,Store C,1.162,0.9371,0.0,0.0,0.0,0.0,0.0,0.0,0.0,0.0,Product 0196,TK,TK(80)G,CANDYLAND,Supplier 59
2025-08-01,SKU0197,Store B,2.324,1.8742,0.0,0.0,0.0,0.0,0.0,0.0,0.0,0.0,Product 0197,TK,TK(750)ML,CANDYLAND,Supplier 59
2025-08-01,SKU0198,Store B,1.162,0.9371,0.0,0.0,0.0,0.0,0.0,0.0,0.0,0.0,Product 0198,TK,TK(40)ML,CANDYLAND,Supplier 59
2025-08-01,SKU0203,Warehouse,0.747,0.6024,0.0,0.0,0.0,0.0,0.0,0.0,0.0,0.0,Product 0203,TK,TK(330)ML,CANDYLAND,Supplier 59
2025-08-01,SKU0206,Warehouse,0.747,0.6024,0.0,0.0,0.0,0.0,0.0,0.0,0.0,0.0,Product 0206,TK,TK(330)ML,CANDYLAND,Supplier 59
2025-08-01,SKU0207,Warehouse,0.747,0.6024,0.0,0.0,0.0,0.0,0.0,0.0,0.0,0.0,Product 0207,TK,TK(330)ML,CANDYLAND,Supplier 59
2025-08-01,SKU0211,Store C,2.324,1.8742,0.0,0.0,0.0,0.0,0.0,0.0,0.0,0.0,Product 0211,TK,TK(750)ML,CANDYLAND,Supplier 59
2025-08-01,SKU0227,Store B,2.324,1.8742,0.0,0.0,0.0,0.0,0.0,0.0,0.0,0.0,Product 0227,TK,TK(216)G,CANDYLAND,Supplier 59
2025-08-01,SKU0238,Store C,1.245,1.0041,0.0,0.0,0.0,0.0,0.0,0.0,0.0,0.0,Product 0238,TK,TK(200)G,CANDYLAND,Supplier 59
2025-08-01,SKU0246,Store C,1.245,1.0041,0.0,0.0,0.0,0.0,0.0,0.0,0.0,0.0,Product 0246,TK,TK(250)G,CANDYLAND,Supplier 59
2025-08-01,SKU0248,Store A,1.577,1.2718,0.258,0.0,8.0,5.0,7.885,3.3951,0.7721,0.7721,Product 0248,TK,TK(46)G,CANDYLAND,Multiple suppliers
2025-08-01,SKU0250,Store B,1.245,1.0041,0.0,0.0,0.0,0.0,0.0,0.0,0.0,0.0,Product 0250,TK,TK(200)G,CANDYLAND,Supplier 59
2025-08-01,SKU0264,Store B,1.245,1.0041,0.0,0.0,0.0,0.0,0.0,0.0,0.0,0.0,Product 0264,TK,TK(160)G,CANDYLAND,Supplier 59
2025-08-01,SKU0266,Store C,1.992,1.6065,0.0,0.0,0.0,0.0,0.0,0.0,0.0,0.0,Product 0266,TK,TK(144)G,CANDYLAND,Supplier 59
2025-08-01,SKU0284,Store B,2.49,2.0081,0.0,0.0,0.0,0.0,0.0,0.0,0.0,0.0,Product 0284,TK,TK(141)G,CANDYLAND,Supplier 59
2025-08-01,SKU0287,Store C,1.66,1.3387,0.0,0.0,0.0,0.0,0.0,0.0,0.0,0.0,Product 0287,TK,TK(60)G,CANDYLAND,Supplier 59
2025-08-01,SKU0289,Store A,2.075,1.6734,4.064,4.0,6.0,0.0,0.0,0.0,0.9961,0.9961,Product 0289,TK,TK(50)G,CANDYLAND,Supplier 66
2025-08-01,SKU0297,Warehouse,1.66,1.3387,0.0,0.0,0.0,0.0,0.0,0.0,0.0,0.0,Product 0297,TK,TK(150)G,CANDYLAND,Supplier 59
2025-08-01,SKU0299,Warehouse,5.81,4.6855,0.0,0.0,0.0,0.0,0.0,0.0,0.0,0.0,Product 0299,TK,TK(149)G,CANDYLAND,Supplier 59
2025-08-01,SKU0302,Warehouse,5.81,4.6855,0.0,0.0,0.0,0.0,0.0,0.0,0.0,0.0,Product 0302,TK,TK(149)G,CANDYLAND,Supplier 59
2025-08-01,SKU0306,Store C,1.494,1.2048,0.0,0.0,0.0,0.0,0.0,0.0,0.0,0.0,Product 0306,TK,TK(70)G,CANDYLAND,Supplier 59
2025-08-01,SKU0314,Store C,1.328,1.0709,0.0,0.0,0.0,0.0,0.0,0.0,0.0,0.0,Product 0314,TK,TK(28)G,CANDYLAND,Supplier 59
2025-08-01,SKU0318,Store A,1.411,1.1379,11.774,11.0,15.0,0.0,0.0,0.0,0.7178,0.7178,Product 0318,TK,TK(150)G,CANDYLAND,Supplier 33
2025-08-01,SKU0321,Store C,1.411,1.1379,11.903,7.0,17.0,0.0,0.0,0.0,0.7179,0.7179,Product 0321,TK,TK(150)G,CANDYLAND,Supplier 33
2025-08-01,SKU0321,Warehouse,1.411,1.1379,17.096,10.0,20.0,0.0,0.0,0.0,0.7178,0.7178,Product 0321,TK,TK(150)G,CANDYLAND,Supplier 33
2025-08-01,SKU0326,Store C,1.411,1.1379,11.645,11.0,13.0,0.0,0.0,0.0,0.7177,0.7177,Product 0326,TK,TK(150)G,CANDYLAND,Supplier 33
2025-08-01,SKU0335,Store C,1.245,1.0041,0.0,0.0,0.0,0.0,0.0,0.0,0.0,0.0,Product 0335,TK,TK(200)G,CANDYLAND,Supplier 59
2025-08-01,SKU0345,Warehouse,0.996,0.8032,0.0,0.0,0.0,0.0,0.0,0.0,0.0,0.0,Product 0345,TK,TK(30)G,CANDYLAND,Supplier 59
2025-08-01,SKU0352,Store B,1.494,1.2048,7.322,2.0,25.0,0.0,0.0,0.0,0.5976,0.5976,Product 0352,TK,TK(85)G,CANDYLAND,Supplier 59
2025-08-01,SKU0353,Warehouse,1.162,0.9371,0.0,0.0,0.0,0.0,0.0,0.0,0.0,0.0,Product 0353,TK,TK(50)G,CANDYLAND,Supplier 59
2025-08-01,SKU0363,Warehouse,1.245,1.0041,0.0,0.0,0.0,0.0,0.0,0.0,0.0,0.0,Product 0363,TK,TK(160)G,CANDYLAND,Supplier 59
2025-08-01,SKU0373,Warehouse,0.83,0.6694,0.0,0.0,0.0,0.0,0.0,0.0,0.0,0.0,Product 0373,TK,TK(80)G,CANDYLAND,Supplier 59
2025-08-01,SKU0375,Store A,2.49,2.0081,0.0,0.0,0.0,0.0,0.0,0.0,0.0,0.0,Product 0375,TK,TK(99)G,CANDYLAND,Multiple suppliers
2025-08-01,SKU0384,Store B,4.565,3.6815,0.0,0.0,0.0,0.0,0.0,0.0,0.0,0.0,Product 0384,TK,TK(300)G,CANDYLAND,Supplier 59
2025-08-01,SKU0396,Store A,0.415,0.3347,0.0,0.0,0.0,0.0,0.0,0.0,0.0,0.0,Product 0396,TK,TK(40)G,CANDYLAND,Supplier 59
2025-08-01,SKU0398,Store B,2.407,1.9411,0.0,0.0,0.0,1.0,2.407,0.996,0.0,0.0,Product 0398,TK,TK(80)G,CANDYLAND,Supplier 59
2025-08-01,SKU0402,Store C,1.909,1.5395,0.0,0.0,0.0,0.0,0.0,0.0,0.0,0.0,Product 0402,TK,TK(500)ML,CANDYLAND,Supplier 59
2025-08-01,SKU0406,Store C,2.49,2.0081,0.0,0.0,0.0,0.0,0.0,0.0,0.0,0.0,Product 0406,TK,TK(120)G,CANDYLAND,Supplier 59
2025-08-01,SKU0411,Store A,0.83,0.6694,0.0,0.0,0.0,0.0,0.0,0.0,0.0,0.0,Product 0411,TK,TK(80)G,CANDYLAND,Supplier 59
2025-08-01,SKU0412,Store A,1.494,1.2048,0.0,0.0,0.0,0.0,0.0,0.0,0.0,0.0,Product 0412,TK,TK(100)G,CANDYLAND,Supplier 59
2025-08-01,SKU0412,Store B,1.494,1.2048,0.0,0.0,0.0,0.0,0.0,0.0,0.0,0.0,Product 0412,TK,TK(100)G,CANDYLAND,Supplier 59
2025-08-01,SKU0430,Store A,1.494,1.2048,0.0,0.0,0.0,0.0,0.0,0.0,0.0,0.0,Product 0430,TK,TK(90)ML,CANDYLAND,Supplier 59
2025-08-01,SKU0444,Store B,0.415,0.3347,13.0,-3.0,36.0,0.0,0.0,0.0,0.0805,0.0805,Product 0444,TK,"TK(17,5)G",CANDYLAND,Supplier 02
2025-08-01,SKU0446,Store A,2.241,1.8072,0.0,0.0,0.0,0.0,0.0,0.0,0.0,0.0,Product 0446,TK,TK(180)G,CANDYLAND,Supplier 59
2025-08-01,SKU0470,Warehouse,1.494,1.2048,0.0,0.0,0.0,0.0,0.0,0.0,0.0,0.0,Product 0470,TK,TK(18)G,CANDYLAND,Supplier 59
2025-08-01,SKU0476,Store C,1.162,0.9371,26.903,12.0,36.0,0.0,0.0,0.0,0.5146,0.5146,Product 0476,TK,TK(30)G,CANDYLAND,Supplier 59
2025-08-01,SKU0480,Warehouse,2.49,2.0081,0.0,0.0,0.0,0.0,0.0,0.0,0.0,0.0,Product 0480,TK,TK(170)G,CANDYLAND,Supplier 59
2025-08-01,SKU0485,Warehouse,2.905,2.3428,0.0,0.0,0.0,0.0,0.0,0.0,0.0,0.0,Product 0485,TK,TK(115)G,CANDYLAND,Supplier 59
2025-08-01,SKU0494,Store C,2.656,2.1419,0.0,0.0,0.0,0.0,0.0,0.0,0.0,0.0,Product 0494,TK,TK(152)G,CANDYLAND,Supplier 59
2025-08-01,SKU0496,Store A,2.49,2.0081,0.0,0.0,0.0,0.0,0.0,0.0,0.0,0.0,Product 0496,TK,TK(99)G,CANDYLAND,Multiple suppliers
2025-08-01,SKU0497,Store B,2.324,1.8742,0.0,0.0,0.0,0.0,0.0,0.0,0.0,0.0,Product 0497,TK,TK(210)G,CANDYLAND,Supplier 59
2025-08-01,SKU0498,Warehouse,1.162,0.9371,29.419,24.0,36.0,0.0,0.0,0.0,0.3735,0.3735,Product 0498,TK,TK(8)G,CANDYLAND,Supplier 59
2025-08-01,SKU0505,Store C,2.407,1.9411,0.0,0.0,0.0,0.0,0.0,0.0,0.0,0.0,Product 0505,TK,TK(102)G,CANDYLAND,Supplier 59
2025-08-01,SKU0505,Warehouse,2.407,1.9411,0.0,0.0,0.0,0.0,0.0,0.0,0.0,0.0,Product 0505,TK,TK(102)G,CANDYLAND,Supplier 59
2025-08-01,SKU0515,Store C,0.996,0.8032,8.451,0.0,9.0,0.0,0.0,0.0,0.3154,0.3154,Product 0515,TK,TK(80)G,CANDYLAND,Supplier 59
2025-08-01,SKU0516,Store A,0.996,0.8032,3.225,3.0,4.0,0.0,0.0,0.0,0.3155,0.3155,Product 0516,TK,TK(80)G,CANDYLAND,Supplier 59
2025-08-01,SKU0519,Store B,0.332,0.2678,64.709,42.0,85.0,85.0,28.22,6.7657,0.1194,0.1194,Product 0519,TK,"TK(16,5)G",CANDYLAND,Multiple suppliers
2025-08-01,SKU0523,Store A,2.158,1.7403,0.0,0.0,0.0,0.0,0.0,0.0,0.0,0.0,Product 0523,TK,TK(105)G,CANDYLAND,Supplier 59
2025-08-01,SKU0525,Warehouse,1.494,1.2048,0.0,0.0,0.0,0.0,0.0,0.0,0.0,0.0,Product 0525,TK,TK(60)G,CANDYLAND,Supplier 59
2025-08-01,SKU0527,Warehouse,2.324,1.8742,0.0,0.0,0.0,0.0,0.0,0.0,0.0,0.0,Product 0527,TK,TK(120)G,CANDYLAND,Supplier 59
2025-08-01,SKU0541,Store B,2.075,1.6734,1.129,0.0,13.0,0.0,0.0,0.0,0.9877,0.9877,Product 0541,TK,TK(150)G,CANDYLAND,Supplier 59
2025-08-01,SKU0545,Store B,1.494,1.2048,6.258,4.0,23.0,0.0,0.0,0.0,0.6889,0.6889,Product 0545,TK,TK(12)G,CANDYLAND,Supplier 59
2025-08-01,SKU0547,Warehouse,9.877,7.9653,1.0,1.0,1.0,0.0,0.0,0.0,4.565,4.565,Product 0547,TK,TK(170)G,CANDYLAND,Supplier 59
2025-08-01,SKU0551,Store A,2.241,1.8072,0.0,0.0,0.0,0.0,0.0,0.0,0.0,0.0,Product 0551,TK,TK(40)G,CANDYLAND,Supplier 59
2025-08-01,SKU0553,Store A,1.328,1.0709,0.0,0.0,0.0,0.0,0.0,0.0,0.0,0.0,Product 0553,TK,TK(35)G,CANDYLAND,Supplier 59
2025-08-01,SKU0565,Store C,1.826,1.4726,0.0,0.0,0.0,0.0,0.0,0.0,0.0,0.0,Product 0565,TK,"TK(112,5)G",CANDYLAND,Multiple suppliers
2025-08-01,SKU0569,Store A,1.328,1.0709,0.0,0.0,0.0,0.0,0.0,0.0,0.0,0.0,Product 0569,TK,TK(10)G,CANDYLAND,Supplier 05
2025-08-01,SKU0577,Store A,0.332,0.2678,0.0,0.0,0.0,0.0,0.0,0.0,0.0,0.0,Product 0577,TK,TK(11)G,CANDYLAND,Supplier 64
2025-08-01,SKU0577,Store C,0.332,0.2678,0.0,0.0,0.0,0.0,0.0,0.0,0.0,0.0,Product 0577,TK,TK(11)G,CANDYLAND,Supplier 64
2025-08-01,SKU0578,Store B,0.996,0.8032,0.0,0.0,0.0,0.0,0.0,0.0,0.0,0.0,Product 0578,TK,TK(40)G,CANDYLAND,Supplier 64
2025-08-01,SKU0583,Store B,0.166,0.1339,974.935,941.0,999.0,354.0,58.764,8.8734,0.025,0.025,Product 0583,TK,"TK(4,6)G",CANDYLAND,Supplier 64
2025-08-01,SKU0583,Store C,0.166,0.1339,762.709,430.0,1028.0,1187.0,197.042,29.7533,0.0251,0.0251,Product 0583,TK,"TK(4,6)G",CANDYLAND,Supplier 64
2025-08-01,SKU0594,Warehouse,2.49,2.0081,0.0,0.0,0.0,0.0,0.0,0.0,0.0,0.0,Product 0594,TK,TK(141)G,CANDYLAND,Supplier 17
2025-08-01,SKU0595,Warehouse,3.984,3.2129,0.0,0.0,0.0,0.0,0.0,0.0,0.0,0.0,Product 0595,TK,TK(375)G,CANDYLAND,Supplier 17
2025-08-01,SKU0596,Store A,3.154,2.5435,0.0,0.0,0.0,0.0,0.0,0.0,0.0,0.0,Product 0596,TK,TK(325)G,CANDYLAND,Multiple suppliers
2025-08-01,SKU0597,Store C,2.656,2.1419,0.0,0.0,0.0,0.0,0.0,0.0,0.0,0.0,Product 0597,TK,TK(375)G,CANDYLAND,Supplier 17
2025-08-01,SKU0602,Store B,1.66,1.3387,0.0,0.0,0.0,0.0,0.0,0.0,0.0,0.0,Product 0602,TK,"TK(112,5)G",CANDYLAND,Supplier 17
2025-08-01,SKU0608,Warehouse,1.162,0.9371,0.0,0.0,0.0,0.0,0.0,0.0,0.0,0.0,Product 0608,TK,TK(180)G,CANDYLAND,Supplier 17
2025-08-01,SKU0616,Store C,1.162,0.9371,0.0,0.0,0.0,1.0,1.162,0.5395,0.0,0.0,Product 0616,TK,TK(150)G,CANDYLAND,Supplier 17
2025-08-01,SKU0623,Warehouse,2.324,1.8742,0.0,0.0,0.0,0.0,0.0,0.0,0.0,0.0,Product 0623,TK,TK(100)G,CANDYLAND,Supplier 59
2025-08-01,SKU0629,Store B,0.83,0.6694,0.451,0.0,1.0,0.0,0.0,0.0,0.3607,0.3607,Product 0629,TK,TK(23)G,CANDYLAND,Supplier 16
2025-08-01,SKU0630,Store B,0.83,0.6694,26.387,24.0,29.0,0.0,0.0,0.0,0.3604,0.3604,Product 0630,TK,TK(23)G,CANDYLAND,Supplier 16
2025-08-01,SKU0630,Store C,0.83,0.6694,11.645,11.0,13.0,0.0,0.0,0.0,0.3604,0.3604,Product 0630,TK,TK(23)G,CANDYLAND,Supplier 16
2025-08-01,SKU0656,Store C,0.747,0.6024,26.548,24.0,29.0,0.0,0.0,0.0,0.3165,0.3165,Product 0656,TK,TK(14)G,CANDYLAND,Supplier 16
2025-08-01,SKU0658,Store A,0.83,0.6694,0.0,0.0,0.0,0.0,0.0,0.0,0.0,0.0,Product 0658,TK,"TK(15,6)G",CANDYLAND,Supplier 16
2025-08-01,SKU0660,Warehouse,2.158,1.7403,0.0,0.0,0.0,0.0,0.0,0.0,0.0,0.0,Product 0660,TK,TK(42)G,CANDYLAND,Supplier 16
2025-08-01,SKU0661,Store A,1.245,1.0041,0.0,0.0,0.0,0.0,0.0,0.0,0.0,0.0,Product 0661,TK,TK(65)G,CANDYLAND,Supplier 16
2025-08-01,SKU0672,Store C,0.083,0.0669,0.0,0.0,0.0,0.0,0.0,0.0,0.0,0.0,Product 0672,TK,TK(10)G,CANDYLAND,Supplier 42
2025-08-01,SKU0676,Warehouse,1.577,1.2718,0.0,0.0,0.0,0.0,0.0,0.0,0.0,0.0,Product 0676,TK,"TK(61,3)G",CANDYLAND,Multiple suppliers
2025-08-01,SKU0677,Store A,0.415,0.3347,0.0,0.0,0.0,0.0,0.0,0.0,0.0,0.0,Product 0677,TK,TK(16)G,CANDYLAND,Supplier 74
2025-08-01,SKU0680,Store C,3.071,2.4766,27.967,23.0,34.0,0.0,0.0,0.0,0.7619,0.7619,Product 0680,TK,TK(120)G,CANDYLAND,Supplier 02
2025-08-01,SKU0684,Warehouse,1.66,1.3387,23.419,18.0,30.0,0.0,0.0,0.0,0.5215,0.5215,Product 0684,TK,TK(120)G,CANDYLAND,Supplier 02
2025-08-01,SKU0685,Store B,9.047,7.2959,0.0,0.0,0.0,0.0,0.0,0.0,0.0,0.0,Product 0685,TK,TK(1250)G,CANDYLAND,Supplier 32
2025-08-01,SKU0700,Store B,0.249,0.2008,5.0,5.0,5.0,0.0,0.0,0.0,0.0581,0.0581,Product 0700,TK,TK(8)G,CANDYLAND,Supplier 64
2025-08-01,SKU0700,Store C,0.249,0.2008,4.0,4.0,4.0,0.0,0.0,0.0,0.0581,0.0581,Product 0700,TK,TK(8)G,CANDYLAND,Supplier 64
2025-08-01,SKU0701,Store C,1.66,1.3387,0.0,0.0,0.0,0.0,0.0,0.0,0.0,0.0,Product 0701,TK,TK(250)G,CANDYLAND,Supplier 17
2025-08-01,SKU0703,Store A,0.996,0.8032,90.258,47.0,107.0,0.0,0.0,0.0,0.3403,0.3403,Product 0703,TK,TK(105)ML,CANDYLAND,Supplier 02
2025-08-01,SKU0704,Store B,0.996,0.8032,0.0,0.0,0.0,0.0,0.0,0.0,0.0,0.0,Product 0704,TK,"TK(3,3)G",CANDYLAND,Supplier 64
2025-08-01,SKU0706,Store B,1.328,1.0709,0.0,0.0,0.0,0.0,0.0,0.0,0.0,0.0,Product 0706,TK,TK(100)G,CANDYLAND,Supplier 72
2025-08-01,SKU0706,Warehouse,1.328,1.0709,0.0,0.0,0.0,0.0,0.0,0.0,0.0,0.0,Product 0706,TK,TK(100)G,CANDYLAND,Supplier 72
2025-08-01,SKU0715,Store A,1.992,1.6065,0.0,0.0,0.0,9.0,17.928,6.6483,0.0,0.0,Product 0715,TK,TK(10)G,CANDYLAND,Supplier 05
2025-08-01,SKU0716,Store A,7.885,6.3589,0.0,0.0,0.0,3.0,23.655,10.8315,0.0,0.0,Product 0716,TK,TK(250)G,CANDYLAND,Supplier 54
2025-08-01,SKU0717,Store C,9.9185,7.9988,0.0,0.0,0.0,0.0,0.0,0.0,0.0,0.0,Product 0717,TK,TK(200)G,CANDYLAND,Supplier 27
2025-08-01,SKU0720,Store B,1.992,1.6065,0.0,0.0,0.0,0.0,0.0,0.0,0.0,0.0,Product 0720,TK,TK(175)G,CANDYLAND,Supplier 49
2025-08-01,SKU0722,Store A,4.897,3.9492,3.87,2.0,8.0,0.0,0.0,0.0,2.4034,2.4034,Product 0722,TK,TK(300)G,CANDYLAND,Supplier 49
2025-08-01,SKU0727,Store B,2.407,1.9411,0.0,0.0,0.0,19.0,45.733,16.4796,0.0,0.0,Product 0727,TK,TK(150)G,CANDYLAND,Supplier 49
2025-08-01,SKU0727,Store C,2.407,1.9411,0.0,0.0,0.0,5.0,12.035,4.3367,0.0,0.0,Product 0727,TK,TK(150)G,CANDYLAND,Supplier 49
2025-08-01,SKU0734,Store A,2.324,1.8742,0.0,0.0,0.0,0.0,0.0,0.0,0.0,0.0,Product 0734,TK,TK(150)G,CANDYLAND,Supplier 31
2025-08-01,SKU0752,Warehouse,1.494,1.2048,0.0,0.0,0.0,0.0,0.0,0.0,0.0,0.0,Product 0752,TK,TK(160)G,CANDYLAND,Supplier 59
2025-08-01,SKU0754,Store A,0.415,0.3347,0.0,0.0,0.0,0.0,0.0,0.0,0.0,0.0,Product 0754,TK,TK(40)G,CANDYLAND,Supplier 69
2025-08-01,SKU0757,Store A,20.667,16.6669,0.0,0.0,0.0,0.0,0.0,0.0,0.0,0.0,Product 0757,TK,TK(750)G,CANDYLAND,Supplier 34
2025-08-01,SKU0761,Store A,1.494,1.2048,10.161,8.0,12.0,0.0,0.0,0.0,0.5976,0.5976,Product 0761,TK,TK(300)G,CANDYLAND,Multiple suppliers
2025-08-01,SKU0764,Store B,1.494,1.2048,5.838,1.0,12.0,0.0,0.0,0.0,0.5977,0.5977,Product 0764,TK,TK(300)G,CANDYLAND,Multiple suppliers
2025-08-01,SKU0785,Warehouse,7.47,6.0242,0.0,0.0,0.0,0.0,0.0,0.0,0.0,0.0,Product 0785,TK,TK(1000)G,CANDYLAND,Multiple suppliers
2025-08-01,SKU0793,Store B,1.2035,0.9706,0.0,0.0,0.0,0.0,0.0,0.0,0.0,0.0,Product 0793,TK,TK(330)ML,CANDYLAND,Supplier 10
2025-08-01,SKU0797,Store C,1.328,1.0709,0.0,0.0,0.0,0.0,0.0,0.0,0.0,0.0,Product 0797,TK,TK(250)G,CANDYLAND,Supplier 32
2025-08-01,SKU0798,Warehouse,3.154,2.5435,75.096,0.0,240.0,0.0,0.0,0.0,1.2865,1.2865,Product 0798,TK,TK(120)G,CANDYLAND,Supplier 66
2025-08-01,SKU0803,Warehouse,1.328,1.0709,232.258,0.0,900.0,0.0,0.0,0.0,0.2407,0.2407,Product 0803,TK,TK(8)G,CANDYLAND,Supplier 66
2025-08-01,SKU0805,Store C,1.328,1.0709,6.354,0.0,50.0,4.0,5.312,1.0956,0.2739,0.2739,Product 0805,TK,TK(8)G,CANDYLAND,Supplier 66
2025-08-01,SKU0809,Store C,0.083,0.0669,0.0,0.0,0.0,0.0,0.0,0.0,0.0,0.0,Product 0809,TK,"TK(10,5)G",CANDYLAND,Supplier 64
2025-08-01,SKU0810,Store C,0.249,0.2008,125.935,99.0,159.0,0.0,0.0,0.0,0.0498,0.0498,Product 0810,TK,TK(12)G,CANDYLAND,Multiple suppliers
2025-08-01,SKU0816,Store C,0.415,0.3347,0.0,0.0,0.0,0.0,0.0,0.0,0.0,0.0,Product 0816,TK,TK(20)G,CANDYLAND,Supplier 69
2025-08-01,SKU0837,Warehouse,0.166,0.1339,0.0,0.0,0.0,0.0,0.0,0.0,0.0,0.0,Product 0837,TK,TK(7)G,CANDYLAND,Supplier 51
2025-08-01,SKU0862,Warehouse,9.545,7.6976,0.0,0.0,0.0,0.0,0.0,0.0,0.0,0.0,Product 0862,TK,TK(120)G,CANDYLAND,Supplier 01
2025-08-01,SKU0863,Store C,1.245,1.0041,0.0,0.0,0.0,2.0,2.49,0.8632,0.0,0.0,Product 0863,TK,TK(140)G,CANDYLAND,Supplier 69
2025-08-01,SKU0868,Warehouse,1.909,1.5395,0.0,0.0,0.0,0.0,0.0,0.0,0.0,0.0,Product 0868,TK,TK(375)G,CANDYLAND,Supplier 19
2025-08-01,SKU0877,Store C,1.411,1.1379,0.0,0.0,0.0,1.0,1.411,0.7138,0.0,0.0,Product 0877,TK,TK(150)G,CANDYLAND,Supplier 19
2025-08-01,SKU0881,Store B,0.166,0.1339,0.0,0.0,0.0,0.0,0.0,0.0,0.0,0.0,Product 0881,TK,TK(8)G,CANDYLAND,Supplier 69
2025-08-01,SKU0885,Store C,2.49,2.0081,0.0,0.0,0.0,0.0,0.0,0.0,0.0,0.0,Product 0885,TK,TK(300)ML,CANDYLAND,Supplier 69
2025-08-01,SKU0886,Store C,1.162,0.9371,0.0,0.0,0.0,20.0,23.24,4.814,0.0,0.0,Product 0886,TK,TK(42)G,CANDYLAND,Supplier 02
2025-08-01,SKU0888,Store B,0.3735,0.3012,0.0,0.0,0.0,31.0,11.5785,3.0619,0.0,0.0,Product 0888,TK,TK(20)G,CANDYLAND,Supplier 02
2025-08-01,SKU0898,Store B,7.387,5.9572,0.0,0.0,0.0,0.0,0.0,0.0,0.0,0.0,Product 0898,TK,TK(205)G,CANDYLAND,Supplier 29
2025-08-01,SKU0905,Store B,20.667,16.6669,0.258,0.0,1.0,0.0,0.0,0.0,11.2983,11.2983,Product 0905,TK,TK(590)G,CANDYLAND,Supplier 29
2025-08-01,SKU0908,Store B,0.415,0.3347,0.0,0.0,0.0,0.0,0.0,0.0,0.0,0.0,Product 0908,TK,TK(25)ML,CANDYLAND,Supplier 64
2025-08-01,SKU0908,Warehouse,0.415,0.3347,0.0,0.0,0.0,0.0,0.0,0.0,0.0,0.0,Product 0908,TK,TK(25)ML,CANDYLAND,Supplier 64
2025-08-01,SKU0914,Warehouse,7.47,6.0242,0.0,0.0,0.0,16.0,119.52,43.8373,0.0,0.0,Product 0914,KG,KG(1000G),CANDYLAND,Supplier 69
2025-08-01,SKU0925,Store A,8.217,6.6266,0.0,0.0,0.0,9.0,73.953,32.4945,0.0,0.0,Product 0925,TK,TK(250)G,CANDYLAND,Supplier 54
2025-08-01,SKU0930,Warehouse,2.4485,1.9746,0.0,0.0,0.0,0.0,0.0,0.0,0.0,0.0,Product 0930,TK,"TK(13,2)G",CANDYLAND,Supplier 62
2025-08-01,SKU0937,Warehouse,18.2185,14.6923,0.0,0.0,0.0,0.0,0.0,0.0,0.0,0.0,Product 0937,TK,"TK(118,8)G",CANDYLAND,Supplier 62
2025-08-01,SKU0946,Store B,2.075,1.6734,9.387,8.0,10.0,0.0,0.0,0.0,0.415,0.415,Product 0946,TK,TK(60)G,CANDYLAND,Supplier 59
2025-08-01,SKU0955,Store B,15.687,12.6508,0.0,0.0,0.0,1.0,15.687,6.6641,0.0,0.0,Product 0955,TK,TK(210)G,CANDYLAND,Supplier 29
2025-08-01,SKU0956,Store C,13.197,10.6428,6.0,6.0,6.0,0.0,0.0,0.0,5.1203,5.1203,Product 0956,TK,TK(315)G,CANDYLAND,Supplier 29
2025-08-01,SKU0965,Store B,0.4067,0.328,0.0,0.0,0.0,0.0,0.0,0.0,0.0,0.0,Product 0965,TK,TK(20)G,CANDYLAND,Supplier 15
2025-08-01,SKU0969,Warehouse,2.905,2.3428,0.0,0.0,0.0,0.0,0.0,0.0,0.0,0.0,Product 0969,TK,TK(197)G,CANDYLAND,Supplier 71
2025-08-01,SKU0973,Store B,3.154,2.5435,0.0,0.0,0.0,0.0,0.0,0.0,0.0,0.0,Product 0973,TK,TK(174)G,CANDYLAND,Supplier 71
2025-08-01,SKU0974,Store C,1.577,1.2718,0.0,0.0,0.0,0.0,0.0,0.0,0.0,0.0,Product 0974,TK,TK(182)G,CANDYLAND,Supplier 71
2025-08-01,SKU0975,Warehouse,1.577,1.2718,0.0,0.0,0.0,0.0,0.0,0.0,0.0,0.0,Product 0975,TK,TK(200)G,CANDYLAND,Supplier 71
2025-08-01,SKU0977,Store C,1.66,1.3387,0.0,0.0,0.0,0.0,0.0,0.0,0.0,0.0,Product 0977,TK,TK(178)G,CANDYLAND,Supplier 71
2025-08-01,SKU0978,Warehouse,2.656,2.1419,0.0,0.0,0.0,0.0,0.0,0.0,0.0,0.0,Product 0978,TK,TK(190)G,CANDYLAND,Supplier 71
2025-08-01,SKU0981,Store A,0.664,0.5355,0.0,0.0,0.0,7.0,4.648,2.0335,0.0,0.0,Product 0981,TK,TK(100)G,CANDYLAND,Supplier 22
2025-08-01,SKU0986,Warehouse,1.494,1.2048,0.0,0.0,0.0,18.0,26.892,10.9062,0.0,0.0,Product 0986,TK,TK(128)G,CANDYLAND,Supplier 46
2025-08-01,SKU0987,Store C,1.328,1.0709,0.0,0.0,0.0,0.0,0.0,0.0,0.0,0.0,Product 0987,TK,TK(128)G,CANDYLAND,Supplier 46
2025-08-01,SKU0993,Store A,1.162,0.9371,0.0,0.0,0.0,0.0,0.0,0.0,0.0,0.0,Product 0993,TK,TK(150)G,CANDYLAND,Supplier 06
2025-08-01,SKU0995,Warehouse,0.83,0.6694,0.0,0.0,0.0,0.0,0.0,0.0,0.0,0.0,Product 0995,TK,TK(100)G,CANDYLAND,Supplier 06
2025-08-01,SKU0999,Store B,1.162,0.9371,0.0,0.0,0.0,0.0,0.0,0.0,0.0,0.0,Product 0999,TK,TK(100)G,CANDYLAND,Supplier 42
2025-08-01,SKU1009,Store A,1.328,1.0709,8.032,1.0,17.0,40.0,53.12,18.592,0.4648,0.4648,Product 1009,TK,TK(500)ML,CANDYLAND,Supplier 03
2025-08-01,SKU1011,Store C,0.996,0.8032,0.0,0.0,0.0,0.0,0.0,0.0,0.0,0.0,Product 1011,TK,TK(330)ML,CANDYLAND,Supplier 03
2025-08-01,SKU1012,Store C,0.996,0.8032,0.0,0.0,0.0,0.0,0.0,0.0,0.0,0.0,Product 1012,TK,TK(330)ML,CANDYLAND,Supplier 03
2025-08-01,SKU1014,Store B,1.162,0.9371,21.161,16.0,25.0,0.0,0.0,0.0,0.415,0.415,Product 1014,TK,TK(500)ML,CANDYLAND,Supplier 03
2025-08-01,SKU1030,Store B,0.913,0.7363,0.0,0.0,0.0,0.0,0.0,0.0,0.0,0.0,Product 1030,TK,TK(130)G,CANDYLAND,Supplier 69
2025-08-01,SKU1031,Store B,2.656,2.1419,0.0,0.0,0.0,0.0,0.0,0.0,0.0,0.0,Product 1031,TK,TK(135)G,CANDYLAND,Supplier 59
2025-08-01,SKU1032,Store C,5.395,4.3508,0.0,0.0,0.0,0.0,0.0,0.0,0.0,0.0,Product 1032,TK,TK(120)G,CANDYLAND,Supplier 42
2025-08-01,SKU1033,Store A,1.162,0.9371,18.354,11.0,23.0,0.0,0.0,0.0,0.5015,0.5015,Product 1033,TK,TK(60)ML,CANDYLAND,Multiple suppliers
2025-08-01,SKU1033,Warehouse,1.162,0.9371,27.87,0.0,48.0,0.0,0.0,0.0,0.4939,0.4939,Product 1033,TK,TK(60)ML,CANDYLAND,Multiple suppliers
2025-08-01,SKU1035,Store C,2.905,2.3428,0.0,0.0,0.0,0.0,0.0,0.0,0.0,0.0,Product 1035,TK,TK(70)G,CANDYLAND,Supplier 42
2025-08-01,SKU1043,Store A,2.656,2.1419,0.0,0.0,0.0,0.0,0.0,0.0,0.0,0.0,Product 1043,TK,TK(750)ML,CANDYLAND,Supplier 03
2025-08-01,SKU1046,Store C,2.656,2.1419,0.0,0.0,0.0,0.0,0.0,0.0,0.0,0.0,Product 1046,TK,TK(750)ML,CANDYLAND,Supplier 03
2025-08-01,SKU1055,Warehouse,0.415,0.3347,0.0,0.0,0.0,0.0,0.0,0.0,0.0,0.0,Product 1055,TK,TK(200)ML,CANDYLAND,Supplier 77
2025-08-01,SKU1058,Store C,0.415,0.3347,0.0,0.0,0.0,0.0,0.0,0.0,0.0,0.0,Product 1058,TK,TK(200)ML,CANDYLAND,Supplier 77
2025-08-01,SKU1062,Store B,0.249,0.2008,139.354,58.0,205.0,0.0,0.0,0.0,0.0512,0.0512,Product 1062,TK,TK(7)G,CANDYLAND,Supplier 64
2025-08-01,SKU1064,Store C,4.9385,3.9827,0.0,0.0,0.0,0.0,0.0,0.0,0.0,0.0,Product 1064,TK,TK(250)G,CANDYLAND,Supplier 55
2025-08-01,SKU1072,Store A,2.407,1.9411,0.0,0.0,0.0,0.0,0.0,0.0,0.0,0.0,Product 1072,TK,TK(214)G,CANDYLAND,Supplier 09
2025-08-01,SKU1072,Store C,2.407,1.9411,0.0,0.0,0.0,0.0,0.0,0.0,0.0,0.0,Product 1072,TK,TK(214)G,CANDYLAND,Supplier 09
2025-08-01,SKU1075,Store A,1.66,1.3387,0.0,0.0,0.0,30.0,49.8,26.5683,0.0,0.0,Product 1075,TK,TK(100)G,CANDYLAND,Multiple suppliers
2025-08-01,SKU1079,Store B,1.577,1.2718,28.58,10.0,48.0,41.0,64.657,15.4836,0.3776,0.3776,Product 1079,TK,TK(40)G,CANDYLAND,Supplier 02
2025-08-01,SKU1082,Store A,1.245,1.0041,25.29,22.0,28.0,0.0,0.0,0.0,0.3735,0.3735,Product 1082,TK,TK(50)G,CANDYLAND,Supplier 02
2025-08-01,SKU1083,Store C,0.2075,0.1673,0.0,0.0,0.0,0.0,0.0,0.0,0.0,0.0,Product 1083,TK,TK(10)G,CANDYLAND,Supplier 02
2025-08-01,SKU1084,Store C,1.245,1.0041,6.677,1.0,26.0,2.0,2.49,0.6391,0.3196,0.3196,Product 1084,TK,TK(25)G,CANDYLAND,Supplier 02
2025-08-01,SKU1086,Store C,6.225,5.0202,0.0,0.0,0.0,0.0,0.0,0.0,0.0,0.0,Product 1086,TK,TK(135)G,CANDYLAND,Supplier 54
2025-08-01,SKU1087,Store B,2.988,2.4097,0.0,0.0,0.0,0.0,0.0,0.0,0.0,0.0,Product 1087,TK,TK(10)G,CANDYLAND,Supplier 51
2025-08-01,SKU1093,Store B,0.996,0.8032,0.0,0.0,0.0,0.0,0.0,0.0,0.0,0.0,Product 1093,TK,TK(15)G,CANDYLAND,Supplier 09
2025-08-01,SKU1102,Store A,2.988,2.4097,9.032,7.0,46.0,0.0,0.0,0.0,1.5272,1.5272,Product 1102,TK,TK(10)G,CANDYLAND,Supplier 51
2025-08-01,SKU1111,Store A,0.747,0.6024,0.0,0.0,0.0,0.0,0.0,0.0,0.0,0.0,Product 1111,TK,TK(75)G,CANDYLAND,Supplier 41
2025-08-01,SKU1121,Warehouse,3.237,2.6105,0.0,0.0,0.0,0.0,0.0,0.0,0.0,0.0,Product 1121,TK,TK(125)G,CANDYLAND,Supplier 26
2025-08-01,SKU1134,Warehouse,7.47,6.0242,0.0,0.0,0.0,0.0,0.0,0.0,0.0,0.0,Product 1134,TK,TK(200)G,CANDYLAND,Supplier 26
2025-08-01,SKU1137,Store B,6.0175,4.8528,0.0,0.0,0.0,0.0,0.0,0.0,0.0,0.0,Product 1137,TK,TK(250)G,CANDYLAND,Supplier 26
2025-08-01,SKU1141,Warehouse,1.494,1.2048,0.0,0.0,0.0,0.0,0.0,0.0,0.0,0.0,Product 1141,TK,TK(250)G,CANDYLAND,Supplier 26
2025-08-01,SKU1145,Store B,2.656,2.1419,0.0,0.0,0.0,0.0,0.0,0.0,0.0,0.0,Product 1145,TK,TK(150)G,CANDYLAND,Supplier 26
2025-08-01,SKU1146,Store B,2.656,2.1419,0.0,0.0,0.0,0.0,0.0,0.0,0.0,0.0,Product 1146,TK,TK(150)G,CANDYLAND,Supplier 26
2025-08-01,SKU1148,Store C,2.656,2.1419,0.0,0.0,0.0,0.0,0.0,0.0,0.0,0.0,Product 1148,TK,TK(150)G,CANDYLAND,Supplier 26
2025-08-01,SKU1154,Store A,2.656,2.1419,0.0,0.0,0.0,0.0,0.0,0.0,0.0,0.0,Product 1154,TK,TK(125)G,CANDYLAND,Supplier 26
2025-08-01,SKU1157,Store A,2.656,2.1419,0.096,0.0,3.0,0.0,0.0,0.0,1.3591,1.3591,Product 1157,TK,TK(125)G,CANDYLAND,Supplier 26
2025-08-01,SKU1157,Store C,2.656,2.1419,2.677,0.0,6.0,0.0,0.0,0.0,1.349,1.349,Product 1157,TK,TK(125)G,CANDYLAND,Supplier 26
2025-08-01,SKU1157,Warehouse,2.656,2.1419,0.0,0.0,0.0,0.0,0.0,0.0,0.0,0.0,Product 1157,TK,TK(125)G,CANDYLAND,Supplier 26
2025-08-01,SKU1168,Warehouse,20.667,16.6669,0.0,0.0,0.0,0.0,0.0,0.0,0.0,0.0,Product 1168,TK,TK(800)G,CANDYLAND,Supplier 34
2025-08-01,SKU1173,Store C,3.237,2.6105,0.0,0.0,0.0,0.0,0.0,0.0,0.0,0.0,Product 1173,TK,TK(150)G,CANDYLAND,Supplier 34
2025-08-01,SKU1175,Store C,3.237,2.6105,0.0,0.0,0.0,0.0,0.0,0.0,0.0,0.0,Product 1175,TK,TK(150)G,CANDYLAND,Supplier 34
2025-08-01,SKU1176,Store C,3.237,2.6105,0.0,0.0,0.0,0.0,0.0,0.0,0.0,0.0,Product 1176,TK,TK(150)G,CANDYLAND,Supplier 34
2025-08-01,SKU1200,Store B,1.162,0.9371,0.0,0.0,0.0,0.0,0.0,0.0,0.0,0.0,Product 1200,TK,TK(130)G,CANDYLAND,Unknown supplier
2025-08-01,SKU1208,Warehouse,2.324,1.8742,0.0,0.0,0.0,0.0,0.0,0.0,0.0,0.0,Product 1208,TK,TK(180)G,CANDYLAND,Multiple suppliers
2025-08-01,SKU1213,Store B,0.1245,0.1004,0.0,0.0,0.0,0.0,0.0,0.0,0.0,0.0,Product 1213,TK,TK(4)G,CANDYLAND,Supplier 36
2025-08-01,SKU1215,Store B,0.913,0.7363,0.0,0.0,0.0,13.0,11.869,5.5029,0.0,0.0,Product 1215,TK,TK(18)G,CANDYLAND,Supplier 43
2025-08-01,SKU1217,Store A,0.5395,0.4351,0.0,0.0,0.0,14.0,7.553,3.8346,0.0,0.0,Product 1217,TK,TK(20)G,CANDYLAND,Supplier 24
2025-08-01,SKU1219,Store C,0.747,0.6024,0.0,0.0,0.0,0.0,0.0,0.0,0.0,0.0,Product 1219,TK,TK(75)G,CANDYLAND,Supplier 41
2025-08-01,SKU1235,Store A,1.245,1.0041,44.774,42.0,48.0,32.0,39.84,15.6704,0.4897,0.4897,Product 1235,TK,TK(5)G,CANDYLAND,Supplier 04
2025-08-01,SKU1235,Store C,1.245,1.0041,33.29,32.0,34.0,8.0,9.96,3.9176,0.4897,0.4897,Product 1235,TK,TK(5)G,CANDYLAND,Supplier 04
2025-08-01,SKU1243,Warehouse,0.747,0.6024,0.0,0.0,0.0,0.0,0.0,0.0,0.0,0.0,Product 1243,TK,TK(100)G,CANDYLAND,Supplier 30
2025-08-01,SKU1250,Store C,2.241,1.8072,0.0,0.0,0.0,0.0,0.0,0.0,0.0,0.0,Product 1250,TK,TK(180)G,CANDYLAND,Supplier 24
2025-08-01,SKU1257,Store C,2.905,2.3428,3.935,0.0,5.0,0.0,0.0,0.0,1.4776,1.4776,Product 1257,TK,TK(85)G,CANDYLAND,Supplier 24
2025-08-01,SKU1269,Store B,1.494,1.2048,0.0,0.0,0.0,5.0,7.47,3.1955,0.0,0.0,Product 1269,TK,TK(125)G,CANDYLAND,Supplier 24
2025-08-01,SKU1271,Store B,2.075,1.6734,9.548,8.0,11.0,6.0,12.45,5.4282,0.9001,0.9001,Product 1271,TK,TK(75)G,CANDYLAND,Supplier 24
2025-08-01,SKU1276,Store C,1.66,1.3387,0.0,0.0,0.0,0.0,0.0,0.0,0.0,0.0,Product 1276,TK,TK(200)G,CANDYLAND,Supplier 24
2025-08-01,SKU1286,Store A,3.32,2.6774,0.0,0.0,0.0,0.0,0.0,0.0,0.0,0.0,Product 1286,TK,TK(300)G,CANDYLAND,Supplier 24
2025-08-01,SKU1291,Store B,2.905,2.3428,0.0,0.0,0.0,0.0,0.0,0.0,0.0,0.0,Product 1291,TK,TK(300)G,CANDYLAND,Supplier 24
2025-08-01,SKU1295,Store B,2.241,1.8072,0.0,0.0,0.0,0.0,0.0,0.0,0.0,0.0,Product 1295,TK,TK(180)G,CANDYLAND,Supplier 24
2025-08-01,SKU1299,Warehouse,1.162,0.9371,0.0,0.0,0.0,0.0,0.0,0.0,0.0,0.0,Product 1299,TK,TK(200)G,CANDYLAND,Supplier 17
2025-08-01,SKU1317,Warehouse,1.494,1.2048,0.0,0.0,0.0,0.0,0.0,0.0,0.0,0.0,Product 1317,TK,TK(120)G,CANDYLAND,Supplier 24
2025-08-01,SKU1322,Warehouse,1.411,1.1379,75.0,75.0,75.0,0.0,0.0,0.0,0.6225,0.6225,Product 1322,TK,TK(150)ML,CANDYLAND,Supplier 03
2025-08-01,SKU1329,Warehouse,1.577,1.2718,11.612,10.0,20.0,0.0,0.0,0.0,0.6558,0.6558,Product 1329,TK,TK(45)G,CANDYLAND,Supplier 24
2025-08-01,SKU1330,Store A,1.577,1.2718,12.516,7.0,17.0,0.0,0.0,0.0,0.6557,0.6557,Product 1330,TK,TK(50)G,CANDYLAND,Supplier 24
2025-08-01,SKU1333,Store B,0.996,0.8032,0.0,0.0,0.0,0.0,0.0,0.0,0.0,0.0,Product 1333,TK,TK(500)ML,CANDYLAND,Supplier 03
2025-08-01,SKU1336,Warehouse,0.747,0.6024,0.0,0.0,0.0,0.0,0.0,0.0,0.0,0.0,Product 1336,TK,TK(240)ML,CANDYLAND,Supplier 03
2025-08-01,SKU1340,Store A,0.996,0.8032,0.0,0.0,0.0,0.0,0.0,0.0,0.0,0.0,Product 1340,TK,TK(500)ML,CANDYLAND,Supplier 03
2025-08-01,SKU1343,Store B,1.079,0.8702,0.0,0.0,0.0,0.0,0.0,0.0,0.0,0.0,Product 1343,TK,TK(100)G,CANDYLAND,Supplier 24
2025-08-01,SKU1346,Warehouse,1.3695,1.1044,0.0,0.0,0.0,0.0,0.0,0.0,0.0,0.0,Product 1346,TK,TK(64)G,CANDYLAND,Supplier 24
2025-08-01,SKU1351,Warehouse,2.905,2.3428,0.0,0.0,0.0,0.0,0.0,0.0,0.0,0.0,Product 1351,TK,TK(400)G,CANDYLAND,Supplier 24
2025-08-01,SKU1361,Store A,2.075,1.6734,0.0,0.0,0.0,0.0,0.0,0.0,0.0,0.0,Product 1361,TK,TK(148)G,CANDYLAND,Supplier 24
2025-08-01,SKU1362,Warehouse,2.075,1.6734,0.0,0.0,0.0,0.0,0.0,0.0,0.0,0.0,Product 1362,TK,TK(148)G,CANDYLAND,Supplier 24
2025-08-01,SKU1376,Store B,5.81,4.6855,0.0,0.0,0.0,3.0,17.43,8.6901,0.0,0.0,Product 1376,TK,TK(119)G,CANDYLAND,Supplier 28
2025-08-01,SKU1377,Store C,5.81,4.6855,0.0,0.0,0.0,2.0,11.62,5.7934,0.0,0.0,Product 1377,TK,TK(119)G,CANDYLAND,Supplier 28
2025-08-01,SKU1381,Store B,1.577,1.2718,0.0,0.0,0.0,0.0,0.0,0.0,0.0,0.0,Product 1381,TK,TK(10)G,CANDYLAND,Supplier 17
2025-08-01,SKU1386,Store C,1.162,0.9371,0.0,0.0,0.0,0.0,0.0,0.0,0.0,0.0,Product 1386,TK,TK(10)G,CANDYLAND,Supplier 17
2025-08-01,SKU1388,Warehouse,1.66,1.3387,0.0,0.0,0.0,0.0,0.0,0.0,0.0,0.0,Product 1388,TK,TK(200)G,CANDYLAND,Supplier 24
2025-08-01,SKU1395,Store B,1.079,0.8702,0.0,0.0,0.0,0.0,0.0,0.0,0.0,0.0,Product 1395,TK,TK(15)G,CANDYLAND,Supplier 24
2025-08-01,SKU1399,Warehouse,3.071,2.4766,0.0,0.0,0.0,0.0,0.0,0.0,0.0,0.0,Product 1399,TK,"TK(7,5)G",CANDYLAND,Supplier 63
2025-08-01,SKU1404,Store C,0.996,0.8032,163.645,125.0,187.0,108.0,107.568,41.1448,0.3726,0.3726,Product 1404,TK,TK(25)G,CANDYLAND,Multiple suppliers
2025-08-01,SKU1406,Store A,1.577,1.2718,0.0,0.0,0.0,0.0,0.0,0.0,0.0,0.0,Product 1406,TK,TK(85)G,CANDYLAND,Supplier 24
2025-08-01,SKU1407,Store A,3.32,2.6774,0.0,0.0,0.0,0.0,0.0,0.0,0.0,0.0,Product 1407,TK,TK(200)G,CANDYLAND,Supplier 24
2025-08-01,SKU1407,Store B,3.32,2.6774,0.0,0.0,0.0,0.0,0.0,0.0,0.0,0.0,Product 1407,TK,TK(200)G,CANDYLAND,Supplier 24
2025-08-01,SKU1412,Store C,1.66,1.3387,0.0,0.0,0.0,0.0,0.0,0.0,0.0,0.0,Product 1412,TK,TK(50)G,CANDYLAND,Supplier 24
2025-08-01,SKU1424,Warehouse,0.249,0.2008,0.0,0.0,0.0,1650.0,410.85,122.5702,0.0,0.0,Product 1424,TK,TK(11)G,CANDYLAND,Multiple suppliers
2025-08-01,SKU1443,Warehouse,0.913,0.7363,0.0,0.0,0.0,48.0,43.824,21.5136,0.0,0.0,Product 1443,TK,TK(20)G,CANDYLAND,Supplier 24
2025-08-01,SKU1445,Store B,0.913,0.7363,0.0,0.0,0.0,0.0,0.0,0.0,0.0,0.0,Product 1445,TK,TK(20)G,CANDYLAND,Supplier 24
2025-08-01,SKU1449,Warehouse,1.494,1.2048,0.0,0.0,0.0,0.0,0.0,0.0,0.0,0.0,Product 1449,TK,TK(125)G,CANDYLAND,Supplier 24
2025-08-01,SKU1455,Store A,0.996,0.8032,8.096,6.0,22.0,0.0,0.0,0.0,0.3237,0.3237,Product 1455,TK,TK(28)ML,CANDYLAND,Supplier 77
2025-08-01,SKU1460,Store A,1.162,0.9371,28.774,21.0,32.0,0.0,0.0,0.0,0.5644,0.5644,Product 1460,TK,TK(210)ML,CANDYLAND,Supplier 24
2025-08-01,SKU1460,Store B,1.162,0.9371,29.87,21.0,42.0,0.0,0.0,0.0,0.5644,0.5644,Product 1460,TK,TK(210)ML,CANDYLAND,Supplier 24
2025-08-01,SKU1461,Warehouse,0.996,0.8032,4.064,0.0,18.0,0.0,0.0,0.0,0.4898,0.4898,Product 1461,TK,TK(80)G,CANDYLAND,Supplier 24
2025-08-01,SKU1464,Warehouse,2.905,2.3428,0.0,0.0,0.0,0.0,0.0,0.0,0.0,0.0,Product 1464,TK,TK(400)G,CANDYLAND,Supplier 24
2025-08-01,SKU1466,Warehouse,3.154,2.5435,75.096,0.0,240.0,0.0,0.0,0.0,1.2865,1.2865,Product 1466,TK,TK(120)G,CANDYLAND,Supplier 66
2025-08-01,SKU1472,Store B,1.245,1.0041,3.645,2.0,4.0,0.0,0.0,0.0,0.4897,0.4897,Product 1472,TK,TK(175)G,CANDYLAND,Supplier 24
2025-08-01,SKU1474,Store A,1.245,1.0041,0.0,0.0,0.0,0.0,0.0,0.0,0.0,0.0,Product 1474,TK,TK(750)ML,CANDYLAND,Supplier 24
2025-08-01,SKU1476,Store A,1.245,1.0041,0.096,0.0,3.0,8.0,9.96,4.2496,0.5352,0.5352,Product 1476,TK,TK(150)G,CANDYLAND,Supplier 24
2025-08-01,SKU1478,Store A,1.245,1.0041,0.129,0.0,4.0,7.0,8.715,3.7184,0.5308,0.5308,Product 1478,TK,TK(170)G,CANDYLAND,Supplier 24
2025-08-01,SKU1482,Store A,1.245,1.0041,9.838,6.0,14.0,4.0,4.98,2.1248,0.5312,0.5312,Product 1482,TK,TK(170)G,CANDYLAND,Supplier 24
2025-08-01,SKU1486,Store C,1.494,1.2048,0.0,0.0,0.0,0.0,0.0,0.0,0.0,0.0,Product 1486,TK,TK(100)G,CANDYLAND,Supplier 24
2025-08-01,SKU1486,Warehouse,1.494,1.2048,0.0,0.0,0.0,0.0,0.0,0.0,0.0,0.0,Product 1486,TK,TK(100)G,CANDYLAND,Supplier 24
2025-08-01,SKU1489,Store B,1.245,1.0041,0.129,0.0,4.0,0.0,0.0,0.0,0.4646,0.4646,Product 1489,TK,TK(8)G,CANDYLAND,Supplier 24
2025-08-01,SKU1489,Warehouse,1.245,1.0041,0.0,0.0,0.0,0.0,0.0,0.0,0.0,0.0,Product 1489,TK,TK(8)G,CANDYLAND,Supplier 24
2025-08-01,SKU1496,Store B,1.245,1.0041,0.0,0.0,0.0,0.0,0.0,0.0,0.0,0.0,Product 1496,TK,TK(750)ML,CANDYLAND,Supplier 24
2025-08-01,SKU1502,Store A,0.83,0.6694,20.064,4.0,31.0,57.0,47.31,13.1285,0.2305,0.2305,Product 1502,TK,"TK(37,5)G",CANDYLAND,Multiple suppliers
2025-08-01,SKU1502,Store B,0.83,0.6694,16.483,5.0,30.0,57.0,47.31,13.1285,0.2305,0.2305,Product 1502,TK,"TK(37,5)G",CANDYLAND,Multiple suppliers
2025-08-01,SKU1504,Store C,1.66,1.3387,0.0,0.0,0.0,0.0,0.0,0.0,0.0,0.0,Product 1504,TK,TK(125)G,CANDYLAND,Supplier 24
2025-08-01,SKU1511,Warehouse,0.83,0.6694,24.0,24.0,24.0,0.0,0.0,0.0,0.3818,0.3818,Product 1511,TK,TK(200)ML,CANDYLAND,Supplier 24
2025-08-01,SKU1512,Store A,0.83,0.6694,1.548,0.0,4.0,14.0,11.62,5.3452,0.3819,0.3819,Product 1512,TK,TK(200)ML,CANDYLAND,Supplier 24
2025-08-01,SKU1513,Store C,0.83,0.6694,31.87,15.0,38.0,3.0,2.49,1.1454,0.3818,0.3818,Product 1513,TK,TK(200)ML,CANDYLAND,Supplier 24
2025-08-01,SKU1530,Store C,1.162,0.9371,0.0,0.0,0.0,0.0,0.0,0.0,0.0,0.0,Product 1530,TK,TK(25)G,CANDYLAND,Supplier 24
2025-08-01,SKU1532,Store A,1.66,1.3387,0.29,0.0,9.0,0.0,0.0,0.0,0.6563,0.6563,Product 1532,TK,TK(17)G,CANDYLAND,Supplier 24
2025-08-01,SKU1537,Store A,1.245,1.0041,0.0,0.0,0.0,0.0,0.0,0.0,0.0,0.0,Product 1537,TK,TK(42)G,CANDYLAND,Supplier 24
2025-08-01,SKU1541,Warehouse,1.66,1.3387,0.0,0.0,0.0,0.0,0.0,0.0,0.0,0.0,Product 1541,TK,TK(84)G,CANDYLAND,Supplier 24
2025-08-01,SKU1544,Store B,1.66,1.3387,2.58,1.0,7.0,4.0,6.64,3.2204,0.548,0.548,Product 1544,TK,TK(84)G,CANDYLAND,Supplier 24
2025-08-01,SKU1546,Store A,0.83,0.6694,24.741,10.0,34.0,7.0,5.81,2.6726,0.3818,0.3818,Product 1546,TK,TK(200)ML,CANDYLAND,Supplier 24
2025-08-01,SKU1547,Store A,0.83,0.6694,0.0,0.0,0.0,12.0,9.96,3.7848,0.0,0.0,Product 1547,TK,TK(26)G,CANDYLAND,Supplier 24
2025-08-01,SKU1549,Store C,1.162,0.9371,12.741,8.0,17.0,6.0,6.972,3.0378,0.5395,0.5395,Product 1549,TK,TK(50)G,CANDYLAND,Supplier 24
2025-08-01,SKU1549,Warehouse,1.162,0.9371,0.0,0.0,0.0,0.0,0.0,0.0,0.0,0.0,Product 1549,TK,TK(50)G,CANDYLAND,Supplier 24
2025-08-01,SKU1555,Store B,1.66,1.3387,0.0,0.0,0.0,7.0,11.62,5.9262,0.0,0.0,Product 1555,TK,TK(200)G,CANDYLAND,Supplier 24
2025-08-01,SKU1590,Store C,2.407,1.9411,0.0,0.0,0.0,0.0,0.0,0.0,0.0,0.0,Product 1590,TK,TK(42)G,CANDYLAND,Supplier 07
2025-08-01,SKU1593,Store C,1.162,0.9371,21.451,20.0,25.0,0.0,0.0,0.0,0.5727,0.5727,Product 1593,TK,TK(345)ML,CANDYLAND,Supplier 07
2025-08-01,SKU1596,Store A,1.162,0.9371,2.322,0.0,12.0,0.0,0.0,0.0,0.5728,0.5728,Product 1596,TK,TK(345)ML,CANDYLAND,Supplier 07
2025-08-01,SKU1600,Warehouse,2.075,1.6734,0.0,0.0,0.0,0.0,0.0,0.0,0.0,0.0,Product 1600,TK,TK(360)ML,CANDYLAND,Supplier 07
2025-08-01,SKU1622,Store A,0.664,0.5355,26.806,25.0,30.0,0.0,0.0,0.0,0.2801,0.2801,Product 1622,TK,TK(32)G,CANDYLAND,Supplier 07
2025-08-01,SKU1624,Store A,1.411,1.1379,8.322,0.0,12.0,0.0,0.0,0.0,0.7471,0.7471,Product 1624,TK,TK(330)ML,CANDYLAND,Supplier 07
2025-08-01,SKU1626,Warehouse,1.411,1.1379,7.741,0.0,48.0,0.0,0.0,0.0,0.7471,0.7471,Product 1626,TK,TK(330)ML,CANDYLAND,Supplier 07
2025-08-01,SKU1627,Store C,1.411,1.1379,0.0,0.0,0.0,0.0,0.0,0.0,0.0,0.0,Product 1627,TK,TK(330)ML,CANDYLAND,Supplier 07
2025-08-01,SKU1628,Warehouse,6.308,5.0871,0.645,-8.0,4.0,0.0,0.0,0.0,3.0551,3.0551,Product 1628,TK,TK(150)G,CANDYLAND,Supplier 07
2025-08-01,SKU1633,Store B,4.897,3.9492,3.0,3.0,3.0,0.0,0.0,0.0,2.3738,2.3738,Product 1633,TK,TK(200)G,CANDYLAND,Supplier 75
2025-08-01,SKU1647,Store C,2.241,1.8072,9.806,2.0,16.0,19.0,42.579,19.8702,1.0625,1.0625,Product 1647,TK,TK(100)G,CANDYLAND,Supplier 75
2025-08-01,SKU1653,Store C,0.415,0.3347,0.0,0.0,0.0,0.0,0.0,0.0,0.0,0.0,Product 1653,TK,TK(500)ML,CANDYLAND,Supplier 53
2025-08-01,SKU1671,Warehouse,1.743,1.4056,0.0,0.0,0.0,0.0,0.0,0.0,0.0,0.0,Product 1671,TK,TK(180)G,CANDYLAND,Supplier 76
2025-08-01,SKU1678,Store A,0.83,0.6694,334.419,90.0,407.0,0.0,0.0,0.0,0.2863,0.2863,Product 1678,TK,TK(5)G,CANDYLAND,Supplier 18
2025-08-01,SKU1678,Store B,0.83,0.6694,307.935,102.0,399.0,0.0,0.0,0.0,0.2863,0.2863,Product 1678,TK,TK(5)G,CANDYLAND,Supplier 18
2025-08-01,SKU1678,Store C,0.83,0.6694,280.677,67.0,362.0,0.0,0.0,0.0,0.2863,0.2863,Product 1678,TK,TK(5)G,CANDYLAND,Supplier 18
2025-08-01,SKU1679,Store B,1.245,1.0041,31.967,30.0,34.0,0.0,0.0,0.0,0.6723,0.6723,Product 1679,TK,TK(8)ML,CANDYLAND,Supplier 18
2025-08-01,SKU1681,Store A,1.079,0.8702,0.0,0.0,0.0,0.0,0.0,0.0,0.0,0.0,Product 1681,TK,TK(60)G,CANDYLAND,Supplier 24
2025-08-01,SKU1682,Store A,1.66,1.3387,0.0,0.0,0.0,0.0,0.0,0.0,0.0,0.0,Product 1682,TK,TK(8)G,CANDYLAND,Supplier 18
2025-08-01,SKU1683,Store C,1.577,1.2718,0.0,0.0,0.0,0.0,0.0,0.0,0.0,0.0,Product 1683,TK,TK(5)G,CANDYLAND,Supplier 18
2025-08-01,SKU1686,Store B,1.411,1.1379,20.258,7.0,36.0,57.0,80.427,27.9129,0.5644,0.5644,Product 1686,TK,TK(40)G,CANDYLAND,Supplier 42
2025-08-01,SKU1687,Store B,0.913,0.7363,7.193,0.0,22.0,0.0,0.0,0.0,0.3486,0.3486,Product 1687,TK,TK(85)G,CANDYLAND,Supplier 42
2025-08-01,SKU1688,Store C,0.913,0.7363,18.741,12.0,33.0,0.0,0.0,0.0,0.3071,0.3071,Product 1688,TK,TK(85)G,CANDYLAND,Supplier 42
2025-08-01,SKU1696,Store B,0.996,0.8032,0.0,0.0,0.0,0.0,0.0,0.0,0.0,0.0,Product 1696,TK,TK(40)G,CANDYLAND,Supplier 74
2025-08-01,SKU1696,Warehouse,0.996,0.8032,0.0,0.0,0.0,0.0,0.0,0.0,0.0,0.0,Product 1696,TK,TK(40)G,CANDYLAND,Supplier 74
2025-08-01,SKU1700,Store B,1.079,0.8702,0.0,0.0,0.0,0.0,0.0,0.0,0.0,0.0,Product 1700,TK,TK(37)G,CANDYLAND,Supplier 74
2025-08-01,SKU1703,Warehouse,2.49,2.0081,0.0,0.0,0.0,0.0,0.0,0.0,0.0,0.0,Product 1703,TK,TK(120)G,CANDYLAND,Supplier 74
2025-08-01,SKU1710,Store A,1.328,1.0709,0.0,0.0,0.0,19.0,25.232,9.6197,0.0,0.0,Product 1710,TK,TK(128)G,CANDYLAND,Supplier 46
2025-08-01,SKU1716,Store A,1.328,1.0709,0.0,0.0,0.0,0.0,0.0,0.0,0.0,0.0,Product 1716,TK,TK(128)G,CANDYLAND,Supplier 46
2025-08-01,SKU1716,Store B,1.328,1.0709,0.0,0.0,0.0,0.0,0.0,0.0,0.0,0.0,Product 1716,TK,TK(128)G,CANDYLAND,Supplier 46
2025-08-01,SKU1720,Warehouse,0.332,0.2678,0.0,0.0,0.0,0.0,0.0,0.0,0.0,0.0,Product 1720,TK,TK(16)G,CANDYLAND,Supplier 20
2025-08-01,SKU1724,Store A,3.32,2.6774,0.0,0.0,0.0,0.0,0.0,0.0,0.0,0.0,Product 1724,TK,TK(120)G,CANDYLAND,Supplier 09
2025-08-01,SKU1727,Store C,3.32,2.6774,1.612,0.0,4.0,0.0,0.0,0.0,1.4283,1.4283,Product 1727,TK,TK(120)G,CANDYLAND,Supplier 09
2025-08-01,SKU1746,Store C,1.494,1.2048,1.612,-1.0,3.0,0.0,0.0,0.0,0.5397,0.5397,Product 1746,TK,TK(112)G,CANDYLAND,Supplier 46
2025-08-01,SKU1771,Store B,1.411,1.1379,0.0,0.0,0.0,0.0,0.0,0.0,0.0,0.0,Product 1771,TK,TK(335)ML,CANDYLAND,Supplier 74
2025-08-01,SKU1771,Store C,1.411,1.1379,0.0,0.0,0.0,0.0,0.0,0.0,0.0,0.0,Product 1771,TK,TK(335)ML,CANDYLAND,Supplier 74
2025-08-01,SKU1776,Store C,1.66,1.3387,0.0,0.0,0.0,0.0,0.0,0.0,0.0,0.0,Product 1776,TK,TK(330)ML,CANDYLAND,Supplier 74
2025-08-01,SKU1782,Store C,2.324,1.8742,12.354,11.0,15.0,0.0,0.0,0.0,1.0791,1.0791,Product 1782,TK,TK(175)G,CANDYLAND,Supplier 42
2025-08-01,SKU1790,Store C,2.905,2.3428,106.193,78.0,134.0,54.0,156.87,66.7818,1.4027,1.4027,Product 1790,TK,TK(70)G,CANDYLAND,Supplier 42
2025-08-01,SKU1793,Store A,1.826,1.4726,0.0,0.0,0.0,43.0,78.518,32.4779,0.0,0.0,Product 1793,TK,TK(74)G,CANDYLAND,Supplier 42
2025-09-01,SKU0006,Store C,1.162,0.9371,0.0,0.0,0.0,0.0,0.0,0.0,0.0,0.0,Product 0006,TK,TK(100)G,CANDYLAND,Supplier 42
2025-09-01,SKU0019,Store A,14.027,11.3121,0.0,0.0,0.0,0.0,0.0,0.0,0.0,0.0,Product 0019,TK,TK(205)G,CANDYLAND,Supplier 29
2025-09-01,SKU0030,Store B,0.498,0.4016,37.533,18.0,48.0,0.0,0.0,0.0,0.083,0.083,Product 0030,TK,TK(25)ML,CANDYLAND,Supplier 64
2025-09-01,SKU0031,Store C,0.913,0.7363,0.0,0.0,0.0,0.0,0.0,0.0,0.0,0.0,Product 0031,TK,TK(28)G,CANDYLAND,Supplier 26
2025-09-01,SKU0034,Store C,2.988,2.4097,0.0,0.0,0.0,0.0,0.0,0.0,0.0,0.0,Product 0034,TK,TK(190)ML,CANDYLAND,Supplier 09
2025-09-01,SKU0045,Store C,3.735,3.0121,4.933,4.0,7.0,0.0,0.0,0.0,1.6601,1.6601,Product 0045,TK,TK(20)G,CANDYLAND,Supplier 66
2025-09-01,SKU0051,Store A,2.988,2.4097,0.0,0.0,0.0,0.0,0.0,0.0,0.0,0.0,Product 0051,TK,TK(40)G,CANDYLAND,Supplier 66
2025-09-01,SKU0054,Store C,1.0375,0.8367,0.0,0.0,0.0,0.0,0.0,0.0,0.0,0.0,Product 0054,TK,TK(100)G,CANDYLAND,Supplier 59
2025-09-01,SKU0056,Store B,7.387,5.9572,0.0,0.0,0.0,0.0,0.0,0.0,0.0,0.0,Product 0056,TK,TK(85)G,CANDYLAND,Supplier 73
2025-09-01,SKU0065,Store C,0.913,0.7363,10.566,8.0,13.0,0.0,0.0,0.0,0.3735,0.3735,Product 0065,TK,TK(90)G,CANDYLAND,Supplier 68
2025-09-01,SKU0072,Store B,1.411,1.1379,0.0,0.0,0.0,0.0,0.0,0.0,0.0,0.0,Product 0072,TK,TK(50)G,CANDYLAND,Supplier 66
2025-09-01,SKU0076,Store A,4.731,3.8153,0.0,0.0,0.0,0.0,0.0,0.0,0.0,0.0,Product 0076,TK,TK(102)G,CANDYLAND,Supplier 73
2025-09-01,SKU0081,Store B,1.66,1.3387,39.1,35.0,45.0,0.0,0.0,0.0,0.6225,0.6225,Product 0081,TK,TK(42)G,CANDYLAND,Supplier 66
2025-09-01,SKU0088,Store A,0.913,0.7363,21.866,20.0,24.0,0.0,0.0,0.0,0.3735,0.3735,Product 0088,TK,TK(90)G,CANDYLAND,Supplier 68
2025-09-01,SKU0090,Store C,1.826,1.4726,0.0,0.0,0.0,0.0,0.0,0.0,0.0,0.0,Product 0090,TK,TK(200)G,CANDYLAND,Supplier 59
2025-09-01,SKU0097,Store B,0.913,0.7363,0.0,0.0,0.0,0.0,0.0,0.0,0.0,0.0,Product 0097,TK,TK(90)G,CANDYLAND,Supplier 68
2025-09-01,SKU0105,Store C,0.913,0.7363,0.0,0.0,0.0,13.0,11.869,4.8555,0.0,0.0,Product 0105,TK,TK(90)G,CANDYLAND,Supplier 68
2025-09-01,SKU0107,Warehouse,0.664,0.5355,0.0,0.0,0.0,0.0,0.0,0.0,0.0,0.0,Product 0107,TK,"TK(5,5)G",CANDYLAND,Supplier 66
2025-09-01,SKU0109,Store C,10.707,8.6347,0.0,0.0,0.0,0.0,0.0,0.0,0.0,0.0,Product 0109,TK,TK(150)G,CANDYLAND,Supplier 73
2025-09-01,SKU0111,Store A,4.482,3.6145,0.0,0.0,0.0,0.0,0.0,0.0,0.0,0.0,Product 0111,TK,TK(454)G,CANDYLAND,Supplier 31
2025-09-01,SKU0124,Warehouse,1.826,1.4726,226.4,216.0,288.0,48.0,87.648,24.3343,0.507,0.507,Product 0124,TK,TK(17)G,CANDYLAND,Supplier 05
2025-09-01,SKU0126,Store C,1.826,1.4726,19.433,0.0,24.0,8.0,14.608,5.1015,0.6377,0.6377,Product 0126,TK,TK(16)G,CANDYLAND,Supplier 05
2025-09-01,SKU0129,Store B,2.988,2.4097,7.1,0.0,12.0,0.0,0.0,0.0,1.3016,1.3016,Product 0129,TK,TK(70)G,CANDYLAND,Supplier 05
2025-09-01,SKU0132,Store C,0.166,0.1339,0.0,0.0,0.0,0.0,0.0,0.0,0.0,0.0,Product 0132,TK,TK(4)G,CANDYLAND,Supplier 36
2025-09-01,SKU0135,Store B,1.66,1.3387,0.0,0.0,0.0,0.0,0.0,0.0,0.0,0.0,Product 0135,TK,TK(84)G,CANDYLAND,Supplier 59
2025-09-01,SKU0136,Warehouse,2.656,2.1419,0.0,0.0,0.0,0.0,0.0,0.0,0.0,0.0,Product 0136,TK,TK(750)ML,CANDYLAND,Supplier 59
2025-09-01,SKU0139,Warehouse,1.66,1.3387,76.8,0.0,192.0,0.0,0.0,0.0,0.747,0.747,Product 0139,TK,TK(100)G,CANDYLAND,Supplier 59
2025-09-01,SKU0143,Store C,4.067,3.2798,0.0,0.0,0.0,0.0,0.0,0.0,0.0,0.0,Product 0143,TK,TK(250)G,CANDYLAND,Supplier 34
2025-09-01,SKU0152,Warehouse,0.3735,0.3012,498.6,481.0,529.0,51.0,19.0485,6.2775,0.1231,0.1231,Product 0152,TK,TK(20)G,CANDYLAND,Supplier 68
2025-09-01,SKU0167,Warehouse,0.996,0.8032,0.0,0.0,0.0,0.0,0.0,0.0,0.0,0.0,Product 0167,TK,TK(30)G,CANDYLAND,Supplier 64
2025-09-01,SKU0169,Store A,0.332,0.2678,15.866,9.0,30.0,0.0,0.0,0.0,0.1162,0.1162,Product 0169,TK,TK(15)G,CANDYLAND,Supplier 64
2025-09-01,SKU0172,Store A,1.162,0.9371,20.266,19.0,22.0,0.0,0.0,0.0,0.3486,0.3486,Product 0172,TK,TK(60)G,CANDYLAND,Supplier 64
2025-09-01,SKU0176,Warehouse,1.909,1.5395,1.0,1.0,1.0,0.0,0.0,0.0,14.8238,14.8238,Product 0176,TK,TK(181)G,CANDYLAND,Supplier 40
2025-09-01,SKU0188,Warehouse,0.913,0.7363,63.566,56.0,69.0,0.0,0.0,0.0,0.4067,0.4067,Product 0188,TK,TK(90)G,CANDYLAND,Supplier 68
2025-09-01,SKU0192,Warehouse,1.328,1.0709,0.0,0.0,0.0,0.0,0.0,0.0,0.0,0.0,Product 0192,TK,TK(80)G,CANDYLAND,Supplier 59
2025-09-01,SKU0193,Store C,1.494,1.2048,0.0,0.0,0.0,0.0,0.0,0.0,0.0,0.0,Product 0193,TK,TK(132)G,CANDYLAND,Supplier 59
2025-09-01,SKU0195,Store B,2.324,1.8742,0.0,0.0,0.0,0.0,0.0,0.0,0.0,0.0,Product 0195,TK,TK(126)G,CANDYLAND,Supplier 59
2025-09-01,SKU0196,Warehouse,1.162,0.9371,0.0,0.0,0.0,0.0,0.0,0.0,0.0,0.0,Product 0196,TK,TK(80)G,CANDYLAND,Supplier 59
2025-09-01,SKU0199,Warehouse,1.66,1.3387,0.0,0.0,0.0,0.0,0.0,0.0,0.0,0.0,Product 0199,TK,TK(40)G,CANDYLAND,Supplier 59
2025-09-01,SKU0205,Warehouse,0.747,0.6024,0.0,0.0,0.0,0.0,0.0,0.0,0.0,0.0,Product 0205,TK,TK(330)ML,CANDYLAND,Supplier 59
2025-09-01,SKU0211,Store B,2.324,1.8742,0.0,0.0,0.0,0.0,0.0,0.0,0.0,0.0,Product 0211,TK,TK(750)ML,CANDYLAND,Supplier 59
2025-09-01,SKU0214,Store B,0.581,0.4685,0.0,0.0,0.0,0.0,0.0,0.0,0.0,0.0,Product 0214,TK,TK(11)G,CANDYLAND,Supplier 59
2025-09-01,SKU0214,Warehouse,0.581,0.4685,0.0,0.0,0.0,0.0,0.0,0.0,0.0,0.0,Product 0214,TK,TK(11)G,CANDYLAND,Supplier 59
2025-09-01,SKU0215,Store B,1.66,1.3387,0.0,0.0,0.0,0.0,0.0,0.0,0.0,0.0,Product 0215,TK,TK(200)G,CANDYLAND,Supplier 59
2025-09-01,SKU0222,Store A,1.162,0.9371,0.0,0.0,0.0,0.0,0.0,0.0,0.0,0.0,Product 0222,TK,TK(27)G,CANDYLAND,Supplier 59
2025-09-01,SKU0224,Warehouse,2.075,1.6734,0.0,0.0,0.0,0.0,0.0,0.0,0.0,0.0,Product 0224,TK,TK(152)G,CANDYLAND,Supplier 59
2025-09-01,SKU0227,Store C,2.324,1.8742,0.0,0.0,0.0,0.0,0.0,0.0,0.0,0.0,Product 0227,TK,TK(216)G,CANDYLAND,Supplier 59
2025-09-01,SKU0229,Store C,2.324,1.8742,0.0,0.0,0.0,0.0,0.0,0.0,0.0,0.0,Product 0229,TK,TK(216)G,CANDYLAND,Supplier 59
2025-09-01,SKU0231,Store C,2.324,1.8742,0.0,0.0,0.0,0.0,0.0,0.0,0.0,0.0,Product 0231,TK,TK(216)G,CANDYLAND,Supplier 59
2025-09-01,SKU0234,Store B,1.328,1.0709,0.0,0.0,0.0,0.0,0.0,0.0,0.0,0.0,Product 0234,TK,TK(100)G,CANDYLAND,Supplier 59
2025-09-01,SKU0237,Warehouse,1.245,1.0041,0.0,0.0,0.0,0.0,0.0,0.0,0.0,0.0,Product 0237,TK,TK(200)G,CANDYLAND,Supplier 59
2025-09-01,SKU0238,Store C,1.245,1.0041,0.0,0.0,0.0,0.0,0.0,0.0,0.0,0.0,Product 0238,TK,TK(200)G,CANDYLAND,Supplier 59
2025-09-01,SKU0238,Warehouse,1.245,1.0041,0.0,0.0,0.0,0.0,0.0,0.0,0.0,0.0,Product 0238,TK,TK(200)G,CANDYLAND,Supplier 59
2025-09-01,SKU0240,Store A,1.162,0.9371,0.0,0.0,0.0,0.0,0.0,0.0,0.0,0.0,Product 0240,TK,TK(32)G,CANDYLAND,Supplier 59
2025-09-01,SKU0250,Store B,1.245,1.0041,0.0,0.0,0.0,0.0,0.0,0.0,0.0,0.0,Product 0250,TK,TK(200)G,CANDYLAND,Supplier 59
2025-09-01,SKU0252,Store B,0.83,0.6694,0.0,0.0,0.0,0.0,0.0,0.0,0.0,0.0,Product 0252,TK,TK(9)ML,CANDYLAND,Supplier 59
2025-09-01,SKU0253,Warehouse,1.66,1.3387,0.0,0.0,0.0,0.0,0.0,0.0,0.0,0.0,Product 0253,TK,TK(114)G,CANDYLAND,Supplier 59
2025-09-01,SKU0258,Store C,1.245,1.0041,0.0,0.0,0.0,0.0,0.0,0.0,0.0,0.0,Product 0258,TK,TK(200)G,CANDYLAND,Supplier 59
2025-09-01,SKU0262,Warehouse,1.245,1.0041,0.0,0.0,0.0,0.0,0.0,0.0,0.0,0.0,Product 0262,TK,TK(160)G,CANDYLAND,Supplier 59
2025-09-01,SKU0265,Store C,1.245,1.0041,0.0,0.0,0.0,0.0,0.0,0.0,0.0,0.0,Product 0265,TK,TK(160)G,CANDYLAND,Supplier 59
2025-09-01,SKU0267,Store C,1.826,1.4726,0.0,0.0,0.0,0.0,0.0,0.0,0.0,0.0,Product 0267,TK,TK(114)G,CANDYLAND,Multiple suppliers
2025-09-01,SKU0268,Store A,2.49,2.0081,0.0,0.0,0.0,0.0,0.0,0.0,0.0,0.0,Product 0268,TK,TK(113)G,CANDYLAND,Multiple suppliers
2025-09-01,SKU0269,Store B,2.49,2.0081,0.0,0.0,0.0,0.0,0.0,0.0,0.0,0.0,Product 0269,TK,TK(113)G,CANDYLAND,Supplier 59
2025-09-01,SKU0270,Warehouse,2.905,2.3428,0.0,0.0,0.0,0.0,0.0,0.0,0.0,0.0,Product 0270,TK,TK(120)G,CANDYLAND,Supplier 59
2025-09-01,SKU0274,Store C,0.8715,0.7028,0.0,0.0,0.0,0.0,0.0,0.0,0.0,0.0,Product 0274,TK,TK(80)G,CANDYLAND,Supplier 59
2025-09-01,SKU0277,Store C,1.328,1.0709,9.9,8.0,10.0,0.0,0.0,0.0,0.5727,0.5727,Product 0277,TK,TK(20)G,CANDYLAND,Supplier 59
2025-09-01,SKU0289,Store A,2.075,1.6734,1.766,1.0,4.0,0.0,0.0,0.0,0.9964,0.9964,Product 0289,TK,TK(50)G,CANDYLAND,Supplier 66
2025-09-01,SKU0293,Store B,2.075,1.6734,0.0,0.0,0.0,0.0,0.0,0.0,0.0,0.0,Product 0293,TK,TK(50)G,CANDYLAND,Supplier 66
2025-09-01,SKU0305,Store B,1.494,1.2048,0.0,0.0,0.0,0.0,0.0,0.0,0.0,0.0,Product 0305,TK,TK(70)G,CANDYLAND,Supplier 59
2025-09-01,SKU0306,Store C,1.494,1.2048,0.0,0.0,0.0,0.0,0.0,0.0,0.0,0.0,Product 0306,TK,TK(70)G,CANDYLAND,Supplier 59
2025-09-01,SKU0308,Warehouse,1.245,1.0041,0.0,0.0,0.0,0.0,0.0,0.0,0.0,0.0,Product 0308,TK,TK(75)G,CANDYLAND,Supplier 59
2025-09-01,SKU0312,Store C,1.328,1.0709,0.0,0.0,0.0,0.0,0.0,0.0,0.0,0.0,Product 0312,TK,TK(80)G,CANDYLAND,Supplier 59
2025-09-01,SKU0317,Warehouse,1.411,1.1379,31.666,30.0,40.0,0.0,0.0,0.0,0.7177,0.7177,Product 0317,TK,TK(150)G,CANDYLAND,Supplier 33
2025-09-01,SKU0321,Warehouse,1.411,1.1379,10.0,10.0,10.0,0.0,0.0,0.0,0.7178,0.7178,Product 0321,TK,TK(150)G,CANDYLAND,Supplier 33
2025-09-01,SKU0338,Store B,1.494,1.2048,0.0,0.0,0.0,0.0,0.0,0.0,0.0,0.0,Product 0338,TK,TK(135)G,CANDYLAND,Supplier 59
2025-09-01,SKU0339,Store A,2.49,2.0081,0.0,0.0,0.0,0.0,0.0,0.0,0.0,0.0,Product 0339,TK,TK(99)G,CANDYLAND,Multiple suppliers
2025-09-01,SKU0340,Store A,1.328,1.0709,0.0,0.0,0.0,0.0,0.0,0.0,0.0,0.0,Product 0340,TK,TK(80)G,CANDYLAND,Supplier 59
2025-09-01,SKU0355,Store A,2.49,2.0081,0.0,0.0,0.0,0.0,0.0,0.0,0.0,0.0,Product 0355,TK,TK(350)ML,CANDYLAND,Supplier 59
2025-09-01,SKU0369,Store C,1.66,1.3387,0.0,0.0,0.0,0.0,0.0,0.0,0.0,0.0,Product 0369,TK,"TK(112,5)G",CANDYLAND,Supplier 59
2025-09-01,SKU0371,Store C,2.158,1.7403,0.0,0.0,0.0,0.0,0.0,0.0,0.0,0.0,Product 0371,TK,TK(101)G,CANDYLAND,Multiple suppliers
2025-09-01,SKU0372,Store A,2.407,1.9411,0.0,0.0,0.0,0.0,0.0,0.0,0.0,0.0,Product 0372,TK,TK(102)G,CANDYLAND,Multiple suppliers
2025-09-01,SKU0404,Store C,0.83,0.6694,0.0,0.0,0.0,0.0,0.0,0.0,0.0,0.0,Product 0404,TK,TK(80)G,CANDYLAND,Supplier 59
2025-09-01,SKU0414,Store A,1.494,1.2048,0.0,0.0,0.0,0.0,0.0,0.0,0.0,0.0,Product 0414,TK,TK(60)G,CANDYLAND,Supplier 59
2025-09-01,SKU0427,Store A,2.49,2.0081,0.0,0.0,0.0,0.0,0.0,0.0,0.0,0.0,Product 0427,TK,TK(132)G,CANDYLAND,Multiple suppliers
2025-09-01,SKU0436,Store C,0.249,0.2008,0.0,0.0,0.0,0.0,0.0,0.0,0.0,0.0,Product 0436,TK,TK(4)G,CANDYLAND,Supplier 02
2025-09-01,SKU0440,Store C,1.162,0.9371,0.0,0.0,0.0,0.0,0.0,0.0,0.0,0.0,Product 0440,TK,TK(40)ML,CANDYLAND,Supplier 59
2025-09-01,SKU0440,Warehouse,1.162,0.9371,0.0,0.0,0.0,0.0,0.0,0.0,0.0,0.0,Product 0440,TK,TK(40)ML,CANDYLAND,Supplier 59
2025-09-01,SKU0445,Warehouse,1.992,1.6065,0.0,0.0,0.0,0.0,0.0,0.0,0.0,0.0,Product 0445,TK,TK(145)G,CANDYLAND,Supplier 59
2025-09-01,SKU0450,Store A,1.66,1.3387,0.0,0.0,0.0,0.0,0.0,0.0,0.0,0.0,Product 0450,TK,TK(115)G,CANDYLAND,Supplier 59
2025-09-01,SKU0450,Store C,1.66,1.3387,0.0,0.0,0.0,0.0,0.0,0.0,0.0,0.0,Product 0450,TK,TK(115)G,CANDYLAND,Supplier 59
2025-09-01,SKU0458,Store C,0.996,0.8032,0.0,0.0,0.0,0.0,0.0,0.0,0.0,0.0,Product 0458,TK,TK(18)G,CANDYLAND,Supplier 59
2025-09-01,SKU0464,Warehouse,1.328,1.0709,0.0,0.0,0.0,0.0,0.0,0.0,0.0,0.0,Product 0464,TK,TK(184)G,CANDYLAND,Supplier 59
2025-09-01,SKU0469,Store C,5.727,4.6185,0.0,0.0,0.0,0.0,0.0,0.0,0.0,0.0,Product 0469,TK,TK(475)G,CANDYLAND,Supplier 59
2025-09-01,SKU0472,Warehouse,1.494,1.2048,0.0,0.0,0.0,0.0,0.0,0.0,0.0,0.0,Product 0472,TK,TK(51)G,CANDYLAND,Supplier 59
2025-09-01,SKU0473,Store B,1.494,1.2048,0.0,0.0,0.0,0.0,0.0,0.0,0.0,0.0,Product 0473,TK,TK(40)G,CANDYLAND,Supplier 59
2025-09-01,SKU0480,Store A,2.49,2.0081,0.0,0.0,0.0,0.0,0.0,0.0,0.0,0.0,Product 0480,TK,TK(170)G,CANDYLAND,Supplier 59
2025-09-01,SKU0482,Store B,2.49,2.0081,0.0,0.0,0.0,0.0,0.0,0.0,0.0,0.0,Product 0482,TK,TK(350)ML,CANDYLAND,Supplier 59
2025-09-01,SKU0493,Store C,1.162,0.9371,0.0,0.0,0.0,0.0,0.0,0.0,0.0,0.0,Product 0493,TK,TK(40)ML,CANDYLAND,Supplier 59
2025-09-01,SKU0498,Store A,1.162,0.9371,22.7,22.0,25.0,0.0,0.0,0.0,0.3698,0.3698,Product 0498,TK,TK(8)G,CANDYLAND,Supplier 59
2025-09-01,SKU0502,Store A,1.66,1.3387,0.0,0.0,0.0,0.0,0.0,0.0,0.0,0.0,Product 0502,TK,TK(114)G,CANDYLAND,Supplier 59
2025-09-01,SKU0503,Store C,1.66,1.3387,0.0,0.0,0.0,0.0,0.0,0.0,0.0,0.0,Product 0503,TK,TK(114)G,CANDYLAND,Supplier 59
2025-09-01,SKU0507,Store B,1.577,1.2718,0.0,0.0,0.0,0.0,0.0,0.0,0.0,0.0,Product 0507,TK,TK(150)G,CANDYLAND,Supplier 59
2025-09-01,SKU0509,Store B,1.992,1.6065,10.533,7.0,15.0,12.0,23.904,9.1303,0.6432,0.6432,Product 0509,TK,TK(140)G,CANDYLAND,Supplier 57
2025-09-01,SKU0512,Store B,0.83,0.6694,0.0,0.0,0.0,0.0,0.0,0.0,0.0,0.0,Product 0512,TK,TK(14)G,CANDYLAND,Supplier 59
2025-09-01,SKU0514,Store C,0.996,0.8032,5.033,5.0,6.0,0.0,0.0,0.0,0.3154,0.3154,Product 0514,TK,TK(80)G,CANDYLAND,Supplier 59
2025-09-01,SKU0527,Warehouse,2.324,1.8742,0.0,0.0,0.0,0.0,0.0,0.0,0.0,0.0,Product 0527,TK,TK(120)G,CANDYLAND,Supplier 59
2025-09-01,SKU0529,Store C,0.996,0.8032,13.233,9.0,18.0,0.0,0.0,0.0,0.3735,0.3735,Product 0529,TK,TK(90)G,CANDYLAND,Supplier 59
2025-09-01,SKU0539,Store A,1.328,1.0709,0.0,0.0,0.0,0.0,0.0,0.0,0.0,0.0,Product 0539,TK,TK(110)G,CANDYLAND,Supplier 59
2025-09-01,SKU0553,Store A,1.328,1.0709,0.0,0.0,0.0,0.0,0.0,0.0,0.0,0.0,Product 0553,TK,TK(35)G,CANDYLAND,Supplier 59
2025-09-01,SKU0559,Store C,1.66,1.3387,0.0,0.0,0.0,0.0,0.0,0.0,0.0,0.0,Product 0559,TK,TK(150)G,CANDYLAND,Supplier 26
2025-09-01,SKU0565,Store A,1.826,1.4726,0.0,0.0,0.0,0.0,0.0,0.0,0.0,0.0,Product 0565,TK,"TK(112,5)G",CANDYLAND,Multiple suppliers
2025-09-01,SKU0568,Store B,3.818,3.0791,0.0,0.0,0.0,2.0,7.636,3.403,0.0,0.0,Product 0568,TK,TK(340)G,CANDYLAND,Supplier 65
2025-09-01,SKU0569,Warehouse,1.328,1.0709,0.0,0.0,0.0,0.0,0.0,0.0,0.0,0.0,Product 0569,TK,TK(10)G,CANDYLAND,Supplier 05
2025-09-01,SKU0573,Store B,3.2785,2.644,0.0,0.0,0.0,0.0,0.0,0.0,0.0,0.0,Product 0573,TK,TK(43)G,CANDYLAND,Unknown supplier
2025-09-01,SKU0583,Store C,0.166,0.1339,989.766,967.0,1005.0,1187.0,197.042,29.7533,0.0251,0.0251,Product 0583,TK,"TK(4,6)G",CANDYLAND,Supplier 64
2025-09-01,SKU0585,Store C,1.66,1.3387,0.0,0.0,0.0,0.0,0.0,0.0,0.0,0.0,Product 0585,TK,TK(60)G,CANDYLAND,Supplier 17
2025-09-01,SKU0587,Store A,2.49,2.0081,0.0,0.0,0.0,0.0,0.0,0.0,0.0,0.0,Product 0587,TK,TK(120)G,CANDYLAND,Supplier 16
2025-09-01,SKU0595,Warehouse,3.984,3.2129,0.0,0.0,0.0,0.0,0.0,0.0,0.0,0.0,Product 0595,TK,TK(375)G,CANDYLAND,Supplier 17
2025-09-01,SKU0607,Store B,1.162,0.9371,0.0,0.0,0.0,0.0,0.0,0.0,0.0,0.0,Product 0607,TK,TK(180)G,CANDYLAND,Supplier 17
2025-09-01,SKU0611,Warehouse,1.162,0.9371,9.0,6.0,24.0,0.0,0.0,0.0,0.5561,0.5561,Product 0611,TK,TK(150)G,CANDYLAND,Multiple suppliers
2025-09-01,SKU0628,Store A,0.166,0.1339,0.0,0.0,0.0,0.0,0.0,0.0,0.0,0.0,Product 0628,TK,TK(11)G,CANDYLAND,Supplier 59
2025-09-01,SKU0629,Store A,0.83,0.6694,19.2,18.0,23.0,0.0,0.0,0.0,0.3604,0.3604,Product 0629,TK,TK(23)G,CANDYLAND,Supplier 16
2025-09-01,SKU0636,Store C,1.494,1.2048,0.0,0.0,0.0,0.0,0.0,0.0,0.0,0.0,Product 0636,TK,TK(10)G,CANDYLAND,Supplier 02
2025-09-01,SKU0642,Store A,2.905,2.3428,0.0,0.0,0.0,0.0,0.0,0.0,0.0,0.0,Product 0642,TK,TK(72)G,CANDYLAND,Supplier 16
2025-09-01,SKU0651,Warehouse,1.162,0.9371,0.0,0.0,0.0,0.0,0.0,0.0,0.0,0.0,Product 0651,TK,TK(10)G,CANDYLAND,Supplier 02
2025-09-01,SKU0652,Warehouse,1.245,1.0041,241.2,0.0,1056.0,0.0,0.0,0.0,0.3063,0.3063,Product 0652,TK,TK(10)G,CANDYLAND,Supplier 02
2025-09-01,SKU0658,Store B,0.83,0.6694,0.0,0.0,0.0,1.0,0.83,0.2716,0.0,0.0,Product 0658,TK,"TK(15,6)G",CANDYLAND,Supplier 16
2025-09-01,SKU0663,Store B,2.075,1.6734,0.0,0.0,0.0,0.0,0.0,0.0,0.0,0.0,Product 0663,TK,TK(90)G,CANDYLAND,Supplier 16
2025-09-01,SKU0671,Warehouse,3.32,2.6774,0.0,0.0,0.0,0.0,0.0,0.0,0.0,0.0,Product 0671,PK,PK(60)G,CANDYLAND,Supplier 16
2025-09-01,SKU0677,Warehouse,0.415,0.3347,0.0,0.0,0.0,0.0,0.0,0.0,0.0,0.0,Product 0677,TK,TK(16)G,CANDYLAND,Supplier 74
2025-09-01,SKU0678,Store A,1.826,1.4726,22.2,22.0,23.0,42.0,76.692,17.2906,0.4117,0.4117,Product 0678,TK,TK(5)G,CANDYLAND,Supplier 02
2025-09-01,SKU0682,Store A,0.83,0.6694,44.466,40.0,52.0,18.0,14.94,5.6772,0.3154,0.3154,Product 0682,TK,"TK(5,5)G",CANDYLAND,Supplier 66
2025-09-01,SKU0684,Store C,1.66,1.3387,9.6,5.0,13.0,0.0,0.0,0.0,0.5215,0.5215,Product 0684,TK,TK(120)G,CANDYLAND,Supplier 02
2025-09-01,SKU0687,Warehouse,0.166,0.1339,1.0,1.0,1.0,0.0,0.0,0.0,0.0332,0.0332,Product 0687,TK,TK(1)TK,CANDYLAND,Supplier 47
2025-09-01,SKU0693,Store C,1.162,0.9371,0.0,0.0,0.0,35.0,40.67,12.3462,0.0,0.0,Product 0693,TK,TK(64)G,CANDYLAND,Supplier 02
2025-09-01,SKU0704,Store C,0.996,0.8032,0.0,0.0,0.0,0.0,0.0,0.0,0.0,0.0,Product 0704,TK,"TK(3,3)G",CANDYLAND,Supplier 64
2025-09-01,SKU0707,Warehouse,0.415,0.3347,258.5,44.0,461.0,0.0,0.0,0.0,0.1743,0.1743,Product 0707,TK,TK(200)ML,CANDYLAND,Supplier 59
2025-09-01,SKU0710,Store A,0.913,0.7363,31.533,16.0,39.0,19.0,17.347,5.9926,0.3154,0.3154,Product 0710,TK,TK(25)ML,CANDYLAND,Supplier 02
2025-09-01,SKU0716,Store B,7.885,6.3589,0.0,0.0,0.0,6.0,47.31,21.663,0.0,0.0,Product 0716,TK,TK(250)G,CANDYLAND,Supplier 54
2025-09-01,SKU0730,Store A,0.332,0.2678,0.0,0.0,0.0,0.0,0.0,0.0,0.0,0.0,Product 0730,TK,TK(60)G,CANDYLAND,Supplier 32
2025-09-01,SKU0731,Store A,4.15,3.3468,79.533,77.0,84.0,0.0,0.0,0.0,2.2078,2.2078,Product 0731,TK,TK(215)G,CANDYLAND,Supplier 37
2025-09-01,SKU0731,Warehouse,4.15,3.3468,385.733,370.0,410.0,0.0,0.0,0.0,2.2078,2.2078,Product 0731,TK,TK(215)G,CANDYLAND,Supplier 37
2025-09-01,SKU0734,Warehouse,2.324,1.8742,0.0,0.0,0.0,0.0,0.0,0.0,0.0,0.0,Product 0734,TK,TK(150)G,CANDYLAND,Supplier 31
2025-09-01,SKU0738,Store A,1.494,1.2048,0.0,0.0,0.0,48.0,71.712,30.6768,0.0,0.0,Product 0738,TK,TK(5)G,CANDYLAND,Supplier 69
2025-09-01,SKU0738,Warehouse,1.494,1.2048,0.0,0.0,0.0,330.0,493.02,210.903,0.0,0.0,Product 0738,TK,TK(5)G,CANDYLAND,Supplier 69
2025-09-01,SKU0744,Store A,3.735,3.0121,0.0,0.0,0.0,0.0,0.0,0.0,0.0,0.0,Product 0744,TK,TK(250)G,CANDYLAND,Supplier 38
2025-09-01,SKU0755,Store C,0.249,0.2008,1.933,0.0,2.0,0.0,0.0,0.0,0.0838,0.0838,Product 0755,TK,"TK(13,9)G",CANDYLAND,Multiple suppliers
2025-09-01,SKU0764,Store A,1.494,1.2048,0.866,0.0,3.0,0.0,0.0,0.0,0.5981,0.5981,Product 0764,TK,TK(300)G,CANDYLAND,Multiple suppliers
2025-09-01,SKU0764,Store C,1.494,1.2048,7.033,2.0,14.0,0.0,0.0,0.0,0.5976,0.5976,Product 0764,TK,TK(300)G,CANDYLAND,Multiple suppliers
2025-09-01,SKU0770,Warehouse,1.328,1.0709,0.0,0.0,0.0,0.0,0.0,0.0,0.0,0.0,Product 0770,TK,TK(150)G,CANDYLAND,Supplier 32
2025-09-01,SKU0781,Warehouse,0.747,0.6024,0.0,0.0,0.0,0.0,0.0,0.0,0.0,0.0,Product 0781,TK,TK(56)G,CANDYLAND,Supplier 21
2025-09-01,SKU0784,Warehouse,0.913,0.7363,0.0,0.0,0.0,0.0,0.0,0.0,0.0,0.0,Product 0784,TK,TK(100)G,CANDYLAND,Supplier 11
2025-09-01,SKU0787,Store B,1.494,1.2048,-1.6,-4.0,0.0,0.0,0.0,0.0,0.0,0.0,Product 0787,TK,TK(66)G,CANDYLAND,Unknown supplier
2025-09-01,SKU0795,Store B,0.913,0.7363,0.0,0.0,0.0,0.0,0.0,0.0,0.0,0.0,Product 0795,TK,TK(80)G,CANDYLAND,Supplier 32
2025-09-01,SKU0800,Warehouse,3.154,2.5435,140.8,132.0,156.0,0.0,0.0,0.0,1.2035,1.2035,Product 0800,TK,TK(120)G,CANDYLAND,Supplier 66
2025-09-01,SKU0803,Store B,1.328,1.0709,112.433,86.0,138.0,0.0,0.0,0.0,0.2407,0.2407,Product 0803,TK,TK(8)G,CANDYLAND,Supplier 66
2025-09-01,SKU0804,Store A,1.328,1.0709,47.233,47.0,48.0,35.0,46.48,9.5865,0.2739,0.2739,Product 0804,TK,TK(8)G,CANDYLAND,Supplier 66
2025-09-01,SKU0806,Store B,1.328,1.0709,36.966,26.0,44.0,0.0,0.0,0.0,0.2739,0.2739,Product 0806,TK,TK(8)G,CANDYLAND,Supplier 66
2025-09-01,SKU0808,Store B,0.996,0.8032,0.0,0.0,0.0,0.0,0.0,0.0,0.0,0.0,Product 0808,TK,TK(40)G,CANDYLAND,Supplier 64
2025-09-01,SKU0813,Store B,0.332,0.2678,11.933,0.0,46.0,0.0,0.0,0.0,0.0346,0.0346,Product 0813,TK,TK(30)ML,CANDYLAND,Supplier 69
2025-09-01,SKU0814,Store B,24.9,20.0806,0.0,0.0,0.0,0.0,0.0,0.0,0.0,0.0,Product 0814,TK,TK(528)G,CANDYLAND,Supplier 23
2025-09-01,SKU0815,Store B,8.3,6.6935,0.0,0.0,0.0,0.0,0.0,0.0,0.0,0.0,Product 0815,TK,TK(209)G,CANDYLAND,Supplier 23
2025-09-01,SKU0834,Store A,0.83,0.6694,0.0,0.0,0.0,0.0,0.0,0.0,0.0,0.0,Product 0834,TK,TK(10)G,CANDYLAND,Supplier 51
2025-09-01,SKU0838,Store B,0.249,0.2008,0.0,0.0,0.0,0.0,0.0,0.0,0.0,0.0,Product 0838,TK,TK(11)G,CANDYLAND,Supplier 02
2025-09-01,SKU0839,Warehouse,0.249,0.2008,0.0,0.0,0.0,1080.0,268.92,100.3968,0.0,0.0,Product 0839,TK,TK(18)G,CANDYLAND,Supplier 02
2025-09-01,SKU0850,Store A,0.4565,0.3681,0.0,0.0,0.0,0.0,0.0,0.0,0.0,0.0,Product 0850,TK,TK(500)ML,CANDYLAND,Supplier 43
2025-09-01,SKU0850,Store C,0.4565,0.3681,0.0,0.0,0.0,0.0,0.0,0.0,0.0,0.0,Product 0850,TK,TK(500)ML,CANDYLAND,Supplier 43
2025-09-01,SKU0853,Store B,8.217,6.6266,0.0,0.0,0.0,0.0,0.0,0.0,0.0,0.0,Product 0853,TK,TK(200)G,CANDYLAND,Supplier 58
2025-09-01,SKU0864,Warehouse,1.66,1.3387,0.0,0.0,0.0,0.0,0.0,0.0,0.0,0.0,Product 0864,KG,KG(1000)G,CANDYLAND,Supplier 69
2025-09-01,SKU0865,Store A,5.395,4.3508,0.0,0.0,0.0,0.0,0.0,0.0,0.0,0.0,Product 0865,TK,TK(1000)G,CANDYLAND,Unknown supplier
2025-09-01,SKU0869,Store B,1.909,1.5395,0.0,0.0,0.0,17.0,32.453,20.1773,0.0,0.0,Product 0869,TK,TK(375)G,CANDYLAND,Supplier 19
2025-09-01,SKU0872,Warehouse,6.225,5.0202,0.0,0.0,0.0,0.0,0.0,0.0,0.0,0.0,Product 0872,KG,KG(1000)G,CANDYLAND,Supplier 19
2025-09-01,SKU0874,Store B,0.332,0.2678,0.0,0.0,0.0,15.0,4.98,1.8675,0.0,0.0,Product 0874,TK,TK(33)G,CANDYLAND,Supplier 19
2025-09-01,SKU0876,Store B,0.415,0.3347,0.0,0.0,0.0,27.0,11.205,5.3784,0.0,0.0,Product 0876,TK,TK(15)G,CANDYLAND,Supplier 19
2025-09-01,SKU0876,Warehouse,0.415,0.3347,0.0,0.0,0.0,0.0,0.0,0.0,0.0,0.0,Product 0876,TK,TK(15)G,CANDYLAND,Supplier 19
2025-09-01,SKU0880,Store A,0.083,0.0669,0.0,0.0,0.0,0.0,0.0,0.0,0.0,0.0,Product 0880,TK,"TK(7,5)G",CANDYLAND,Supplier 69
2025-09-01,SKU0891,Warehouse,1.162,0.9371,0.0,0.0,0.0,456.0,529.872,166.1527,0.0,0.0,Product 0891,TK,TK(57)G,CANDYLAND,Supplier 02
2025-09-01,SKU0893,Store A,5.727,4.6185,0.0,0.0,0.0,0.0,0.0,0.0,0.0,0.0,Product 0893,TK,TK(920)G,CANDYLAND,Unknown supplier
2025-09-01,SKU0895,Store A,7.885,6.3589,0.0,0.0,0.0,4.0,31.54,17.7952,0.0,0.0,Product 0895,TK,TK(60)G,CANDYLAND,Supplier 01
2025-09-01,SKU0897,Store B,7.387,5.9572,0.0,0.0,0.0,1.0,7.387,4.1417,0.0,0.0,Product 0897,TK,TK(110)G,CANDYLAND,Supplier 01
2025-09-01,SKU0898,Store B,7.387,5.9572,0.0,0.0,0.0,0.0,0.0,0.0,0.0,0.0,Product 0898,TK,TK(205)G,CANDYLAND,Supplier 29
2025-09-01,SKU0899,Store C,0.498,0.4016,37.566,34.0,40.0,22.0,10.956,3.4694,0.1577,0.1577,Product 0899,TK,TK(16)G,CANDYLAND,Supplier 02
2025-09-01,SKU0900,Warehouse,0.664,0.5355,30.5,30.0,45.0,0.0,0.0,0.0,0.2548,0.2548,Product 0900,TK,TK(45)G,CANDYLAND,Supplier 02
2025-09-01,SKU0906,Warehouse,2.407,1.9411,0.0,0.0,0.0,128.0,308.096,90.304,0.0,0.0,Product 0906,TK,TK(140)G,CANDYLAND,Supplier 69
2025-09-01,SKU0907,Warehouse,13.197,10.6428,0.0,0.0,0.0,0.0,0.0,0.0,0.0,0.0,Product 0907,TK,TK(200)G,CANDYLAND,Supplier 29
2025-09-01,SKU0910,Store C,4.067,3.2798,0.0,0.0,0.0,0.0,0.0,0.0,0.0,0.0,Product 0910,TK,TK(350)G,CANDYLAND,Supplier 08
2025-09-01,SKU0910,Warehouse,4.067,3.2798,0.0,0.0,0.0,0.0,0.0,0.0,0.0,0.0,Product 0910,TK,TK(350)G,CANDYLAND,Supplier 08
2025-09-01,SKU0911,Store B,4.067,3.2798,0.0,0.0,0.0,0.0,0.0,0.0,0.0,0.0,Product 0911,TK,TK(350)G,CANDYLAND,Supplier 08
2025-09-01,SKU0920,Store B,0.664,0.5355,0.0,0.0,0.0,0.0,0.0,0.0,0.0,0.0,Product 0920,TK,TK(10)ML,CANDYLAND,Supplier 64
2025-09-01,SKU0928,Store A,3.237,2.6105,0.0,0.0,0.0,0.0,0.0,0.0,0.0,0.0,Product 0928,TK,TK(200)G,CANDYLAND,Supplier 34
2025-09-01,SKU0934,Store A,9.0885,7.3294,0.0,0.0,0.0,2.0,18.177,9.1964,0.0,0.0,Product 0934,TK,TK(48)G,CANDYLAND,Supplier 62
2025-09-01,SKU0950,Store C,0.498,0.4016,15.1,4.0,25.0,33.0,16.434,5.7519,0.1743,0.1743,Product 0950,TK,TK(35)G,CANDYLAND,Supplier 02
2025-09-01,SKU0953,Warehouse,2.407,1.9411,0.0,0.0,0.0,12.0,28.884,10.4082,0.0,0.0,Product 0953,TK,TK(150)G,CANDYLAND,Supplier 49
2025-09-01,SKU0959,Warehouse,4.897,3.9492,0.0,0.0,0.0,0.0,0.0,0.0,0.0,0.0,Product 0959,TK,TK(180)G,CANDYLAND,Supplier 55
2025-09-01,SKU0960,Store C,4.9385,3.9827,0.0,0.0,0.0,0.0,0.0,0.0,0.0,0.0,Product 0960,TK,TK(215)G,CANDYLAND,Supplier 55
2025-09-01,SKU0963,Store A,4.648,3.7484,0.0,0.0,0.0,0.0,0.0,0.0,0.0,0.0,Product 0963,TK,TK(400)G,CANDYLAND,Supplier 31
2025-09-01,SKU0963,Warehouse,4.648,3.7484,0.0,0.0,0.0,0.0,0.0,0.0,0.0,0.0,Product 0963,TK,TK(400)G,CANDYLAND,Supplier 31
2025-09-01,SKU0967,Store C,4.15,3.3468,0.0,0.0,0.0,0.0,0.0,0.0,0.0,0.0,Product 0967,TK,TK(185)G,CANDYLAND,Supplier 71
2025-09-01,SKU0973,Store C,3.154,2.5435,0.0,0.0,0.0,0.0,0.0,0.0,0.0,0.0,Product 0973,TK,TK(174)G,CANDYLAND,Supplier 71
2025-09-01,SKU0976,Store B,3.154,2.5435,0.0,0.0,0.0,0.0,0.0,0.0,0.0,0.0,Product 0976,TK,TK(180)G,CANDYLAND,Supplier 71
2025-09-01,SKU0978,Store B,2.656,2.1419,0.0,0.0,0.0,0.0,0.0,0.0,0.0,0.0,Product 0978,TK,TK(190)G,CANDYLAND,Supplier 71
2025-09-01,SKU0980,Store C,0.664,0.5355,0.0,0.0,0.0,0.0,0.0,0.0,0.0,0.0,Product 0980,TK,TK(100)G,CANDYLAND,Supplier 22
2025-09-01,SKU0997,Store B,1.66,1.3387,0.0,0.0,0.0,29.0,48.14,15.6455,0.0,0.0,Product 0997,TK,TK(81)G,CANDYLAND,Supplier 42
2025-09-01,SKU0999,Store B,1.162,0.9371,0.0,0.0,0.0,0.0,0.0,0.0,0.0,0.0,Product 0999,TK,TK(100)G,CANDYLAND,Supplier 42
2025-09-01,SKU1005,Warehouse,0.996,0.8032,0.0,0.0,0.0,0.0,0.0,0.0,0.0,0.0,Product 1005,TK,TK(450)ML,CANDYLAND,Supplier 03
2025-09-01,SKU1007,Store A,0.996,0.8032,0.0,0.0,0.0,0.0,0.0,0.0,0.0,0.0,Product 1007,TK,TK(450)ML,CANDYLAND,Supplier 03
2025-09-01,SKU1018,Store B,0.664,0.5355,0.0,0.0,0.0,0.0,0.0,0.0,0.0,0.0,Product 1018,TK,TK(330)ML,CANDYLAND,Supplier 03
2025-09-01,SKU1019,Store C,0.747,0.6024,0.0,0.0,0.0,0.0,0.0,0.0,0.0,0.0,Product 1019,TK,TK(330)ML,CANDYLAND,Supplier 03
2025-09-01,SKU1021,Warehouse,0.747,0.6024,0.0,0.0,0.0,0.0,0.0,0.0,0.0,0.0,Product 1021,TK,TK(330)ML,CANDYLAND,Supplier 03
2025-09-01,SKU1024,Store C,1.162,0.9371,0.0,0.0,0.0,0.0,0.0,0.0,0.0,0.0,Product 1024,TK,TK(150)G,CANDYLAND,Supplier 11
2025-09-01,SKU1030,Store A,0.913,0.7363,0.0,0.0,0.0,0.0,0.0,0.0,0.0,0.0,Product 1030,TK,TK(130)G,CANDYLAND,Supplier 69
2025-09-01,SKU1033,Store B,1.162,0.9371,15.066,12.0,17.0,0.0,0.0,0.0,0.4897,0.4897,Product 1033,TK,TK(60)ML,CANDYLAND,Multiple suppliers
2025-09-01,SKU1048,Store C,1.245,1.0041,17.266,0.0,24.0,16.0,19.92,6.5072,0.4281,0.4281,Product 1048,TK,TK(40)ML,CANDYLAND,Supplier 05
2025-09-01,SKU1074,Store B,1.66,1.3387,0.0,0.0,0.0,0.0,0.0,0.0,0.0,0.0,Product 1074,TK,"TK(131,1)G",CANDYLAND,Supplier 09
2025-09-01,SKU1075,Store C,1.66,1.3387,0.0,0.0,0.0,26.0,43.16,23.0259,0.0,0.0,Product 1075,TK,TK(100)G,CANDYLAND,Multiple suppliers
2025-09-01,SKU1075,Warehouse,1.66,1.3387,0.0,0.0,0.0,150.0,249.0,132.8415,0.0,0.0,Product 1075,TK,TK(100)G,CANDYLAND,Multiple suppliers
2025-09-01,SKU1078,Store A,0.996,0.8032,0.0,0.0,0.0,0.0,0.0,0.0,0.0,0.0,Product 1078,TK,TK(50)G,CANDYLAND,Supplier 02
2025-09-01,SKU1079,Warehouse,1.577,1.2718,25.2,24.0,36.0,60.0,94.62,22.659,0.3776,0.3776,Product 1079,TK,TK(40)G,CANDYLAND,Supplier 02
2025-09-01,SKU1080,Store A,1.826,1.4726,0.0,0.0,0.0,0.0,0.0,0.0,0.0,0.0,Product 1080,TK,TK(144)G,CANDYLAND,Supplier 02
2025-09-01,SKU1080,Store B,1.826,1.4726,0.966,0.0,1.0,0.0,0.0,0.0,0.5008,0.5008,Product 1080,TK,TK(144)G,CANDYLAND,Supplier 02
2025-09-01,SKU1096,Store C,1.494,1.2048,0.0,0.0,0.0,10.0,14.94,4.15,0.0,0.0,Product 1096,TK,TK(40)G,CANDYLAND,Supplier 09
2025-09-01,SKU1112,Store C,0.747,0.6024,0.0,0.0,0.0,0.0,0.0,0.0,0.0,0.0,Product 1112,TK,TK(75)G,CANDYLAND,Supplier 41
2025-09-01,SKU1119,Store A,3.237,2.6105,0.0,0.0,0.0,0.0,0.0,0.0,0.0,0.0,Product 1119,TK,TK(125)G,CANDYLAND,Supplier 26
2025-09-01,SKU1122,Store C,3.818,3.0791,0.0,0.0,0.0,0.0,0.0,0.0,0.0,0.0,Product 1122,TK,TK(250)G,CANDYLAND,Supplier 26
2025-09-01,SKU1133,Warehouse,7.47,6.0242,0.0,0.0,0.0,0.0,0.0,0.0,0.0,0.0,Product 1133,TK,TK(250)G,CANDYLAND,Supplier 26
2025-09-01,SKU1151,Store C,2.075,1.6734,0.0,0.0,0.0,0.0,0.0,0.0,0.0,0.0,Product 1151,TK,TK(180)G,CANDYLAND,Supplier 26
2025-09-01,SKU1154,Store A,2.656,2.1419,0.0,0.0,0.0,0.0,0.0,0.0,0.0,0.0,Product 1154,TK,TK(125)G,CANDYLAND,Supplier 26
2025-09-01,SKU1172,Warehouse,1.162,0.9371,0.0,0.0,0.0,0.0,0.0,0.0,0.0,0.0,Product 1172,TK,TK(35)G,CANDYLAND,Supplier 26
2025-09-01,SKU1178,Warehouse,3.237,2.6105,0.0,0.0,0.0,0.0,0.0,0.0,0.0,0.0,Product 1178,TK,TK(150)G,CANDYLAND,Supplier 34
2025-09-01,SKU1180,Store C,2.075,1.6734,0.0,0.0,0.0,0.0,0.0,0.0,0.0,0.0,Product 1180,TK,TK(107)G,CANDYLAND,Supplier 26
2025-09-01,SKU1183,Store B,1.494,1.2048,0.0,0.0,0.0,0.0,0.0,0.0,0.0,0.0,Product 1183,TK,TK(100)G,CANDYLAND,Supplier 26
2025-09-01,SKU1184,Store A,1.494,1.2048,0.0,0.0,0.0,0.0,0.0,0.0,0.0,0.0,Product 1184,TK,TK(100)G,CANDYLAND,Supplier 26
2025-09-01,SKU1186,Store B,1.66,1.3387,0.0,0.0,0.0,0.0,0.0,0.0,0.0,0.0,Product 1186,TK,TK(60)G,CANDYLAND,Supplier 26
2025-09-01,SKU1188,Warehouse,1.66,1.3387,0.0,0.0,0.0,0.0,0.0,0.0,0.0,0.0,Product 1188,TK,TK(60)G,CANDYLAND,Supplier 26
2025-09-01,SKU1189,Store A,0.498,0.4016,0.0,0.0,0.0,0.0,0.0,0.0,0.0,0.0,Product 1189,TK,TK(330)ML,CANDYLAND,Supplier 24
2025-09-01,SKU1195,Store B,3.32,2.6774,0.0,0.0,0.0,0.0,0.0,0.0,0.0,0.0,Product 1195,TK,TK(90)G,CANDYLAND,Unknown supplier
2025-09-01,SKU1199,Warehouse,0.747,0.6024,0.0,0.0,0.0,0.0,0.0,0.0,0.0,0.0,Product 1199,TK,TK(75)G,CANDYLAND,Supplier 41
2025-09-01,SKU1204,Store B,2.324,1.8742,0.0,0.0,0.0,0.0,0.0,0.0,0.0,0.0,Product 1204,TK,TK(180)G,CANDYLAND,Supplier 39
2025-09-01,SKU1204,Store C,2.324,1.8742,0.0,0.0,0.0,0.0,0.0,0.0,0.0,0.0,Product 1204,TK,TK(180)G,CANDYLAND,Supplier 39
2025-09-01,SKU1228,Store A,1.328,1.0709,51.133,42.0,58.0,0.0,0.0,0.0,0.5976,0.5976,Product 1228,TK,TK(135)G,CANDYLAND,Supplier 50
2025-09-01,SKU1230,Store B,0.2075,0.1673,0.0,0.0,0.0,93.0,19.2975,4.6314,0.0,0.0,Product 1230,TK,TK(9)G,CANDYLAND,Supplier 19
2025-09-01,SKU1232,Warehouse,0.332,0.2678,0.0,0.0,0.0,0.0,0.0,0.0,0.0,0.0,Product 1232,TK,TK(14)G,CANDYLAND,Supplier 19
2025-09-01,SKU1238,Store A,1.162,0.9371,17.333,16.0,20.0,0.0,0.0,0.0,0.415,0.415,Product 1238,TK,TK(15)G,CANDYLAND,Supplier 04
2025-09-01,SKU1238,Store B,1.162,0.9371,21.333,19.0,23.0,0.0,0.0,0.0,0.415,0.415,Product 1238,TK,TK(15)G,CANDYLAND,Supplier 04
2025-09-01,SKU1247,Warehouse,2.49,2.0081,0.0,0.0,0.0,0.0,0.0,0.0,0.0,0.0,Product 1247,TK,TK(400)G,CANDYLAND,Supplier 24
2025-09-01,SKU1248,Store C,1.494,1.2048,0.0,0.0,0.0,0.0,0.0,0.0,0.0,0.0,Product 1248,TK,TK(100)G,CANDYLAND,Supplier 24
2025-09-01,SKU1250,Warehouse,2.241,1.8072,0.0,0.0,0.0,0.0,0.0,0.0,0.0,0.0,Product 1250,TK,TK(180)G,CANDYLAND,Supplier 24
2025-09-01,SKU1253,Store C,1.494,1.2048,0.0,0.0,0.0,3.0,4.482,1.7928,0.0,0.0,Product 1253,TK,TK(125)G,CANDYLAND,Supplier 24
2025-09-01,SKU1264,Store C,1.162,0.9371,0.0,0.0,0.0,0.0,0.0,0.0,0.0,0.0,Product 1264,TK,TK(100)G,CANDYLAND,Supplier 24
2025-09-01,SKU1269,Store C,1.494,1.2048,0.0,0.0,0.0,4.0,5.976,2.5564,0.0,0.0,Product 1269,TK,TK(125)G,CANDYLAND,Supplier 24
2025-09-01,SKU1271,Store C,2.075,1.6734,3.966,1.0,6.0,0.0,0.0,0.0,0.9049,0.9049,Product 1271,TK,TK(75)G,CANDYLAND,Supplier 24
2025-09-01,SKU1274,Warehouse,1.66,1.3387,0.0,0.0,0.0,0.0,0.0,0.0,0.0,0.0,Product 1274,TK,TK(75)G,CANDYLAND,Supplier 24
2025-09-01,SKU1280,Warehouse,1.494,1.2048,0.0,0.0,0.0,0.0,0.0,0.0,0.0,0.0,Product 1280,TK,TK(150)G,CANDYLAND,Supplier 24
2025-09-01,SKU1290,Store B,5.561,4.4847,0.0,0.0,0.0,0.0,0.0,0.0,0.0,0.0,Product 1290,KG,KG(1000)G,CANDYLAND,Supplier 19
2025-09-01,SKU1290,Warehouse,5.561,4.4847,0.0,0.0,0.0,0.0,0.0,0.0,0.0,0.0,Product 1290,KG,KG(1000)G,CANDYLAND,Supplier 19
2025-09-01,SKU1295,Store B,2.241,1.8072,0.0,0.0,0.0,0.0,0.0,0.0,0.0,0.0,Product 1295,TK,TK(180)G,CANDYLAND,Supplier 24
2025-09-01,SKU1296,Warehouse,1.494,1.2048,0.0,0.0,0.0,0.0,0.0,0.0,0.0,0.0,Product 1296,TK,TK(75)G,CANDYLAND,Supplier 24
2025-09-01,SKU1306,Store A,4.15,3.3468,0.0,0.0,0.0,4.0,16.6,7.636,0.0,0.0,Product 1306,TK,TK(250)G,CANDYLAND,Supplier 12
2025-09-01,SKU1308,Store C,3.071,2.4766,0.0,0.0,0.0,0.0,0.0,0.0,0.0,0.0,Product 1308,TK,TK(300)G,CANDYLAND,Supplier 24
2025-09-01,SKU1329,Store A,1.577,1.2718,15.566,9.0,19.0,2.0,3.154,1.2616,0.6557,0.6557,Product 1329,TK,TK(45)G,CANDYLAND,Supplier 24
2025-09-01,SKU1331,Warehouse,0.747,0.6024,0.0,0.0,0.0,0.0,0.0,0.0,0.0,0.0,Product 1331,TK,TK(240)ML,CANDYLAND,Supplier 03
2025-09-01,SKU1347,Store B,1.494,1.2048,0.0,0.0,0.0,0.0,0.0,0.0,0.0,0.0,Product 1347,TK,TK(130)G,CANDYLAND,Supplier 24
2025-09-01,SKU1350,Warehouse,1.328,1.0709,0.0,0.0,0.0,0.0,0.0,0.0,0.0,0.0,Product 1350,TK,TK(50)G,CANDYLAND,Supplier 24
2025-09-01,SKU1359,Store C,2.075,1.6734,0.0,0.0,0.0,0.0,0.0,0.0,0.0,0.0,Product 1359,TK,TK(148)G,CANDYLAND,Supplier 24
2025-09-01,SKU1360,Store B,2.075,1.6734,0.0,0.0,0.0,0.0,0.0,0.0,0.0,0.0,Product 1360,TK,TK(148)G,CANDYLAND,Supplier 24
2025-09-01,SKU1364,Store C,2.075,1.6734,0.0,0.0,0.0,26.0,53.95,20.501,0.0,0.0,Product 1364,TK,TK(75)G,CANDYLAND,Supplier 24
2025-09-01,SKU1367,Store C,1.245,1.0041,0.6,0.0,6.0,0.0,0.0,0.0,0.5644,0.5644,Product 1367,TK,TK(240)ML,CANDYLAND,Supplier 52
2025-09-01,SKU1368,Store B,1.245,1.0041,0.0,0.0,0.0,0.0,0.0,0.0,0.0,0.0,Product 1368,TK,TK(235)ML,CANDYLAND,Supplier 52
2025-09-01,SKU1391,Warehouse,1.245,1.0041,0.0,0.0,0.0,0.0,0.0,0.0,0.0,0.0,Product 1391,TK,TK(7)G,CANDYLAND,Supplier 63
2025-09-01,SKU1399,Warehouse,3.071,2.4766,0.0,0.0,0.0,0.0,0.0,0.0,0.0,0.0,Product 1399,TK,"TK(7,5)G",CANDYLAND,Supplier 63
2025-09-01,SKU1400,Store A,2.656,2.1419,0.0,0.0,0.0,0.0,0.0,0.0,0.0,0.0,Product 1400,TK,TK(300)G,CANDYLAND,Supplier 24
2025-09-01,SKU1402,Store C,0.498,0.4016,0.0,0.0,0.0,0.0,0.0,0.0,0.0,0.0,Product 1402,TK,TK(70)ML,CANDYLAND,Supplier 24
2025-09-01,SKU1403,Warehouse,1.577,1.2718,0.0,0.0,0.0,0.0,0.0,0.0,0.0,0.0,Product 1403,TK,TK(85)G,CANDYLAND,Supplier 24
2025-09-01,SKU1406,Store C,1.577,1.2718,0.0,0.0,0.0,0.0,0.0,0.0,0.0,0.0,Product 1406,TK,TK(85)G,CANDYLAND,Supplier 24
2025-09-01,SKU1408,Store B,1.66,1.3387,9.933,6.0,13.0,7.0,11.62,5.1709,0.7968,0.7968,Product 1408,TK,TK(250)G,CANDYLAND,Supplier 24
2025-09-01,SKU1410,Store C,1.66,1.3387,0.0,0.0,0.0,0.0,0.0,0.0,0.0,0.0,Product 1410,TK,TK(250)G,CANDYLAND,Supplier 24
2025-09-01,SKU1414,Store B,1.66,1.3387,0.0,0.0,0.0,0.0,0.0,0.0,0.0,0.0,Product 1414,TK,TK(180)G,CANDYLAND,Supplier 24
2025-09-01,SKU1415,Store A,1.66,1.3387,0.0,0.0,0.0,0.0,0.0,0.0,0.0,0.0,Product 1415,TK,TK(180)G,CANDYLAND,Supplier 24
2025-09-01,SKU1421,Store A,1.245,1.0041,0.0,0.0,0.0,0.0,0.0,0.0,0.0,0.0,Product 1421,TK,TK(144)G,CANDYLAND,Supplier 24
2025-09-01,SKU1421,Warehouse,1.245,1.0041,0.0,0.0,0.0,0.0,0.0,0.0,0.0,0.0,Product 1421,TK,TK(144)G,CANDYLAND,Supplier 24
2025-09-01,SKU1427,Store B,0.913,0.7363,24.233,24.0,26.0,8.0,7.304,3.5856,0.4067,0.4067,Product 1427,TK,TK(20)G,CANDYLAND,Supplier 24
2025-09-01,SKU1432,Warehouse,1.577,1.2718,0.0,0.0,0.0,0.0,0.0,0.0,0.0,0.0,Product 1432,TK,TK(100)G,CANDYLAND,Supplier 24
2025-09-01,SKU1433,Store A,2.905,2.3428,0.0,0.0,0.0,0.0,0.0,0.0,0.0,0.0,Product 1433,TK,TK(300)G,CANDYLAND,Supplier 24
2025-09-01,SKU1435,Store B,0.913,0.7363,21.333,19.0,23.0,26.0,23.738,11.6532,0.4482,0.4482,Product 1435,TK,TK(20)G,CANDYLAND,Supplier 24
2025-09-01,SKU1439,Store B,4.482,3.6145,0.0,0.0,0.0,0.0,0.0,0.0,0.0,0.0,Product 1439,TK,TK(400)G,CANDYLAND,Supplier 17
2025-09-01,SKU1453,Store A,2.158,1.7403,0.0,0.0,0.0,0.0,0.0,0.0,0.0,0.0,Product 1453,TK,TK(85)G,CANDYLAND,Supplier 24
2025-09-01,SKU1453,Store B,2.158,1.7403,0.0,0.0,0.0,0.0,0.0,0.0,0.0,0.0,Product 1453,TK,TK(85)G,CANDYLAND,Supplier 24
2025-09-01,SKU1462,Store C,0.996,0.8032,0.333,0.0,3.0,3.0,2.988,1.2699,0.49,0.49,Product 1462,TK,TK(80)G,CANDYLAND,Supplier 24
2025-09-01,SKU1473,Warehouse,1.245,1.0041,0.0,0.0,0.0,0.0,0.0,0.0,0.0,0.0,Product 1473,TK,TK(175)G,CANDYLAND,Supplier 24
2025-09-01,SKU1492,Store B,0.996,0.8032,0.933,0.0,4.0,18.0,17.928,7.6194,0.4898,0.4898,Product 1492,TK,TK(80)G,CANDYLAND,Supplier 24
2025-09-01,SKU1496,Store B,1.245,1.0041,0.0,0.0,0.0,0.0,0.0,0.0,0.0,0.0,Product 1496,TK,TK(750)ML,CANDYLAND,Supplier 24
2025-09-01,SKU1497,Store B,2.49,2.0081,0.0,0.0,0.0,0.0,0.0,0.0,0.0,0.0,Product 1497,TK,TK(150)G,CANDYLAND,Supplier 24
2025-09-01,SKU1502,Store A,0.83,0.6694,0.9,0.0,3.0,57.0,47.31,13.1285,0.2305,0.2305,Product 1502,TK,"TK(37,5)G",CANDYLAND,Multiple suppliers
2025-09-01,SKU1503,Store B,1.66,1.3387,0.0,0.0,0.0,0.0,0.0,0.0,0.0,0.0,Product 1503,TK,TK(125)G,CANDYLAND,Supplier 24
2025-09-01,SKU1506,Store B,1.079,0.8702,1.2,1.0,2.0,1.0,1.079,0.4814,0.4814,0.4814,Product 1506,TK,TK(100)G,CANDYLAND,Supplier 24
2025-09-01,SKU1507,Store A,1.079,0.8702,0.0,0.0,0.0,2.0,2.158,0.9628,0.0,0.0,Product 1507,TK,TK(100)G,CANDYLAND,Supplier 24
2025-09-01,SKU1507,Warehouse,1.079,0.8702,0.0,0.0,0.0,0.0,0.0,0.0,0.0,0.0,Product 1507,TK,TK(100)G,CANDYLAND,Supplier 24
2025-09-01,SKU1509,Store B,0.83,0.6694,29.066,27.0,32.0,17.0,14.11,6.4906,0.3818,0.3818,Product 1509,TK,TK(200)ML,CANDYLAND,Supplier 24
2025-09-01,SKU1520,Store C,1.494,1.2048,0.0,0.0,0.0,0.0,0.0,0.0,0.0,0.0,Product 1520,TK,TK(100)G,CANDYLAND,Supplier 24
2025-09-01,SKU1528,Store B,1.245,1.0041,0.0,0.0,0.0,0.0,0.0,0.0,0.0,0.0,Product 1528,TK,TK(80)G,CANDYLAND,Supplier 24
2025-09-01,SKU1528,Warehouse,1.245,1.0041,0.0,0.0,0.0,0.0,0.0,0.0,0.0,0.0,Product 1528,TK,TK(80)G,CANDYLAND,Supplier 24
2025-09-01,SKU1537,Store A,1.245,1.0041,0.0,0.0,0.0,0.0,0.0,0.0,0.0,0.0,Product 1537,TK,TK(42)G,CANDYLAND,Supplier 24
2025-09-01,SKU1537,Store B,1.245,1.0041,0.0,0.0,0.0,0.0,0.0,0.0,0.0,0.0,Product 1537,TK,TK(42)G,CANDYLAND,Supplier 24
2025-09-01,SKU1546,Warehouse,0.83,0.6694,24.0,24.0,24.0,0.0,0.0,0.0,0.3818,0.3818,Product 1546,TK,TK(200)ML,CANDYLAND,Supplier 24
2025-09-01,SKU1550,Store B,1.245,1.0041,0.0,0.0,0.0,0.0,0.0,0.0,0.0,0.0,Product 1550,TK,TK(100)G,CANDYLAND,Supplier 24
2025-09-01,SKU1552,Store A,1.826,1.4726,1.933,1.0,3.0,0.0,0.0,0.0,0.8966,0.8966,Product 1552,TK,TK(154)G,CANDYLAND,Supplier 24
2025-09-01,SKU1553,Store A,1.245,1.0041,0.0,0.0,0.0,0.0,0.0,0.0,0.0,0.0,Product 1553,TK,TK(8)G,CANDYLAND,Supplier 24
2025-09-01,SKU1554,Store C,2.905,2.3428,0.0,0.0,0.0,0.0,0.0,0.0,0.0,0.0,Product 1554,TK,TK(400)G,CANDYLAND,Supplier 24
2025-09-01,SKU1560,Store B,0.913,0.7363,0.0,0.0,0.0,29.0,26.477,11.7943,0.0,0.0,Product 1560,TK,"TK(17,5)G",CANDYLAND,Supplier 24
2025-09-01,SKU1564,Warehouse,0.747,0.6024,0.0,0.0,0.0,0.0,0.0,0.0,0.0,0.0,Product 1564,TK,TK(22)G,CANDYLAND,Supplier 24
2025-09-01,SKU1570,Store A,1.245,1.0041,0.0,0.0,0.0,0.0,0.0,0.0,0.0,0.0,Product 1570,TK,TK(70)G,CANDYLAND,Supplier 24
2025-09-01,SKU1575,Store A,1.494,1.2048,0.0,0.0,0.0,0.0,0.0,0.0,0.0,0.0,Product 1575,TK,TK(90)G,CANDYLAND,Supplier 64
2025-09-01,SKU1583,Warehouse,0.415,0.3347,0.0,0.0,0.0,0.0,0.0,0.0,0.0,0.0,Product 1583,TK,"TK(15,6)G",CANDYLAND,Supplier 74
2025-09-01,SKU1584,Store C,0.83,0.6694,0.0,0.0,0.0,0.0,0.0,0.0,0.0,0.0,Product 1584,TK,TK(5)G,CANDYLAND,Supplier 18
2025-09-01,SKU1592,Store C,1.162,0.9371,24.366,9.0,33.0,0.0,0.0,0.0,0.5727,0.5727,Product 1592,TK,TK(345)ML,CANDYLAND,Supplier 07
2025-09-01,SKU1593,Store A,1.162,0.9371,14.1,8.0,20.0,0.0,0.0,0.0,0.5727,0.5727,Product 1593,TK,TK(345)ML,CANDYLAND,Supplier 07
2025-09-01,SKU1595,Warehouse,1.162,0.9371,0.0,0.0,0.0,0.0,0.0,0.0,0.0,0.0,Product 1595,TK,TK(345)ML,CANDYLAND,Supplier 07
2025-09-01,SKU1607,Warehouse,1.411,1.1379,8.8,0.0,24.0,0.0,0.0,0.0,0.664,0.664,Product 1607,TK,TK(330)ML,CANDYLAND,Supplier 07
2025-09-01,SKU1611,Store B,1.411,1.1379,20.533,15.0,24.0,8.0,11.288,5.312,0.664,0.664,Product 1611,TK,TK(330)ML,CANDYLAND,Supplier 07
2025-09-01,SKU1616,Store B,1.411,1.1379,20.2,15.0,25.0,3.0,4.233,1.992,0.664,0.664,Product 1616,TK,TK(330)ML,CANDYLAND,Supplier 07
2025-09-01,SKU1618,Store A,0.996,0.8032,0.0,0.0,0.0,14.0,13.944,6.972,0.0,0.0,Product 1618,TK,TK(250)ML,CANDYLAND,Supplier 07
2025-09-01,SKU1620,Store A,0.996,0.8032,0.0,0.0,0.0,0.0,0.0,0.0,0.0,0.0,Product 1620,TK,TK(250)ML,CANDYLAND,Supplier 07
2025-09-01,SKU1632,Store C,4.897,3.9492,1.233,1.0,2.0,0.0,0.0,0.0,2.5737,2.5737,Product 1632,TK,TK(200)G,CANDYLAND,Supplier 75
2025-09-01,SKU1645,Warehouse,2.656,2.1419,0.0,0.0,0.0,60.0,159.36,65.238,0.0,0.0,Product 1645,TK,TK(126)G,CANDYLAND,Supplier 75
2025-09-01,SKU1649,Store B,2.324,1.8742,13.233,3.0,21.0,11.0,25.564,12.6907,0.9296,0.9296,Product 1649,TK,TK(200)G,CANDYLAND,Supplier 75
2025-09-01,SKU1650,Store B,4.565,3.6815,20.2,19.0,21.0,29.0,132.385,56.8052,1.9505,1.9505,Product 1650,TK,TK(150)G,CANDYLAND,Supplier 75
2025-09-01,SKU1650,Store C,4.565,3.6815,21.033,15.0,27.0,25.0,114.125,48.97,1.9505,1.9505,Product 1650,TK,TK(150)G,CANDYLAND,Supplier 75
2025-09-01,SKU1658,Store A,1.494,1.2048,0.0,0.0,0.0,0.0,0.0,0.0,0.0,0.0,Product 1658,TK,TK(35)G,CANDYLAND,Supplier 18
2025-09-01,SKU1658,Store C,1.494,1.2048,0.0,0.0,0.0,0.0,0.0,0.0,0.0,0.0,Product 1658,TK,TK(35)G,CANDYLAND,Supplier 18
2025-09-01,SKU1662,Store B,0.996,0.8032,0.0,0.0,0.0,0.0,0.0,0.0,0.0,0.0,Product 1662,TK,TK(330)ML,CANDYLAND,Multiple suppliers
2025-09-01,SKU1664,Store A,2.407,1.9411,35.166,34.0,37.0,0.0,0.0,0.0,1.1321,1.1321,Product 1664,TK,TK(100)G,CANDYLAND,Supplier 29
2025-09-01,SKU1669,Store C,1.66,1.3387,0.966,0.0,1.0,0.0,0.0,0.0,0.7143,0.7143,Product 1669,TK,TK(140)G,CANDYLAND,Supplier 76
2025-09-01,SKU1674,Store A,1.494,1.2048,0.0,0.0,0.0,0.0,0.0,0.0,0.0,0.0,Product 1674,TK,TK(140)G,CANDYLAND,Supplier 76
2025-09-01,SKU1676,Store C,1.66,1.3387,0.0,0.0,0.0,0.0,0.0,0.0,0.0,0.0,Product 1676,TK,TK(80)G,CANDYLAND,Supplier 18
2025-09-01,SKU1679,Store C,1.245,1.0041,16.0,16.0,16.0,0.0,0.0,0.0,0.6723,0.6723,Product 1679,TK,TK(8)ML,CANDYLAND,Supplier 18
2025-09-01,SKU1680,Store C,1.66,1.3387,26.466,26.0,27.0,1.0,1.66,0.5976,0.5976,0.5976,Product 1680,TK,TK(25)G,CANDYLAND,Supplier 18
2025-09-01,SKU1683,Store C,1.577,1.2718,0.0,0.0,0.0,0.0,0.0,0.0,0.0,0.0,Product 1683,TK,TK(5)G,CANDYLAND,Supplier 18
2025-09-01,SKU1685,Store A,2.49,2.0081,0.0,0.0,0.0,0.0,0.0,0.0,0.0,0.0,Product 1685,TK,TK(72)G,CANDYLAND,Supplier 42
2025-09-01,SKU1697,Warehouse,1.66,1.3387,20.0,20.0,20.0,0.0,0.0,0.0,0.4897,0.4897,Product 1697,TK,TK(80)G,CANDYLAND,Multiple suppliers
2025-09-01,SKU1701,Store C,1.079,0.8702,17.666,0.0,43.0,0.0,0.0,0.0,0.4897,0.4897,Product 1701,TK,TK(37)G,CANDYLAND,Supplier 74
2025-09-01,SKU1709,Store A,1.411,1.1379,0.0,0.0,0.0,0.0,0.0,0.0,0.0,0.0,Product 1709,TK,TK(26)G,CANDYLAND,Supplier 74
2025-09-01,SKU1731,Store C,3.32,2.6774,0.0,0.0,0.0,0.0,0.0,0.0,0.0,0.0,Product 1731,TK,TK(120)G,CANDYLAND,Supplier 09
2025-09-01,SKU1735,Warehouse,1.494,1.2048,0.0,0.0,0.0,24.0,35.856,9.96,0.0,0.0,Product 1735,TK,TK(40)G,CANDYLAND,Supplier 09
2025-09-01,SKU1753,Store A,1.411,1.1379,0.0,0.0,0.0,0.0,0.0,0.0,0.0,0.0,Product 1753,TK,TK(135)G,CANDYLAND,Supplier 46
2025-09-01,SKU1753,Store B,1.411,1.1379,0.833,0.0,1.0,0.0,0.0,0.0,0.6227,0.6227,Product 1753,TK,TK(135)G,CANDYLAND,Supplier 46
2025-09-01,SKU1753,Store C,1.411,1.1379,2.166,1.0,4.0,0.0,0.0,0.0,0.6227,0.6227,Product 1753,TK,TK(135)G,CANDYLAND,Supplier 46
2025-09-01,SKU1766,Store C,2.158,1.7403,10.166,0.0,24.0,0.0,0.0,0.0,0.6391,0.6391,Product 1766,TK,TK(42)G,CANDYLAND,Multiple suppliers
2025-09-01,SKU1768,Warehouse,2.158,1.7403,55.2,0.0,144.0,0.0,0.0,0.0,0.6391,0.6391,Product 1768,TK,TK(42)G,CANDYLAND,Multiple suppliers
2025-09-01,SKU1777,Store A,1.66,1.3387,0.0,0.0,0.0,0.0,0.0,0.0,0.0,0.0,Product 1777,TK,TK(335)ML,CANDYLAND,Supplier 74
2025-09-01,SKU1777,Warehouse,1.66,1.3387,0.0,0.0,0.0,0.0,0.0,0.0,0.0,0.0,Product 1777,TK,TK(335)ML,CANDYLAND,Supplier 74
2025-09-01,SKU1782,Store B,2.324,1.8742,15.766,13.0,18.0,0.0,0.0,0.0,1.0791,1.0791,Product 1782,TK,TK(175)G,CANDYLAND,Supplier 42
2025-10-01,SKU0015,Store A,2.49,2.0081,19.709,14.0,26.0,0.0,0.0,0.0,0.996,0.996,Product 0015,TK,TK(10)G,CANDYLAND,Supplier 66
2025-10-01,SKU0016,Store B,1.494,1.2048,0.0,0.0,0.0,0.0,0.0,0.0,0.0,0.0,Product 0016,TK,TK(80)G,CANDYLAND,Supplier 64
2025-10-01,SKU0039,Warehouse,1.494,1.2048,0.0,0.0,0.0,0.0,0.0,0.0,0.0,0.0,Product 0039,TK,TK(5)G,CANDYLAND,Supplier 64
2025-10-01,SKU0043,Store B,3.735,3.0121,1.161,0.0,18.0,0.0,0.0,0.0,1.6603,1.6603,Product 0043,TK,TK(20)G,CANDYLAND,Supplier 66
2025-10-01,SKU0047,Store B,1.494,1.2048,0.0,0.0,0.0,0.0,0.0,0.0,0.0,0.0,Product 0047,TK,TK(10)G,CANDYLAND,Supplier 66
2025-10-01,SKU0061,Store A,0.747,0.6024,0.0,0.0,0.0,0.0,0.0,0.0,0.0,0.0,Product 0061,TK,TK(75)G,CANDYLAND,Supplier 68
2025-10-01,SKU0067,Store A,1.079,0.8702,0.0,0.0,0.0,0.0,0.0,0.0,0.0,0.0,Product 0067,TK,TK(200)G,CANDYLAND,Supplier 59
2025-10-01,SKU0070,Store A,1.577,1.2718,15.129,11.0,18.0,19.0,29.963,11.8275,0.6225,0.6225,Product 0070,TK,TK(30)G,CANDYLAND,Supplier 66
2025-10-01,SKU0079,Store C,2.905,2.3428,0.0,0.0,0.0,0.0,0.0,0.0,0.0,0.0,Product 0079,TK,TK(120)G,CANDYLAND,Supplier 66
2025-10-01,SKU0079,Warehouse,2.905,2.3428,0.0,0.0,0.0,0.0,0.0,0.0,0.0,0.0,Product 0079,TK,TK(120)G,CANDYLAND,Supplier 66
2025-10-01,SKU0082,Store C,0.249,0.2008,151.58,144.0,164.0,0.0,0.0,0.0,0.054,0.054,Product 0082,TK,TK(10)G,CANDYLAND,Supplier 66
2025-10-01,SKU0086,Store C,0.913,0.7363,8.87,2.0,10.0,11.0,10.043,4.1085,0.3735,0.3735,Product 0086,TK,TK(90)G,CANDYLAND,Supplier 68
2025-10-01,SKU0091,Store B,0.913,0.7363,11.451,11.0,13.0,11.0,10.043,4.1085,0.3735,0.3735,Product 0091,TK,TK(90)G,CANDYLAND,Supplier 68
2025-10-01,SKU0103,Store A,10.707,8.6347,0.0,0.0,0.0,0.0,0.0,0.0,0.0,0.0,Product 0103,TK,TK(150)G,CANDYLAND,Supplier 73
2025-10-01,SKU0109,Warehouse,10.707,8.6347,0.0,0.0,0.0,0.0,0.0,0.0,0.0,0.0,Product 0109,TK,TK(150)G,CANDYLAND,Supplier 73
2025-10-01,SKU0113,Store A,4.565,3.6815,0.0,0.0,0.0,0.0,0.0,0.0,0.0,0.0,Product 0113,TK,TK(97)G,CANDYLAND,Supplier 73
2025-10-01,SKU0117,Store B,2.407,1.9411,8.483,3.0,13.0,0.0,0.0,0.0,0.9546,0.9546,Product 0117,TK,TK(150)G,CANDYLAND,Multiple suppliers
2025-10-01,SKU0117,Store C,2.407,1.9411,8.0,0.0,14.0,0.0,0.0,0.0,0.9545,0.9545,Product 0117,TK,TK(150)G,CANDYLAND,Multiple suppliers
2025-10-01,SKU0118,Store C,4.15,3.3468,0.0,0.0,0.0,0.0,0.0,0.0,0.0,0.0,Product 0118,TK,TK(400)G,CANDYLAND,Supplier 31
2025-10-01,SKU0119,Store A,1.494,1.2048,31.903,23.0,35.0,9.0,13.446,4.4073,0.5153,0.5153,Product 0119,TK,TK(80)ML,CANDYLAND,Supplier 05
2025-10-01,SKU0128,Store C,2.988,2.4097,0.129,0.0,1.0,0.0,0.0,0.0,1.3016,1.3016,Product 0128,TK,TK(70)G,CANDYLAND,Supplier 05
2025-10-01,SKU0136,Warehouse,2.656,2.1419,0.0,0.0,0.0,0.0,0.0,0.0,0.0,0.0,Product 0136,TK,TK(750)ML,CANDYLAND,Supplier 59
2025-10-01,SKU0142,Store C,1.494,1.2048,0.0,0.0,0.0,0.0,0.0,0.0,0.0,0.0,Product 0142,TK,TK(100)G,CANDYLAND,Supplier 59
2025-10-01,SKU0153,Store B,0.3735,0.3012,157.129,147.0,166.0,0.0,0.0,0.0,0.1231,0.1231,Product 0153,TK,TK(19)G,CANDYLAND,Multiple suppliers
2025-10-01,SKU0154,Store C,1.162,0.9371,68.161,63.0,74.0,32.0,37.184,10.624,0.332,0.332,Product 0154,TK,TK(15)G,CANDYLAND,Supplier 66
2025-10-01,SKU0157,Store C,0.913,0.7363,0.0,0.0,0.0,25.0,22.825,8.9225,0.0,0.0,Product 0157,TK,TK(90)G,CANDYLAND,Supplier 68
2025-10-01,SKU0158,Store A,1.66,1.3387,0.0,0.0,0.0,0.0,0.0,0.0,0.0,0.0,Product 0158,TK,TK(200)G,CANDYLAND,Supplier 59
2025-10-01,SKU0160,Store C,1.66,1.3387,0.0,0.0,0.0,0.0,0.0,0.0,0.0,0.0,Product 0160,TK,TK(200)G,CANDYLAND,Supplier 59
2025-10-01,SKU0160,Warehouse,1.66,1.3387,0.0,0.0,0.0,0.0,0.0,0.0,0.0,0.0,Product 0160,TK,TK(200)G,CANDYLAND,Supplier 59
2025-10-01,SKU0163,Store B,1.494,1.2048,0.0,0.0,0.0,0.0,0.0,0.0,0.0,0.0,Product 0163,TK,TK(200)G,CANDYLAND,Supplier 59
2025-10-01,SKU0166,Store B,1.66,1.3387,23.064,13.0,36.0,0.0,0.0,0.0,0.415,0.415,Product 0166,TK,TK(360)ML,CANDYLAND,Multiple suppliers
2025-10-01,SKU0168,Store B,1.245,1.0041,0.0,0.0,0.0,0.0,0.0,0.0,0.0,0.0,Product 0168,TK,TK(20)G,CANDYLAND,Supplier 64
2025-10-01,SKU0168,Warehouse,1.245,1.0041,0.0,0.0,0.0,0.0,0.0,0.0,0.0,0.0,Product 0168,TK,TK(20)G,CANDYLAND,Supplier 64
2025-10-01,SKU0175,Warehouse,1.411,1.1379,0.0,0.0,0.0,0.0,0.0,0.0,0.0,0.0,Product 0175,TK,TK(84)G,CANDYLAND,Supplier 59
2025-10-01,SKU0177,Store C,1.245,1.0041,0.0,0.0,0.0,0.0,0.0,0.0,0.0,0.0,Product 0177,TK,TK(120)G,CANDYLAND,Supplier 59
2025-10-01,SKU0189,Store C,0.249,0.2008,268.677,266.0,273.0,26.0,6.474,0.6862,0.0264,0.0264,Product 0189,TK,TK(5)G,CANDYLAND,Supplier 68
2025-10-01,SKU0191,Store B,1.079,0.8702,0.0,0.0,0.0,0.0,0.0,0.0,0.0,0.0,Product 0191,TK,TK(50)ML,CANDYLAND,Supplier 59
2025-10-01,SKU0193,Warehouse,1.494,1.2048,0.0,0.0,0.0,0.0,0.0,0.0,0.0,0.0,Product 0193,TK,TK(132)G,CANDYLAND,Supplier 59
2025-10-01,SKU0195,Store A,2.324,1.8742,0.0,0.0,0.0,0.0,0.0,0.0,0.0,0.0,Product 0195,TK,TK(126)G,CANDYLAND,Supplier 59
2025-10-01,SKU0195,Warehouse,2.324,1.8742,0.0,0.0,0.0,0.0,0.0,0.0,0.0,0.0,Product 0195,TK,TK(126)G,CANDYLAND,Supplier 59
2025-10-01,SKU0204,Store A,0.747,0.6024,0.0,0.0,0.0,0.0,0.0,0.0,0.0,0.0,Product 0204,TK,TK(330)ML,CANDYLAND,Supplier 59
2025-10-01,SKU0209,Warehouse,1.245,1.0041,96.0,96.0,96.0,0.0,0.0,0.0,0.5146,0.5146,Product 0209,TK,TK(35)G,CANDYLAND,Supplier 59
2025-10-01,SKU0217,Store C,1.328,1.0709,0.0,0.0,0.0,0.0,0.0,0.0,0.0,0.0,Product 0217,TK,TK(130)G,CANDYLAND,Supplier 59
2025-10-01,SKU0222,Store B,1.162,0.9371,0.0,0.0,0.0,0.0,0.0,0.0,0.0,0.0,Product 0222,TK,TK(27)G,CANDYLAND,Supplier 59
2025-10-01,SKU0225,Store A,3.818,3.0791,0.0,0.0,0.0,0.0,0.0,0.0,0.0,0.0,Product 0225,TK,TK(200)G,CANDYLAND,Supplier 59
2025-10-01,SKU0229,Store B,2.324,1.8742,0.0,0.0,0.0,0.0,0.0,0.0,0.0,0.0,Product 0229,TK,TK(216)G,CANDYLAND,Supplier 59
2025-10-01,SKU0246,Store B,1.245,1.0041,0.0,0.0,0.0,0.0,0.0,0.0,0.0,0.0,Product 0246,TK,TK(250)G,CANDYLAND,Supplier 59
2025-10-01,SKU0248,Store B,1.577,1.2718,0.0,0.0,0.0,27.0,42.579,18.3336,0.0,0.0,Product 0248,TK,TK(46)G,CANDYLAND,Multiple suppliers
2025-10-01,SKU0261,Store B,2.241,1.8072,0.0,0.0,0.0,0.0,0.0,0.0,0.0,0.0,Product 0261,TK,TK(200)G,CANDYLAND,Supplier 59
2025-10-01,SKU0265,Warehouse,1.245,1.0041,0.0,0.0,0.0,0.0,0.0,0.0,0.0,0.0,Product 0265,TK,TK(160)G,CANDYLAND,Supplier 59
2025-10-01,SKU0268,Warehouse,2.49,2.0081,0.0,0.0,0.0,0.0,0.0,0.0,0.0,0.0,Product 0268,TK,TK(113)G,CANDYLAND,Multiple suppliers
2025-10-01,SKU0272,Warehouse,1.66,1.3387,0.0,0.0,0.0,0.0,0.0,0.0,0.0,0.0,Product 0272,TK,TK(150)G,CANDYLAND,Supplier 59
2025-10-01,SKU0280,Store A,0.249,0.2008,0.0,0.0,0.0,0.0,0.0,0.0,0.0,0.0,Product 0280,TK,TK(12)G,CANDYLAND,Supplier 59
2025-10-01,SKU0280,Store B,0.249,0.2008,0.0,0.0,0.0,0.0,0.0,0.0,0.0,0.0,Product 0280,TK,TK(12)G,CANDYLAND,Supplier 59
2025-10-01,SKU0285,Warehouse,1.66,1.3387,0.0,0.0,0.0,0.0,0.0,0.0,0.0,0.0,Product 0285,TK,TK(40)ML,CANDYLAND,Supplier 59
2025-10-01,SKU0286,Store A,1.245,1.0041,0.0,0.0,0.0,0.0,0.0,0.0,0.0,0.0,Product 0286,TK,TK(120)G,CANDYLAND,Supplier 59
2025-10-01,SKU0293,Warehouse,2.075,1.6734,0.0,0.0,0.0,0.0,0.0,0.0,0.0,0.0,Product 0293,TK,TK(50)G,CANDYLAND,Supplier 66
2025-10-01,SKU0297,Store B,1.66,1.3387,0.0,0.0,0.0,0.0,0.0,0.0,0.0,0.0,Product 0297,TK,TK(150)G,CANDYLAND,Supplier 59
2025-10-01,SKU0312,Warehouse,1.328,1.0709,0.0,0.0,0.0,0.0,0.0,0.0,0.0,0.0,Product 0312,TK,TK(80)G,CANDYLAND,Supplier 59
2025-10-01,SKU0318,Store B,1.411,1.1379,9.032,5.0,15.0,0.0,0.0,0.0,0.7179,0.7179,Product 0318,TK,TK(150)G,CANDYLAND,Supplier 33
2025-10-01,SKU0318,Store C,1.411,1.1379,8.0,8.0,8.0,0.0,0.0,0.0,0.7178,0.7178,Product 0318,TK,TK(150)G,CANDYLAND,Supplier 33
2025-10-01,SKU0319,Store C,1.411,1.1379,4.645,3.0,6.0,0.0,0.0,0.0,0.6872,0.6872,Product 0319,TK,TK(150)G,CANDYLAND,Supplier 33
2025-10-01,SKU0320,Warehouse,1.411,1.1379,10.0,0.0,20.0,0.0,0.0,0.0,0.7178,0.7178,Product 0320,TK,TK(150)G,CANDYLAND,Supplier 33
2025-10-01,SKU0321,Store B,1.411,1.1379,12.709,6.0,16.0,0.0,0.0,0.0,0.7179,0.7179,Product 0321,TK,TK(150)G,CANDYLAND,Supplier 33
2025-10-01,SKU0322,Warehouse,1.411,1.1379,10.0,10.0,10.0,0.0,0.0,0.0,0.7178,0.7178,Product 0322,TK,TK(125)G,CANDYLAND,Supplier 33
2025-10-01,SKU0323,Store C,1.411,1.1379,8.967,6.0,12.0,0.0,0.0,0.0,0.7179,0.7179,Product 0323,TK,TK(150)G,CANDYLAND,Supplier 33
2025-10-01,SKU0336,Store C,1.245,1.0041,0.0,0.0,0.0,0.0,0.0,0.0,0.0,0.0,Product 0336,TK,TK(200)G,CANDYLAND,Supplier 59
2025-10-01,SKU0337,Warehouse,1.3695,1.1044,0.0,0.0,0.0,0.0,0.0,0.0,0.0,0.0,Product 0337,TK,TK(80)G,CANDYLAND,Supplier 59
2025-10-01,SKU0366,Store C,1.079,0.8702,0.0,0.0,0.0,0.0,0.0,0.0,0.0,0.0,Product 0366,TK,TK(85)G,CANDYLAND,Supplier 59
2025-10-01,SKU0370,Store B,2.158,1.7403,0.0,0.0,0.0,0.0,0.0,0.0,0.0,0.0,Product 0370,TK,TK(156)G,CANDYLAND,Supplier 59
2025-10-01,SKU0374,Store A,0.83,0.6694,0.0,0.0,0.0,0.0,0.0,0.0,0.0,0.0,Product 0374,TK,TK(80)G,CANDYLAND,Supplier 59
2025-10-01,SKU0374,Warehouse,0.83,0.6694,0.0,0.0,0.0,0.0,0.0,0.0,0.0,0.0,Product 0374,TK,TK(80)G,CANDYLAND,Supplier 59
2025-10-01,SKU0375,Warehouse,2.49,2.0081,0.0,0.0,0.0,0.0,0.0,0.0,0.0,0.0,Product 0375,TK,TK(99)G,CANDYLAND,Multiple suppliers
2025-10-01,SKU0376,Store C,2.3987,1.9344,0.0,0.0,0.0,0.0,0.0,0.0,0.0,0.0,Product 0376,TK,TK(102)G,CANDYLAND,Multiple suppliers
2025-10-01,SKU0377,Store A,2.3987,1.9344,0.0,0.0,0.0,0.0,0.0,0.0,0.0,0.0,Product 0377,TK,TK(102)G,CANDYLAND,Multiple suppliers
2025-10-01,SKU0377,Store B,2.3987,1.9344,0.0,0.0,0.0,0.0,0.0,0.0,0.0,0.0,Product 0377,TK,TK(102)G,CANDYLAND,Multiple suppliers
2025-10-01,SKU0381,Store B,1.494,1.2048,0.0,0.0,0.0,0.0,0.0,0.0,0.0,0.0,Product 0381,TK,TK(100)G,CANDYLAND,Supplier 59
2025-10-01,SKU0385,Store B,1.826,1.4726,0.0,0.0,0.0,0.0,0.0,0.0,0.0,0.0,Product 0385,TK,TK(80)G,CANDYLAND,Supplier 59
2025-10-01,SKU0398,Warehouse,2.407,1.9411,195.87,168.0,240.0,0.0,0.0,0.0,0.996,0.996,Product 0398,TK,TK(80)G,CANDYLAND,Supplier 59
2025-10-01,SKU0401,Store C,2.905,2.3428,4.838,0.0,18.0,0.0,0.0,0.0,1.1207,1.1207,Product 0401,TK,TK(370)G,CANDYLAND,Supplier 32
2025-10-01,SKU0409,Store A,1.245,1.0041,0.0,0.0,0.0,0.0,0.0,0.0,0.0,0.0,Product 0409,TK,TK(160)G,CANDYLAND,Supplier 59
2025-10-01,SKU0413,Store A,1.494,1.2048,0.0,0.0,0.0,0.0,0.0,0.0,0.0,0.0,Product 0413,TK,TK(160)G,CANDYLAND,Supplier 59
2025-10-01,SKU0425,Store B,0.9545,0.7697,0.0,0.0,0.0,0.0,0.0,0.0,0.0,0.0,Product 0425,TK,TK(240)ML,CANDYLAND,Supplier 59
2025-10-01,SKU0432,Store B,2.49,2.0081,0.0,0.0,0.0,0.0,0.0,0.0,0.0,0.0,Product 0432,TK,TK(127)G,CANDYLAND,Supplier 59
2025-10-01,SKU0443,Warehouse,2.656,2.1419,0.0,0.0,0.0,0.0,0.0,0.0,0.0,0.0,Product 0443,TK,TK(100)G,CANDYLAND,Supplier 59
2025-10-01,SKU0446,Store B,2.241,1.8072,0.0,0.0,0.0,0.0,0.0,0.0,0.0,0.0,Product 0446,TK,TK(180)G,CANDYLAND,Supplier 59
2025-10-01,SKU0460,Store A,2.324,1.8742,0.0,0.0,0.0,0.0,0.0,0.0,0.0,0.0,Product 0460,TK,TK(144)G,CANDYLAND,Supplier 59
2025-10-01,SKU0461,Store B,1.494,1.2048,0.0,0.0,0.0,0.0,0.0,0.0,0.0,0.0,Product 0461,TK,TK(98)G,CANDYLAND,Supplier 59
2025-10-01,SKU0462,Store A,0.415,0.3347,9.064,7.0,12.0,0.0,0.0,0.0,0.1079,0.1079,Product 0462,TK,TK(29)G,CANDYLAND,Supplier 59
2025-10-01,SKU0468,Warehouse,5.727,4.6185,0.0,0.0,0.0,0.0,0.0,0.0,0.0,0.0,Product 0468,TK,TK(484)G,CANDYLAND,Supplier 59
2025-10-01,SKU0482,Store B,2.49,2.0081,0.0,0.0,0.0,0.0,0.0,0.0,0.0,0.0,Product 0482,TK,TK(350)ML,CANDYLAND,Supplier 59
2025-10-01,SKU0500,Store B,1.66,1.3387,0.0,0.0,0.0,0.0,0.0,0.0,0.0,0.0,Product 0500,TK,TK(5)G,CANDYLAND,Supplier 59
2025-10-01,SKU0512,Store B,0.83,0.6694,0.0,0.0,0.0,0.0,0.0,0.0,0.0,0.0,Product 0512,TK,TK(14)G,CANDYLAND,Supplier 59
2025-10-01,SKU0521,Warehouse,1.743,1.4056,0.0,0.0,0.0,0.0,0.0,0.0,0.0,0.0,Product 0521,TK,TK(128)G,CANDYLAND,Supplier 59
2025-10-01,SKU0523,Store C,2.158,1.7403,0.0,0.0,0.0,0.0,0.0,0.0,0.0,0.0,Product 0523,TK,TK(105)G,CANDYLAND,Supplier 59
2025-10-01,SKU0527,Store B,2.324,1.8742,0.0,0.0,0.0,0.0,0.0,0.0,0.0,0.0,Product 0527,TK,TK(120)G,CANDYLAND,Supplier 59
2025-10-01,SKU0531,Store A,2.49,2.0081,0.0,0.0,0.0,0.0,0.0,0.0,0.0,0.0,Product 0531,TK,TK(125)G,CANDYLAND,Supplier 59
2025-10-01,SKU0532,Store A,3.071,2.4766,37.29,21.0,47.0,0.0,0.0,0.0,0.9794,0.9794,Product 0532,TK,TK(120)G,CANDYLAND,Supplier 59
2025-10-01,SKU0542,Store A,2.075,1.6734,0.0,0.0,0.0,0.0,0.0,0.0,0.0,0.0,Product 0542,TK,TK(150)G,CANDYLAND,Supplier 59
2025-10-01,SKU0552,Store B,1.328,1.0709,4.258,0.0,20.0,0.0,0.0,0.0,0.6308,0.6308,Product 0552,TK,"TK(94,5)G",CANDYLAND,Supplier 59
2025-10-01,SKU0553,Store B,1.328,1.0709,29.58,0.0,36.0,0.0,0.0,0.0,0.6308,0.6308,Product 0553,TK,TK(35)G,CANDYLAND,Supplier 59
2025-10-01,SKU0554,Store A,2.656,2.1419,3.387,0.0,15.0,0.0,0.0,0.0,1.1952,1.1952,Product 0554,TK,TK(136)G,CANDYLAND,Supplier 59
2025-10-01,SKU0580,Store C,2.241,1.8072,0.0,0.0,0.0,0.0,0.0,0.0,0.0,0.0,Product 0580,TK,TK(280)G,CANDYLAND,Supplier 17
2025-10-01,SKU0587,Warehouse,2.49,2.0081,0.0,0.0,0.0,0.0,0.0,0.0,0.0,0.0,Product 0587,TK,TK(120)G,CANDYLAND,Supplier 16
2025-10-01,SKU0597,Store C,2.656,2.1419,0.0,0.0,0.0,0.0,0.0,0.0,0.0,0.0,Product 0597,TK,TK(375)G,CANDYLAND,Supplier 17
2025-10-01,SKU0606,Store C,0.996,0.8032,0.0,0.0,0.0,0.0,0.0,0.0,0.0,0.0,Product 0606,TK,TK(330)ML,CANDYLAND,Supplier 18
2025-10-01,SKU0613,Warehouse,1.162,0.9371,84.0,76.0,120.0,0.0,0.0,0.0,0.5561,0.5561,Product 0613,TK,TK(150)G,CANDYLAND,Multiple suppliers
2025-10-01,SKU0632,Store B,1.494,1.2048,0.0,0.0,0.0,0.0,0.0,0.0,0.0,0.0,Product 0632,TK,TK(11)G,CANDYLAND,Supplier 02
2025-10-01,SKU0639,Store C,1.992,1.6065,14.483,12.0,19.0,11.0,21.912,6.5736,0.5976,0.5976,Product 0639,TK,TK(7)G,CANDYLAND,Supplier 02
2025-10-01,SKU0644,Warehouse,4.98,4.0161,0.0,0.0,0.0,0.0,0.0,0.0,0.0,0.0,Product 0644,TK,TK(72)ML,CANDYLAND,Supplier 16
2025-10-01,SKU0646,Warehouse,2.49,2.0081,0.0,0.0,0.0,0.0,0.0,0.0,0.0,0.0,Product 0646,TK,TK(99)G,CANDYLAND,Supplier 16
2025-10-01,SKU0647,Warehouse,2.49,2.0081,0.0,0.0,0.0,0.0,0.0,0.0,0.0,0.0,Product 0647,TK,TK(99)G,CANDYLAND,Supplier 16
2025-10-01,SKU0655,Store C,1.66,1.3387,0.0,0.0,0.0,26.0,43.16,11.2432,0.0,0.0,Product 0655,TK,TK(20)G,CANDYLAND,Supplier 02
2025-10-01,SKU0657,Store B,8.217,6.6266,0.0,0.0,0.0,4.0,32.868,14.8072,0.0,0.0,Product 0657,TK,TK(250)G,CANDYLAND,Supplier 54
2025-10-01,SKU0664,Store A,4.233,3.4137,46.29,27.0,56.0,0.0,0.0,0.0,1.9123,1.9123,Product 0664,TK,TK(100)G,CANDYLAND,Supplier 61
2025-10-01,SKU0667,Store C,4.233,3.4137,21.677,14.0,27.0,0.0,0.0,0.0,1.9542,1.9542,Product 0667,TK,TK(100)G,CANDYLAND,Supplier 61
2025-10-01,SKU0676,Store B,1.577,1.2718,0.0,0.0,0.0,0.0,0.0,0.0,0.0,0.0,Product 0676,TK,"TK(61,3)G",CANDYLAND,Multiple suppliers
2025-10-01,SKU0677,Store A,0.415,0.3347,0.0,0.0,0.0,0.0,0.0,0.0,0.0,0.0,Product 0677,TK,TK(16)G,CANDYLAND,Supplier 74
2025-10-01,SKU0679,Store A,1.245,1.0041,45.29,24.0,54.0,35.0,43.575,17.43,0.498,0.498,Product 0679,TK,TK(5)G,CANDYLAND,Supplier 02
2025-10-01,SKU0679,Store C,1.245,1.0041,24.032,20.0,27.0,18.0,22.41,8.964,0.498,0.498,Product 0679,TK,TK(5)G,CANDYLAND,Supplier 02
2025-10-01,SKU0682,Store B,0.83,0.6694,43.29,41.0,45.0,36.0,29.88,11.3544,0.3154,0.3154,Product 0682,TK,"TK(5,5)G",CANDYLAND,Supplier 66
2025-10-01,SKU0682,Store C,0.83,0.6694,20.354,13.0,31.0,22.0,18.26,6.9388,0.3154,0.3154,Product 0682,TK,"TK(5,5)G",CANDYLAND,Supplier 66
2025-10-01,SKU0684,Warehouse,1.66,1.3387,3.677,0.0,12.0,0.0,0.0,0.0,0.5216,0.5216,Product 0684,TK,TK(120)G,CANDYLAND,Supplier 02
2025-10-01,SKU0687,Warehouse,0.166,0.1339,0.0,0.0,0.0,0.0,0.0,0.0,0.0,0.0,Product 0687,TK,TK(1)TK,CANDYLAND,Supplier 47
2025-10-01,SKU0691,Store A,0.996,0.8032,13.161,12.0,15.0,0.0,0.0,0.0,0.2324,0.2324,Product 0691,TK,TK(40)ML,CANDYLAND,Supplier 02
2025-10-01,SKU0694,Warehouse,0.83,0.6694,0.0,0.0,0.0,252.0,209.16,54.3816,0.0,0.0,Product 0694,TK,TK(56)ML,CANDYLAND,Supplier 02
2025-10-01,SKU0697,Warehouse,1.079,0.8702,0.0,0.0,0.0,0.0,0.0,0.0,0.0,0.0,Product 0697,TK,TK(15)G,CANDYLAND,Supplier 64
2025-10-01,SKU0702,Warehouse,1.162,0.9371,212.903,156.0,348.0,96.0,111.552,33.625,0.3503,0.3503,Product 0702,TK,TK(40)ML,CANDYLAND,Supplier 02
2025-10-01,SKU0704,Store A,0.996,0.8032,0.0,0.0,0.0,0.0,0.0,0.0,0.0,0.0,Product 0704,TK,"TK(3,3)G",CANDYLAND,Supplier 64
2025-10-01,SKU0705,Warehouse,3.735,3.0121,0.0,0.0,0.0,0.0,0.0,0.0,0.0,0.0,Product 0705,TK,TK(360)G,CANDYLAND,Supplier 32
2025-10-01,SKU0709,Store B,0.83,0.6694,5.258,4.0,7.0,0.0,0.0,0.0,0.2,0.2,Product 0709,TK,TK(25)ML,CANDYLAND,Supplier 02
2025-10-01,SKU0712,Warehouse,1.245,1.0041,12.0,12.0,12.0,0.0,0.0,0.0,0.3071,0.3071,Product 0712,TK,TK(60)ML,CANDYLAND,Supplier 02
2025-10-01,SKU0716,Store B,7.885,6.3589,0.0,0.0,0.0,6.0,47.31,21.663,0.0,0.0,Product 0716,TK,TK(250)G,CANDYLAND,Supplier 54
2025-10-01,SKU0724,Store C,2.407,1.9411,2.677,0.0,12.0,9.0,21.663,7.8061,0.8675,0.8675,Product 0724,TK,TK(150)G,CANDYLAND,Supplier 49
2025-10-01,SKU0727,Store B,2.407,1.9411,2.58,0.0,12.0,19.0,45.733,16.4796,0.8675,0.8675,Product 0727,TK,TK(150)G,CANDYLAND,Supplier 49
2025-10-01,SKU0730,Warehouse,0.332,0.2678,0.0,0.0,0.0,0.0,0.0,0.0,0.0,0.0,Product 0730,TK,TK(60)G,CANDYLAND,Supplier 32
2025-10-01,SKU0740,Store B,4.15,3.3468,0.0,0.0,0.0,0.0,0.0,0.0,0.0,0.0,Product 0740,TK,TK(250)G,CANDYLAND,Supplier 38
2025-10-01,SKU0741,Store C,3.735,3.0121,4.451,0.0,10.0,0.0,0.0,0.0,1.7598,1.7598,Product 0741,TK,TK(250)G,CANDYLAND,Supplier 38
2025-10-01,SKU0759,Warehouse,4.067,3.2798,0.0,0.0,0.0,0.0,0.0,0.0,0.0,0.0,Product 0759,TK,TK(250)G,CANDYLAND,Supplier 34
2025-10-01,SKU0760,Warehouse,1.826,1.4726,0.0,0.0,0.0,0.0,0.0,0.0,0.0,0.0,Product 0760,TK,TK(500)G,CANDYLAND,Supplier 11
2025-10-01,SKU0763,Store A,4.15,3.3468,0.0,0.0,0.0,0.0,0.0,0.0,0.0,0.0,Product 0763,TK,TK(260)G,CANDYLAND,Supplier 26
2025-10-01,SKU0764,Store A,1.494,1.2048,0.0,0.0,0.0,0.0,0.0,0.0,0.0,0.0,Product 0764,TK,TK(300)G,CANDYLAND,Multiple suppliers
2025-10-01,SKU0767,Store B,3.735,3.0121,0.0,0.0,0.0,0.0,0.0,0.0,0.0,0.0,Product 0767,TK,TK(360)G,CANDYLAND,Supplier 32
2025-10-01,SKU0768,Store C,1.245,1.0041,0.0,0.0,0.0,0.0,0.0,0.0,0.0,0.0,Product 0768,TK,TK(150)G,CANDYLAND,Supplier 32
2025-10-01,SKU0770,Store A,1.328,1.0709,0.0,0.0,0.0,0.0,0.0,0.0,0.0,0.0,Product 0770,TK,TK(150)G,CANDYLAND,Supplier 32
2025-10-01,SKU0771,Store B,1.245,1.0041,0.0,0.0,0.0,0.0,0.0,0.0,0.0,0.0,Product 0771,TK,TK(150)G,CANDYLAND,Supplier 32
2025-10-01,SKU0777,Store B,0.747,0.6024,0.0,0.0,0.0,0.0,0.0,0.0,0.0,0.0,Product 0777,TK,TK(56)G,CANDYLAND,Supplier 21
2025-10-01,SKU0778,Store C,0.747,0.6024,0.0,0.0,0.0,0.0,0.0,0.0,0.0,0.0,Product 0778,TK,TK(56)G,CANDYLAND,Supplier 21
2025-10-01,SKU0788,Store C,1.826,1.4726,0.0,0.0,0.0,4.0,7.304,1.494,0.0,0.0,Product 0788,TK,TK(75)G,CANDYLAND,Supplier 32
2025-10-01,SKU0790,Warehouse,2.075,1.6734,0.0,0.0,0.0,0.0,0.0,0.0,0.0,0.0,Product 0790,TK,TK(600)G,CANDYLAND,Supplier 72
2025-10-01,SKU0794,Store B,1.328,1.0709,0.0,0.0,0.0,0.0,0.0,0.0,0.0,0.0,Product 0794,TK,TK(90)G,CANDYLAND,Supplier 32
2025-10-01,SKU0799,Store A,3.154,2.5435,18.548,15.0,21.0,5.0,15.77,6.4325,1.2865,1.2865,Product 0799,TK,TK(120)G,CANDYLAND,Supplier 66
2025-10-01,SKU0811,Warehouse,0.83,0.6694,0.0,0.0,0.0,0.0,0.0,0.0,0.0,0.0,Product 0811,TK,TK(40)G,CANDYLAND,Multiple suppliers
2025-10-01,SKU0812,Store C,0.415,0.3347,16.806,5.0,30.0,0.0,0.0,0.0,0.0,0.0,Product 0812,TK,Tükk,CANDYLAND,Multiple suppliers
2025-10-01,SKU0819,Store C,2.075,1.6734,6.548,0.0,13.0,0.0,0.0,0.0,0.9712,0.9712,Product 0819,TK,TK(390)ML,CANDYLAND,Supplier 03
2025-10-01,SKU0823,Warehouse,3.735,3.0121,0.0,0.0,0.0,0.0,0.0,0.0,0.0,0.0,Product 0823,TK,TK(100)G,CANDYLAND,Supplier 44
2025-10-01,SKU0835,Store B,4.98,4.0161,0.0,0.0,0.0,0.0,0.0,0.0,0.0,0.0,Product 0835,TK,TK(200)ML,CANDYLAND,Unknown supplier
2025-10-01,SKU0838,Store A,0.249,0.2008,0.0,0.0,0.0,0.0,0.0,0.0,0.0,0.0,Product 0838,TK,TK(11)G,CANDYLAND,Supplier 02
2025-10-01,SKU0841,Store A,0.2905,0.2343,106.29,18.0,184.0,263.0,76.4015,48.0238,0.1909,0.1909,Product 0841,TK,TK(1)TK,CANDYLAND,Supplier 25
2025-10-01,SKU0849,Store A,0.996,0.8032,0.0,0.0,0.0,0.0,0.0,0.0,0.0,0.0,Product 0849,TK,TK(320)ML,CANDYLAND,Supplier 03
2025-10-01,SKU0860,Warehouse,3.237,2.6105,0.0,0.0,0.0,0.0,0.0,0.0,0.0,0.0,Product 0860,TK,TK(98)G,CANDYLAND,Supplier 23
2025-10-01,SKU0861,Store A,0.498,0.4016,0.0,0.0,0.0,0.0,0.0,0.0,0.0,0.0,Product 0861,TK,TK(13)G,CANDYLAND,Supplier 69
2025-10-01,SKU0871,Store B,5.976,4.8194,0.0,0.0,0.0,0.0,0.0,0.0,0.0,0.0,Product 0871,TK,TK(450)G,CANDYLAND,Supplier 19
2025-10-01,SKU0874,Store B,0.332,0.2678,0.0,0.0,0.0,15.0,4.98,1.8675,0.0,0.0,Product 0874,TK,TK(33)G,CANDYLAND,Supplier 19
2025-10-01,SKU0881,Store B,0.166,0.1339,0.0,0.0,0.0,0.0,0.0,0.0,0.0,0.0,Product 0881,TK,TK(8)G,CANDYLAND,Supplier 69
2025-10-01,SKU0889,Store B,0.581,0.4685,0.0,0.0,0.0,24.0,13.944,4.1832,0.0,0.0,Product 0889,TK,TK(40)G,CANDYLAND,Supplier 02
2025-10-01,SKU0890,Store B,1.66,1.3387,0.0,0.0,0.0,58.0,96.28,28.7396,0.0,0.0,Product 0890,TK,TK(100)G,CANDYLAND,Supplier 02
2025-10-01,SKU0892,Warehouse,1.328,1.0709,0.0,0.0,0.0,0.0,0.0,0.0,0.0,0.0,Product 0892,TK,TK(160)G,CANDYLAND,Supplier 02
2025-10-01,SKU0903,Store A,1.162,0.9371,0.0,0.0,0.0,0.0,0.0,0.0,0.0,0.0,Product 0903,TK,TK(60)ML,CANDYLAND,Supplier 64
2025-10-01,SKU0916,Store A,6.64,5.3548,0.0,0.0,0.0,8.497,56.4201,25.7417,0.0,0.0,Product 0916,KG,KG(1000)G,CANDYLAND,Supplier 69
2025-10-01,SKU0917,Store B,0.996,0.8032,6.516,0.0,17.0,0.0,0.0,0.0,0.3833,0.3833,Product 0917,TK,TK(40)ML,CANDYLAND,Supplier 64
2025-10-01,SKU0937,Store C,18.2185,14.6923,0.0,0.0,0.0,3.0,54.6555,27.7386,0.0,0.0,Product 0937,TK,"TK(118,8)G",CANDYLAND,Supplier 62
2025-10-01,SKU0940,Store C,3.071,2.4766,0.0,0.0,0.0,15.0,46.065,11.703,0.0,0.0,Product 0940,TK,TK(120)G,CANDYLAND,Supplier 56
2025-10-01,SKU0941,Store B,14.027,11.3121,0.354,0.0,1.0,10.0,140.27,64.0677,6.1641,6.1641,Product 0941,TK,TK(205)G,CANDYLAND,Supplier 29
2025-10-01,SKU0941,Store C,14.027,11.3121,0.419,0.0,1.0,9.0,126.243,57.6609,6.1547,6.1547,Product 0941,TK,TK(205)G,CANDYLAND,Supplier 29
2025-10-01,SKU0943,Store B,2.075,1.6734,1.0,1.0,1.0,0.0,0.0,0.0,0.6059,0.6059,Product 0943,TK,TK(144)G,CANDYLAND,Supplier 59
2025-10-01,SKU0946,Store C,2.075,1.6734,0.0,0.0,0.0,0.0,0.0,0.0,0.0,0.0,Product 0946,TK,TK(60)G,CANDYLAND,Supplier 59
2025-10-01,SKU0955,Store B,15.687,12.6508,0.0,0.0,0.0,1.0,15.687,6.6641,0.0,0.0,Product 0955,TK,TK(210)G,CANDYLAND,Supplier 29
2025-10-01,SKU0956,Store B,13.197,10.6428,0.0,0.0,0.0,0.0,0.0,0.0,0.0,0.0,Product 0956,TK,TK(315)G,CANDYLAND,Supplier 29
2025-10-01,SKU0959,Store A,4.897,3.9492,0.0,0.0,0.0,0.0,0.0,0.0,0.0,0.0,Product 0959,TK,TK(180)G,CANDYLAND,Supplier 55
2025-10-01,SKU0959,Store B,4.897,3.9492,0.0,0.0,0.0,0.0,0.0,0.0,0.0,0.0,Product 0959,TK,TK(180)G,CANDYLAND,Supplier 55
2025-10-01,SKU0961,Store C,4.9385,3.9827,0.0,0.0,0.0,0.0,0.0,0.0,0.0,0.0,Product 0961,TK,TK(215)G,CANDYLAND,Supplier 55
2025-10-01,SKU0963,Store C,4.648,3.7484,0.0,0.0,0.0,3.0,13.944,5.8266,0.0,0.0,Product 0963,TK,TK(400)G,CANDYLAND,Supplier 31
2025-10-01,SKU0964,Store C,3.486,2.8113,0.0,0.0,0.0,0.0,0.0,0.0,0.0,0.0,Product 0964,TK,TK(200)G,CANDYLAND,Supplier 31
2025-10-01,SKU0967,Store C,4.15,3.3468,0.0,0.0,0.0,0.0,0.0,0.0,0.0,0.0,Product 0967,TK,TK(185)G,CANDYLAND,Supplier 71
2025-10-01,SKU0977,Store A,1.66,1.3387,0.0,0.0,0.0,0.0,0.0,0.0,0.0,0.0,Product 0977,TK,TK(178)G,CANDYLAND,Supplier 71
2025-10-01,SKU0987,Store C,1.328,1.0709,0.0,0.0,0.0,0.0,0.0,0.0,0.0,0.0,Product 0987,TK,TK(128)G,CANDYLAND,Supplier 46
2025-10-01,SKU0989,Store C,2.49,2.0081,0.0,0.0,0.0,0.0,0.0,0.0,0.0,0.0,Product 0989,TK,TK(120)G,CANDYLAND,Supplier 46
2025-10-01,SKU0992,Store C,0.83,0.6694,13.58,0.0,19.0,0.0,0.0,0.0,0.3237,0.3237,Product 0992,TK,TK(90)G,CANDYLAND,Supplier 06
2025-10-01,SKU1002,Store C,1.245,1.0041,0.0,0.0,0.0,0.0,0.0,0.0,0.0,0.0,Product 1002,TK,TK(48)G,CANDYLAND,Supplier 19
2025-10-01,SKU1005,Store A,0.996,0.8032,0.0,0.0,0.0,0.0,0.0,0.0,0.0,0.0,Product 1005,TK,TK(450)ML,CANDYLAND,Supplier 03
2025-10-01,SKU1009,Store B,1.328,1.0709,8.612,0.0,23.0,31.0,41.168,14.4088,0.44,0.44,Product 1009,TK,TK(500)ML,CANDYLAND,Supplier 03
2025-10-01,SKU1010,Store B,0.996,0.8032,0.0,0.0,0.0,0.0,0.0,0.0,0.0,0.0,Product 1010,TK,TK(500)ML,CANDYLAND,Supplier 03
2025-10-01,SKU1018,Store C,0.664,0.5355,0.0,0.0,0.0,0.0,0.0,0.0,0.0,0.0,Product 1018,TK,TK(330)ML,CANDYLAND,Supplier 03
2025-10-01,SKU1019,Store A,0.747,0.6024,0.0,0.0,0.0,0.0,0.0,0.0,0.0,0.0,Product 1019,TK,TK(330)ML,CANDYLAND,Supplier 03
2025-10-01,SKU1029,Warehouse,1.328,1.0709,0.0,0.0,0.0,0.0,0.0,0.0,0.0,0.0,Product 1029,TK,TK(150)G,CANDYLAND,Supplier 45
2025-10-01,SKU1030,Store A,0.913,0.7363,0.0,0.0,0.0,0.0,0.0,0.0,0.0,0.0,Product 1030,TK,TK(130)G,CANDYLAND,Supplier 69
2025-10-01,SKU1043,Store A,2.656,2.1419,0.0,0.0,0.0,0.0,0.0,0.0,0.0,0.0,Product 1043,TK,TK(750)ML,CANDYLAND,Supplier 03
2025-10-01,SKU1046,Store A,2.656,2.1419,0.0,0.0,0.0,0.0,0.0,0.0,0.0,0.0,Product 1046,TK,TK(750)ML,CANDYLAND,Supplier 03
2025-10-01,SKU1055,Store C,0.415,0.3347,0.0,0.0,0.0,0.0,0.0,0.0,0.0,0.0,Product 1055,TK,TK(200)ML,CANDYLAND,Supplier 77
2025-10-01,SKU1070,Store C,1.328,1.0709,0.0,0.0,0.0,31.0,41.168,12.5871,0.0,0.0,Product 1070,TK,TK(75)G,CANDYLAND,Supplier 02
2025-10-01,SKU1077,Store C,1.66,1.3387,15.064,4.0,27.0,0.0,0.0,0.0,0.6557,0.6557,Product 1077,TK,TK(135)G,CANDYLAND,Supplier 02
2025-10-01,SKU1079,Warehouse,1.577,1.2718,24.0,24.0,24.0,60.0,94.62,22.659,0.3776,0.3776,Product 1079,TK,TK(40)G,CANDYLAND,Supplier 02
2025-10-01,SKU1081,Store A,1.245,1.0041,8.322,3.0,10.0,0.0,0.0,0.0,0.3818,0.3818,Product 1081,TK,TK(50)G,CANDYLAND,Supplier 02
2025-10-01,SKU1081,Warehouse,1.245,1.0041,0.0,0.0,0.0,0.0,0.0,0.0,0.0,0.0,Product 1081,TK,TK(50)G,CANDYLAND,Supplier 02
2025-10-01,SKU1082,Store C,1.245,1.0041,12.419,12.0,13.0,0.0,0.0,0.0,0.3735,0.3735,Product 1082,TK,TK(50)G,CANDYLAND,Supplier 02
2025-10-01,SKU1083,Store C,0.2075,0.1673,0.0,0.0,0.0,0.0,0.0,0.0,0.0,0.0,Product 1083,TK,TK(10)G,CANDYLAND,Supplier 02
2025-10-01,SKU1084,Store A,1.245,1.0041,0.0,0.0,0.0,7.0,8.715,2.2368,0.0,0.0,Product 1084,TK,TK(25)G,CANDYLAND,Supplier 02
2025-10-01,SKU1091,Store B,0.166,0.1339,0.0,0.0,0.0,0.0,0.0,0.0,0.0,0.0,Product 1091,TK,TK(7)G,CANDYLAND,Supplier 51
2025-10-01,SKU1098,Store B,1.328,1.0709,0.0,0.0,0.0,0.0,0.0,0.0,0.0,0.0,Product 1098,TK,TK(46)G,CANDYLAND,Supplier 09
2025-10-01,SKU1111,Store A,0.747,0.6024,0.0,0.0,0.0,0.0,0.0,0.0,0.0,0.0,Product 1111,TK,TK(75)G,CANDYLAND,Supplier 41
2025-10-01,SKU1115,Store C,1.328,1.0709,0.0,0.0,0.0,0.0,0.0,0.0,0.0,0.0,Product 1115,TK,TK(150)G,CANDYLAND,Supplier 41
2025-10-01,SKU1118,Store C,3.32,2.6774,0.0,0.0,0.0,0.0,0.0,0.0,0.0,0.0,Product 1118,TK,TK(125)G,CANDYLAND,Supplier 26
2025-10-01,SKU1122,Store B,3.818,3.0791,0.0,0.0,0.0,0.0,0.0,0.0,0.0,0.0,Product 1122,TK,TK(250)G,CANDYLAND,Supplier 26
2025-10-01,SKU1122,Warehouse,3.818,3.0791,0.0,0.0,0.0,0.0,0.0,0.0,0.0,0.0,Product 1122,TK,TK(250)G,CANDYLAND,Supplier 26
2025-10-01,SKU1123,Store B,5.146,4.15,0.0,0.0,0.0,0.0,0.0,0.0,0.0,0.0,Product 1123,TK,TK(250)G,CANDYLAND,Supplier 26
2025-10-01,SKU1154,Warehouse,2.656,2.1419,0.0,0.0,0.0,0.0,0.0,0.0,0.0,0.0,Product 1154,TK,TK(125)G,CANDYLAND,Supplier 26
2025-10-01,SKU1158,Store B,2.656,2.1419,0.0,0.0,0.0,0.0,0.0,0.0,0.0,0.0,Product 1158,TK,TK(125)G,CANDYLAND,Supplier 26
2025-10-01,SKU1171,Store B,2.075,1.6734,0.0,0.0,0.0,0.0,0.0,0.0,0.0,0.0,Product 1171,TK,TK(100)G,CANDYLAND,Supplier 26
2025-10-01,SKU1175,Store B,3.237,2.6105,0.0,0.0,0.0,0.0,0.0,0.0,0.0,0.0,Product 1175,TK,TK(150)G,CANDYLAND,Supplier 34
2025-10-01,SKU1180,Store C,2.075,1.6734,0.0,0.0,0.0,0.0,0.0,0.0,0.0,0.0,Product 1180,TK,TK(107)G,CANDYLAND,Supplier 26
2025-10-01,SKU1191,Warehouse,3.237,2.6105,0.0,0.0,0.0,0.0,0.0,0.0,0.0,0.0,Product 1191,TK,TK(132)G,CANDYLAND,Supplier 26
2025-10-01,SKU1193,Warehouse,3.818,3.0791,0.0,0.0,0.0,0.0,0.0,0.0,0.0,0.0,Product 1193,TK,TK(90)G,CANDYLAND,Supplier 23
2025-10-01,SKU1197,Store A,1.992,1.6065,0.0,0.0,0.0,2.0,3.984,1.8937,0.0,0.0,Product 1197,TK,TK(54)G,CANDYLAND,Supplier 43
2025-10-01,SKU1200,Store A,1.162,0.9371,0.0,0.0,0.0,5.0,5.81,2.6975,0.0,0.0,Product 1200,TK,TK(130)G,CANDYLAND,Unknown supplier
2025-10-01,SKU1202,Store C,2.49,2.0081,0.0,0.0,0.0,5.0,12.45,6.1835,0.0,0.0,Product 1202,TK,TK(195)G,CANDYLAND,Multiple suppliers
2025-10-01,SKU1204,Store C,2.324,1.8742,0.0,0.0,0.0,0.0,0.0,0.0,0.0,0.0,Product 1204,TK,TK(180)G,CANDYLAND,Supplier 39
2025-10-01,SKU1218,Store C,1.494,1.2048,1.258,0.0,6.0,0.0,0.0,0.0,0.6308,0.6308,Product 1218,TK,TK(125)G,CANDYLAND,Supplier 24
2025-10-01,SKU1233,Store B,1.245,1.0041,0.0,0.0,0.0,1.0,1.245,0.5146,0.0,0.0,Product 1233,TK,TK(100)G,CANDYLAND,Supplier 17
2025-10-01,SKU1234,Store C,1.909,1.5395,0.0,0.0,0.0,0.0,0.0,0.0,0.0,0.0,Product 1234,TK,TK(100)G,CANDYLAND,Supplier 24
2025-10-01,SKU1236,Store C,1.245,1.0041,22.387,20.0,24.0,6.0,7.47,2.9382,0.4897,0.4897,Product 1236,TK,TK(5)G,CANDYLAND,Supplier 04
2025-10-01,SKU1242,Warehouse,0.747,0.6024,5.806,0.0,30.0,0.0,0.0,0.0,0.2158,0.2158,Product 1242,TK,TK(100)G,CANDYLAND,Supplier 30
2025-10-01,SKU1260,Store C,1.079,0.8702,0.0,0.0,0.0,0.0,0.0,0.0,0.0,0.0,Product 1260,TK,TK(210)ML,CANDYLAND,Supplier 24
2025-10-01,SKU1262,Store A,2.324,1.8742,0.0,0.0,0.0,0.0,0.0,0.0,0.0,0.0,Product 1262,TK,TK(200)G,CANDYLAND,Supplier 24
2025-10-01,SKU1265,Store B,1.66,1.3387,0.0,0.0,0.0,0.0,0.0,0.0,0.0,0.0,Product 1265,TK,TK(100)G,CANDYLAND,Supplier 48
2025-10-01,SKU1265,Store C,1.66,1.3387,0.0,0.0,0.0,0.0,0.0,0.0,0.0,0.0,Product 1265,TK,TK(100)G,CANDYLAND,Supplier 48
2025-10-01,SKU1269,Warehouse,1.494,1.2048,0.0,0.0,0.0,0.0,0.0,0.0,0.0,0.0,Product 1269,TK,TK(125)G,CANDYLAND,Supplier 24
2025-10-01,SKU1270,Store B,1.494,1.2048,2.612,0.0,12.0,7.0,10.458,4.2994,0.6144,0.6144,Product 1270,TK,TK(125)G,CANDYLAND,Supplier 24
2025-10-01,SKU1274,Warehouse,1.66,1.3387,37.161,0.0,96.0,0.0,0.0,0.0,0.8549,0.8549,Product 1274,TK,TK(75)G,CANDYLAND,Supplier 24
2025-10-01,SKU1275,Warehouse,1.245,1.0041,0.0,0.0,0.0,0.0,0.0,0.0,0.0,0.0,Product 1275,TK,TK(75)G,CANDYLAND,Supplier 24
2025-10-01,SKU1282,Store C,1.162,0.9371,0.0,0.0,0.0,0.0,0.0,0.0,0.0,0.0,Product 1282,TK,TK(100)G,CANDYLAND,Supplier 24
2025-10-01,SKU1285,Warehouse,0.996,0.8032,0.0,0.0,0.0,0.0,0.0,0.0,0.0,0.0,Product 1285,TK,TK(100)G,CANDYLAND,Supplier 24
2025-10-01,SKU1288,Store C,1.494,1.2048,0.0,0.0,0.0,0.0,0.0,0.0,0.0,0.0,Product 1288,TK,TK(100)G,CANDYLAND,Supplier 24
2025-10-01,SKU1297,Store C,2.324,1.8742,15.451,0.0,31.0,0.0,0.0,0.0,1.0043,1.0043,Product 1297,TK,TK(154)G,CANDYLAND,Supplier 06
2025-10-01,SKU1298,Store A,3.154,2.5435,0.0,0.0,0.0,13.0,41.002,12.4085,0.0,0.0,Product 1298,TK,TK(150)G,CANDYLAND,Supplier 06
2025-10-01,SKU1299,Store B,1.162,0.9371,0.0,0.0,0.0,0.0,0.0,0.0,0.0,0.0,Product 1299,TK,TK(200)G,CANDYLAND,Supplier 17
2025-10-01,SKU1305,Store A,2.075,1.6734,0.0,0.0,0.0,2.0,4.15,1.245,0.0,0.0,Product 1305,TK,TK(100)G,CANDYLAND,Multiple suppliers
2025-10-01,SKU1308,Store C,3.071,2.4766,0.0,0.0,0.0,0.0,0.0,0.0,0.0,0.0,Product 1308,TK,TK(300)G,CANDYLAND,Supplier 24
2025-10-01,SKU1318,Warehouse,2.324,1.8742,0.0,0.0,0.0,0.0,0.0,0.0,0.0,0.0,Product 1318,TK,TK(200)G,CANDYLAND,Supplier 24
2025-10-01,SKU1329,Store C,1.577,1.2718,2.709,1.0,6.0,0.0,0.0,0.0,0.6559,0.6559,Product 1329,TK,TK(45)G,CANDYLAND,Supplier 24
2025-10-01,SKU1332,Warehouse,1.328,1.0709,222.516,195.0,252.0,166.0,220.448,95.0682,0.5727,0.5727,Product 1332,TK,TK(500)ML,CANDYLAND,Supplier 03
2025-10-01,SKU1334,Store C,0.996,0.8032,0.0,0.0,0.0,0.0,0.0,0.0,0.0,0.0,Product 1334,TK,TK(500)ML,CANDYLAND,Supplier 03
2025-10-01,SKU1336,Store C,0.747,0.6024,0.0,0.0,0.0,0.0,0.0,0.0,0.0,0.0,Product 1336,TK,TK(240)ML,CANDYLAND,Supplier 03
2025-10-01,SKU1343,Store C,1.079,0.8702,0.0,0.0,0.0,0.0,0.0,0.0,0.0,0.0,Product 1343,TK,TK(100)G,CANDYLAND,Supplier 24
2025-10-01,SKU1346,Warehouse,1.3695,1.1044,0.0,0.0,0.0,0.0,0.0,0.0,0.0,0.0,Product 1346,TK,TK(64)G,CANDYLAND,Supplier 24
2025-10-01,SKU1351,Store C,2.905,2.3428,0.0,0.0,0.0,0.0,0.0,0.0,0.0,0.0,Product 1351,TK,TK(400)G,CANDYLAND,Supplier 24
2025-10-01,SKU1365,Store B,0.332,0.2678,0.0,0.0,0.0,76.0,25.232,10.7236,0.0,0.0,Product 1365,TK,"TK(13,5)G",CANDYLAND,Supplier 59
2025-10-01,SKU1366,Store C,1.245,1.0041,0.0,0.0,0.0,0.0,0.0,0.0,0.0,0.0,Product 1366,TK,TK(240)ML,CANDYLAND,Supplier 52
2025-10-01,SKU1370,Store C,0.83,0.6694,9.935,1.0,31.0,3.0,2.49,1.2201,0.4067,0.4067,Product 1370,TK,TK(39)G,CANDYLAND,Supplier 24
2025-10-01,SKU1373,Store A,1.328,1.0709,0.0,0.0,0.0,0.0,0.0,0.0,0.0,0.0,Product 1373,TK,TK(20)G,CANDYLAND,Supplier 17
2025-10-01,SKU1373,Warehouse,1.328,1.0709,0.0,0.0,0.0,0.0,0.0,0.0,0.0,0.0,Product 1373,TK,TK(20)G,CANDYLAND,Supplier 17
2025-10-01,SKU1374,Store C,1.909,1.5395,0.0,0.0,0.0,0.0,0.0,0.0,0.0,0.0,Product 1374,TK,TK(17)G,CANDYLAND,Supplier 17
2025-10-01,SKU1379,Warehouse,5.81,4.6855,0.0,0.0,0.0,0.0,0.0,0.0,0.0,0.0,Product 1379,TK,TK(119)G,CANDYLAND,Supplier 28
2025-10-01,SKU1381,Warehouse,1.577,1.2718,0.0,0.0,0.0,0.0,0.0,0.0,0.0,0.0,Product 1381,TK,TK(10)G,CANDYLAND,Supplier 17
2025-10-01,SKU1383,Store A,3.154,2.5435,1.741,0.0,8.0,0.0,0.0,0.0,1.42,1.42,Product 1383,TK,TK(170)G,CANDYLAND,Multiple suppliers
2025-10-01,SKU1385,Store C,4.9385,3.9827,0.0,0.0,0.0,0.0,0.0,0.0,0.0,0.0,Product 1385,TK,TK(5)G,CANDYLAND,Supplier 17
2025-10-01,SKU1394,Store C,2.075,1.6734,14.774,11.0,18.0,5.0,10.375,3.569,0.7138,0.7138,Product 1394,TK,TK(40)G,CANDYLAND,Supplier 24
2025-10-01,SKU1400,Store A,2.656,2.1419,0.0,0.0,0.0,0.0,0.0,0.0,0.0,0.0,Product 1400,TK,TK(300)G,CANDYLAND,Supplier 24
2025-10-01,SKU1402,Store B,0.498,0.4016,0.0,0.0,0.0,0.0,0.0,0.0,0.0,0.0,Product 1402,TK,TK(70)ML,CANDYLAND,Supplier 24
2025-10-01,SKU1402,Warehouse,0.498,0.4016,0.0,0.0,0.0,0.0,0.0,0.0,0.0,0.0,Product 1402,TK,TK(70)ML,CANDYLAND,Supplier 24
2025-10-01,SKU1403,Store A,1.577,1.2718,0.0,0.0,0.0,0.0,0.0,0.0,0.0,0.0,Product 1403,TK,TK(85)G,CANDYLAND,Supplier 24
2025-10-01,SKU1403,Warehouse,1.577,1.2718,0.0,0.0,0.0,0.0,0.0,0.0,0.0,0.0,Product 1403,TK,TK(85)G,CANDYLAND,Supplier 24
2025-10-01,SKU1414,Warehouse,1.66,1.3387,0.0,0.0,0.0,0.0,0.0,0.0,0.0,0.0,Product 1414,TK,TK(180)G,CANDYLAND,Supplier 24
2025-10-01,SKU1415,Warehouse,1.66,1.3387,0.0,0.0,0.0,0.0,0.0,0.0,0.0,0.0,Product 1415,TK,TK(180)G,CANDYLAND,Supplier 24
2025-10-01,SKU1418,Store B,0.664,0.5355,16.064,0.0,72.0,20.0,13.28,6.142,0.3071,0.3071,Product 1418,TK,"TK(21,5)G",CANDYLAND,Supplier 24
2025-10-01,SKU1418,Warehouse,0.664,0.5355,95.225,0.0,216.0,0.0,0.0,0.0,0.3071,0.3071,Product 1418,TK,"TK(21,5)G",CANDYLAND,Supplier 24
2025-10-01,SKU1419,Store A,0.664,0.5355,40.387,39.0,41.0,30.0,19.92,8.964,0.3071,0.3071,Product 1419,TK,"TK(21,5)G",CANDYLAND,Supplier 24
2025-10-01,SKU1428,Store B,1.079,0.8702,0.0,0.0,0.0,0.0,0.0,0.0,0.0,0.0,Product 1428,TK,TK(100)G,CANDYLAND,Supplier 24
2025-10-01,SKU1432,Warehouse,1.577,1.2718,25.806,0.0,64.0,0.0,0.0,0.0,0.7553,0.7553,Product 1432,TK,TK(100)G,CANDYLAND,Supplier 24
2025-10-01,SKU1433,Warehouse,2.905,2.3428,0.0,0.0,0.0,0.0,0.0,0.0,0.0,0.0,Product 1433,TK,TK(300)G,CANDYLAND,Supplier 24
2025-10-01,SKU1448,Store C,2.324,1.8742,0.0,0.0,0.0,0.0,0.0,0.0,0.0,0.0,Product 1448,TK,TK(200)G,CANDYLAND,Supplier 24
2025-10-01,SKU1452,Warehouse,2.158,1.7403,0.0,0.0,0.0,0.0,0.0,0.0,0.0,0.0,Product 1452,TK,TK(85)G,CANDYLAND,Supplier 24
2025-10-01,SKU1453,Warehouse,2.158,1.7403,0.0,0.0,0.0,0.0,0.0,0.0,0.0,0.0,Product 1453,TK,TK(85)G,CANDYLAND,Supplier 24
2025-10-01,SKU1469,Warehouse,3.32,2.6774,0.0,0.0,0.0,0.0,0.0,0.0,0.0,0.0,Product 1469,TK,TK(200)G,CANDYLAND,Supplier 24
2025-10-01,SKU1472,Store A,1.245,1.0041,2.129,2.0,3.0,0.0,0.0,0.0,0.4897,0.4897,Product 1472,TK,TK(175)G,CANDYLAND,Supplier 24
2025-10-01,SKU1479,Store A,1.245,1.0041,0.0,0.0,0.0,11.0,13.695,5.8432,0.0,0.0,Product 1479,TK,TK(160)G,CANDYLAND,Supplier 24
2025-10-01,SKU1485,Store B,0.332,0.2678,66.451,0.0,300.0,0.0,0.0,0.0,0.1278,0.1278,Product 1485,TK,TK(5)G,CANDYLAND,Multiple suppliers
2025-10-01,SKU1486,Store A,1.494,1.2048,0.0,0.0,0.0,0.0,0.0,0.0,0.0,0.0,Product 1486,TK,TK(100)G,CANDYLAND,Supplier 24
2025-10-01,SKU1486,Warehouse,1.494,1.2048,0.0,0.0,0.0,0.0,0.0,0.0,0.0,0.0,Product 1486,TK,TK(100)G,CANDYLAND,Supplier 24
2025-10-01,SKU1499,Warehouse,1.245,1.0041,0.0,0.0,0.0,0.0,0.0,0.0,0.0,0.0,Product 1499,TK,TK(40)G,CANDYLAND,Supplier 59
2025-10-01,SKU1507,Store A,1.079,0.8702,2.548,0.0,12.0,2.0,2.158,0.9628,0.4815,0.4815,Product 1507,TK,TK(100)G,CANDYLAND,Supplier 24
2025-10-01,SKU1509,Store C,0.83,0.6694,23.258,20.0,26.0,18.0,14.94,6.8724,0.3818,0.3818,Product 1509,TK,TK(200)ML,CANDYLAND,Supplier 24
2025-10-01,SKU1509,Warehouse,0.83,0.6694,24.0,24.0,24.0,0.0,0.0,0.0,0.3818,0.3818,Product 1509,TK,TK(200)ML,CANDYLAND,Supplier 24
2025-10-01,SKU1511,Store A,0.83,0.6694,23.903,22.0,26.0,18.0,14.94,6.8724,0.3818,0.3818,Product 1511,TK,TK(200)ML,CANDYLAND,Supplier 24
2025-10-01,SKU1520,Store A,1.494,1.2048,0.0,0.0,0.0,0.0,0.0,0.0,0.0,0.0,Product 1520,TK,TK(100)G,CANDYLAND,Supplier 24
2025-10-01,SKU1521,Warehouse,1.66,1.3387,25.741,0.0,70.0,0.0,0.0,0.0,0.7387,0.7387,Product 1521,TK,TK(250)G,CANDYLAND,Supplier 24
2025-10-01,SKU1524,Store C,2.075,1.6734,6.709,0.0,24.0,29.0,60.175,26.9584,0.9297,0.9297,Product 1524,TK,TK(20)G,CANDYLAND,Supplier 24
2025-10-01,SKU1531,Store A,1.66,1.3387,0.0,0.0,0.0,0.0,0.0,0.0,0.0,0.0,Product 1531,TK,TK(17)G,CANDYLAND,Supplier 24
2025-10-01,SKU1536,Store B,0.996,0.8032,4.064,0.0,18.0,9.0,8.964,3.8097,0.4234,0.4234,Product 1536,TK,TK(80)G,CANDYLAND,Supplier 24
2025-10-01,SKU1539,Store A,2.075,1.6734,0.0,0.0,0.0,0.0,0.0,0.0,0.0,0.0,Product 1539,TK,TK(2)L,CANDYLAND,Supplier 24
2025-10-01,SKU1552,Warehouse,1.826,1.4726,0.0,0.0,0.0,0.0,0.0,0.0,0.0,0.0,Product 1552,TK,TK(154)G,CANDYLAND,Supplier 24
2025-10-01,SKU1563,Store A,0.913,0.7363,0.0,0.0,0.0,14.0,12.782,5.6938,0.0,0.0,Product 1563,TK,"TK(17,5)G",CANDYLAND,Supplier 24
2025-10-01,SKU1566,Store B,0.747,0.6024,0.0,0.0,0.0,0.0,0.0,0.0,0.0,0.0,Product 1566,TK,TK(22)G,CANDYLAND,Supplier 24
2025-10-01,SKU1578,Store B,4.067,3.2798,0.0,0.0,0.0,0.0,0.0,0.0,0.0,0.0,Product 1578,TK,TK(200)G,CANDYLAND,Supplier 13
2025-10-01,SKU1578,Store C,4.067,3.2798,0.0,0.0,0.0,0.0,0.0,0.0,0.0,0.0,Product 1578,TK,TK(200)G,CANDYLAND,Supplier 13
2025-10-01,SKU1582,Warehouse,4.067,3.2798,0.0,0.0,0.0,0.0,0.0,0.0,0.0,0.0,Product 1582,TK,TK(200)G,CANDYLAND,Supplier 13
2025-10-01,SKU1583,Store A,0.415,0.3347,0.0,0.0,0.0,0.0,0.0,0.0,0.0,0.0,Product 1583,TK,"TK(15,6)G",CANDYLAND,Supplier 74
2025-10-01,SKU1583,Warehouse,0.415,0.3347,0.0,0.0,0.0,0.0,0.0,0.0,0.0,0.0,Product 1583,TK,"TK(15,6)G",CANDYLAND,Supplier 74
2025-10-01,SKU1610,Store C,1.411,1.1379,13.193,8.0,19.0,17.0,23.987,11.288,0.664,0.664,Product 1610,TK,TK(330)ML,CANDYLAND,Supplier 07
2025-10-01,SKU1616,Store A,1.411,1.1379,17.838,12.0,24.0,3.0,4.233,1.992,0.664,0.664,Product 1616,TK,TK(330)ML,CANDYLAND,Supplier 07
2025-10-01,SKU1617,Store A,0.996,0.8032,0.0,0.0,0.0,1.0,0.996,0.498,0.0,0.0,Product 1617,TK,TK(250)ML,CANDYLAND,Supplier 07
2025-10-01,SKU1617,Store B,0.996,0.8032,0.0,0.0,0.0,0.0,0.0,0.0,0.0,0.0,Product 1617,TK,TK(250)ML,CANDYLAND,Supplier 07
2025-10-01,SKU1619,Store C,0.996,0.8032,3.483,3.0,4.0,0.0,0.0,0.0,0.6642,0.6642,Product 1619,TK,TK(250)ML,CANDYLAND,Supplier 07
2025-10-01,SKU1621,Store C,2.656,2.1419,0.0,0.0,0.0,0.0,0.0,0.0,0.0,0.0,Product 1621,TK,TK(360)ML,CANDYLAND,Supplier 07
2025-10-01,SKU1625,Store A,1.411,1.1379,10.677,10.0,12.0,0.0,0.0,0.0,0.747,0.747,Product 1625,TK,TK(330)ML,CANDYLAND,Supplier 07
2025-10-01,SKU1636,Store A,6.225,5.0202,2.516,2.0,3.0,0.0,0.0,0.0,3.2206,3.2206,Product 1636,TK,TK(300)G,CANDYLAND,Supplier 75
2025-10-01,SKU1640,Warehouse,4.897,3.9492,2.258,0.0,5.0,0.0,0.0,0.0,2.407,2.407,Product 1640,TK,TK(140)G,CANDYLAND,Supplier 75
2025-10-01,SKU1647,Store C,2.241,1.8072,0.0,0.0,0.0,19.0,42.579,19.8702,0.0,0.0,Product 1647,TK,TK(100)G,CANDYLAND,Supplier 75
2025-10-01,SKU1648,Store B,2.324,1.8742,11.387,11.0,13.0,7.0,16.268,8.0759,0.9296,0.9296,Product 1648,TK,TK(200)G,CANDYLAND,Supplier 75
2025-10-01,SKU1649,Warehouse,2.324,1.8742,2.129,0.0,9.0,54.0,125.496,62.2998,0.9296,0.9296,Product 1649,TK,TK(200)G,CANDYLAND,Supplier 75
2025-10-01,SKU1650,Store A,4.565,3.6815,14.612,13.0,15.0,31.0,141.515,60.7228,1.9506,1.9506,Product 1650,TK,TK(150)G,CANDYLAND,Supplier 75
2025-10-01,SKU1650,Warehouse,4.565,3.6815,0.0,0.0,0.0,106.0,483.89,207.6328,0.0,0.0,Product 1650,TK,TK(150)G,CANDYLAND,Supplier 75
2025-10-01,SKU1652,Store A,4.98,4.0161,0.0,0.0,0.0,12.0,59.76,27.9876,0.0,0.0,Product 1652,TK,TK(200)G,CANDYLAND,Supplier 75
2025-10-01,SKU1656,Store B,1.0375,0.8367,0.0,0.0,0.0,0.0,0.0,0.0,0.0,0.0,Product 1656,TK,TK(29)G,CANDYLAND,Supplier 18
2025-10-01,SKU1657,Warehouse,1.494,1.2048,0.0,0.0,0.0,0.0,0.0,0.0,0.0,0.0,Product 1657,TK,TK(35)G,CANDYLAND,Supplier 18
2025-10-01,SKU1658,Store A,1.494,1.2048,0.0,0.0,0.0,0.0,0.0,0.0,0.0,0.0,Product 1658,TK,TK(35)G,CANDYLAND,Supplier 18
2025-10-01,SKU1658,Store B,1.494,1.2048,0.0,0.0,0.0,0.0,0.0,0.0,0.0,0.0,Product 1658,TK,TK(35)G,CANDYLAND,Supplier 18
2025-10-01,SKU1659,Store A,1.328,1.0709,0.0,0.0,0.0,16.0,21.248,7.968,0.0,0.0,Product 1659,TK,TK(110)G,CANDYLAND,Supplier 46
2025-10-01,SKU1686,Warehouse,1.411,1.1379,446.709,0.0,864.0,384.0,541.824,188.0448,0.5354,0.5354,Product 1686,TK,TK(40)G,CANDYLAND,Supplier 42
2025-10-01,SKU1687,Store C,0.913,0.7363,21.645,0.0,85.0,0.0,0.0,0.0,0.3486,0.3486,Product 1687,TK,TK(85)G,CANDYLAND,Supplier 42
2025-10-01,SKU1688,Warehouse,0.913,0.7363,0.0,0.0,0.0,0.0,0.0,0.0,0.0,0.0,Product 1688,TK,TK(85)G,CANDYLAND,Supplier 42
2025-10-01,SKU1694,Warehouse,1.245,1.0041,13.161,0.0,48.0,0.0,0.0,0.0,0.5727,0.5727,Product 1694,TK,"TK(17,5)G",CANDYLAND,Supplier 74
2025-10-01,SKU1696,Store C,0.996,0.8032,29.903,7.0,43.0,0.0,0.0,0.0,0.4482,0.4482,Product 1696,TK,TK(40)G,CANDYLAND,Supplier 74
2025-10-01,SKU1697,Store A,1.66,1.3387,98.419,84.0,108.0,0.0,0.0,0.0,0.4897,0.4897,Product 1697,TK,TK(80)G,CANDYLAND,Multiple suppliers
2025-10-01,SKU1699,Store B,1.245,1.0041,0.0,0.0,0.0,0.0,0.0,0.0,0.0,0.0,Product 1699,TK,TK(84)G,CANDYLAND,Supplier 18
2025-10-01,SKU1705,Store B,2.49,2.0081,0.0,0.0,0.0,0.0,0.0,0.0,0.0,0.0,Product 1705,TK,TK(120)G,CANDYLAND,Supplier 74
2025-10-01,SKU1716,Store A,1.328,1.0709,0.0,0.0,0.0,0.0,0.0,0.0,0.0,0.0,Product 1716,TK,TK(128)G,CANDYLAND,Supplier 46
2025-10-01,SKU1723,Store B,3.32,2.6774,14.032,0.0,24.0,0.0,0.0,0.0,1.5687,1.5687,Product 1723,TK,TK(120)G,CANDYLAND,Supplier 09
2025-10-01,SKU1724,Store C,3.32,2.6774,7.645,0.0,12.0,0.0,0.0,0.0,1.5687,1.5687,Product 1724,TK,TK(120)G,CANDYLAND,Supplier 09
2025-10-01,SKU1726,Store C,2.905,2.3428,0.0,0.0,0.0,0.0,0.0,0.0,0.0,0.0,Product 1726,TK,TK(120)G,CANDYLAND,Supplier 09
2025-10-01,SKU1729,Store B,3.32,2.6774,11.096,0.0,18.0,0.0,0.0,0.0,1.5688,1.5688,Product 1729,TK,TK(120)G,CANDYLAND,Supplier 09
2025-10-01,SKU1738,Warehouse,0.747,0.6024,12.0,12.0,12.0,0.0,0.0,0.0,0.3071,0.3071,Product 1738,TK,"TK(13,8)G",CANDYLAND,Supplier 09
2025-10-01,SKU1754,Store A,1.577,1.2718,0.0,0.0,0.0,0.0,0.0,0.0,0.0,0.0,Product 1754,TK,TK(30)G,CANDYLAND,Supplier 74
2025-10-01,SKU1770,Store C,1.411,1.1379,0.0,0.0,0.0,0.0,0.0,0.0,0.0,0.0,Product 1770,TK,TK(335)ML,CANDYLAND,Supplier 74
2025-10-01,SKU1771,Warehouse,1.411,1.1379,0.0,0.0,0.0,0.0,0.0,0.0,0.0,0.0,Product 1771,TK,TK(335)ML,CANDYLAND,Supplier 74
2025-10-01,SKU1776,Store B,1.66,1.3387,0.129,0.0,2.0,0.0,0.0,0.0,0.9709,0.9709,Product 1776,TK,TK(330)ML,CANDYLAND,Supplier 74
2025-10-01,SKU1776,Warehouse,1.66,1.3387,0.0,0.0,0.0,0.0,0.0,0.0,0.0,0.0,Product 1776,TK,TK(330)ML,CANDYLAND,Supplier 74
2025-10-01,SKU1781,Store C,2.324,1.8742,11.0,11.0,11.0,0.0,0.0,0.0,1.1246,1.1246,Product 1781,TK,TK(175)G,CANDYLAND,Supplier 42
2025-10-01,SKU1784,Warehouse,12.45,10.0403,0.0,0.0,0.0,20.0,249.0,102.92,0.0,0.0,Product 1784,KG,KG(1000)G,CANDYLAND,Supplier 42
2025-10-01,SKU1786,Store B,4.897,3.9492,7.838,0.0,12.0,0.0,0.0,0.0,2.1582,2.1582,Product 1786,TK,TK(240)G,CANDYLAND,Supplier 42
2025-10-01,SKU1795,Store A,8.715,7.0282,17.161,16.0,19.0,0.0,0.0,0.0,4.4406,4.4406,Product 1795,TK,TK(189)G,CANDYLAND,Multiple suppliers
2025-11-01,SKU0004,Store B,0.415,0.3347,0.0,0.0,0.0,0.0,0.0,0.0,0.0,0.0,Product 0004,TK,TK(19)G,CANDYLAND,Supplier 64
2025-11-01,SKU0011,Store B,1.494,1.2048,0.0,0.0,0.0,0.0,0.0,0.0,0.0,0.0,Product 0011,TK,TK(10)G,CANDYLAND,Supplier 64
2025-11-01,SKU0038,Store B,1.66,1.3387,0.0,0.0,0.0,0.0,0.0,0.0,0.0,0.0,Product 0038,TK,TK(5)G,CANDYLAND,Supplier 64
2025-11-01,SKU0043,Store B,3.735,3.0121,0.0,0.0,0.0,0.0,0.0,0.0,0.0,0.0,Product 0043,TK,TK(20)G,CANDYLAND,Supplier 66
2025-11-01,SKU0046,Store B,1.494,1.2048,0.0,0.0,0.0,0.0,0.0,0.0,0.0,0.0,Product 0046,TK,TK(10)G,CANDYLAND,Supplier 66
2025-11-01,SKU0055,Warehouse,1.0375,0.8367,0.0,0.0,0.0,0.0,0.0,0.0,0.0,0.0,Product 0055,TK,TK(100)G,CANDYLAND,Supplier 59
2025-11-01,SKU0062,Store A,4.897,3.9492,0.0,0.0,0.0,0.0,0.0,0.0,0.0,0.0,Product 0062,TK,TK(97)G,CANDYLAND,Supplier 73
2025-11-01,SKU0065,Store A,0.913,0.7363,16.9,15.0,20.0,0.0,0.0,0.0,0.3735,0.3735,Product 0065,TK,TK(90)G,CANDYLAND,Supplier 68
2025-11-01,SKU0065,Warehouse,0.913,0.7363,39.666,28.0,42.0,0.0,0.0,0.0,0.3735,0.3735,Product 0065,TK,TK(90)G,CANDYLAND,Supplier 68
2025-11-01,SKU0068,Warehouse,1.245,1.0041,0.0,0.0,0.0,0.0,0.0,0.0,0.0,0.0,Product 0068,TK,TK(200)G,CANDYLAND,Supplier 59
2025-11-01,SKU0073,Warehouse,1.411,1.1379,0.0,0.0,0.0,0.0,0.0,0.0,0.0,0.0,Product 0073,TK,TK(50)G,CANDYLAND,Supplier 66
2025-11-01,SKU0076,Store C,4.731,3.8153,0.0,0.0,0.0,0.0,0.0,0.0,0.0,0.0,Product 0076,TK,TK(102)G,CANDYLAND,Supplier 73
2025-11-01,SKU0077,Store C,2.905,2.3428,0.0,0.0,0.0,0.0,0.0,0.0,0.0,0.0,Product 0077,TK,TK(120)G,CANDYLAND,Supplier 66
2025-11-01,SKU0086,Store A,0.913,0.7363,0.0,0.0,0.0,10.0,9.13,3.735,0.0,0.0,Product 0086,TK,TK(90)G,CANDYLAND,Supplier 68
2025-11-01,SKU0087,Store C,0.913,0.7363,0.0,0.0,0.0,0.0,0.0,0.0,0.0,0.0,Product 0087,TK,TK(90)G,CANDYLAND,Supplier 68
2025-11-01,SKU0088,Store C,0.913,0.7363,11.666,7.0,21.0,0.0,0.0,0.0,0.3735,0.3735,Product 0088,TK,TK(90)G,CANDYLAND,Supplier 68
2025-11-01,SKU0091,Store C,0.913,0.7363,8.866,3.0,16.0,23.0,20.999,8.5905,0.3735,0.3735,Product 0091,TK,TK(90)G,CANDYLAND,Supplier 68
2025-11-01,SKU0094,Store B,0.913,0.7363,10.266,9.0,12.0,15.0,13.695,5.6025,0.3735,0.3735,Product 0094,TK,TK(90)G,CANDYLAND,Supplier 68
2025-11-01,SKU0095,Store B,0.913,0.7363,0.033,0.0,1.0,9.0,8.217,3.3615,0.3772,0.3772,Product 0095,TK,TK(85)G,CANDYLAND,Supplier 68
2025-11-01,SKU0098,Store A,0.249,0.2008,0.0,0.0,0.0,0.0,0.0,0.0,0.0,0.0,Product 0098,TK,TK(11)G,CANDYLAND,Supplier 68
2025-11-01,SKU0099,Store C,0.913,0.7363,0.0,0.0,0.0,0.0,0.0,0.0,0.0,0.0,Product 0099,TK,TK(90)G,CANDYLAND,Supplier 68
2025-11-01,SKU0102,Store B,1.992,1.6065,0.0,0.0,0.0,0.0,0.0,0.0,0.0,0.0,Product 0102,TK,TK(144)G,CANDYLAND,Supplier 59
2025-11-01,SKU0118,Store A,4.15,3.3468,0.0,0.0,0.0,0.0,0.0,0.0,0.0,0.0,Product 0118,TK,TK(400)G,CANDYLAND,Supplier 31
2025-11-01,SKU0119,Store C,1.494,1.2048,15.4,10.0,22.0,12.0,17.928,5.8764,0.5153,0.5153,Product 0119,TK,TK(80)ML,CANDYLAND,Supplier 05
2025-11-01,SKU0121,Store A,1.992,1.6065,35.433,35.0,39.0,40.0,79.68,27.6124,0.6903,0.6903,Product 0121,TK,TK(10)G,CANDYLAND,Supplier 05
2025-11-01,SKU0131,Store C,1.6185,1.3053,0.0,0.0,0.0,2.0,3.237,1.992,0.0,0.0,Product 0131,TK,TK(530)ML,CANDYLAND,Supplier 10
2025-11-01,SKU0134,Store B,0.249,0.2008,0.0,0.0,0.0,0.0,0.0,0.0,0.0,0.0,Product 0134,TK,TK(8)G,CANDYLAND,Supplier 36
2025-11-01,SKU0134,Warehouse,0.249,0.2008,0.0,0.0,0.0,0.0,0.0,0.0,0.0,0.0,Product 0134,TK,TK(8)G,CANDYLAND,Supplier 36
2025-11-01,SKU0139,Warehouse,1.66,1.3387,80.0,48.0,96.0,0.0,0.0,0.0,0.747,0.747,Product 0139,TK,TK(100)G,CANDYLAND,Supplier 59
2025-11-01,SKU0144,Store B,0.3735,0.3012,0.0,0.0,0.0,87.0,32.4945,10.7087,0.0,0.0,Product 0144,TK,TK(19)G,CANDYLAND,Supplier 68
2025-11-01,SKU0153,Warehouse,0.3735,0.3012,178.333,120.0,192.0,0.0,0.0,0.0,0.1231,0.1231,Product 0153,TK,TK(19)G,CANDYLAND,Multiple suppliers
2025-11-01,SKU0156,Store C,0.913,0.7363,0.0,0.0,0.0,9.0,8.217,3.0627,0.0,0.0,Product 0156,TK,TK(90)G,CANDYLAND,Supplier 68
2025-11-01,SKU0159,Warehouse,1.66,1.3387,0.0,0.0,0.0,0.0,0.0,0.0,0.0,0.0,Product 0159,TK,TK(200)G,CANDYLAND,Supplier 59
2025-11-01,SKU0164,Store C,1.494,1.2048,0.0,0.0,0.0,0.0,0.0,0.0,0.0,0.0,Product 0164,TK,TK(200)G,CANDYLAND,Supplier 59
2025-11-01,SKU0166,Store C,1.66,1.3387,11.2,10.0,13.0,0.0,0.0,0.0,0.415,0.415,Product 0166,TK,TK(360)ML,CANDYLAND,Multiple suppliers
2025-11-01,SKU0169,Store B,0.332,0.2678,0.0,0.0,0.0,0.0,0.0,0.0,0.0,0.0,Product 0169,TK,TK(15)G,CANDYLAND,Supplier 64
2025-11-01,SKU0172,Store C,1.162,0.9371,0.766,0.0,1.0,0.0,0.0,0.0,0.3489,0.3489,Product 0172,TK,TK(60)G,CANDYLAND,Supplier 64
2025-11-01,SKU0181,Warehouse,1.66,1.3387,0.0,0.0,0.0,0.0,0.0,0.0,0.0,0.0,Product 0181,TK,TK(72)G,CANDYLAND,Supplier 59
2025-11-01,SKU0185,Store B,1.245,1.0041,0.0,0.0,0.0,0.0,0.0,0.0,0.0,0.0,Product 0185,TK,TK(105)ML,CANDYLAND,Supplier 59
2025-11-01,SKU0195,Store A,2.324,1.8742,0.0,0.0,0.0,0.0,0.0,0.0,0.0,0.0,Product 0195,TK,TK(126)G,CANDYLAND,Supplier 59
2025-11-01,SKU0200,Store A,1.494,1.2048,0.0,0.0,0.0,0.0,0.0,0.0,0.0,0.0,Product 0200,TK,TK(85)G,CANDYLAND,Supplier 59
2025-11-01,SKU0216,Store C,1.328,1.0709,0.0,0.0,0.0,0.0,0.0,0.0,0.0,0.0,Product 0216,TK,TK(15)G,CANDYLAND,Supplier 59
2025-11-01,SKU0224,Store B,2.075,1.6734,0.0,0.0,0.0,0.0,0.0,0.0,0.0,0.0,Product 0224,TK,TK(152)G,CANDYLAND,Supplier 59
2025-11-01,SKU0225,Store A,3.818,3.0791,0.0,0.0,0.0,0.0,0.0,0.0,0.0,0.0,Product 0225,TK,TK(200)G,CANDYLAND,Supplier 59
2025-11-01,SKU0235,Warehouse,1.328,1.0709,0.0,0.0,0.0,0.0,0.0,0.0,0.0,0.0,Product 0235,TK,TK(120)G,CANDYLAND,Supplier 59
2025-11-01,SKU0240,Store B,1.162,0.9371,0.0,0.0,0.0,0.0,0.0,0.0,0.0,0.0,Product 0240,TK,TK(32)G,CANDYLAND,Supplier 59
2025-11-01,SKU0244,Warehouse,1.328,1.0709,0.0,0.0,0.0,0.0,0.0,0.0,0.0,0.0,Product 0244,TK,TK(80)G,CANDYLAND,Supplier 59
2025-11-01,SKU0247,Store A,1.577,1.2718,61.6,49.0,70.0,15.0,23.655,10.1853,0.7719,0.7719,Product 0247,TK,TK(46)G,CANDYLAND,Multiple suppliers
2025-11-01,SKU0251,Warehouse,1.577,1.2718,0.0,0.0,0.0,0.0,0.0,0.0,0.0,0.0,Product 0251,TK,TK(45)G,CANDYLAND,Supplier 59
2025-11-01,SKU0254,Warehouse,1.245,1.0041,0.0,0.0,0.0,0.0,0.0,0.0,0.0,0.0,Product 0254,TK,TK(200)G,CANDYLAND,Supplier 59
2025-11-01,SKU0260,Store A,1.826,1.4726,1.066,1.0,2.0,12.0,21.912,8.6054,0.7175,0.7175,Product 0260,TK,TK(6)G,CANDYLAND,Supplier 02
2025-11-01,SKU0262,Store C,1.245,1.0041,0.0,0.0,0.0,0.0,0.0,0.0,0.0,0.0,Product 0262,TK,TK(160)G,CANDYLAND,Supplier 59
2025-11-01,SKU0262,Warehouse,1.245,1.0041,0.0,0.0,0.0,0.0,0.0,0.0,0.0,0.0,Product 0262,TK,TK(160)G,CANDYLAND,Supplier 59
2025-11-01,SKU0265,Store B,1.245,1.0041,0.0,0.0,0.0,0.0,0.0,0.0,0.0,0.0,Product 0265,TK,TK(160)G,CANDYLAND,Supplier 59
2025-11-01,SKU0281,Warehouse,1.328,1.0709,0.0,0.0,0.0,0.0,0.0,0.0,0.0,0.0,Product 0281,TK,TK(114)G,CANDYLAND,Supplier 59
2025-11-01,SKU0284,Store C,2.49,2.0081,0.0,0.0,0.0,0.0,0.0,0.0,0.0,0.0,Product 0284,TK,TK(141)G,CANDYLAND,Supplier 59
2025-11-01,SKU0285,Warehouse,1.66,1.3387,0.0,0.0,0.0,0.0,0.0,0.0,0.0,0.0,Product 0285,TK,TK(40)ML,CANDYLAND,Supplier 59
2025-11-01,SKU0289,Store B,2.075,1.6734,0.0,0.0,0.0,0.0,0.0,0.0,0.0,0.0,Product 0289,TK,TK(50)G,CANDYLAND,Supplier 66
2025-11-01,SKU0296,Warehouse,1.66,1.3387,0.0,0.0,0.0,0.0,0.0,0.0,0.0,0.0,Product 0296,TK,TK(170)G,CANDYLAND,Supplier 59
2025-11-01,SKU0313,Store B,1.328,1.0709,0.0,0.0,0.0,0.0,0.0,0.0,0.0,0.0,Product 0313,TK,TK(80)G,CANDYLAND,Supplier 59
2025-11-01,SKU0319,Store A,1.411,1.1379,1.0,1.0,1.0,0.0,0.0,0.0,0.6872,0.6872,Product 0319,TK,TK(150)G,CANDYLAND,Supplier 33
2025-11-01,SKU0319,Warehouse,1.411,1.1379,0.0,0.0,0.0,0.0,0.0,0.0,0.0,0.0,Product 0319,TK,TK(150)G,CANDYLAND,Supplier 33
2025-11-01,SKU0325,Store B,1.411,1.1379,24.766,21.0,26.0,0.0,0.0,0.0,0.7179,0.7179,Product 0325,TK,TK(150)G,CANDYLAND,Supplier 33
2025-11-01,SKU0327,Warehouse,2.49,2.0081,0.0,0.0,0.0,0.0,0.0,0.0,0.0,0.0,Product 0327,TK,TK(120)G,CANDYLAND,Supplier 59
2025-11-01,SKU0332,Warehouse,1.162,0.9371,0.0,0.0,0.0,0.0,0.0,0.0,0.0,0.0,Product 0332,TK,TK(50)G,CANDYLAND,Supplier 59
2025-11-01,SKU0354,Store C,0.332,0.2678,0.0,0.0,0.0,0.0,0.0,0.0,0.0,0.0,Product 0354,TK,TK(10)G,CANDYLAND,Unknown supplier
2025-11-01,SKU0358,Warehouse,2.49,2.0081,0.0,0.0,0.0,0.0,0.0,0.0,0.0,0.0,Product 0358,TK,TK(350)ML,CANDYLAND,Supplier 59
2025-11-01,SKU0359,Store A,2.49,2.0081,0.0,0.0,0.0,0.0,0.0,0.0,0.0,0.0,Product 0359,TK,TK(350)ML,CANDYLAND,Supplier 59
2025-11-01,SKU0361,Warehouse,2.49,2.0081,0.0,0.0,0.0,0.0,0.0,0.0,0.0,0.0,Product 0361,TK,TK(99)G,CANDYLAND,Multiple suppliers
2025-11-01,SKU0362,Store A,2.49,2.0081,0.0,0.0,0.0,0.0,0.0,0.0,0.0,0.0,Product 0362,TK,TK(85)G,CANDYLAND,Supplier 59
2025-11-01,SKU0363,Store A,1.245,1.0041,0.0,0.0,0.0,0.0,0.0,0.0,0.0,0.0,Product 0363,TK,TK(160)G,CANDYLAND,Supplier 59
2025-11-01,SKU0384,Store A,4.565,3.6815,0.0,0.0,0.0,0.0,0.0,0.0,0.0,0.0,Product 0384,TK,TK(300)G,CANDYLAND,Supplier 59
2025-11-01,SKU0384,Store B,4.565,3.6815,0.0,0.0,0.0,0.0,0.0,0.0,0.0,0.0,Product 0384,TK,TK(300)G,CANDYLAND,Supplier 59
2025-11-01,SKU0384,Store C,4.565,3.6815,0.0,0.0,0.0,0.0,0.0,0.0,0.0,0.0,Product 0384,TK,TK(300)G,CANDYLAND,Supplier 59
2025-11-01,SKU0386,Store A,3.071,2.4766,0.0,0.0,0.0,0.0,0.0,0.0,0.0,0.0,Product 0386,TK,TK(72)G,CANDYLAND,Supplier 26
2025-11-01,SKU0386,Warehouse,3.071,2.4766,0.0,0.0,0.0,0.0,0.0,0.0,0.0,0.0,Product 0386,TK,TK(72)G,CANDYLAND,Supplier 26
2025-11-01,SKU0389,Store C,1.245,1.0041,0.0,0.0,0.0,0.0,0.0,0.0,0.0,0.0,Product 0389,TK,TK(48)G,CANDYLAND,Supplier 59
2025-11-01,SKU0398,Store C,2.407,1.9411,9.433,0.0,24.0,0.0,0.0,0.0,0.996,0.996,Product 0398,TK,TK(80)G,CANDYLAND,Supplier 59
2025-11-01,SKU0407,Store C,2.49,2.0081,0.0,0.0,0.0,0.0,0.0,0.0,0.0,0.0,Product 0407,TK,TK(120)G,CANDYLAND,Supplier 59
2025-11-01,SKU0411,Store B,0.83,0.6694,0.0,0.0,0.0,0.0,0.0,0.0,0.0,0.0,Product 0411,TK,TK(80)G,CANDYLAND,Supplier 59
2025-11-01,SKU0414,Warehouse,1.494,1.2048,0.0,0.0,0.0,0.0,0.0,0.0,0.0,0.0,Product 0414,TK,TK(60)G,CANDYLAND,Supplier 59
2025-11-01,SKU0416,Warehouse,2.905,2.3428,0.0,0.0,0.0,0.0,0.0,0.0,0.0,0.0,Product 0416,TK,TK(85)G,CANDYLAND,Supplier 59
2025-11-01,SKU0419,Store A,2.49,2.0081,0.0,0.0,0.0,0.0,0.0,0.0,0.0,0.0,Product 0419,TK,TK(127)G,CANDYLAND,Supplier 59
2025-11-01,SKU0422,Store A,2.656,2.1419,0.0,0.0,0.0,0.0,0.0,0.0,0.0,0.0,Product 0422,TK,TK(152)G,CANDYLAND,Supplier 59
2025-11-01,SKU0424,Store C,0.9545,0.7697,0.0,0.0,0.0,0.0,0.0,0.0,0.0,0.0,Product 0424,TK,TK(240)ML,CANDYLAND,Supplier 59
2025-11-01,SKU0428,Store C,1.245,1.0041,0.0,0.0,0.0,0.0,0.0,0.0,0.0,0.0,Product 0428,TK,TK(40)G,CANDYLAND,Supplier 59
2025-11-01,SKU0430,Store A,1.494,1.2048,0.0,0.0,0.0,0.0,0.0,0.0,0.0,0.0,Product 0430,TK,TK(90)ML,CANDYLAND,Supplier 59
2025-11-01,SKU0444,Warehouse,0.415,0.3347,0.0,0.0,0.0,0.0,0.0,0.0,0.0,0.0,Product 0444,TK,"TK(17,5)G",CANDYLAND,Supplier 02
2025-11-01,SKU0464,Warehouse,1.328,1.0709,0.0,0.0,0.0,0.0,0.0,0.0,0.0,0.0,Product 0464,TK,TK(184)G,CANDYLAND,Supplier 59
2025-11-01,SKU0470,Store B,1.494,1.2048,0.0,0.0,0.0,0.0,0.0,0.0,0.0,0.0,Product 0470,TK,TK(18)G,CANDYLAND,Supplier 59
2025-11-01,SKU0488,Store A,1.66,1.3387,0.0,0.0,0.0,0.0,0.0,0.0,0.0,0.0,Product 0488,TK,TK(60)G,CANDYLAND,Supplier 59
2025-11-01,SKU0488,Warehouse,1.66,1.3387,0.0,0.0,0.0,0.0,0.0,0.0,0.0,0.0,Product 0488,TK,TK(60)G,CANDYLAND,Supplier 59
2025-11-01,SKU0499,Store A,1.66,1.3387,0.0,0.0,0.0,0.0,0.0,0.0,0.0,0.0,Product 0499,TK,TK(5)G,CANDYLAND,Supplier 59
2025-11-01,SKU0515,Store B,0.996,0.8032,0.0,0.0,0.0,0.0,0.0,0.0,0.0,0.0,Product 0515,TK,TK(80)G,CANDYLAND,Supplier 59
2025-11-01,SKU0516,Warehouse,0.996,0.8032,0.0,0.0,0.0,0.0,0.0,0.0,0.0,0.0,Product 0516,TK,TK(80)G,CANDYLAND,Supplier 59
2025-11-01,SKU0517,Store B,2.324,1.8742,0.0,0.0,0.0,0.0,0.0,0.0,0.0,0.0,Product 0517,TK,TK(110)G,CANDYLAND,Supplier 59
2025-11-01,SKU0521,Store B,1.743,1.4056,0.0,0.0,0.0,0.0,0.0,0.0,0.0,0.0,Product 0521,TK,TK(128)G,CANDYLAND,Supplier 59
2025-11-01,SKU0522,Store B,1.743,1.4056,0.0,0.0,0.0,0.0,0.0,0.0,0.0,0.0,Product 0522,TK,TK(128)G,CANDYLAND,Supplier 59
2025-11-01,SKU0524,Store B,1.328,1.0709,0.0,0.0,0.0,0.0,0.0,0.0,0.0,0.0,Product 0524,TK,TK(56)G,CANDYLAND,Supplier 59
2025-11-01,SKU0534,Store C,1.162,0.9371,6.166,3.0,9.0,0.0,0.0,0.0,0.5562,0.5562,Product 0534,TK,TK(150)G,CANDYLAND,Supplier 59
2025-11-01,SKU0538,Warehouse,1.328,1.0709,0.0,0.0,0.0,0.0,0.0,0.0,0.0,0.0,Product 0538,TK,TK(110)G,CANDYLAND,Supplier 59
2025-11-01,SKU0541,Warehouse,2.075,1.6734,0.0,0.0,0.0,0.0,0.0,0.0,0.0,0.0,Product 0541,TK,TK(150)G,CANDYLAND,Supplier 59
2025-11-01,SKU0545,Store A,1.494,1.2048,8.533,6.0,10.0,0.0,0.0,0.0,0.6889,0.6889,Product 0545,TK,TK(12)G,CANDYLAND,Supplier 59
2025-11-01,SKU0548,Store B,1.826,1.4726,9.766,8.0,11.0,0.0,0.0,0.0,0.5727,0.5727,Product 0548,TK,TK(150)G,CANDYLAND,Supplier 59
2025-11-01,SKU0550,Store A,1.328,1.0709,3.533,0.0,7.0,0.0,0.0,0.0,0.9048,0.9048,Product 0550,TK,TK(110)G,CANDYLAND,Supplier 59
2025-11-01,SKU0553,Store B,1.328,1.0709,24.166,20.0,27.0,0.0,0.0,0.0,0.6308,0.6308,Product 0553,TK,TK(35)G,CANDYLAND,Supplier 59
2025-11-01,SKU0564,Store C,1.66,1.3387,12.733,-1.0,23.0,0.0,0.0,0.0,0.4897,0.4897,Product 0564,TK,TK(134)G,CANDYLAND,Supplier 02
2025-11-01,SKU0576,Warehouse,0.332,0.2678,0.0,0.0,0.0,0.0,0.0,0.0,0.0,0.0,Product 0576,TK,TK(25)G,CANDYLAND,Supplier 64
2025-11-01,SKU0577,Store C,0.332,0.2678,0.0,0.0,0.0,0.0,0.0,0.0,0.0,0.0,Product 0577,TK,TK(11)G,CANDYLAND,Supplier 64
2025-11-01,SKU0578,Store A,0.996,0.8032,0.0,0.0,0.0,0.0,0.0,0.0,0.0,0.0,Product 0578,TK,TK(40)G,CANDYLAND,Supplier 64
2025-11-01,SKU0580,Store C,2.241,1.8072,0.0,0.0,0.0,0.0,0.0,0.0,0.0,0.0,Product 0580,TK,TK(280)G,CANDYLAND,Supplier 17
2025-11-01,SKU0582,Store A,0.415,0.3347,75.4,67.0,80.0,0.0,0.0,0.0,0.0913,0.0913,Product 0582,TK,TK(12)G,CANDYLAND,Supplier 64
2025-11-01,SKU0588,Store A,2.49,2.0081,0.0,0.0,0.0,0.0,0.0,0.0,0.0,0.0,Product 0588,TK,TK(120)G,CANDYLAND,Supplier 16
2025-11-01,SKU0590,Warehouse,8.217,6.6266,12.0,0.0,18.0,0.0,0.0,0.0,3.8678,3.8678,Product 0590,TK,TK(195)G,CANDYLAND,Supplier 54
2025-11-01,SKU0591,Store A,2.49,2.0081,0.0,0.0,0.0,0.0,0.0,0.0,0.0,0.0,Product 0591,TK,TK(141)G,CANDYLAND,Multiple suppliers
2025-11-01,SKU0601,Warehouse,1.162,0.9371,0.0,0.0,0.0,0.0,0.0,0.0,0.0,0.0,Product 0601,TK,TK(130)G,CANDYLAND,Supplier 17
2025-11-01,SKU0604,Store C,2.075,1.6734,0.0,0.0,0.0,0.0,0.0,0.0,0.0,0.0,Product 0604,TK,TK(90)G,CANDYLAND,Supplier 17
2025-11-01,SKU0619,Store C,4.15,3.3468,0.0,0.0,0.0,0.0,0.0,0.0,0.0,0.0,Product 0619,TK,TK(375)G,CANDYLAND,Supplier 17
2025-11-01,SKU0620,Store C,2.49,2.0081,0.0,0.0,0.0,0.0,0.0,0.0,0.0,0.0,Product 0620,TK,TK(125)G,CANDYLAND,Supplier 26
2025-11-01,SKU0624,Store C,2.324,1.8742,0.0,0.0,0.0,0.0,0.0,0.0,0.0,0.0,Product 0624,TK,TK(216)G,CANDYLAND,Supplier 17
2025-11-01,SKU0624,Warehouse,2.324,1.8742,0.0,0.0,0.0,0.0,0.0,0.0,0.0,0.0,Product 0624,TK,TK(216)G,CANDYLAND,Supplier 17
2025-11-01,SKU0628,Store A,0.166,0.1339,0.0,0.0,0.0,0.0,0.0,0.0,0.0,0.0,Product 0628,TK,TK(11)G,CANDYLAND,Supplier 59
2025-11-01,SKU0630,Store B,0.83,0.6694,14.766,0.0,19.0,0.0,0.0,0.0,0.3604,0.3604,Product 0630,TK,TK(23)G,CANDYLAND,Supplier 16
2025-11-01,SKU0636,Store B,1.494,1.2048,0.0,0.0,0.0,0.0,0.0,0.0,0.0,0.0,Product 0636,TK,TK(10)G,CANDYLAND,Supplier 02
2025-11-01,SKU0647,Store C,2.49,2.0081,0.0,0.0,0.0,0.0,0.0,0.0,0.0,0.0,Product 0647,TK,TK(99)G,CANDYLAND,Supplier 16
2025-11-01,SKU0655,Store C,1.66,1.3387,17.333,0.0,38.0,26.0,43.16,11.2432,0.4324,0.4324,Product 0655,TK,TK(20)G,CANDYLAND,Supplier 02
2025-11-01,SKU0655,Warehouse,1.66,1.3387,197.2,60.0,336.0,60.0,99.6,25.9458,0.4325,0.4325,Product 0655,TK,TK(20)G,CANDYLAND,Supplier 02
2025-11-01,SKU0656,Store B,0.747,0.6024,0.0,0.0,0.0,0.0,0.0,0.0,0.0,0.0,Product 0656,TK,TK(14)G,CANDYLAND,Supplier 16
2025-11-01,SKU0666,Store C,4.233,3.4137,22.8,2.0,32.0,2.0,8.466,3.8246,1.9123,1.9123,Product 0666,TK,TK(100)G,CANDYLAND,Supplier 61
2025-11-01,SKU0666,Warehouse,4.233,3.4137,532.5,465.0,630.0,0.0,0.0,0.0,1.9123,1.9123,Product 0666,TK,TK(100)G,CANDYLAND,Supplier 61
2025-11-01,SKU0678,Store A,1.826,1.4726,20.266,19.0,21.0,42.0,76.692,17.2906,0.4117,0.4117,Product 0678,TK,TK(5)G,CANDYLAND,Supplier 02
2025-11-01,SKU0678,Store C,1.826,1.4726,11.5,0.0,25.0,8.0,14.608,3.2934,0.4117,0.4117,Product 0678,TK,TK(5)G,CANDYLAND,Supplier 02
2025-11-01,SKU0692,Store C,0.498,0.4016,18.6,7.0,25.0,31.0,15.438,6.5097,0.21,0.21,Product 0692,TK,TK(30)G,CANDYLAND,Supplier 02
2025-11-01,SKU0700,Store A,0.249,0.2008,0.0,0.0,0.0,0.0,0.0,0.0,0.0,0.0,Product 0700,TK,TK(8)G,CANDYLAND,Supplier 64
2025-11-01,SKU0700,Store C,0.249,0.2008,0.0,0.0,0.0,0.0,0.0,0.0,0.0,0.0,Product 0700,TK,TK(8)G,CANDYLAND,Supplier 64
2025-11-01,SKU0707,Store A,0.415,0.3347,0.0,0.0,0.0,0.0,0.0,0.0,0.0,0.0,Product 0707,TK,TK(200)ML,CANDYLAND,Supplier 59
2025-11-01,SKU0711,Store A,0.747,0.6024,97.1,90.0,120.0,0.0,0.0,0.0,0.2905,0.2905,Product 0711,TK,TK(25)ML,CANDYLAND,Supplier 02
2025-11-01,SKU0715,Store C,1.992,1.6065,0.0,0.0,0.0,13.0,25.896,9.6031,0.0,0.0,Product 0715,TK,TK(10)G,CANDYLAND,Supplier 05
2025-11-01,SKU0725,Store B,2.407,1.9411,8.0,6.0,9.0,0.0,0.0,0.0,0.8674,0.8674,Product 0725,TK,TK(150)G,CANDYLAND,Supplier 49
2025-11-01,SKU0725,Warehouse,2.407,1.9411,0.0,0.0,0.0,0.0,0.0,0.0,0.0,0.0,Product 0725,TK,TK(150)G,CANDYLAND,Supplier 49
2025-11-01,SKU0738,Store B,1.494,1.2048,0.0,0.0,0.0,40.0,59.76,25.564,0.0,0.0,Product 0738,TK,TK(5)G,CANDYLAND,Supplier 69
2025-11-01,SKU0740,Store C,4.15,3.3468,0.0,0.0,0.0,0.0,0.0,0.0,0.0,0.0,Product 0740,TK,TK(250)G,CANDYLAND,Supplier 38
2025-11-01,SKU0743,Store C,3.735,3.0121,0.0,0.0,0.0,0.0,0.0,0.0,0.0,0.0,Product 0743,TK,TK(250)G,CANDYLAND,Supplier 38
2025-11-01,SKU0752,Store C,1.494,1.2048,0.0,0.0,0.0,0.0,0.0,0.0,0.0,0.0,Product 0752,TK,TK(160)G,CANDYLAND,Supplier 59
2025-11-01,SKU0758,Store B,9.877,7.9653,0.0,0.0,0.0,0.0,0.0,0.0,0.0,0.0,Product 0758,TK,TK(600)G,CANDYLAND,Supplier 34
2025-11-01,SKU0758,Warehouse,9.877,7.9653,0.666,0.0,10.0,0.0,0.0,0.0,4.528,4.528,Product 0758,TK,TK(600)G,CANDYLAND,Supplier 34
2025-11-01,SKU0759,Warehouse,4.067,3.2798,2.4,0.0,36.0,0.0,0.0,0.0,1.9173,1.9173,Product 0759,TK,TK(250)G,CANDYLAND,Supplier 34
2025-11-01,SKU0762,Warehouse,5.395,4.3508,0.0,0.0,0.0,0.0,0.0,0.0,0.0,0.0,Product 0762,TK,TK(300)G,CANDYLAND,Supplier 26
2025-11-01,SKU0765,Store A,0.083,0.0669,0.0,0.0,0.0,0.0,0.0,0.0,0.0,0.0,Product 0765,TK,TK(5)G,CANDYLAND,Supplier 48
2025-11-01,SKU0768,Warehouse,1.245,1.0041,0.0,0.0,0.0,0.0,0.0,0.0,0.0,0.0,Product 0768,TK,TK(150)G,CANDYLAND,Supplier 32
2025-11-01,SKU0769,Warehouse,1.328,1.0709,0.0,0.0,0.0,0.0,0.0,0.0,0.0,0.0,Product 0769,TK,TK(150)G,CANDYLAND,Supplier 32
2025-11-01,SKU0773,Store B,1.245,1.0041,0.0,0.0,0.0,0.0,0.0,0.0,0.0,0.0,Product 0773,TK,TK(150)G,CANDYLAND,Supplier 32
2025-11-01,SKU0774,Store B,1.245,1.0041,0.0,0.0,0.0,0.0,0.0,0.0,0.0,0.0,Product 0774,TK,TK(150)G,CANDYLAND,Supplier 32
2025-11-01,SKU0775,Store C,1.245,1.0041,0.0,0.0,0.0,0.0,0.0,0.0,0.0,0.0,Product 0775,TK,TK(150)G,CANDYLAND,Supplier 32
2025-11-01,SKU0776,Store C,0.747,0.6024,0.0,0.0,0.0,0.0,0.0,0.0,0.0,0.0,Product 0776,TK,TK(56)G,CANDYLAND,Supplier 21
2025-11-01,SKU0777,Warehouse,0.747,0.6024,0.0,0.0,0.0,0.0,0.0,0.0,0.0,0.0,Product 0777,TK,TK(56)G,CANDYLAND,Supplier 21
2025-11-01,SKU0779,Warehouse,0.747,0.6024,0.0,0.0,0.0,0.0,0.0,0.0,0.0,0.0,Product 0779,TK,TK(56)G,CANDYLAND,Supplier 21
2025-11-01,SKU0783,Store B,0.83,0.6694,18.066,18.0,19.0,0.0,0.0,0.0,0.2818,0.2818,Product 0783,TK,TK(100)G,CANDYLAND,Supplier 11
2025-11-01,SKU0784,Store A,0.913,0.7363,0.0,0.0,0.0,0.0,0.0,0.0,0.0,0.0,Product 0784,TK,TK(100)G,CANDYLAND,Supplier 11
2025-11-01,SKU0791,Store B,1.2035,0.9706,0.0,0.0,0.0,1.0,1.2035,0.747,0.0,0.0,Product 0791,TK,TK(330)ML,CANDYLAND,Supplier 10
2025-11-01,SKU0804,Warehouse,1.328,1.0709,75.0,75.0,75.0,25.0,33.2,6.8475,0.2739,0.2739,Product 0804,TK,TK(8)G,CANDYLAND,Supplier 66
2025-11-01,SKU0812,Warehouse,0.415,0.3347,0.0,0.0,0.0,0.0,0.0,0.0,0.0,0.0,Product 0812,TK,Tükk,CANDYLAND,Multiple suppliers
2025-11-01,SKU0817,Store C,2.075,1.6734,8.4,8.0,9.0,0.0,0.0,0.0,0.9711,0.9711,Product 0817,TK,TK(390)ML,CANDYLAND,Supplier 03
2025-11-01,SKU0819,Store B,2.075,1.6734,4.3,0.0,9.0,0.0,0.0,0.0,0.9711,0.9711,Product 0819,TK,TK(390)ML,CANDYLAND,Supplier 03
2025-11-01,SKU0823,Store A,3.735,3.0121,0.0,0.0,0.0,8.0,29.88,14.5416,0.0,0.0,Product 0823,TK,TK(100)G,CANDYLAND,Supplier 44
2025-11-01,SKU0838,Warehouse,0.249,0.2008,0.0,0.0,0.0,0.0,0.0,0.0,0.0,0.0,Product 0838,TK,TK(11)G,CANDYLAND,Supplier 02
2025-11-01,SKU0843,Store C,1.411,1.1379,0.0,0.0,0.0,0.0,0.0,0.0,0.0,0.0,Product 0843,TK,TK(315)ML,CANDYLAND,Supplier 03
2025-11-01,SKU0847,Store C,0.996,0.8032,0.0,0.0,0.0,0.0,0.0,0.0,0.0,0.0,Product 0847,TK,TK(320)ML,CANDYLAND,Supplier 03
2025-11-01,SKU0850,Store B,0.4565,0.3681,0.0,0.0,0.0,2.0,0.913,0.5478,0.0,0.0,Product 0850,TK,TK(500)ML,CANDYLAND,Supplier 43
2025-11-01,SKU0857,Store B,8.217,6.6266,0.0,0.0,0.0,0.0,0.0,0.0,0.0,0.0,Product 0857,TK,TK(200)G,CANDYLAND,Supplier 58
2025-11-01,SKU0858,Store A,0.747,0.6024,0.0,0.0,0.0,0.0,0.0,0.0,0.0,0.0,Product 0858,PK,PK(12)G,CANDYLAND,Supplier 16
2025-11-01,SKU0859,Store C,3.237,2.6105,0.0,0.0,0.0,0.0,0.0,0.0,0.0,0.0,Product 0859,TK,TK(98)G,CANDYLAND,Supplier 23
2025-11-01,SKU0892,Store A,1.328,1.0709,0.0,0.0,0.0,0.0,0.0,0.0,0.0,0.0,Product 0892,TK,TK(160)G,CANDYLAND,Supplier 02
2025-11-01,SKU0899,Store A,0.498,0.4016,46.633,39.0,99.0,22.0,10.956,3.4694,0.1577,0.1577,Product 0899,TK,TK(16)G,CANDYLAND,Supplier 02
2025-11-01,SKU0906,Store A,2.407,1.9411,0.0,0.0,0.0,9.0,21.663,6.3495,0.0,0.0,Product 0906,TK,TK(140)G,CANDYLAND,Supplier 69
2025-11-01,SKU0906,Store C,2.407,1.9411,0.0,0.0,0.0,7.0,16.849,4.9385,0.0,0.0,Product 0906,TK,TK(140)G,CANDYLAND,Supplier 69
2025-11-01,SKU0909,Store C,4.067,3.2798,3.866,1.0,6.0,0.0,0.0,0.0,2.1002,2.1002,Product 0909,TK,TK(350)G,CANDYLAND,Supplier 08
2025-11-01,SKU0911,Store A,4.067,3.2798,5.0,5.0,5.0,0.0,0.0,0.0,2.0999,2.0999,Product 0911,TK,TK(350)G,CANDYLAND,Supplier 08
2025-11-01,SKU0913,Store A,2.49,2.0081,7.433,0.0,24.0,0.0,0.0,0.0,0.9545,0.9545,Product 0913,TK,TK(144)G,CANDYLAND,Supplier 06
2025-11-01,SKU0915,Store B,6.64,5.3548,0.0,0.0,0.0,3.681,24.4418,9.1657,0.0,0.0,Product 0915,KG,KG(1000)G,CANDYLAND,Supplier 69
2025-11-01,SKU0921,Store B,1.162,0.9371,0.0,0.0,0.0,0.0,0.0,0.0,0.0,0.0,Product 0921,TK,TK(80)G,CANDYLAND,Supplier 64
2025-11-01,SKU0921,Store C,1.162,0.9371,0.0,0.0,0.0,0.0,0.0,0.0,0.0,0.0,Product 0921,TK,TK(80)G,CANDYLAND,Supplier 64
2025-11-01,SKU0926,Warehouse,0.3735,0.3012,0.0,0.0,0.0,0.0,0.0,0.0,0.0,0.0,Product 0926,TK,"TK(18,7)G",CANDYLAND,Unknown supplier
2025-11-01,SKU0928,Store B,3.237,2.6105,0.0,0.0,0.0,6.0,19.422,8.6652,0.0,0.0,Product 0928,TK,TK(200)G,CANDYLAND,Supplier 34
2025-11-01,SKU0929,Store A,2.4485,1.9746,0.0,0.0,0.0,0.0,0.0,0.0,0.0,0.0,Product 0929,TK,"TK(13,2)G",CANDYLAND,Supplier 62
2025-11-01,SKU0931,Store C,2.4485,1.9746,0.0,0.0,0.0,0.0,0.0,0.0,0.0,0.0,Product 0931,TK,"TK(13,2)G",CANDYLAND,Supplier 62
2025-11-01,SKU0935,Store C,9.0885,7.3294,0.0,0.0,0.0,11.0,99.9735,50.5802,0.0,0.0,Product 0935,TK,TK(48)G,CANDYLAND,Supplier 62
2025-11-01,SKU0937,Store A,18.2185,14.6923,0.0,0.0,0.0,4.0,72.874,36.9848,0.0,0.0,Product 0937,TK,"TK(118,8)G",CANDYLAND,Supplier 62
2025-11-01,SKU0938,Warehouse,18.2185,14.6923,0.0,0.0,0.0,0.0,0.0,0.0,0.0,0.0,Product 0938,TK,TK(110)G,CANDYLAND,Supplier 62
2025-11-01,SKU0940,Warehouse,3.071,2.4766,0.0,0.0,0.0,852.0,2616.492,664.7304,0.0,0.0,Product 0940,TK,TK(120)G,CANDYLAND,Supplier 56
2025-11-01,SKU0941,Store B,14.027,11.3121,0.0,0.0,0.0,10.0,140.27,64.0677,0.0,0.0,Product 0941,TK,TK(205)G,CANDYLAND,Supplier 29
2025-11-01,SKU0941,Store C,14.027,11.3121,0.0,0.0,0.0,9.0,126.243,57.6609,0.0,0.0,Product 0941,TK,TK(205)G,CANDYLAND,Supplier 29
2025-11-01,SKU0942,Warehouse,2.075,1.6734,7.5,0.0,39.0,0.0,0.0,0.0,0.6059,0.6059,Product 0942,TK,TK(144)G,CANDYLAND,Supplier 59
2025-11-01,SKU0950,Warehouse,0.498,0.4016,198.6,144.0,234.0,180.0,89.64,31.374,0.1743,0.1743,Product 0950,TK,TK(35)G,CANDYLAND,Supplier 02
2025-11-01,SKU0951,Store C,2.407,1.9411,0.0,0.0,0.0,10.0,24.07,8.9225,0.0,0.0,Product 0951,TK,TK(150)G,CANDYLAND,Supplier 49
2025-11-01,SKU0954,Warehouse,13.197,10.6428,49.5,0.0,165.0,0.0,0.0,0.0,5.6349,5.6349,Product 0954,TK,TK(160)G,CANDYLAND,Supplier 29
2025-11-01,SKU0955,Store C,15.687,12.6508,0.0,0.0,0.0,0.0,0.0,0.0,0.0,0.0,Product 0955,TK,TK(210)G,CANDYLAND,Supplier 29
2025-11-01,SKU0957,Store C,4.9385,3.9827,0.0,0.0,0.0,0.0,0.0,0.0,0.0,0.0,Product 0957,TK,TK(220)G,CANDYLAND,Supplier 55
2025-11-01,SKU0964,Store A,3.486,2.8113,0.0,0.0,0.0,1.0,3.486,1.4566,0.0,0.0,Product 0964,TK,TK(200)G,CANDYLAND,Supplier 31
2025-11-01,SKU0979,Store C,1.577,1.2718,0.0,0.0,0.0,0.0,0.0,0.0,0.0,0.0,Product 0979,TK,TK(182)G,CANDYLAND,Supplier 71
2025-11-01,SKU0998,Store A,1.162,0.9371,0.0,0.0,0.0,0.0,0.0,0.0,0.0,0.0,Product 0998,TK,TK(100)G,CANDYLAND,Supplier 42
2025-11-01,SKU1004,Store B,0.996,0.8032,0.0,0.0,0.0,0.0,0.0,0.0,0.0,0.0,Product 1004,TK,TK(450)ML,CANDYLAND,Supplier 03
2025-11-01,SKU1006,Store A,0.996,0.8032,0.0,0.0,0.0,0.0,0.0,0.0,0.0,0.0,Product 1006,TK,TK(450)ML,CANDYLAND,Supplier 03
2025-11-01,SKU1013,Store C,1.328,1.0709,12.933,3.0,30.0,28.0,37.184,13.0144,0.4648,0.4648,Product 1013,TK,TK(500)ML,CANDYLAND,Supplier 03
2025-11-01,SKU1015,Store A,0.996,0.8032,0.0,0.0,0.0,0.0,0.0,0.0,0.0,0.0,Product 1015,TK,TK(500)ML,CANDYLAND,Supplier 03
2025-11-01,SKU1019,Store B,0.747,0.6024,0.0,0.0,0.0,0.0,0.0,0.0,0.0,0.0,Product 1019,TK,TK(330)ML,CANDYLAND,Supplier 03
2025-11-01,SKU1024,Store C,1.162,0.9371,0.0,0.0,0.0,0.0,0.0,0.0,0.0,0.0,Product 1024,TK,TK(150)G,CANDYLAND,Supplier 11
2025-11-01,SKU1030,Store B,0.913,0.7363,0.0,0.0,0.0,0.0,0.0,0.0,0.0,0.0,Product 1030,TK,TK(130)G,CANDYLAND,Supplier 69
2025-11-01,SKU1039,Warehouse,4.399,3.5476,0.0,0.0,0.0,0.0,0.0,0.0,0.0,0.0,Product 1039,TK,TK(120)G,CANDYLAND,Supplier 28
2025-11-01,SKU1059,Warehouse,0.415,0.3347,0.0,0.0,0.0,0.0,0.0,0.0,0.0,0.0,Product 1059,TK,TK(200)ML,CANDYLAND,Supplier 77
2025-11-01,SKU1060,Store C,0.415,0.3347,0.0,0.0,0.0,0.0,0.0,0.0,0.0,0.0,Product 1060,TK,TK(200)ML,CANDYLAND,Supplier 77
2025-11-01,SKU1062,Store C,0.249,0.2008,1.4,0.0,4.0,0.0,0.0,0.0,0.051,0.051,Product 1062,TK,TK(7)G,CANDYLAND,Supplier 64
2025-11-01,SKU1071,Store A,1.328,1.0709,0.0,0.0,0.0,13.0,17.264,5.2785,0.0,0.0,Product 1071,TK,TK(60)G,CANDYLAND,Supplier 02
2025-11-01,SKU1072,Store A,2.407,1.9411,9.1,0.0,18.0,0.0,0.0,0.0,0.8798,0.8798,Product 1072,TK,TK(214)G,CANDYLAND,Supplier 09
2025-11-01,SKU1078,Store A,0.996,0.8032,0.0,0.0,0.0,0.0,0.0,0.0,0.0,0.0,Product 1078,TK,TK(50)G,CANDYLAND,Supplier 02
2025-11-01,SKU1081,Warehouse,1.245,1.0041,0.0,0.0,0.0,0.0,0.0,0.0,0.0,0.0,Product 1081,TK,TK(50)G,CANDYLAND,Supplier 02
2025-11-01,SKU1086,Store A,6.225,5.0202,1.333,0.0,4.0,0.0,0.0,0.0,2.9721,2.9721,Product 1086,TK,TK(135)G,CANDYLAND,Supplier 54
2025-11-01,SKU1092,Warehouse,0.996,0.8032,56.0,40.0,120.0,0.0,0.0,0.0,0.3571,0.3571,Product 1092,TK,TK(15)G,CANDYLAND,Supplier 09
2025-11-01,SKU1097,Store A,2.49,2.0081,9.9,6.0,18.0,0.0,0.0,0.0,1.1121,1.1121,Product 1097,TK,TK(5)G,CANDYLAND,Supplier 09
2025-11-01,SKU1097,Store B,2.49,2.0081,10.8,7.0,19.0,0.0,0.0,0.0,1.1121,1.1121,Product 1097,TK,TK(5)G,CANDYLAND,Supplier 09
2025-11-01,SKU1098,Store A,1.328,1.0709,0.0,0.0,0.0,0.0,0.0,0.0,0.0,0.0,Product 1098,TK,TK(46)G,CANDYLAND,Supplier 09
2025-11-01,SKU1099,Store A,2.324,1.8742,0.0,0.0,0.0,0.0,0.0,0.0,0.0,0.0,Product 1099,TK,TK(200)G,CANDYLAND,Supplier 26
2025-11-01,SKU1100,Store C,2.324,1.8742,0.0,0.0,0.0,0.0,0.0,0.0,0.0,0.0,Product 1100,TK,TK(200)G,CANDYLAND,Supplier 26
2025-11-01,SKU1103,Store A,0.1245,0.1004,0.0,0.0,0.0,0.0,0.0,0.0,0.0,0.0,Product 1103,TK,TK(9)G,CANDYLAND,Supplier 59
2025-11-01,SKU1103,Warehouse,0.1245,0.1004,0.0,0.0,0.0,0.0,0.0,0.0,0.0,0.0,Product 1103,TK,TK(9)G,CANDYLAND,Supplier 59
2025-11-01,SKU1108,Store C,16.517,13.3202,5.133,4.0,9.0,0.0,0.0,0.0,7.1792,7.1792,Product 1108,TK,TK(380)G,CANDYLAND,Supplier 29
2025-11-01,SKU1114,Store B,0.747,0.6024,0.0,0.0,0.0,0.0,0.0,0.0,0.0,0.0,Product 1114,TK,TK(75)G,CANDYLAND,Supplier 41
2025-11-01,SKU1130,Warehouse,6.225,5.0202,0.0,0.0,0.0,0.0,0.0,0.0,0.0,0.0,Product 1130,TK,TK(250)G,CANDYLAND,Supplier 26
2025-11-01,SKU1133,Store A,7.47,6.0242,0.0,0.0,0.0,0.0,0.0,0.0,0.0,0.0,Product 1133,TK,TK(250)G,CANDYLAND,Supplier 26
2025-11-01,SKU1139,Store B,6.225,5.0202,0.0,0.0,0.0,0.0,0.0,0.0,0.0,0.0,Product 1139,TK,TK(250)G,CANDYLAND,Supplier 26
2025-11-01,SKU1155,Store A,2.656,2.1419,0.0,0.0,0.0,0.0,0.0,0.0,0.0,0.0,Product 1155,TK,TK(125)G,CANDYLAND,Supplier 26
2025-11-01,SKU1157,Store B,2.656,2.1419,0.0,0.0,0.0,0.0,0.0,0.0,0.0,0.0,Product 1157,TK,TK(125)G,CANDYLAND,Supplier 26
2025-11-01,SKU1157,Store C,2.656,2.1419,0.0,0.0,0.0,0.0,0.0,0.0,0.0,0.0,Product 1157,TK,TK(125)G,CANDYLAND,Supplier 26
2025-11-01,SKU1159,Warehouse,2.656,2.1419,0.0,0.0,0.0,0.0,0.0,0.0,0.0,0.0,Product 1159,TK,TK(125)G,CANDYLAND,Supplier 26
2025-11-01,SKU1162,Store A,3.237,2.6105,0.0,0.0,0.0,0.0,0.0,0.0,0.0,0.0,Product 1162,TK,TK(125)G,CANDYLAND,Supplier 26
2025-11-01,SKU1162,Store B,3.237,2.6105,0.0,0.0,0.0,0.0,0.0,0.0,0.0,0.0,Product 1162,TK,TK(125)G,CANDYLAND,Supplier 26
2025-11-01,SKU1162,Store C,3.237,2.6105,0.0,0.0,0.0,0.0,0.0,0.0,0.0,0.0,Product 1162,TK,TK(125)G,CANDYLAND,Supplier 26
2025-11-01,SKU1165,Store B,3.32,2.6774,0.0,0.0,0.0,0.0,0.0,0.0,0.0,0.0,Product 1165,TK,TK(150)G,CANDYLAND,Supplier 26
2025-11-01,SKU1175,Warehouse,3.237,2.6105,0.0,0.0,0.0,0.0,0.0,0.0,0.0,0.0,Product 1175,TK,TK(150)G,CANDYLAND,Supplier 34
2025-11-01,SKU1182,Store A,2.075,1.6734,0.0,0.0,0.0,0.0,0.0,0.0,0.0,0.0,Product 1182,TK,TK(107)G,CANDYLAND,Supplier 26
2025-11-01,SKU1182,Store B,2.075,1.6734,0.0,0.0,0.0,0.0,0.0,0.0,0.0,0.0,Product 1182,TK,TK(107)G,CANDYLAND,Supplier 26
2025-11-01,SKU1199,Warehouse,0.747,0.6024,0.0,0.0,0.0,0.0,0.0,0.0,0.0,0.0,Product 1199,TK,TK(75)G,CANDYLAND,Supplier 41
2025-11-01,SKU1203,Store B,0.747,0.6024,0.0,0.0,0.0,0.0,0.0,0.0,0.0,0.0,Product 1203,TK,TK(75)G,CANDYLAND,Supplier 41
2025-11-01,SKU1207,Store B,2.324,1.8742,0.0,0.0,0.0,2.0,4.648,2.0916,0.0,0.0,Product 1207,TK,TK(180)G,CANDYLAND,Supplier 39
2025-11-01,SKU1210,Warehouse,2.241,1.8072,0.0,0.0,0.0,0.0,0.0,0.0,0.0,0.0,Product 1210,TK,"TK(38,5)G",CANDYLAND,Supplier 43
2025-11-01,SKU1212,Store B,1.66,1.3387,0.0,0.0,0.0,0.0,0.0,0.0,0.0,0.0,Product 1212,TK,TK(90)G,CANDYLAND,Supplier 17
2025-11-01,SKU1223,Store B,1.992,1.6065,0.0,0.0,0.0,0.0,0.0,0.0,0.0,0.0,Product 1223,TK,TK(120)G,CANDYLAND,Supplier 17
2025-11-01,SKU1224,Warehouse,1.992,1.6065,0.0,0.0,0.0,0.0,0.0,0.0,0.0,0.0,Product 1224,TK,TK(120)G,CANDYLAND,Supplier 17
2025-11-01,SKU1239,Store A,1.162,0.9371,39.0,39.0,39.0,0.0,0.0,0.0,0.415,0.415,Product 1239,TK,TK(15)G,CANDYLAND,Supplier 04
2025-11-01,SKU1240,Store A,1.162,0.9371,21.033,21.0,22.0,0.0,0.0,0.0,0.415,0.415,Product 1240,TK,TK(15)G,CANDYLAND,Supplier 04
2025-11-01,SKU1257,Store B,2.905,2.3428,0.0,0.0,0.0,0.0,0.0,0.0,0.0,0.0,Product 1257,TK,TK(85)G,CANDYLAND,Supplier 24
2025-11-01,SKU1265,Store A,1.66,1.3387,0.0,0.0,0.0,0.0,0.0,0.0,0.0,0.0,Product 1265,TK,TK(100)G,CANDYLAND,Supplier 48
2025-11-01,SKU1268,Store B,1.66,1.3387,0.0,0.0,0.0,0.0,0.0,0.0,0.0,0.0,Product 1268,TK,TK(100)G,CANDYLAND,Supplier 24
2025-11-01,SKU1270,Store A,1.494,1.2048,10.833,4.0,16.0,2.0,2.988,1.2284,0.6142,0.6142,Product 1270,TK,TK(125)G,CANDYLAND,Supplier 24
2025-11-01,SKU1282,Store C,1.162,0.9371,0.0,0.0,0.0,0.0,0.0,0.0,0.0,0.0,Product 1282,TK,TK(100)G,CANDYLAND,Supplier 24
2025-11-01,SKU1283,Store B,0.664,0.5355,0.0,0.0,0.0,9.0,5.976,2.6892,0.0,0.0,Product 1283,TK,"TK(21,5)G",CANDYLAND,Supplier 24
2025-11-01,SKU1283,Store C,0.664,0.5355,0.0,0.0,0.0,11.0,7.304,3.2868,0.0,0.0,Product 1283,TK,"TK(21,5)G",CANDYLAND,Supplier 24
2025-11-01,SKU1290,Warehouse,5.561,4.4847,0.0,0.0,0.0,0.0,0.0,0.0,0.0,0.0,Product 1290,KG,KG(1000)G,CANDYLAND,Supplier 19
2025-11-01,SKU1295,Warehouse,2.241,1.8072,0.0,0.0,0.0,0.0,0.0,0.0,0.0,0.0,Product 1295,TK,TK(180)G,CANDYLAND,Supplier 24
2025-11-01,SKU1299,Store A,1.162,0.9371,0.0,0.0,0.0,8.0,9.296,4.316,0.0,0.0,Product 1299,TK,TK(200)G,CANDYLAND,Supplier 17
2025-11-01,SKU1304,Warehouse,4.15,3.3468,0.0,0.0,0.0,0.0,0.0,0.0,0.0,0.0,Product 1304,TK,TK(250)G,CANDYLAND,Supplier 12
2025-11-01,SKU1308,Store C,3.071,2.4766,0.0,0.0,0.0,0.0,0.0,0.0,0.0,0.0,Product 1308,TK,TK(300)G,CANDYLAND,Supplier 24
2025-11-01,SKU1315,Store A,1.66,1.3387,0.0,0.0,0.0,9.0,14.94,7.8435,0.0,0.0,Product 1315,TK,TK(200)G,CANDYLAND,Supplier 24
2025-11-01,SKU1318,Store B,2.324,1.8742,0.0,0.0,0.0,0.0,0.0,0.0,0.0,0.0,Product 1318,TK,TK(200)G,CANDYLAND,Supplier 24
2025-11-01,SKU1343,Store B,1.079,0.8702,0.0,0.0,0.0,0.0,0.0,0.0,0.0,0.0,Product 1343,TK,TK(100)G,CANDYLAND,Supplier 24
2025-11-01,SKU1343,Store C,1.079,0.8702,0.0,0.0,0.0,0.0,0.0,0.0,0.0,0.0,Product 1343,TK,TK(100)G,CANDYLAND,Supplier 24
2025-11-01,SKU1355,Store C,0.166,0.1339,0.0,0.0,0.0,0.0,0.0,0.0,0.0,0.0,Product 1355,TK,"TK(4,3)G",CANDYLAND,Supplier 77
2025-11-01,SKU1359,Store B,2.075,1.6734,0.0,0.0,0.0,0.0,0.0,0.0,0.0,0.0,Product 1359,TK,TK(148)G,CANDYLAND,Supplier 24
2025-11-01,SKU1359,Store C,2.075,1.6734,0.0,0.0,0.0,0.0,0.0,0.0,0.0,0.0,Product 1359,TK,TK(148)G,CANDYLAND,Supplier 24
2025-11-01,SKU1360,Store B,2.075,1.6734,0.0,0.0,0.0,0.0,0.0,0.0,0.0,0.0,Product 1360,TK,TK(148)G,CANDYLAND,Supplier 24
2025-11-01,SKU1362,Warehouse,2.075,1.6734,0.0,0.0,0.0,0.0,0.0,0.0,0.0,0.0,Product 1362,TK,TK(148)G,CANDYLAND,Supplier 24
2025-11-01,SKU1366,Store A,1.245,1.0041,0.0,0.0,0.0,0.0,0.0,0.0,0.0,0.0,Product 1366,TK,TK(240)ML,CANDYLAND,Supplier 52
2025-11-01,SKU1375,Store C,5.81,4.6855,0.0,0.0,0.0,3.0,17.43,8.6901,0.0,0.0,Product 1375,TK,TK(119)G,CANDYLAND,Supplier 28
2025-11-01,SKU1376,Store B,5.81,4.6855,0.0,0.0,0.0,3.0,17.43,8.6901,0.0,0.0,Product 1376,TK,TK(119)G,CANDYLAND,Supplier 28
2025-11-01,SKU1377,Warehouse,5.81,4.6855,0.0,0.0,0.0,0.0,0.0,0.0,0.0,0.0,Product 1377,TK,TK(119)G,CANDYLAND,Supplier 28
2025-11-01,SKU1388,Warehouse,1.66,1.3387,0.0,0.0,0.0,0.0,0.0,0.0,0.0,0.0,Product 1388,TK,TK(200)G,CANDYLAND,Supplier 24
2025-11-01,SKU1389,Store B,1.66,1.3387,0.0,0.0,0.0,7.0,11.62,5.9262,0.0,0.0,Product 1389,TK,TK(200)G,CANDYLAND,Supplier 24
2025-11-01,SKU1394,Store C,2.075,1.6734,11.566,4.0,16.0,5.0,10.375,3.569,0.7138,0.7138,Product 1394,TK,TK(40)G,CANDYLAND,Supplier 24
2025-11-01,SKU1400,Store B,2.656,2.1419,0.0,0.0,0.0,1.0,2.656,1.245,0.0,0.0,Product 1400,TK,TK(300)G,CANDYLAND,Supplier 24
2025-11-01,SKU1406,Store C,1.577,1.2718,0.0,0.0,0.0,0.0,0.0,0.0,0.0,0.0,Product 1406,TK,TK(85)G,CANDYLAND,Supplier 24
2025-11-01,SKU1408,Store B,1.66,1.3387,18.166,15.0,20.0,7.0,11.62,5.1709,0.746,0.746,Product 1408,TK,TK(250)G,CANDYLAND,Supplier 24
2025-11-01,SKU1411,Store A,2.905,2.3428,0.0,0.0,0.0,0.0,0.0,0.0,0.0,0.0,Product 1411,TK,TK(400)G,CANDYLAND,Supplier 24
2025-11-01,SKU1415,Store B,1.66,1.3387,0.0,0.0,0.0,0.0,0.0,0.0,0.0,0.0,Product 1415,TK,TK(180)G,CANDYLAND,Supplier 24
2025-11-01,SKU1423,Store B,0.996,0.8032,0.0,0.0,0.0,0.0,0.0,0.0,0.0,0.0,Product 1423,TK,TK(230)ML,CANDYLAND,Supplier 24
2025-11-01,SKU1426,Warehouse,1.66,1.3387,0.0,0.0,0.0,0.0,0.0,0.0,0.0,0.0,Product 1426,TK,TK(200)G,CANDYLAND,Supplier 24
2025-11-01,SKU1427,Store C,0.913,0.7363,21.8,21.0,22.0,24.0,21.912,10.7568,0.4067,0.4067,Product 1427,TK,TK(20)G,CANDYLAND,Supplier 24
2025-11-01,SKU1451,Warehouse,2.324,1.8742,0.0,0.0,0.0,0.0,0.0,0.0,0.0,0.0,Product 1451,TK,TK(75)G,CANDYLAND,Supplier 24
2025-11-01,SKU1453,Warehouse,2.158,1.7403,0.0,0.0,0.0,0.0,0.0,0.0,0.0,0.0,Product 1453,TK,TK(85)G,CANDYLAND,Supplier 24
2025-11-01,SKU1454,Warehouse,0.913,0.7363,0.0,0.0,0.0,0.0,0.0,0.0,0.0,0.0,Product 1454,TK,"TK(41,4)G",CANDYLAND,Supplier 24
2025-11-01,SKU1459,Store B,2.1995,1.7738,0.0,0.0,0.0,0.0,0.0,0.0,0.0,0.0,Product 1459,TK,TK(125)G,CANDYLAND,Supplier 24
2025-11-01,SKU1461,Warehouse,0.996,0.8032,33.0,18.0,36.0,0.0,0.0,0.0,0.4233,0.4233,Product 1461,TK,TK(80)G,CANDYLAND,Supplier 24
2025-11-01,SKU1470,Store C,1.494,1.2048,0.0,0.0,0.0,0.0,0.0,0.0,0.0,0.0,Product 1470,TK,TK(200)G,CANDYLAND,Supplier 24
2025-11-01,SKU1475,Store C,1.245,1.0041,0.0,0.0,0.0,5.0,6.225,2.656,0.0,0.0,Product 1475,TK,TK(150)G,CANDYLAND,Supplier 24
2025-11-01,SKU1476,Store B,1.245,1.0041,8.266,7.0,11.0,12.0,14.94,6.3744,0.5312,0.5312,Product 1476,TK,TK(150)G,CANDYLAND,Supplier 24
2025-11-01,SKU1482,Store C,1.245,1.0041,8.7,1.0,16.0,9.0,11.205,4.7808,0.5312,0.5312,Product 1482,TK,TK(170)G,CANDYLAND,Supplier 24
2025-11-01,SKU1485,Store B,0.332,0.2678,227.766,165.0,280.0,0.0,0.0,0.0,0.1278,0.1278,Product 1485,TK,TK(5)G,CANDYLAND,Multiple suppliers
2025-11-01,SKU1489,Warehouse,1.245,1.0041,0.0,0.0,0.0,0.0,0.0,0.0,0.0,0.0,Product 1489,TK,TK(8)G,CANDYLAND,Supplier 24
2025-11-01,SKU1498,Store A,2.49,2.0081,0.0,0.0,0.0,0.0,0.0,0.0,0.0,0.0,Product 1498,TK,TK(145)G,CANDYLAND,Supplier 24
2025-11-01,SKU1503,Warehouse,1.66,1.3387,0.0,0.0,0.0,0.0,0.0,0.0,0.0,0.0,Product 1503,TK,TK(125)G,CANDYLAND,Supplier 24
2025-11-01,SKU1511,Warehouse,0.83,0.6694,69.6,48.0,72.0,0.0,0.0,0.0,0.3818,0.3818,Product 1511,TK,TK(200)ML,CANDYLAND,Supplier 24
2025-11-01,SKU1514,Store A,1.162,0.9371,0.0,0.0,0.0,0.0,0.0,0.0,0.0,0.0,Product 1514,TK,TK(39)G,CANDYLAND,Supplier 24
2025-11-01,SKU1523,Warehouse,1.245,1.0041,0.0,0.0,0.0,0.0,0.0,0.0,0.0,0.0,Product 1523,TK,TK(32)G,CANDYLAND,Supplier 24
2025-11-01,SKU1526,Store B,1.245,1.0041,0.0,0.0,0.0,0.0,0.0,0.0,0.0,0.0,Product 1526,TK,TK(48)G,CANDYLAND,Supplier 24
2025-11-01,SKU1527,Warehouse,1.245,1.0041,0.0,0.0,0.0,0.0,0.0,0.0,0.0,0.0,Product 1527,TK,TK(105)G,CANDYLAND,Supplier 24
2025-11-01,SKU1529,Store C,1.66,1.3387,0.0,0.0,0.0,0.0,0.0,0.0,0.0,0.0,Product 1529,TK,TK(17)G,CANDYLAND,Supplier 24
2025-11-01,SKU1530,Warehouse,1.162,0.9371,0.0,0.0,0.0,0.0,0.0,0.0,0.0,0.0,Product 1530,TK,TK(25)G,CANDYLAND,Supplier 24
2025-11-01,SKU1532,Store C,1.66,1.3387,0.0,0.0,0.0,0.0,0.0,0.0,0.0,0.0,Product 1532,TK,TK(17)G,CANDYLAND,Supplier 24
2025-11-01,SKU1553,Store C,1.245,1.0041,4.1,3.0,6.0,0.0,0.0,0.0,0.4648,0.4648,Product 1553,TK,TK(8)G,CANDYLAND,Supplier 24
2025-11-01,SKU1554,Store C,2.905,2.3428,0.0,0.0,0.0,0.0,0.0,0.0,0.0,0.0,Product 1554,TK,TK(400)G,CANDYLAND,Supplier 24
2025-11-01,SKU1576,Warehouse,4.067,3.2798,0.0,0.0,0.0,0.0,0.0,0.0,0.0,0.0,Product 1576,TK,TK(200)G,CANDYLAND,Supplier 13
2025-11-01,SKU1580,Store A,4.067,3.2798,0.0,0.0,0.0,0.0,0.0,0.0,0.0,0.0,Product 1580,TK,TK(200)G,CANDYLAND,Supplier 13
2025-11-01,SKU1587,Store C,1.328,1.0709,0.0,0.0,0.0,6.0,7.968,3.0378,0.0,0.0,Product 1587,TK,TK(135)G,CANDYLAND,Supplier 46
2025-11-01,SKU1599,Store B,2.656,2.1419,0.0,0.0,0.0,3.0,7.968,4.1085,0.0,0.0,Product 1599,TK,TK(360)ML,CANDYLAND,Supplier 07
2025-11-01,SKU1601,Store A,1.328,1.0709,0.0,0.0,0.0,0.0,0.0,0.0,0.0,0.0,Product 1601,TK,TK(85)G,CANDYLAND,Supplier 07
2025-11-01,SKU1606,Warehouse,1.411,1.1379,0.0,0.0,0.0,24.0,33.864,15.936,0.0,0.0,Product 1606,TK,TK(330)ML,CANDYLAND,Supplier 07
2025-11-01,SKU1607,Store C,1.411,1.1379,3.333,1.0,9.0,0.0,0.0,0.0,0.6641,0.6641,Product 1607,TK,TK(330)ML,CANDYLAND,Supplier 07
2025-11-01,SKU1617,Store B,0.996,0.8032,0.0,0.0,0.0,0.0,0.0,0.0,0.0,0.0,Product 1617,TK,TK(250)ML,CANDYLAND,Supplier 07
2025-11-01,SKU1630,Store B,5.727,4.6185,0.0,0.0,0.0,0.0,0.0,0.0,0.0,0.0,Product 1630,TK,TK(250)G,CANDYLAND,Supplier 75
2025-11-01,SKU1633,Warehouse,4.897,3.9492,0.0,0.0,0.0,0.0,0.0,0.0,0.0,0.0,Product 1633,TK,TK(200)G,CANDYLAND,Supplier 75
2025-11-01,SKU1634,Store B,3.652,2.9452,0.0,0.0,0.0,0.0,0.0,0.0,0.0,0.0,Product 1634,TK,TK(150)G,CANDYLAND,Supplier 75
2025-11-01,SKU1654,Store C,0.415,0.3347,0.0,0.0,0.0,0.0,0.0,0.0,0.0,0.0,Product 1654,TK,TK(500)ML,CANDYLAND,Supplier 53
2025-11-01,SKU1655,Store A,0.415,0.3347,0.0,0.0,0.0,0.0,0.0,0.0,0.0,0.0,Product 1655,TK,TK(500)ML,CANDYLAND,Supplier 53
2025-11-01,SKU1658,Warehouse,1.494,1.2048,0.0,0.0,0.0,0.0,0.0,0.0,0.0,0.0,Product 1658,TK,TK(35)G,CANDYLAND,Supplier 18
2025-11-01,SKU1659,Store A,1.328,1.0709,0.0,0.0,0.0,16.0,21.248,7.968,0.0,0.0,Product 1659,TK,TK(110)G,CANDYLAND,Supplier 46
2025-11-01,SKU1659,Store B,1.328,1.0709,0.0,0.0,0.0,18.0,23.904,8.964,0.0,0.0,Product 1659,TK,TK(110)G,CANDYLAND,Supplier 46
2025-11-01,SKU1664,Store C,2.407,1.9411,10.7,9.0,13.0,0.0,0.0,0.0,1.1321,1.1321,Product 1664,TK,TK(100)G,CANDYLAND,Supplier 29
2025-11-01,SKU1665,Warehouse,1.245,1.0041,0.0,0.0,0.0,0.0,0.0,0.0,0.0,0.0,Product 1665,TK,TK(150)G,CANDYLAND,Supplier 76
2025-11-01,SKU1671,Warehouse,1.743,1.4056,25.166,5.0,60.0,0.0,0.0,0.0,0.8964,0.8964,Product 1671,TK,TK(180)G,CANDYLAND,Supplier 76
2025-11-01,SKU1679,Store B,1.245,1.0041,23.1,0.0,25.0,0.0,0.0,0.0,0.6723,0.6723,Product 1679,TK,TK(8)ML,CANDYLAND,Supplier 18
2025-11-01,SKU1686,Store C,1.411,1.1379,93.233,73.0,106.0,18.0,25.398,8.8146,0.5354,0.5354,Product 1686,TK,TK(40)G,CANDYLAND,Supplier 42
2025-11-01,SKU1698,Store C,1.245,1.0041,0.0,0.0,0.0,0.0,0.0,0.0,0.0,0.0,Product 1698,TK,TK(84)G,CANDYLAND,Supplier 18
2025-11-01,SKU1698,Warehouse,1.245,1.0041,0.0,0.0,0.0,0.0,0.0,0.0,0.0,0.0,Product 1698,TK,TK(84)G,CANDYLAND,Supplier 18
2025-11-01,SKU1702,Store A,1.411,1.1379,0.0,0.0,0.0,0.0,0.0,0.0,0.0,0.0,Product 1702,TK,"TK(55,2)G",CANDYLAND,Supplier 74
2025-11-01,SKU1703,Store C,2.49,2.0081,0.0,0.0,0.0,0.0,0.0,0.0,0.0,0.0,Product 1703,TK,TK(120)G,CANDYLAND,Supplier 74
2025-11-01,SKU1706,Store C,2.49,2.0081,0.0,0.0,0.0,0.0,0.0,0.0,0.0,0.0,Product 1706,TK,TK(141)G,CANDYLAND,Multiple suppliers
2025-11-01,SKU1713,Warehouse,1.328,1.0709,0.0,0.0,0.0,51.0,67.728,26.2446,0.0,0.0,Product 1713,TK,TK(128)G,CANDYLAND,Supplier 46
2025-11-01,SKU1714,Store B,1.328,1.0709,0.0,0.0,0.0,0.0,0.0,0.0,0.0,0.0,Product 1714,TK,TK(128)G,CANDYLAND,Supplier 46
2025-11-01,SKU1721,Store A,3.32,2.6774,7.4,0.0,18.0,0.0,0.0,0.0,1.1371,1.1371,Product 1721,TK,TK(110)G,CANDYLAND,Supplier 09
2025-11-01,SKU1723,Store B,3.32,2.6774,11.9,8.0,15.0,0.0,0.0,0.0,1.5687,1.5687,Product 1723,TK,TK(120)G,CANDYLAND,Supplier 09
2025-11-01,SKU1727,Store C,3.32,2.6774,10.3,7.0,15.0,0.0,0.0,0.0,1.5687,1.5687,Product 1727,TK,TK(120)G,CANDYLAND,Supplier 09
2025-11-01,SKU1729,Store B,3.32,2.6774,6.766,5.0,9.0,0.0,0.0,0.0,1.5689,1.5689,Product 1729,TK,TK(120)G,CANDYLAND,Supplier 09
2025-11-01,SKU1732,Warehouse,1.826,1.4726,0.0,0.0,0.0,0.0,0.0,0.0,0.0,0.0,Product 1732,TK,TK(32)G,CANDYLAND,Supplier 09
2025-11-01,SKU1733,Store A,1.826,1.4726,6.666,0.0,17.0,0.0,0.0,0.0,0.8467,0.8467,Product 1733,TK,TK(39)G,CANDYLAND,Supplier 09
2025-11-01,SKU1735,Store C,1.494,1.2048,0.0,0.0,0.0,11.0,16.434,4.565,0.0,0.0,Product 1735,TK,TK(40)G,CANDYLAND,Supplier 09
2025-11-01,SKU1740,Store A,6.64,5.3548,0.0,0.0,0.0,0.0,0.0,0.0,0.0,0.0,Product 1740,TK,TK(230)G,CANDYLAND,Multiple suppliers
2025-11-01,SKU1744,Store B,0.083,0.083,142.766,130.0,157.0,87.0,7.221,7.221,0.083,0.083,Product 1744,TK,TK,CANDYLAND,Multiple suppliers
2025-11-01,SKU1748,Store B,2.4485,1.9746,0.0,0.0,0.0,0.0,0.0,0.0,0.0,0.0,Product 1748,TK,TK(500)ML,CANDYLAND,Supplier 74
2025-11-01,SKU1750,Store A,3.2785,2.644,0.0,0.0,0.0,0.0,0.0,0.0,0.0,0.0,Product 1750,TK,TK(500)ML,CANDYLAND,Supplier 74
2025-11-01,SKU1750,Store C,3.2785,2.644,0.0,0.0,0.0,0.0,0.0,0.0,0.0,0.0,Product 1750,TK,TK(500)ML,CANDYLAND,Supplier 74
2025-11-01,SKU1753,Store A,1.411,1.1379,0.0,0.0,0.0,0.0,0.0,0.0,0.0,0.0,Product 1753,TK,TK(135)G,CANDYLAND,Supplier 46
2025-11-01,SKU1759,Store B,1.328,1.0709,0.0,0.0,0.0,14.0,18.592,7.0882,0.0,0.0,Product 1759,TK,TK(130)G,CANDYLAND,Supplier 46
2025-12-01,SKU0017,Store C,1.826,1.4726,0.0,0.0,0.0,0.0,0.0,0.0,0.0,0.0,Product 0017,TK,TK(60)G,CANDYLAND,Supplier 64
2025-12-01,SKU0036,Store C,1.411,1.1379,0.0,0.0,0.0,0.0,0.0,0.0,0.0,0.0,Product 0036,TK,TK(335)ML,CANDYLAND,Supplier 69
2025-12-01,SKU0040,Warehouse,1.66,1.3387,0.0,0.0,0.0,0.0,0.0,0.0,0.0,0.0,Product 0040,TK,TK(5)G,CANDYLAND,Supplier 64
2025-12-01,SKU0052,Store B,1.245,1.0041,0.0,0.0,0.0,0.0,0.0,0.0,0.0,0.0,Product 0052,TK,TK(50)G,CANDYLAND,Supplier 26
2025-12-01,SKU0056,Warehouse,7.387,5.9572,0.0,0.0,0.0,0.0,0.0,0.0,0.0,0.0,Product 0056,TK,TK(85)G,CANDYLAND,Supplier 73
2025-12-01,SKU0061,Store A,0.747,0.6024,0.0,0.0,0.0,0.0,0.0,0.0,0.0,0.0,Product 0061,TK,TK(75)G,CANDYLAND,Supplier 68
2025-12-01,SKU0066,Store A,0.913,0.7363,3.483,0.0,9.0,0.0,0.0,0.0,0.3736,0.3736,Product 0066,TK,TK(90)G,CANDYLAND,Supplier 68
2025-12-01,SKU0066,Warehouse,0.913,0.7363,0.0,0.0,0.0,0.0,0.0,0.0,0.0,0.0,Product 0066,TK,TK(90)G,CANDYLAND,Supplier 68
2025-12-01,SKU0067,Store B,1.079,0.8702,0.0,0.0,0.0,0.0,0.0,0.0,0.0,0.0,Product 0067,TK,TK(200)G,CANDYLAND,Supplier 59
2025-12-01,SKU0081,Store C,1.66,1.3387,35.354,26.0,46.0,0.0,0.0,0.0,0.6225,0.6225,Product 0081,TK,TK(42)G,CANDYLAND,Supplier 66
2025-12-01,SKU0084,Store C,1.826,1.4726,0.0,0.0,0.0,0.0,0.0,0.0,0.0,0.0,Product 0084,TK,TK(100)G,CANDYLAND,Supplier 59
2025-12-01,SKU0092,Store A,0.913,0.7363,0.0,0.0,0.0,0.0,0.0,0.0,0.0,0.0,Product 0092,TK,TK(90)G,CANDYLAND,Supplier 68
2025-12-01,SKU0094,Store C,0.913,0.7363,0.0,0.0,0.0,8.0,7.304,2.988,0.0,0.0,Product 0094,TK,TK(90)G,CANDYLAND,Supplier 68
2025-12-01,SKU0103,Store A,10.707,8.6347,0.0,0.0,0.0,0.0,0.0,0.0,0.0,0.0,Product 0103,TK,TK(150)G,CANDYLAND,Supplier 73
2025-12-01,SKU0104,Store B,1.66,1.3387,0.0,0.0,0.0,0.0,0.0,0.0,0.0,0.0,Product 0104,TK,TK(200)G,CANDYLAND,Supplier 59
2025-12-01,SKU0106,Store C,0.664,0.5355,0.0,0.0,0.0,0.0,0.0,0.0,0.0,0.0,Product 0106,TK,"TK(5,5)G",CANDYLAND,Supplier 66
2025-12-01,SKU0107,Warehouse,0.664,0.5355,0.0,0.0,0.0,0.0,0.0,0.0,0.0,0.0,Product 0107,TK,"TK(5,5)G",CANDYLAND,Supplier 66
2025-12-01,SKU0108,Store B,0.913,0.7363,0.0,0.0,0.0,11.0,10.043,4.1085,0.0,0.0,Product 0108,TK,TK(90)G,CANDYLAND,Supplier 68
2025-12-01,SKU0125,Store A,1.826,1.4726,40.161,39.0,42.0,24.0,43.824,12.9978,0.5416,0.5416,Product 0125,TK,TK(17)G,CANDYLAND,Supplier 05
2025-12-01,SKU0127,Store B,2.988,2.4097,0.0,0.0,0.0,0.0,0.0,0.0,0.0,0.0,Product 0127,TK,TK(66)G,CANDYLAND,Supplier 05
2025-12-01,SKU0129,Warehouse,2.988,2.4097,0.0,0.0,0.0,0.0,0.0,0.0,0.0,0.0,Product 0129,TK,TK(70)G,CANDYLAND,Supplier 05
2025-12-01,SKU0150,Store A,2.49,2.0081,0.0,0.0,0.0,0.0,0.0,0.0,0.0,0.0,Product 0150,TK,TK(160)G,CANDYLAND,Supplier 59
2025-12-01,SKU0153,Store C,0.3735,0.3012,41.225,34.0,57.0,14.0,5.229,2.5564,0.1231,0.1231,Product 0153,TK,TK(19)G,CANDYLAND,Multiple suppliers
2025-12-01,SKU0155,Store B,1.162,0.9371,54.903,48.0,62.0,90.0,104.58,29.88,0.332,0.332,Product 0155,TK,TK(15)G,CANDYLAND,Supplier 66
2025-12-01,SKU0169,Store A,0.332,0.2678,0.0,0.0,0.0,0.0,0.0,0.0,0.0,0.0,Product 0169,TK,TK(15)G,CANDYLAND,Supplier 64
2025-12-01,SKU0187,Store A,2.324,1.8742,0.0,0.0,0.0,0.0,0.0,0.0,0.0,0.0,Product 0187,TK,TK(220)G,CANDYLAND,Supplier 59
2025-12-01,SKU0194,Store A,1.162,0.9371,0.0,0.0,0.0,0.0,0.0,0.0,0.0,0.0,Product 0194,TK,TK(55)ML,CANDYLAND,Supplier 59
2025-12-01,SKU0195,Store B,2.324,1.8742,0.0,0.0,0.0,0.0,0.0,0.0,0.0,0.0,Product 0195,TK,TK(126)G,CANDYLAND,Supplier 59
2025-12-01,SKU0204,Store C,0.747,0.6024,0.0,0.0,0.0,0.0,0.0,0.0,0.0,0.0,Product 0204,TK,TK(330)ML,CANDYLAND,Supplier 59
2025-12-01,SKU0210,Store B,1.245,1.0041,0.0,0.0,0.0,0.0,0.0,0.0,0.0,0.0,Product 0210,TK,TK(30)G,CANDYLAND,Supplier 59
2025-12-01,SKU0211,Store A,2.324,1.8742,0.0,0.0,0.0,0.0,0.0,0.0,0.0,0.0,Product 0211,TK,TK(750)ML,CANDYLAND,Supplier 59
2025-12-01,SKU0226,Store C,1.162,0.9371,0.0,0.0,0.0,0.0,0.0,0.0,0.0,0.0,Product 0226,TK,TK(20)G,CANDYLAND,Supplier 17
2025-12-01,SKU0228,Warehouse,0.332,0.2678,1884.096,1329.0,2304.0,792.0,262.944,67.8962,0.0709,0.0709,Product 0228,TK,TK(12)G,CANDYLAND,Multiple suppliers
2025-12-01,SKU0230,Store B,2.324,1.8742,0.0,0.0,0.0,0.0,0.0,0.0,0.0,0.0,Product 0230,TK,TK(216)G,CANDYLAND,Supplier 59
2025-12-01,SKU0230,Store C,2.324,1.8742,0.0,0.0,0.0,0.0,0.0,0.0,0.0,0.0,Product 0230,TK,TK(216)G,CANDYLAND,Supplier 59
2025-12-01,SKU0233,Store A,1.245,1.0041,0.0,0.0,0.0,0.0,0.0,0.0,0.0,0.0,Product 0233,TK,TK(200)G,CANDYLAND,Supplier 59
2025-12-01,SKU0249,Store C,1.328,1.0709,0.0,0.0,0.0,0.0,0.0,0.0,0.0,0.0,Product 0249,TK,TK(40)ML,CANDYLAND,Supplier 59
2025-12-01,SKU0266,Store B,1.992,1.6065,0.0,0.0,0.0,0.0,0.0,0.0,0.0,0.0,Product 0266,TK,TK(144)G,CANDYLAND,Supplier 59
2025-12-01,SKU0271,Store C,1.162,0.9371,0.0,0.0,0.0,0.0,0.0,0.0,0.0,0.0,Product 0271,TK,TK(131)G,CANDYLAND,Supplier 59
2025-12-01,SKU0282,Store C,1.826,1.4726,0.0,0.0,0.0,0.0,0.0,0.0,0.0,0.0,Product 0282,TK,TK(15)G,CANDYLAND,Supplier 59
2025-12-01,SKU0283,Store B,2.241,1.8072,0.0,0.0,0.0,0.0,0.0,0.0,0.0,0.0,Product 0283,TK,TK(200)G,CANDYLAND,Supplier 59
2025-12-01,SKU0286,Warehouse,1.245,1.0041,0.0,0.0,0.0,0.0,0.0,0.0,0.0,0.0,Product 0286,TK,TK(120)G,CANDYLAND,Supplier 59
2025-12-01,SKU0288,Store C,1.66,1.3387,0.0,0.0,0.0,0.0,0.0,0.0,0.0,0.0,Product 0288,TK,TK(60)G,CANDYLAND,Supplier 59
2025-12-01,SKU0294,Store C,2.075,1.6734,0.0,0.0,0.0,0.0,0.0,0.0,0.0,0.0,Product 0294,TK,TK(50)G,CANDYLAND,Supplier 66
2025-12-01,SKU0305,Store C,1.494,1.2048,0.0,0.0,0.0,0.0,0.0,0.0,0.0,0.0,Product 0305,TK,TK(70)G,CANDYLAND,Supplier 59
2025-12-01,SKU0307,Store B,0.996,0.8032,0.0,0.0,0.0,0.0,0.0,0.0,0.0,0.0,Product 0307,TK,TK(26)G,CANDYLAND,Supplier 59
2025-12-01,SKU0307,Warehouse,0.996,0.8032,0.0,0.0,0.0,0.0,0.0,0.0,0.0,0.0,Product 0307,TK,TK(26)G,CANDYLAND,Supplier 59
2025-12-01,SKU0313,Store B,1.328,1.0709,0.0,0.0,0.0,0.0,0.0,0.0,0.0,0.0,Product 0313,TK,TK(80)G,CANDYLAND,Supplier 59
2025-12-01,SKU0315,Store C,2.49,2.0081,0.0,0.0,0.0,0.0,0.0,0.0,0.0,0.0,Product 0315,TK,TK(99)G,CANDYLAND,Multiple suppliers
2025-12-01,SKU0315,Warehouse,2.49,2.0081,0.0,0.0,0.0,0.0,0.0,0.0,0.0,0.0,Product 0315,TK,TK(99)G,CANDYLAND,Multiple suppliers
2025-12-01,SKU0318,Store A,1.411,1.1379,9.193,7.0,11.0,0.0,0.0,0.0,0.7179,0.7179,Product 0318,TK,TK(150)G,CANDYLAND,Supplier 33
2025-12-01,SKU0320,Store A,1.411,1.1379,10.548,8.0,14.0,0.0,0.0,0.0,0.7178,0.7178,Product 0320,TK,TK(150)G,CANDYLAND,Supplier 33
2025-12-01,SKU0326,Store A,1.411,1.1379,10.548,7.0,16.0,0.0,0.0,0.0,0.7177,0.7177,Product 0326,TK,TK(150)G,CANDYLAND,Supplier 33
2025-12-01,SKU0333,Store A,1.826,1.4726,0.0,0.0,0.0,0.0,0.0,0.0,0.0,0.0,Product 0333,TK,TK(114)G,CANDYLAND,Multiple suppliers
2025-12-01,SKU0334,Store A,1.245,1.0041,0.0,0.0,0.0,0.0,0.0,0.0,0.0,0.0,Product 0334,TK,TK(200)G,CANDYLAND,Supplier 59
2025-12-01,SKU0344,Store C,0.996,0.8032,0.0,0.0,0.0,0.0,0.0,0.0,0.0,0.0,Product 0344,TK,TK(30)G,CANDYLAND,Supplier 59
2025-12-01,SKU0346,Store B,1.162,0.9371,0.0,0.0,0.0,0.0,0.0,0.0,0.0,0.0,Product 0346,TK,TK(30)G,CANDYLAND,Supplier 59
2025-12-01,SKU0349,Store B,1.328,1.0709,0.0,0.0,0.0,0.0,0.0,0.0,0.0,0.0,Product 0349,TK,TK(50)G,CANDYLAND,Supplier 59
2025-12-01,SKU0350,Store B,1.328,1.0709,0.0,0.0,0.0,0.0,0.0,0.0,0.0,0.0,Product 0350,TK,TK(50)G,CANDYLAND,Supplier 59
2025-12-01,SKU0354,Warehouse,0.332,0.2678,0.0,0.0,0.0,0.0,0.0,0.0,0.0,0.0,Product 0354,TK,TK(10)G,CANDYLAND,Unknown supplier
2025-12-01,SKU0359,Warehouse,2.49,2.0081,0.0,0.0,0.0,0.0,0.0,0.0,0.0,0.0,Product 0359,TK,TK(350)ML,CANDYLAND,Supplier 59
2025-12-01,SKU0363,Store A,1.245,1.0041,0.0,0.0,0.0,0.0,0.0,0.0,0.0,0.0,Product 0363,TK,TK(160)G,CANDYLAND,Supplier 59
2025-12-01,SKU0395,Warehouse,0.415,0.3347,0.0,0.0,0.0,0.0,0.0,0.0,0.0,0.0,Product 0395,TK,TK(35)G,CANDYLAND,Supplier 59
2025-12-01,SKU0398,Warehouse,2.407,1.9411,95.225,72.0,120.0,0.0,0.0,0.0,0.996,0.996,Product 0398,TK,TK(80)G,CANDYLAND,Supplier 59
2025-12-01,SKU0404,Store A,0.83,0.6694,0.0,0.0,0.0,0.0,0.0,0.0,0.0,0.0,Product 0404,TK,TK(80)G,CANDYLAND,Supplier 59
2025-12-01,SKU0406,Store A,2.49,2.0081,0.0,0.0,0.0,0.0,0.0,0.0,0.0,0.0,Product 0406,TK,TK(120)G,CANDYLAND,Supplier 59
2025-12-01,SKU0414,Store C,1.494,1.2048,0.0,0.0,0.0,0.0,0.0,0.0,0.0,0.0,Product 0414,TK,TK(60)G,CANDYLAND,Supplier 59
2025-12-01,SKU0416,Store B,2.905,2.3428,0.0,0.0,0.0,0.0,0.0,0.0,0.0,0.0,Product 0416,TK,TK(85)G,CANDYLAND,Supplier 59
2025-12-01,SKU0422,Store A,2.656,2.1419,0.0,0.0,0.0,0.0,0.0,0.0,0.0,0.0,Product 0422,TK,TK(152)G,CANDYLAND,Supplier 59
2025-12-01,SKU0422,Warehouse,2.656,2.1419,0.0,0.0,0.0,0.0,0.0,0.0,0.0,0.0,Product 0422,TK,TK(152)G,CANDYLAND,Supplier 59
2025-12-01,SKU0423,Store C,0.9545,0.7697,0.0,0.0,0.0,0.0,0.0,0.0,0.0,0.0,Product 0423,TK,TK(240)ML,CANDYLAND,Supplier 59
2025-12-01,SKU0428,Store A,1.245,1.0041,0.0,0.0,0.0,0.0,0.0,0.0,0.0,0.0,Product 0428,TK,TK(40)G,CANDYLAND,Supplier 59
2025-12-01,SKU0429,Warehouse,1.245,1.0041,0.0,0.0,0.0,0.0,0.0,0.0,0.0,0.0,Product 0429,TK,TK(82)G,CANDYLAND,Supplier 59
2025-12-01,SKU0436,Store A,0.249,0.2008,0.0,0.0,0.0,0.0,0.0,0.0,0.0,0.0,Product 0436,TK,TK(4)G,CANDYLAND,Supplier 02
2025-12-01,SKU0441,Store A,0.249,0.2008,747.129,708.0,789.0,0.0,0.0,0.0,0.0243,0.0243,Product 0441,TK,"TK(4,5)G",CANDYLAND,Supplier 68
2025-12-01,SKU0445,Store B,1.992,1.6065,0.0,0.0,0.0,0.0,0.0,0.0,0.0,0.0,Product 0445,TK,TK(145)G,CANDYLAND,Supplier 59
2025-12-01,SKU0460,Store B,2.324,1.8742,0.0,0.0,0.0,0.0,0.0,0.0,0.0,0.0,Product 0460,TK,TK(144)G,CANDYLAND,Supplier 59
2025-12-01,SKU0463,Store A,0.498,0.4016,67.709,50.0,80.0,17.0,8.466,2.6809,0.1577,0.1577,Product 0463,TK,TK(16)G,CANDYLAND,Supplier 02
2025-12-01,SKU0465,Warehouse,1.328,1.0709,0.0,0.0,0.0,0.0,0.0,0.0,0.0,0.0,Product 0465,TK,TK(150)G,CANDYLAND,Supplier 59
2025-12-01,SKU0469,Store B,5.727,4.6185,0.0,0.0,0.0,0.0,0.0,0.0,0.0,0.0,Product 0469,TK,TK(475)G,CANDYLAND,Supplier 59
2025-12-01,SKU0471,Warehouse,1.494,1.2048,0.0,0.0,0.0,0.0,0.0,0.0,0.0,0.0,Product 0471,TK,TK(40)G,CANDYLAND,Supplier 59
2025-12-01,SKU0493,Store A,1.162,0.9371,0.0,0.0,0.0,0.0,0.0,0.0,0.0,0.0,Product 0493,TK,TK(40)ML,CANDYLAND,Supplier 59
2025-12-01,SKU0501,Warehouse,1.66,1.3387,0.0,0.0,0.0,0.0,0.0,0.0,0.0,0.0,Product 0501,TK,TK(90)G,CANDYLAND,Supplier 59
2025-12-01,SKU0509,Warehouse,1.992,1.6065,103.774,79.0,121.0,132.0,262.944,100.4337,0.6432,0.6432,Product 0509,TK,TK(140)G,CANDYLAND,Supplier 57
2025-12-01,SKU0522,Store B,1.743,1.4056,0.0,0.0,0.0,0.0,0.0,0.0,0.0,0.0,Product 0522,TK,TK(128)G,CANDYLAND,Supplier 59
2025-12-01,SKU0524,Store B,1.328,1.0709,0.0,0.0,0.0,0.0,0.0,0.0,0.0,0.0,Product 0524,TK,TK(56)G,CANDYLAND,Supplier 59
2025-12-01,SKU0530,Store B,0.996,0.8032,17.032,16.0,18.0,0.0,0.0,0.0,0.3735,0.3735,Product 0530,TK,TK(90)G,CANDYLAND,Supplier 59
2025-12-01,SKU0536,Store B,2.49,2.0081,0.0,0.0,0.0,0.0,0.0,0.0,0.0,0.0,Product 0536,TK,TK(85)G,CANDYLAND,Supplier 59
2025-12-01,SKU0537,Store B,1.826,1.4726,0.0,0.0,0.0,0.0,0.0,0.0,0.0,0.0,Product 0537,TK,TK(100)G,CANDYLAND,Supplier 59
2025-12-01,SKU0546,Warehouse,8.217,6.6266,0.0,0.0,0.0,0.0,0.0,0.0,0.0,0.0,Product 0546,TK,TK(185)G,CANDYLAND,Supplier 59
2025-12-01,SKU0548,Warehouse,1.826,1.4726,7.0,7.0,7.0,0.0,0.0,0.0,0.5727,0.5727,Product 0548,TK,TK(150)G,CANDYLAND,Supplier 59
2025-12-01,SKU0552,Store A,1.328,1.0709,2.161,0.0,9.0,0.0,0.0,0.0,0.6309,0.6309,Product 0552,TK,"TK(94,5)G",CANDYLAND,Supplier 59
2025-12-01,SKU0557,Store C,1.992,1.6065,0.0,0.0,0.0,0.0,0.0,0.0,0.0,0.0,Product 0557,TK,TK(150)G,CANDYLAND,Supplier 26
2025-12-01,SKU0574,Store B,8.217,6.6266,6.322,3.0,10.0,0.0,0.0,0.0,3.8681,3.8681,Product 0574,TK,TK(250)G,CANDYLAND,Supplier 54
2025-12-01,SKU0577,Warehouse,0.332,0.2678,0.0,0.0,0.0,0.0,0.0,0.0,0.0,0.0,Product 0577,TK,TK(11)G,CANDYLAND,Supplier 64
2025-12-01,SKU0579,Store B,1.577,1.2718,0.0,0.0,0.0,0.0,0.0,0.0,0.0,0.0,Product 0579,TK,TK(120)G,CANDYLAND,Supplier 17
2025-12-01,SKU0585,Store A,1.66,1.3387,0.0,0.0,0.0,0.0,0.0,0.0,0.0,0.0,Product 0585,TK,TK(60)G,CANDYLAND,Supplier 17
2025-12-01,SKU0590,Store C,8.217,6.6266,4.258,3.0,5.0,2.0,16.434,7.7356,3.8679,3.8679,Product 0590,TK,TK(195)G,CANDYLAND,Supplier 54
2025-12-01,SKU0598,Warehouse,1.162,0.9371,0.0,0.0,0.0,0.0,0.0,0.0,0.0,0.0,Product 0598,TK,TK(130)G,CANDYLAND,Supplier 17
2025-12-01,SKU0604,Store C,2.075,1.6734,0.0,0.0,0.0,0.0,0.0,0.0,0.0,0.0,Product 0604,TK,TK(90)G,CANDYLAND,Supplier 17
2025-12-01,SKU0610,Store C,1.162,0.9371,0.0,0.0,0.0,0.0,0.0,0.0,0.0,0.0,Product 0610,TK,TK(180)G,CANDYLAND,Supplier 17
2025-12-01,SKU0611,Store B,1.162,0.9371,0.0,0.0,0.0,0.0,0.0,0.0,0.0,0.0,Product 0611,TK,TK(150)G,CANDYLAND,Multiple suppliers
2025-12-01,SKU0618,Warehouse,3.984,3.2129,0.0,0.0,0.0,0.0,0.0,0.0,0.0,0.0,Product 0618,TK,TK(350)G,CANDYLAND,Supplier 17
2025-12-01,SKU0620,Warehouse,2.49,2.0081,0.0,0.0,0.0,0.0,0.0,0.0,0.0,0.0,Product 0620,TK,TK(125)G,CANDYLAND,Supplier 26
2025-12-01,SKU0629,Store A,0.83,0.6694,2.451,1.0,9.0,0.0,0.0,0.0,0.3604,0.3604,Product 0629,TK,TK(23)G,CANDYLAND,Supplier 16
2025-12-01,SKU0631,Store C,0.83,0.6694,0.0,0.0,0.0,15.0,12.45,4.2367,0.0,0.0,Product 0631,TK,TK(23)G,CANDYLAND,Supplier 16
2025-12-01,SKU0632,Store C,1.494,1.2048,0.0,0.0,0.0,0.0,0.0,0.0,0.0,0.0,Product 0632,TK,TK(11)G,CANDYLAND,Supplier 02
2025-12-01,SKU0633,Store B,1.992,1.6065,40.483,35.0,48.0,28.0,55.776,22.3104,0.7968,0.7968,Product 0633,TK,TK(10)G,CANDYLAND,Supplier 02
2025-12-01,SKU0634,Store B,1.826,1.4726,9.548,7.0,12.0,14.0,25.564,10.2035,0.7288,0.7288,Product 0634,TK,TK(11)G,CANDYLAND,Supplier 02
2025-12-01,SKU0642,Warehouse,2.905,2.3428,0.0,0.0,0.0,0.0,0.0,0.0,0.0,0.0,Product 0642,TK,TK(72)G,CANDYLAND,Supplier 16
2025-12-01,SKU0649,Store B,2.075,1.6734,0.0,0.0,0.0,0.0,0.0,0.0,0.0,0.0,Product 0649,TK,TK(250)ML,CANDYLAND,Supplier 16
2025-12-01,SKU0654,Warehouse,1.826,1.4726,277.161,264.0,288.0,168.0,306.768,64.4213,0.3835,0.3835,Product 0654,TK,TK(17)G,CANDYLAND,Supplier 02
2025-12-01,SKU0658,Store B,0.83,0.6694,0.0,0.0,0.0,1.0,0.83,0.2716,0.0,0.0,Product 0658,TK,"TK(15,6)G",CANDYLAND,Supplier 16
2025-12-01,SKU0661,Warehouse,1.245,1.0041,0.0,0.0,0.0,0.0,0.0,0.0,0.0,0.0,Product 0661,TK,TK(65)G,CANDYLAND,Supplier 16
2025-12-01,SKU0672,Store B,0.083,0.0669,0.0,0.0,0.0,0.0,0.0,0.0,0.0,0.0,Product 0672,TK,TK(10)G,CANDYLAND,Supplier 42
2025-12-01,SKU0673,Store C,2.49,2.0081,0.0,0.0,0.0,0.0,0.0,0.0,0.0,0.0,Product 0673,TK,TK(94)G,CANDYLAND,Supplier 69
2025-12-01,SKU0677,Warehouse,0.415,0.3347,0.0,0.0,0.0,0.0,0.0,0.0,0.0,0.0,Product 0677,TK,TK(16)G,CANDYLAND,Supplier 74
2025-12-01,SKU0681,Store B,1.162,0.9371,0.0,0.0,0.0,3.0,3.486,1.1479,0.0,0.0,Product 0681,TK,TK(65)G,CANDYLAND,Supplier 02
2025-12-01,SKU0682,Store A,0.83,0.6694,29.258,24.0,36.0,18.0,14.94,5.6772,0.3154,0.3154,Product 0682,TK,"TK(5,5)G",CANDYLAND,Supplier 66
2025-12-01,SKU0692,Store C,0.498,0.4016,26.354,7.0,42.0,31.0,15.438,6.5097,0.21,0.21,Product 0692,TK,TK(30)G,CANDYLAND,Supplier 02
2025-12-01,SKU0695,Store B,17.43,14.0565,0.0,0.0,0.0,0.0,0.0,0.0,0.0,0.0,Product 0695,TK,TK(745)G,CANDYLAND,Supplier 29
2025-12-01,SKU0699,Store C,0.996,0.8032,0.0,0.0,0.0,0.0,0.0,0.0,0.0,0.0,Product 0699,TK,TK(23)G,CANDYLAND,Supplier 64
2025-12-01,SKU0703,Store C,0.996,0.8032,27.548,15.0,45.0,0.0,0.0,0.0,0.3403,0.3403,Product 0703,TK,TK(105)ML,CANDYLAND,Supplier 02
2025-12-01,SKU0705,Store A,3.735,3.0121,0.0,0.0,0.0,0.0,0.0,0.0,0.0,0.0,Product 0705,TK,TK(360)G,CANDYLAND,Supplier 32
2025-12-01,SKU0709,Store C,0.83,0.6694,0.0,0.0,0.0,0.0,0.0,0.0,0.0,0.0,Product 0709,TK,TK(25)ML,CANDYLAND,Supplier 02
2025-12-01,SKU0715,Store B,1.992,1.6065,0.0,0.0,0.0,20.0,39.84,14.774,0.0,0.0,Product 0715,TK,TK(10)G,CANDYLAND,Supplier 05
2025-12-01,SKU0715,Store C,1.992,1.6065,0.0,0.0,0.0,13.0,25.896,9.6031,0.0,0.0,Product 0715,TK,TK(10)G,CANDYLAND,Supplier 05
2025-12-01,SKU0715,Warehouse,1.992,1.6065,0.0,0.0,0.0,12.0,23.904,8.8644,0.0,0.0,Product 0715,TK,TK(10)G,CANDYLAND,Supplier 05
2025-12-01,SKU0728,Warehouse,2.407,1.9411,0.0,0.0,0.0,0.0,0.0,0.0,0.0,0.0,Product 0728,TK,TK(150)G,CANDYLAND,Supplier 49
2025-12-01,SKU0739,Warehouse,3.735,3.0121,0.0,0.0,0.0,0.0,0.0,0.0,0.0,0.0,Product 0739,TK,TK(250)G,CANDYLAND,Supplier 38
2025-12-01,SKU0741,Store B,3.735,3.0121,8.419,7.0,9.0,0.0,0.0,0.0,1.7597,1.7597,Product 0741,TK,TK(250)G,CANDYLAND,Supplier 38
2025-12-01,SKU0752,Store A,1.494,1.2048,0.0,0.0,0.0,0.0,0.0,0.0,0.0,0.0,Product 0752,TK,TK(160)G,CANDYLAND,Supplier 59
2025-12-01,SKU0754,Store A,0.415,0.3347,0.0,0.0,0.0,0.0,0.0,0.0,0.0,0.0,Product 0754,TK,TK(40)G,CANDYLAND,Supplier 69
2025-12-01,SKU0759,Store B,4.067,3.2798,6.516,0.0,12.0,0.0,0.0,0.0,1.9173,1.9173,Product 0759,TK,TK(250)G,CANDYLAND,Supplier 34
2025-12-01,SKU0765,Store A,0.083,0.0669,0.0,0.0,0.0,0.0,0.0,0.0,0.0,0.0,Product 0765,TK,TK(5)G,CANDYLAND,Supplier 48
2025-12-01,SKU0765,Store C,0.083,0.0669,0.0,0.0,0.0,0.0,0.0,0.0,0.0,0.0,Product 0765,TK,TK(5)G,CANDYLAND,Supplier 48
2025-12-01,SKU0771,Store C,1.245,1.0041,0.0,0.0,0.0,0.0,0.0,0.0,0.0,0.0,Product 0771,TK,TK(150)G,CANDYLAND,Supplier 32
2025-12-01,SKU0772,Store C,1.245,1.0041,0.0,0.0,0.0,0.0,0.0,0.0,0.0,0.0,Product 0772,TK,TK(150)G,CANDYLAND,Supplier 32
2025-12-01,SKU0774,Store B,1.245,1.0041,0.0,0.0,0.0,0.0,0.0,0.0,0.0,0.0,Product 0774,TK,TK(150)G,CANDYLAND,Supplier 32
2025-12-01,SKU0777,Store C,0.747,0.6024,0.0,0.0,0.0,0.0,0.0,0.0,0.0,0.0,Product 0777,TK,TK(56)G,CANDYLAND,Supplier 21
2025-12-01,SKU0781,Store A,0.747,0.6024,0.0,0.0,0.0,0.0,0.0,0.0,0.0,0.0,Product 0781,TK,TK(56)G,CANDYLAND,Supplier 21
2025-12-01,SKU0789,Store C,1.2035,0.9706,0.0,0.0,0.0,0.0,0.0,0.0,0.0,0.0,Product 0789,TK,TK(330)ML,CANDYLAND,Supplier 10
2025-12-01,SKU0790,Warehouse,2.075,1.6734,0.0,0.0,0.0,0.0,0.0,0.0,0.0,0.0,Product 0790,TK,TK(600)G,CANDYLAND,Supplier 72
2025-12-01,SKU0794,Store A,1.328,1.0709,4.064,0.0,7.0,0.0,0.0,0.0,0.3735,0.3735,Product 0794,TK,TK(90)G,CANDYLAND,Supplier 32
2025-12-01,SKU0798,Warehouse,3.154,2.5435,97.548,78.0,120.0,0.0,0.0,0.0,1.2865,1.2865,Product 0798,TK,TK(120)G,CANDYLAND,Supplier 66
2025-12-01,SKU0813,Store B,0.332,0.2678,0.0,0.0,0.0,0.0,0.0,0.0,0.0,0.0,Product 0813,TK,TK(30)ML,CANDYLAND,Supplier 69
2025-12-01,SKU0817,Store C,2.075,1.6734,6.064,1.0,7.0,0.0,0.0,0.0,0.9712,0.9712,Product 0817,TK,TK(390)ML,CANDYLAND,Supplier 03
2025-12-01,SKU0828,Store A,2.49,2.0081,0.0,0.0,0.0,6.0,14.94,7.0716,0.0,0.0,Product 0828,TK,TK(70)G,CANDYLAND,Supplier 44
2025-12-01,SKU0831,Store C,0.498,0.4016,114.935,98.0,138.0,45.0,22.41,7.6568,0.1701,0.1701,Product 0831,TK,TK(200)ML,CANDYLAND,Supplier 70
2025-12-01,SKU0833,Store C,0.747,0.6024,24.903,18.0,33.0,0.0,0.0,0.0,0.3735,0.3735,Product 0833,TK,TK(300)ML,CANDYLAND,Supplier 35
2025-12-01,SKU0844,Store B,1.411,1.1379,5.774,0.0,8.0,0.0,0.0,0.0,0.5395,0.5395,Product 0844,TK,TK(320)ML,CANDYLAND,Supplier 03
2025-12-01,SKU0848,Store A,0.996,0.8032,0.0,0.0,0.0,0.0,0.0,0.0,0.0,0.0,Product 0848,TK,TK(320)ML,CANDYLAND,Supplier 03
2025-12-01,SKU0848,Store C,0.996,0.8032,0.0,0.0,0.0,0.0,0.0,0.0,0.0,0.0,Product 0848,TK,TK(320)ML,CANDYLAND,Supplier 03
2025-12-01,SKU0850,Store C,0.4565,0.3681,0.0,0.0,0.0,0.0,0.0,0.0,0.0,0.0,Product 0850,TK,TK(500)ML,CANDYLAND,Supplier 43
2025-12-01,SKU0851,Store A,0.4565,0.3681,0.0,0.0,0.0,0.0,0.0,0.0,0.0,0.0,Product 0851,TK,TK(500)ML,CANDYLAND,Supplier 43
2025-12-01,SKU0853,Store C,8.217,6.6266,0.0,0.0,0.0,0.0,0.0,0.0,0.0,0.0,Product 0853,TK,TK(200)G,CANDYLAND,Supplier 58
2025-12-01,SKU0863,Store B,1.245,1.0041,0.0,0.0,0.0,0.0,0.0,0.0,0.0,0.0,Product 0863,TK,TK(140)G,CANDYLAND,Supplier 69
2025-12-01,SKU0863,Warehouse,1.245,1.0041,0.0,0.0,0.0,0.0,0.0,0.0,0.0,0.0,Product 0863,TK,TK(140)G,CANDYLAND,Supplier 69
2025-12-01,SKU0870,Warehouse,1.909,1.5395,0.0,0.0,0.0,0.0,0.0,0.0,0.0,0.0,Product 0870,TK,TK(375)G,CANDYLAND,Supplier 19
2025-12-01,SKU0877,Store B,1.411,1.1379,0.0,0.0,0.0,8.0,11.288,5.7104,0.0,0.0,Product 0877,TK,TK(150)G,CANDYLAND,Supplier 19
2025-12-01,SKU0882,Warehouse,0.249,0.2008,0.0,0.0,0.0,268.0,66.732,20.9983,0.0,0.0,Product 0882,TK,TK(15)G,CANDYLAND,Supplier 69
2025-12-01,SKU0884,Store A,1.328,1.0709,0.0,0.0,0.0,29.0,38.512,14.8271,0.0,0.0,Product 0884,TK,TK(120)G,CANDYLAND,Supplier 02
2025-12-01,SKU0889,Store C,0.581,0.4685,0.0,0.0,0.0,18.0,10.458,3.1374,0.0,0.0,Product 0889,TK,TK(40)G,CANDYLAND,Supplier 02
2025-12-01,SKU0892,Store B,1.328,1.0709,0.0,0.0,0.0,0.0,0.0,0.0,0.0,0.0,Product 0892,TK,TK(160)G,CANDYLAND,Supplier 02
2025-12-01,SKU0901,Store A,0.664,0.5355,20.548,8.0,31.0,0.0,0.0,0.0,0.2548,0.2548,Product 0901,TK,TK(45)G,CANDYLAND,Supplier 02
2025-12-01,SKU0913,Store B,2.49,2.0081,8.87,6.0,14.0,0.0,0.0,0.0,0.9546,0.9546,Product 0913,TK,TK(144)G,CANDYLAND,Supplier 06
2025-12-01,SKU0915,Store B,6.64,5.3548,0.0,0.0,0.0,3.681,24.4418,9.1657,0.0,0.0,Product 0915,KG,KG(1000)G,CANDYLAND,Supplier 69
2025-12-01,SKU0918,Store B,7.387,5.9572,0.0,0.0,0.0,0.0,0.0,0.0,0.0,0.0,Product 0918,TK,TK(226)G,CANDYLAND,Supplier 34
2025-12-01,SKU0922,Store C,1.162,0.9371,0.0,0.0,0.0,0.0,0.0,0.0,0.0,0.0,Product 0922,TK,TK(60)G,CANDYLAND,Supplier 02
2025-12-01,SKU0932,Warehouse,2.4485,1.9746,34.064,0.0,72.0,0.0,0.0,0.0,1.1786,1.1786,Product 0932,TK,"TK(13,2)G",CANDYLAND,Supplier 62
2025-12-01,SKU0964,Store C,3.486,2.8113,6.161,0.0,13.0,0.0,0.0,0.0,1.4567,1.4567,Product 0964,TK,TK(200)G,CANDYLAND,Supplier 31
2025-12-01,SKU0968,Store B,3.154,2.5435,0.0,0.0,0.0,0.0,0.0,0.0,0.0,0.0,Product 0968,TK,TK(190)G,CANDYLAND,Supplier 71
2025-12-01,SKU0972,Store A,3.154,2.5435,0.0,0.0,0.0,0.0,0.0,0.0,0.0,0.0,Product 0972,TK,TK(190)G,CANDYLAND,Supplier 71
2025-12-01,SKU0975,Warehouse,1.577,1.2718,0.0,0.0,0.0,0.0,0.0,0.0,0.0,0.0,Product 0975,TK,TK(200)G,CANDYLAND,Supplier 71
2025-12-01,SKU0977,Store C,1.66,1.3387,0.0,0.0,0.0,0.0,0.0,0.0,0.0,0.0,Product 0977,TK,TK(178)G,CANDYLAND,Supplier 71
2025-12-01,SKU0988,Store B,1.328,1.0709,0.0,0.0,0.0,15.0,19.92,7.47,0.0,0.0,Product 0988,TK,TK(128)G,CANDYLAND,Supplier 69
2025-12-01,SKU0995,Store A,0.83,0.6694,8.225,6.0,10.0,0.0,0.0,0.0,0.2988,0.2988,Product 0995,TK,TK(100)G,CANDYLAND,Supplier 06
2025-12-01,SKU0996,Store B,9.96,8.0322,0.0,0.0,0.0,7.418,73.8833,32.755,0.0,0.0,Product 0996,KG,TK(1000)G,CANDYLAND,Multiple suppliers
2025-12-01,SKU0998,Store A,1.162,0.9371,0.0,0.0,0.0,0.0,0.0,0.0,0.0,0.0,Product 0998,TK,TK(100)G,CANDYLAND,Supplier 42
2025-12-01,SKU0999,Warehouse,1.162,0.9371,0.0,0.0,0.0,0.0,0.0,0.0,0.0,0.0,Product 0999,TK,TK(100)G,CANDYLAND,Supplier 42
2025-12-01,SKU1004,Store B,0.996,0.8032,0.0,0.0,0.0,0.0,0.0,0.0,0.0,0.0,Product 1004,TK,TK(450)ML,CANDYLAND,Supplier 03
2025-12-01,SKU1005,Warehouse,0.996,0.8032,0.0,0.0,0.0,0.0,0.0,0.0,0.0,0.0,Product 1005,TK,TK(450)ML,CANDYLAND,Supplier 03
2025-12-01,SKU1007,Store C,0.996,0.8032,0.0,0.0,0.0,0.0,0.0,0.0,0.0,0.0,Product 1007,TK,TK(450)ML,CANDYLAND,Supplier 03
2025-12-01,SKU1013,Warehouse,1.328,1.0709,324.0,324.0,324.0,84.0,111.552,39.0432,0.4648,0.4648,Product 1013,TK,TK(500)ML,CANDYLAND,Supplier 03
2025-12-01,SKU1014,Store C,1.162,0.9371,13.58,6.0,17.0,0.0,0.0,0.0,0.4648,0.4648,Product 1014,TK,TK(500)ML,CANDYLAND,Supplier 03
2025-12-01,SKU1016,Store C,0.747,0.6024,0.0,0.0,0.0,0.0,0.0,0.0,0.0,0.0,Product 1016,TK,TK(330)ML,CANDYLAND,Supplier 03
2025-12-01,SKU1016,Warehouse,0.747,0.6024,0.0,0.0,0.0,0.0,0.0,0.0,0.0,0.0,Product 1016,TK,TK(330)ML,CANDYLAND,Supplier 03
2025-12-01,SKU1017,Warehouse,0.747,0.6024,0.0,0.0,0.0,0.0,0.0,0.0,0.0,0.0,Product 1017,TK,TK(330)ML,CANDYLAND,Supplier 03
2025-12-01,SKU1019,Store B,0.747,0.6024,0.0,0.0,0.0,0.0,0.0,0.0,0.0,0.0,Product 1019,TK,TK(330)ML,CANDYLAND,Supplier 03
2025-12-01,SKU1023,Store B,9.96,8.0322,0.0,0.0,0.0,3.448,34.3421,14.5954,0.0,0.0,Product 1023,KG,KG(1000)G,CANDYLAND,Supplier 42
2025-12-01,SKU1024,Store B,1.162,0.9371,0.0,0.0,0.0,0.0,0.0,0.0,0.0,0.0,Product 1024,TK,TK(150)G,CANDYLAND,Supplier 11
2025-12-01,SKU1025,Warehouse,0.747,0.6024,0.0,0.0,0.0,0.0,0.0,0.0,0.0,0.0,Product 1025,TK,TK(100)G,CANDYLAND,Supplier 11
2025-12-01,SKU1035,Warehouse,2.905,2.3428,0.0,0.0,0.0,0.0,0.0,0.0,0.0,0.0,Product 1035,TK,TK(70)G,CANDYLAND,Supplier 42
2025-12-01,SKU1047,Store C,3.237,2.6105,0.0,0.0,0.0,0.0,0.0,0.0,0.0,0.0,Product 1047,TK,TK(98)G,CANDYLAND,Supplier 23
2025-12-01,SKU1057,Store A,0.415,0.3347,0.0,0.0,0.0,0.0,0.0,0.0,0.0,0.0,Product 1057,TK,TK(200)ML,CANDYLAND,Supplier 77
2025-12-01,SKU1058,Store B,0.415,0.3347,0.0,0.0,0.0,0.0,0.0,0.0,0.0,0.0,Product 1058,TK,TK(200)ML,CANDYLAND,Supplier 77
2025-12-01,SKU1060,Store B,0.415,0.3347,0.0,0.0,0.0,0.0,0.0,0.0,0.0,0.0,Product 1060,TK,TK(200)ML,CANDYLAND,Supplier 77
2025-12-01,SKU1067,Warehouse,1.328,1.0709,0.0,0.0,0.0,0.0,0.0,0.0,0.0,0.0,Product 1067,TK,TK(150)G,CANDYLAND,Supplier 02
2025-12-01,SKU1068,Store C,1.328,1.0709,26.064,14.0,38.0,25.0,33.2,10.9352,0.4374,0.4374,Product 1068,TK,TK(100)G,CANDYLAND,Supplier 02
2025-12-01,SKU1076,Store C,1.245,1.0041,1.935,0.0,13.0,0.0,0.0,0.0,0.3669,0.3669,Product 1076,TK,TK(35)G,CANDYLAND,Supplier 02
2025-12-01,SKU1082,Store C,1.245,1.0041,14.354,5.0,20.0,0.0,0.0,0.0,0.3735,0.3735,Product 1082,TK,TK(50)G,CANDYLAND,Supplier 02
2025-12-01,SKU1086,Store B,6.225,5.0202,1.967,0.0,3.0,0.0,0.0,0.0,2.9725,2.9725,Product 1086,TK,TK(135)G,CANDYLAND,Supplier 54
2025-12-01,SKU1086,Store C,6.225,5.0202,3.064,0.0,4.0,0.0,0.0,0.0,2.9719,2.9719,Product 1086,TK,TK(135)G,CANDYLAND,Supplier 54
2025-12-01,SKU1087,Store C,2.988,2.4097,0.0,0.0,0.0,0.0,0.0,0.0,0.0,0.0,Product 1087,TK,TK(10)G,CANDYLAND,Supplier 51
2025-12-01,SKU1091,Store B,0.166,0.1339,0.0,0.0,0.0,0.0,0.0,0.0,0.0,0.0,Product 1091,TK,TK(7)G,CANDYLAND,Supplier 51
2025-12-01,SKU1092,Store B,0.996,0.8032,8.032,1.0,15.0,0.0,0.0,0.0,0.3571,0.3571,Product 1092,TK,TK(15)G,CANDYLAND,Supplier 09
2025-12-01,SKU1093,Store B,0.996,0.8032,20.967,13.0,33.0,0.0,0.0,0.0,0.357,0.357,Product 1093,TK,TK(15)G,CANDYLAND,Supplier 09
2025-12-01,SKU1095,Store B,1.079,0.8702,25.29,9.0,36.0,0.0,0.0,0.0,0.5729,0.5729,Product 1095,TK,TK(37)G,CANDYLAND,Supplier 09
2025-12-01,SKU1100,Store A,2.324,1.8742,0.0,0.0,0.0,0.0,0.0,0.0,0.0,0.0,Product 1100,TK,TK(200)G,CANDYLAND,Supplier 26
2025-12-01,SKU1100,Store C,2.324,1.8742,0.0,0.0,0.0,0.0,0.0,0.0,0.0,0.0,Product 1100,TK,TK(200)G,CANDYLAND,Supplier 26
2025-12-01,SKU1106,Warehouse,0.166,0.1339,0.0,0.0,0.0,0.0,0.0,0.0,0.0,0.0,Product 1106,TK,TK(5)G,CANDYLAND,Supplier 19
2025-12-01,SKU1108,Store C,16.517,13.3202,18.354,4.0,28.0,0.0,0.0,0.0,7.6493,7.6493,Product 1108,TK,TK(380)G,CANDYLAND,Supplier 29
2025-12-01,SKU1110,Store B,0.747,0.6024,0.0,0.0,0.0,0.0,0.0,0.0,0.0,0.0,Product 1110,TK,TK(75)G,CANDYLAND,Supplier 41
2025-12-01,SKU1117,Warehouse,4.98,4.0161,0.0,0.0,0.0,0.0,0.0,0.0,0.0,0.0,Product 1117,TK,TK(200)G,CANDYLAND,Supplier 26
2025-12-01,SKU1120,Warehouse,3.237,2.6105,0.0,0.0,0.0,0.0,0.0,0.0,0.0,0.0,Product 1120,TK,TK(125)G,CANDYLAND,Supplier 26
2025-12-01,SKU1135,Store C,13.28,10.7097,0.0,0.0,0.0,0.0,0.0,0.0,0.0,0.0,Product 1135,TK,TK(400)G,CANDYLAND,Supplier 26
2025-12-01,SKU1138,Store B,7.47,6.0242,0.0,0.0,0.0,0.0,0.0,0.0,0.0,0.0,Product 1138,TK,TK(250)G,CANDYLAND,Supplier 26
2025-12-01,SKU1140,Warehouse,13.28,10.7097,0.0,0.0,0.0,0.0,0.0,0.0,0.0,0.0,Product 1140,TK,TK(400)G,CANDYLAND,Supplier 26
2025-12-01,SKU1144,Store C,2.656,2.1419,0.0,0.0,0.0,0.0,0.0,0.0,0.0,0.0,Product 1144,TK,TK(150)G,CANDYLAND,Supplier 26
2025-12-01,SKU1146,Store A,2.656,2.1419,0.0,0.0,0.0,0.0,0.0,0.0,0.0,0.0,Product 1146,TK,TK(150)G,CANDYLAND,Supplier 26
2025-12-01,SKU1149,Store A,2.407,1.9411,0.0,0.0,0.0,0.0,0.0,0.0,0.0,0.0,Product 1149,TK,TK(165)G,CANDYLAND,Supplier 26
2025-12-01,SKU1167,Warehouse,3.237,2.6105,0.0,0.0,0.0,0.0,0.0,0.0,0.0,0.0,Product 1167,TK,TK(125)G,CANDYLAND,Supplier 26
2025-12-01,SKU1171,Store C,2.075,1.6734,0.0,0.0,0.0,0.0,0.0,0.0,0.0,0.0,Product 1171,TK,TK(100)G,CANDYLAND,Supplier 26
2025-12-01,SKU1178,Store A,3.237,2.6105,0.0,0.0,0.0,0.0,0.0,0.0,0.0,0.0,Product 1178,TK,TK(150)G,CANDYLAND,Supplier 34
2025-12-01,SKU1178,Store C,3.237,2.6105,0.0,0.0,0.0,0.0,0.0,0.0,0.0,0.0,Product 1178,TK,TK(150)G,CANDYLAND,Supplier 34
2025-12-01,SKU1188,Store C,1.66,1.3387,0.0,0.0,0.0,0.0,0.0,0.0,0.0,0.0,Product 1188,TK,TK(60)G,CANDYLAND,Supplier 26
2025-12-01,SKU1191,Warehouse,3.237,2.6105,0.0,0.0,0.0,0.0,0.0,0.0,0.0,0.0,Product 1191,TK,TK(132)G,CANDYLAND,Supplier 26
2025-12-01,SKU1196,Warehouse,3.32,2.6774,0.0,0.0,0.0,0.0,0.0,0.0,0.0,0.0,Product 1196,TK,TK(90)G,CANDYLAND,Unknown supplier
2025-12-01,SKU1197,Warehouse,1.992,1.6065,0.0,0.0,0.0,0.0,0.0,0.0,0.0,0.0,Product 1197,TK,TK(54)G,CANDYLAND,Supplier 43
2025-12-01,SKU1198,Store C,0.913,0.7363,0.0,0.0,0.0,0.0,0.0,0.0,0.0,0.0,Product 1198,TK,TK(75)G,CANDYLAND,Supplier 41
2025-12-01,SKU1200,Store C,1.162,0.9371,0.0,0.0,0.0,0.0,0.0,0.0,0.0,0.0,Product 1200,TK,TK(130)G,CANDYLAND,Unknown supplier
2025-12-01,SKU1206,Store B,2.075,1.6734,0.0,0.0,0.0,0.0,0.0,0.0,0.0,0.0,Product 1206,TK,TK(180)G,CANDYLAND,Supplier 39
2025-12-01,SKU1215,Store C,0.913,0.7363,0.0,0.0,0.0,0.0,0.0,0.0,0.0,0.0,Product 1215,TK,TK(18)G,CANDYLAND,Supplier 43
2025-12-01,SKU1217,Store A,0.5395,0.4351,0.0,0.0,0.0,14.0,7.553,3.8346,0.0,0.0,Product 1217,TK,TK(20)G,CANDYLAND,Supplier 24
2025-12-01,SKU1221,Warehouse,1.992,1.6065,0.0,0.0,0.0,0.0,0.0,0.0,0.0,0.0,Product 1221,TK,TK(126)G,CANDYLAND,Supplier 21
2025-12-01,SKU1231,Warehouse,0.166,0.1339,0.0,0.0,0.0,0.0,0.0,0.0,0.0,0.0,Product 1231,TK,TK(7)G,CANDYLAND,Supplier 19
2025-12-01,SKU1233,Warehouse,1.245,1.0041,0.0,0.0,0.0,0.0,0.0,0.0,0.0,0.0,Product 1233,TK,TK(100)G,CANDYLAND,Supplier 17
2025-12-01,SKU1239,Store B,1.162,0.9371,31.838,30.0,33.0,0.0,0.0,0.0,0.415,0.415,Product 1239,TK,TK(15)G,CANDYLAND,Supplier 04
2025-12-01,SKU1240,Store A,1.162,0.9371,18.838,16.0,21.0,0.0,0.0,0.0,0.415,0.415,Product 1240,TK,TK(15)G,CANDYLAND,Supplier 04
2025-12-01,SKU1243,Store C,0.747,0.6024,0.0,0.0,0.0,0.0,0.0,0.0,0.0,0.0,Product 1243,TK,TK(100)G,CANDYLAND,Supplier 30
2025-12-01,SKU1244,Warehouse,2.49,2.0081,0.0,0.0,0.0,0.0,0.0,0.0,0.0,0.0,Product 1244,TK,TK(400)G,CANDYLAND,Supplier 24
2025-12-01,SKU1260,Store B,1.079,0.8702,10.645,7.0,14.0,0.0,0.0,0.0,0.5644,0.5644,Product 1260,TK,TK(210)ML,CANDYLAND,Supplier 24
2025-12-01,SKU1264,Store C,1.162,0.9371,0.0,0.0,0.0,0.0,0.0,0.0,0.0,0.0,Product 1264,TK,TK(100)G,CANDYLAND,Supplier 24
2025-12-01,SKU1272,Store B,5.81,4.6855,0.0,0.0,0.0,0.0,0.0,0.0,0.0,0.0,Product 1272,TK,TK(300)G,CANDYLAND,Supplier 24
2025-12-01,SKU1273,Store A,1.245,1.0041,0.0,0.0,0.0,0.0,0.0,0.0,0.0,0.0,Product 1273,TK,TK(75)G,CANDYLAND,Supplier 24
2025-12-01,SKU1273,Warehouse,1.245,1.0041,0.0,0.0,0.0,0.0,0.0,0.0,0.0,0.0,Product 1273,TK,TK(75)G,CANDYLAND,Supplier 24
2025-12-01,SKU1274,Store B,1.66,1.3387,11.161,1.0,33.0,0.0,0.0,0.0,0.8549,0.8549,Product 1274,TK,TK(75)G,CANDYLAND,Supplier 24
2025-12-01,SKU1275,Store A,1.245,1.0041,0.0,0.0,0.0,0.0,0.0,0.0,0.0,0.0,Product 1275,TK,TK(75)G,CANDYLAND,Supplier 24
2025-12-01,SKU1276,Store A,1.66,1.3387,0.0,0.0,0.0,5.0,8.3,4.233,0.0,0.0,Product 1276,TK,TK(200)G,CANDYLAND,Supplier 24
2025-12-01,SKU1282,Store C,1.162,0.9371,0.0,0.0,0.0,0.0,0.0,0.0,0.0,0.0,Product 1282,TK,TK(100)G,CANDYLAND,Supplier 24
2025-12-01,SKU1287,Store B,3.32,2.6774,0.0,0.0,0.0,0.0,0.0,0.0,0.0,0.0,Product 1287,TK,TK(300)G,CANDYLAND,Supplier 24
2025-12-01,SKU1290,Store C,5.561,4.4847,0.0,0.0,0.0,0.0,0.0,0.0,0.0,0.0,Product 1290,KG,KG(1000)G,CANDYLAND,Supplier 19
2025-12-01,SKU1295,Store A,2.241,1.8072,0.0,0.0,0.0,0.0,0.0,0.0,0.0,0.0,Product 1295,TK,TK(180)G,CANDYLAND,Supplier 24
2025-12-01,SKU1300,Store C,1.162,0.9371,0.0,0.0,0.0,4.0,4.648,2.158,0.0,0.0,Product 1300,TK,TK(200)G,CANDYLAND,Supplier 17
2025-12-01,SKU1300,Warehouse,1.162,0.9371,0.0,0.0,0.0,0.0,0.0,0.0,0.0,0.0,Product 1300,TK,TK(200)G,CANDYLAND,Supplier 17
2025-12-01,SKU1303,Warehouse,2.075,1.6734,15.806,0.0,28.0,0.0,0.0,0.0,0.7304,0.7304,Product 1303,TK,TK(100)G,CANDYLAND,Multiple suppliers
2025-12-01,SKU1304,Store C,4.15,3.3468,0.0,0.0,0.0,3.0,12.45,5.727,0.0,0.0,Product 1304,TK,TK(250)G,CANDYLAND,Supplier 12
2025-12-01,SKU1311,Store C,5.146,4.15,0.0,0.0,0.0,0.0,0.0,0.0,0.0,0.0,Product 1311,TK,TK(200)G,CANDYLAND,Supplier 24
2025-12-01,SKU1314,Store A,1.66,1.3387,0.0,0.0,0.0,0.0,0.0,0.0,0.0,0.0,Product 1314,TK,TK(200)G,CANDYLAND,Supplier 24
2025-12-01,SKU1319,Store B,2.324,1.8742,16.129,14.0,18.0,9.0,20.916,8.8893,1.1288,1.1288,Product 1319,TK,TK(100)G,CANDYLAND,Supplier 24
2025-12-01,SKU1322,Warehouse,1.411,1.1379,358.387,150.0,450.0,0.0,0.0,0.0,0.6225,0.6225,Product 1322,TK,TK(150)ML,CANDYLAND,Supplier 03
2025-12-01,SKU1326,Store C,1.411,1.1379,25.903,1.0,50.0,0.0,0.0,0.0,0.6225,0.6225,Product 1326,TK,TK(150)ML,CANDYLAND,Supplier 03
2025-12-01,SKU1339,Store B,0.747,0.6024,0.0,0.0,0.0,0.0,0.0,0.0,0.0,0.0,Product 1339,TK,TK(240)ML,CANDYLAND,Supplier 03
2025-12-01,SKU1341,Warehouse,0.996,0.8032,0.0,0.0,0.0,0.0,0.0,0.0,0.0,0.0,Product 1341,TK,TK(500)ML,CANDYLAND,Supplier 03
2025-12-01,SKU1359,Store A,2.075,1.6734,0.0,0.0,0.0,0.0,0.0,0.0,0.0,0.0,Product 1359,TK,TK(148)G,CANDYLAND,Supplier 24
2025-12-01,SKU1360,Store A,2.075,1.6734,0.0,0.0,0.0,0.0,0.0,0.0,0.0,0.0,Product 1360,TK,TK(148)G,CANDYLAND,Supplier 24
2025-12-01,SKU1360,Store B,2.075,1.6734,0.0,0.0,0.0,0.0,0.0,0.0,0.0,0.0,Product 1360,TK,TK(148)G,CANDYLAND,Supplier 24
2025-12-01,SKU1365,Store A,0.332,0.2678,0.0,0.0,0.0,49.0,16.268,6.9139,0.0,0.0,Product 1365,TK,"TK(13,5)G",CANDYLAND,Supplier 59
2025-12-01,SKU1365,Store B,0.332,0.2678,0.0,0.0,0.0,76.0,25.232,10.7236,0.0,0.0,Product 1365,TK,"TK(13,5)G",CANDYLAND,Supplier 59
2025-12-01,SKU1373,Warehouse,1.328,1.0709,0.0,0.0,0.0,0.0,0.0,0.0,0.0,0.0,Product 1373,TK,TK(20)G,CANDYLAND,Supplier 17
2025-12-01,SKU1387,Store B,2.407,1.9411,0.0,0.0,0.0,0.0,0.0,0.0,0.0,0.0,Product 1387,TK,TK(80)G,CANDYLAND,Supplier 59
2025-12-01,SKU1390,Store C,1.826,1.4726,0.0,0.0,0.0,0.0,0.0,0.0,0.0,0.0,Product 1390,TK,TK(225)G,CANDYLAND,Supplier 24
2025-12-01,SKU1394,Store A,2.075,1.6734,29.225,25.0,33.0,3.0,6.225,2.1414,0.7138,0.7138,Product 1394,TK,TK(40)G,CANDYLAND,Supplier 24
2025-12-01,SKU1401,Warehouse,2.656,2.1419,11.935,4.0,18.0,0.0,0.0,0.0,1.2451,1.2451,Product 1401,TK,TK(300)G,CANDYLAND,Supplier 24
2025-12-01,SKU1415,Store B,1.66,1.3387,0.0,0.0,0.0,0.0,0.0,0.0,0.0,0.0,Product 1415,TK,TK(180)G,CANDYLAND,Supplier 24
2025-12-01,SKU1415,Warehouse,1.66,1.3387,0.0,0.0,0.0,0.0,0.0,0.0,0.0,0.0,Product 1415,TK,TK(180)G,CANDYLAND,Supplier 24
2025-12-01,SKU1416,Store A,1.079,0.8702,0.0,0.0,0.0,3.0,3.237,1.433,0.0,0.0,Product 1416,TK,TK(66)G,CANDYLAND,Multiple suppliers
2025-12-01,SKU1421,Store A,1.245,1.0041,0.0,0.0,0.0,0.0,0.0,0.0,0.0,0.0,Product 1421,TK,TK(144)G,CANDYLAND,Supplier 24
2025-12-01,SKU1421,Store B,1.245,1.0041,0.0,0.0,0.0,0.0,0.0,0.0,0.0,0.0,Product 1421,TK,TK(144)G,CANDYLAND,Supplier 24
2025-12-01,SKU1431,Store C,1.245,1.0041,0.0,0.0,0.0,0.0,0.0,0.0,0.0,0.0,Product 1431,TK,TK(8)G,CANDYLAND,Supplier 63
2025-12-01,SKU1433,Store C,2.905,2.3428,0.0,0.0,0.0,0.0,0.0,0.0,0.0,0.0,Product 1433,TK,TK(300)G,CANDYLAND,Supplier 24
2025-12-01,SKU1436,Store A,0.249,0.2008,98.935,27.0,156.0,300.0,74.7,22.2855,0.0757,0.0757,Product 1436,TK,TK(11)G,CANDYLAND,Multiple suppliers
2025-12-01,SKU1444,Store B,0.913,0.7363,18.774,14.0,26.0,30.0,27.39,13.446,0.4482,0.4482,Product 1444,TK,TK(20)G,CANDYLAND,Supplier 24
2025-12-01,SKU1446,Warehouse,0.913,0.7363,0.0,0.0,0.0,0.0,0.0,0.0,0.0,0.0,Product 1446,TK,TK(20)G,CANDYLAND,Supplier 24
2025-12-01,SKU1447,Store C,0.996,0.8032,0.0,0.0,0.0,0.0,0.0,0.0,0.0,0.0,Product 1447,TK,TK(230)ML,CANDYLAND,Supplier 24
2025-12-01,SKU1453,Store A,2.158,1.7403,0.0,0.0,0.0,0.0,0.0,0.0,0.0,0.0,Product 1453,TK,TK(85)G,CANDYLAND,Supplier 24
2025-12-01,SKU1459,Warehouse,2.1995,1.7738,0.0,0.0,0.0,0.0,0.0,0.0,0.0,0.0,Product 1459,TK,TK(125)G,CANDYLAND,Supplier 24
2025-12-01,SKU1465,Store A,2.324,1.8742,0.0,0.0,0.0,0.0,0.0,0.0,0.0,0.0,Product 1465,TK,TK(200)G,CANDYLAND,Supplier 24
2025-12-01,SKU1476,Warehouse,1.245,1.0041,4.0,4.0,4.0,0.0,0.0,0.0,0.5312,0.5312,Product 1476,TK,TK(150)G,CANDYLAND,Supplier 24
2025-12-01,SKU1480,Warehouse,1.245,1.0041,0.0,0.0,0.0,0.0,0.0,0.0,0.0,0.0,Product 1480,TK,TK(170)G,CANDYLAND,Supplier 24
2025-12-01,SKU1481,Warehouse,1.245,1.0041,0.0,0.0,0.0,24.0,29.88,12.7488,0.0,0.0,Product 1481,TK,TK(170)G,CANDYLAND,Supplier 24
2025-12-01,SKU1487,Warehouse,1.245,1.0041,0.0,0.0,0.0,0.0,0.0,0.0,0.0,0.0,Product 1487,TK,TK(20)G,CANDYLAND,Supplier 24
2025-12-01,SKU1500,Store A,1.245,1.0041,0.0,0.0,0.0,0.0,0.0,0.0,0.0,0.0,Product 1500,TK,TK(55)G,CANDYLAND,Supplier 59
2025-12-01,SKU1503,Warehouse,1.66,1.3387,0.0,0.0,0.0,0.0,0.0,0.0,0.0,0.0,Product 1503,TK,TK(125)G,CANDYLAND,Supplier 24
2025-12-01,SKU1511,Store C,0.83,0.6694,25.806,17.0,32.0,13.0,10.79,4.9634,0.3818,0.3818,Product 1511,TK,TK(200)ML,CANDYLAND,Supplier 24
2025-12-01,SKU1513,Warehouse,0.83,0.6694,0.0,0.0,0.0,0.0,0.0,0.0,0.0,0.0,Product 1513,TK,TK(200)ML,CANDYLAND,Supplier 24
2025-12-01,SKU1515,Warehouse,1.079,0.8702,0.0,0.0,0.0,0.0,0.0,0.0,0.0,0.0,Product 1515,TK,TK(21)G,CANDYLAND,Supplier 24
2025-12-01,SKU1517,Store A,2.49,2.0081,0.0,0.0,0.0,0.0,0.0,0.0,0.0,0.0,Product 1517,TK,TK(170)G,CANDYLAND,Supplier 24
2025-12-01,SKU1522,Store A,2.3655,1.9077,0.0,0.0,0.0,0.0,0.0,0.0,0.0,0.0,Product 1522,TK,TK(200)G,CANDYLAND,Supplier 24
2025-12-01,SKU1523,Store C,1.245,1.0041,0.0,0.0,0.0,0.0,0.0,0.0,0.0,0.0,Product 1523,TK,TK(32)G,CANDYLAND,Supplier 24
2025-12-01,SKU1526,Store B,1.245,1.0041,0.0,0.0,0.0,0.0,0.0,0.0,0.0,0.0,Product 1526,TK,TK(48)G,CANDYLAND,Supplier 24
2025-12-01,SKU1534,Store B,1.577,1.2718,0.0,0.0,0.0,0.0,0.0,0.0,0.0,0.0,Product 1534,TK,TK(84)G,CANDYLAND,Supplier 24
2025-12-01,SKU1544,Store A,1.66,1.3387,11.451,9.0,14.0,5.0,8.3,4.0255,0.8051,0.8051,Product 1544,TK,TK(84)G,CANDYLAND,Supplier 24
2025-12-01,SKU1546,Store A,0.83,0.6694,19.741,15.0,25.0,7.0,5.81,2.6726,0.3818,0.3818,Product 1546,TK,TK(200)ML,CANDYLAND,Supplier 24
2025-12-01,SKU1546,Warehouse,0.83,0.6694,24.0,24.0,24.0,0.0,0.0,0.0,0.3818,0.3818,Product 1546,TK,TK(200)ML,CANDYLAND,Supplier 24
2025-12-01,SKU1547,Warehouse,0.83,0.6694,0.0,0.0,0.0,0.0,0.0,0.0,0.0,0.0,Product 1547,TK,TK(26)G,CANDYLAND,Supplier 24
2025-12-01,SKU1554,Store C,2.905,2.3428,0.0,0.0,0.0,0.0,0.0,0.0,0.0,0.0,Product 1554,TK,TK(400)G,CANDYLAND,Supplier 24
2025-12-01,SKU1555,Warehouse,1.66,1.3387,0.0,0.0,0.0,0.0,0.0,0.0,0.0,0.0,Product 1555,TK,TK(200)G,CANDYLAND,Supplier 24
2025-12-01,SKU1559,Warehouse,0.83,0.6694,85.161,72.0,96.0,24.0,19.92,9.1632,0.3818,0.3818,Product 1559,TK,TK(200)ML,CANDYLAND,Supplier 24
2025-12-01,SKU1567,Store A,1.162,0.9371,0.0,0.0,0.0,0.0,0.0,0.0,0.0,0.0,Product 1567,TK,TK(60)G,CANDYLAND,Supplier 24
2025-12-01,SKU1576,Warehouse,4.067,3.2798,0.0,0.0,0.0,0.0,0.0,0.0,0.0,0.0,Product 1576,TK,TK(200)G,CANDYLAND,Supplier 13
2025-12-01,SKU1577,Store A,4.067,3.2798,0.0,0.0,0.0,0.0,0.0,0.0,0.0,0.0,Product 1577,TK,TK(200)G,CANDYLAND,Supplier 13
2025-12-01,SKU1579,Store A,4.067,3.2798,0.0,0.0,0.0,0.0,0.0,0.0,0.0,0.0,Product 1579,TK,TK(200)G,CANDYLAND,Supplier 13
2025-12-01,SKU1579,Store C,4.067,3.2798,0.0,0.0,0.0,0.0,0.0,0.0,0.0,0.0,Product 1579,TK,TK(200)G,CANDYLAND,Supplier 13
2025-12-01,SKU1580,Store A,4.067,3.2798,0.0,0.0,0.0,0.0,0.0,0.0,0.0,0.0,Product 1580,TK,TK(200)G,CANDYLAND,Supplier 13
2025-12-01,SKU1582,Store A,4.067,3.2798,0.0,0.0,0.0,0.0,0.0,0.0,0.0,0.0,Product 1582,TK,TK(200)G,CANDYLAND,Supplier 13
2025-12-01,SKU1599,Store B,2.656,2.1419,0.0,0.0,0.0,3.0,7.968,4.1085,0.0,0.0,Product 1599,TK,TK(360)ML,CANDYLAND,Supplier 07
2025-12-01,SKU1604,Store B,1.328,1.0709,0.0,0.0,0.0,0.0,0.0,0.0,0.0,0.0,Product 1604,TK,TK(85)G,CANDYLAND,Supplier 07
2025-12-01,SKU1611,Store C,1.411,1.1379,18.774,0.0,24.0,6.0,8.466,3.984,0.664,0.664,Product 1611,TK,TK(330)ML,CANDYLAND,Supplier 07
2025-12-01,SKU1619,Store A,0.996,0.8032,11.129,0.0,15.0,0.0,0.0,0.0,0.498,0.498,Product 1619,TK,TK(250)ML,CANDYLAND,Supplier 07
2025-12-01,SKU1629,Store C,0.083,0.083,279.967,158.0,337.0,112.0,9.296,9.296,0.083,0.083,Product 1629,TK,TK,CANDYLAND,Supplier 07
2025-12-01,SKU1630,Store C,5.727,4.6185,0.0,0.0,0.0,0.0,0.0,0.0,0.0,0.0,Product 1630,TK,TK(250)G,CANDYLAND,Supplier 75
2025-12-01,SKU1632,Store B,4.897,3.9492,0.741,-1.0,4.0,0.0,0.0,0.0,2.5762,2.5762,Product 1632,TK,TK(200)G,CANDYLAND,Supplier 75
2025-12-01,SKU1650,Warehouse,4.565,3.6815,0.0,0.0,0.0,106.0,483.89,207.6328,0.0,0.0,Product 1650,TK,TK(150)G,CANDYLAND,Supplier 75
2025-12-01,SKU1652,Warehouse,4.98,4.0161,0.0,0.0,0.0,130.0,647.4,303.199,0.0,0.0,Product 1652,TK,TK(200)G,CANDYLAND,Supplier 75
2025-12-01,SKU1657,Warehouse,1.494,1.2048,0.0,0.0,0.0,0.0,0.0,0.0,0.0,0.0,Product 1657,TK,TK(35)G,CANDYLAND,Supplier 18
2025-12-01,SKU1658,Warehouse,1.494,1.2048,0.0,0.0,0.0,0.0,0.0,0.0,0.0,0.0,Product 1658,TK,TK(35)G,CANDYLAND,Supplier 18
2025-12-01,SKU1660,Warehouse,0.747,0.6024,0.322,0.0,1.0,0.0,0.0,0.0,0.848,0.848,Product 1660,TK,TK(83)ML,CANDYLAND,Supplier 18
2025-12-01,SKU1662,Store A,0.996,0.8032,0.0,0.0,0.0,0.0,0.0,0.0,0.0,0.0,Product 1662,TK,TK(330)ML,CANDYLAND,Multiple suppliers
2025-12-01,SKU1674,Warehouse,1.494,1.2048,0.0,0.0,0.0,0.0,0.0,0.0,0.0,0.0,Product 1674,TK,TK(140)G,CANDYLAND,Supplier 76
2025-12-01,SKU1687,Store B,0.913,0.7363,75.516,73.0,77.0,0.0,0.0,0.0,0.3486,0.3486,Product 1687,TK,TK(85)G,CANDYLAND,Supplier 42
2025-12-01,SKU1693,Store C,0.83,0.6694,0.0,0.0,0.0,0.0,0.0,0.0,0.0,0.0,Product 1693,TK,TK(80)G,CANDYLAND,Supplier 18
2025-12-01,SKU1696,Store B,0.996,0.8032,0.0,0.0,0.0,0.0,0.0,0.0,0.0,0.0,Product 1696,TK,TK(40)G,CANDYLAND,Supplier 74
2025-12-01,SKU1701,Warehouse,1.079,0.8702,62.419,45.0,75.0,0.0,0.0,0.0,0.4897,0.4897,Product 1701,TK,TK(37)G,CANDYLAND,Supplier 74
2025-12-01,SKU1704,Store B,2.49,2.0081,0.0,0.0,0.0,0.0,0.0,0.0,0.0,0.0,Product 1704,TK,TK(120)G,CANDYLAND,Supplier 74
2025-12-01,SKU1704,Warehouse,2.49,2.0081,0.0,0.0,0.0,0.0,0.0,0.0,0.0,0.0,Product 1704,TK,TK(120)G,CANDYLAND,Supplier 74
2025-12-01,SKU1712,Store C,1.328,1.0709,0.0,0.0,0.0,0.0,0.0,0.0,0.0,0.0,Product 1712,TK,TK(128)G,CANDYLAND,Supplier 46
2025-12-01,SKU1713,Store B,1.328,1.0709,0.0,0.0,0.0,16.0,21.248,8.2336,0.0,0.0,Product 1713,TK,TK(128)G,CANDYLAND,Supplier 46
2025-12-01,SKU1718,Warehouse,1.577,1.2718,0.0,0.0,0.0,0.0,0.0,0.0,0.0,0.0,Product 1718,TK,"TK(119,6)G",CANDYLAND,Supplier 74
2025-12-01,SKU1729,Store A,3.32,2.6774,2.354,0.0,7.0,7.0,23.24,8.3664,1.5693,1.5693,Product 1729,TK,TK(120)G,CANDYLAND,Supplier 09
2025-12-01,SKU1736,Store C,1.494,1.2048,0.0,0.0,0.0,21.0,31.374,8.715,0.0,0.0,Product 1736,TK,TK(40)G,CANDYLAND,Supplier 09
2025-12-01,SKU1745,Store A,0.083,0.083,0.0,0.0,0.0,10.0,0.83,0.83,0.0,0.0,Product 1745,TK,TK,CANDYLAND,Supplier 10
2025-12-01,SKU1749,Store A,4.1085,3.3133,0.0,0.0,0.0,0.0,0.0,0.0,0.0,0.0,Product 1749,TK,TK(500)ML,CANDYLAND,Supplier 74
2025-12-01,SKU1752,Store A,1.411,1.1379,0.0,0.0,0.0,0.0,0.0,0.0,0.0,0.0,Product 1752,TK,TK(135)G,CANDYLAND,Supplier 46
2025-12-01,SKU1755,Warehouse,2.49,2.0081,0.0,0.0,0.0,0.0,0.0,0.0,0.0,0.0,Product 1755,TK,TK(50)G,CANDYLAND,Supplier 74
2025-12-01,SKU1756,Store C,2.49,2.0081,0.0,0.0,0.0,0.0,0.0,0.0,0.0,0.0,Product 1756,TK,TK(140)G,CANDYLAND,Supplier 74
2025-12-01,SKU1762,Store C,1.328,1.0709,0.0,0.0,0.0,8.0,10.624,4.0504,0.0,0.0,Product 1762,TK,TK(135)G,CANDYLAND,Supplier 46
2025-12-01,SKU1783,Store B,12.45,10.0403,0.0,0.0,0.0,6.551,81.56,34.2552,0.0,0.0,Product 1783,KG,KG(1000)G,CANDYLAND,Supplier 42
2025-12-01,SKU1788,Store B,2.49,2.0081,87.419,87.0,88.0,20.0,49.8,26.56,1.328,1.328,Product 1788,TK,TK(70)G,CANDYLAND,Supplier 42
2025-12-01,SKU1792,Store C,1.826,1.4726,0.0,0.0,0.0,48.0,87.648,36.2544,0.0,0.0,Product 1792,TK,TK(73)G,CANDYLAND,Supplier 42
2025-12-01,SKU1793,Store C,1.826,1.4726,0.0,0.0,0.0,28.0,51.128,21.1484,0.0,0.0,Product 1793,TK,TK(74)G,CANDYLAND,Supplier 42
2026-01-01,SKU0007,Store C,0.581,0.4685,32.354,31.0,33.0,1.0,0.581,0.2094,0.2094,0.2094,Product 0007,TK,TK(35)G,CANDYLAND,Supplier 64
2026-01-01,SKU0008,Warehouse,0.581,0.4685,0.0,0.0,0.0,0.0,0.0,0.0,0.0,0.0,Product 0008,TK,TK(35)G,CANDYLAND,Supplier 64
2026-01-01,SKU0013,Store A,0.249,0.2008,-1.0,-1.0,-1.0,-1.0,-0.249,-0.0498,0.0498,0.0498,Product 0013,TK,TK(12)G,CANDYLAND,Multiple suppliers
2026-01-01,SKU0014,Store B,0.249,0.2008,0.0,0.0,0.0,0.0,0.0,0.0,0.0,0.0,Product 0014,TK,TK(12)G,CANDYLAND,Multiple suppliers
2026-01-01,SKU0022,Store A,0.996,0.8032,0.0,0.0,0.0,0.0,0.0,0.0,0.0,0.0,Product 0022,TK,TK(55)ML,CANDYLAND,Supplier 64
2026-01-01,SKU0025,Store B,1.245,1.0041,0.0,0.0,0.0,0.0,0.0,0.0,0.0,0.0,Product 0025,TK,TK(105)ML,CANDYLAND,Supplier 64
2026-01-01,SKU0030,Store B,0.498,0.4016,-1.0,-1.0,-1.0,0.0,0.0,0.0,0.083,0.083,Product 0030,TK,TK(25)ML,CANDYLAND,Supplier 64
2026-01-01,SKU0034,Warehouse,2.988,2.4097,0.0,0.0,0.0,0.0,0.0,0.0,0.0,0.0,Product 0034,TK,TK(190)ML,CANDYLAND,Supplier 09
2026-01-01,SKU0046,Store C,1.494,1.2048,0.0,0.0,0.0,0.0,0.0,0.0,0.0,0.0,Product 0046,TK,TK(10)G,CANDYLAND,Supplier 66
2026-01-01,SKU0048,Warehouse,2.988,2.4097,0.0,0.0,0.0,0.0,0.0,0.0,0.0,0.0,Product 0048,TK,TK(40)G,CANDYLAND,Supplier 66
2026-01-01,SKU0066,Store C,0.913,0.7363,0.516,0.0,1.0,0.0,0.0,0.0,0.3735,0.3735,Product 0066,TK,TK(90)G,CANDYLAND,Supplier 68
2026-01-01,SKU0067,Warehouse,1.079,0.8702,0.0,0.0,0.0,0.0,0.0,0.0,0.0,0.0,Product 0067,TK,TK(200)G,CANDYLAND,Supplier 59
2026-01-01,SKU0070,Warehouse,1.577,1.2718,320.193,294.0,364.0,111.0,175.047,69.0975,0.6225,0.6225,Product 0070,TK,TK(30)G,CANDYLAND,Supplier 66
2026-01-01,SKU0082,Store A,0.249,0.2008,63.935,0.0,92.0,0.0,0.0,0.0,0.054,0.054,Product 0082,TK,TK(10)G,CANDYLAND,Supplier 66
2026-01-01,SKU0084,Store A,1.826,1.4726,0.0,0.0,0.0,0.0,0.0,0.0,0.0,0.0,Product 0084,TK,TK(100)G,CANDYLAND,Supplier 59
2026-01-01,SKU0092,Warehouse,0.913,0.7363,0.0,0.0,0.0,0.0,0.0,0.0,0.0,0.0,Product 0092,TK,TK(90)G,CANDYLAND,Supplier 68
2026-01-01,SKU0094,Store A,0.913,0.7363,0.0,0.0,0.0,2.0,1.826,0.747,0.0,0.0,Product 0094,TK,TK(90)G,CANDYLAND,Supplier 68
2026-01-01,SKU0094,Store C,0.913,0.7363,0.0,0.0,0.0,8.0,7.304,2.988,0.0,0.0,Product 0094,TK,TK(90)G,CANDYLAND,Supplier 68
2026-01-01,SKU0101,Warehouse,1.577,1.2718,0.0,0.0,0.0,0.0,0.0,0.0,0.0,0.0,Product 0101,TK,TK(100)G,CANDYLAND,Supplier 59
2026-01-01,SKU0115,Store A,0.747,0.6024,0.0,0.0,0.0,0.0,0.0,0.0,0.0,0.0,Product 0115,TK,TK(65)G,CANDYLAND,Supplier 68
2026-01-01,SKU0115,Store C,0.747,0.6024,0.0,0.0,0.0,0.0,0.0,0.0,0.0,0.0,Product 0115,TK,TK(65)G,CANDYLAND,Supplier 68
2026-01-01,SKU0117,Warehouse,2.407,1.9411,0.0,0.0,0.0,0.0,0.0,0.0,0.0,0.0,Product 0117,TK,TK(150)G,CANDYLAND,Multiple suppliers
2026-01-01,SKU0119,Store A,1.494,1.2048,26.29,25.0,30.0,9.0,13.446,4.4073,0.5153,0.5153,Product 0119,TK,TK(80)ML,CANDYLAND,Supplier 05
2026-01-01,SKU0120,Store C,3.071,2.4766,0.0,0.0,0.0,8.0,24.568,11.2216,0.0,0.0,Product 0120,TK,TK(30)G,CANDYLAND,Supplier 05
2026-01-01,SKU0125,Store C,1.826,1.4726,23.516,22.0,27.0,7.0,12.782,3.791,0.5416,0.5416,Product 0125,TK,TK(17)G,CANDYLAND,Supplier 05
2026-01-01,SKU0128,Store C,2.988,2.4097,0.0,0.0,0.0,0.0,0.0,0.0,0.0,0.0,Product 0128,TK,TK(70)G,CANDYLAND,Supplier 05
2026-01-01,SKU0132,Store B,0.166,0.1339,0.0,0.0,0.0,0.0,0.0,0.0,0.0,0.0,Product 0132,TK,TK(4)G,CANDYLAND,Supplier 36
2026-01-01,SKU0132,Store C,0.166,0.1339,0.0,0.0,0.0,0.0,0.0,0.0,0.0,0.0,Product 0132,TK,TK(4)G,CANDYLAND,Supplier 36
2026-01-01,SKU0134,Store A,0.249,0.2008,0.0,0.0,0.0,0.0,0.0,0.0,0.0,0.0,Product 0134,TK,TK(8)G,CANDYLAND,Supplier 36
2026-01-01,SKU0139,Warehouse,1.66,1.3387,27.096,0.0,48.0,0.0,0.0,0.0,0.747,0.747,Product 0139,TK,TK(100)G,CANDYLAND,Supplier 59
2026-01-01,SKU0144,Store C,0.3735,0.3012,0.0,0.0,0.0,19.0,7.0965,2.3387,0.0,0.0,Product 0144,TK,TK(19)G,CANDYLAND,Supplier 68
2026-01-01,SKU0152,Store C,0.3735,0.3012,31.032,30.0,35.0,33.0,12.3255,4.0619,0.1231,0.1231,Product 0152,TK,TK(20)G,CANDYLAND,Supplier 68
2026-01-01,SKU0162,Store C,0.332,0.2678,0.0,0.0,0.0,0.0,0.0,0.0,0.0,0.0,Product 0162,TK,TK(15)G,CANDYLAND,Supplier 64
2026-01-01,SKU0166,Warehouse,1.66,1.3387,22.419,17.0,23.0,0.0,0.0,0.0,0.415,0.415,Product 0166,TK,TK(360)ML,CANDYLAND,Multiple suppliers
2026-01-01,SKU0170,Store C,1.245,1.0041,0.0,0.0,0.0,0.0,0.0,0.0,0.0,0.0,Product 0170,TK,TK(60)G,CANDYLAND,Supplier 64
2026-01-01,SKU0187,Store A,2.324,1.8742,0.0,0.0,0.0,0.0,0.0,0.0,0.0,0.0,Product 0187,TK,TK(220)G,CANDYLAND,Supplier 59
2026-01-01,SKU0187,Store B,2.324,1.8742,0.0,0.0,0.0,0.0,0.0,0.0,0.0,0.0,Product 0187,TK,TK(220)G,CANDYLAND,Supplier 59
2026-01-01,SKU0192,Store C,1.328,1.0709,0.0,0.0,0.0,0.0,0.0,0.0,0.0,0.0,Product 0192,TK,TK(80)G,CANDYLAND,Supplier 59
2026-01-01,SKU0206,Store B,0.747,0.6024,0.0,0.0,0.0,0.0,0.0,0.0,0.0,0.0,Product 0206,TK,TK(330)ML,CANDYLAND,Supplier 59
2026-01-01,SKU0208,Warehouse,0.83,0.6694,0.0,0.0,0.0,0.0,0.0,0.0,0.0,0.0,Product 0208,TK,TK(330)ML,CANDYLAND,Supplier 59
2026-01-01,SKU0221,Store A,2.324,1.8742,0.0,0.0,0.0,0.0,0.0,0.0,0.0,0.0,Product 0221,TK,TK(750)ML,CANDYLAND,Supplier 59
2026-01-01,SKU0232,Store B,0.664,0.5355,-3.0,-3.0,-3.0,83.0,55.112,11.0224,0.1328,0.1328,Product 0232,TK,TK(28)G,CANDYLAND,Supplier 02
2026-01-01,SKU0234,Warehouse,1.328,1.0709,0.0,0.0,0.0,0.0,0.0,0.0,0.0,0.0,Product 0234,TK,TK(100)G,CANDYLAND,Supplier 59
2026-01-01,SKU0235,Store C,1.328,1.0709,0.0,0.0,0.0,0.0,0.0,0.0,0.0,0.0,Product 0235,TK,TK(120)G,CANDYLAND,Supplier 59
2026-01-01,SKU0243,Store B,1.079,0.8702,0.0,0.0,0.0,0.0,0.0,0.0,0.0,0.0,Product 0243,TK,TK(200)G,CANDYLAND,Supplier 59
2026-01-01,SKU0244,Store C,1.328,1.0709,0.0,0.0,0.0,0.0,0.0,0.0,0.0,0.0,Product 0244,TK,TK(80)G,CANDYLAND,Supplier 59
2026-01-01,SKU0245,Warehouse,1.245,1.0041,0.0,0.0,0.0,0.0,0.0,0.0,0.0,0.0,Product 0245,TK,TK(125)G,CANDYLAND,Supplier 59
2026-01-01,SKU0252,Store A,0.83,0.6694,0.0,0.0,0.0,0.0,0.0,0.0,0.0,0.0,Product 0252,TK,TK(9)ML,CANDYLAND,Supplier 59
2026-01-01,SKU0254,Store B,1.245,1.0041,0.0,0.0,0.0,0.0,0.0,0.0,0.0,0.0,Product 0254,TK,TK(200)G,CANDYLAND,Supplier 59
2026-01-01,SKU0258,Store B,1.245,1.0041,0.0,0.0,0.0,0.0,0.0,0.0,0.0,0.0,Product 0258,TK,TK(200)G,CANDYLAND,Supplier 59
2026-01-01,SKU0264,Warehouse,1.245,1.0041,0.0,0.0,0.0,0.0,0.0,0.0,0.0,0.0,Product 0264,TK,TK(160)G,CANDYLAND,Supplier 59
2026-01-01,SKU0275,Store A,0.8715,0.7028,0.0,0.0,0.0,0.0,0.0,0.0,0.0,0.0,Product 0275,TK,TK(80)G,CANDYLAND,Supplier 59
2026-01-01,SKU0276,Warehouse,0.8715,0.7028,0.0,0.0,0.0,0.0,0.0,0.0,0.0,0.0,Product 0276,TK,TK(33)G,CANDYLAND,Supplier 59
2026-01-01,SKU0278,Store C,1.162,0.9371,0.0,0.0,0.0,0.0,0.0,0.0,0.0,0.0,Product 0278,TK,TK(60)ML,CANDYLAND,Multiple suppliers
2026-01-01,SKU0285,Store C,1.66,1.3387,0.0,0.0,0.0,0.0,0.0,0.0,0.0,0.0,Product 0285,TK,TK(40)ML,CANDYLAND,Supplier 59
2026-01-01,SKU0289,Store B,2.075,1.6734,0.0,0.0,0.0,0.0,0.0,0.0,0.0,0.0,Product 0289,TK,TK(50)G,CANDYLAND,Supplier 66
2026-01-01,SKU0290,Store B,2.075,1.6734,0.0,0.0,0.0,0.0,0.0,0.0,0.0,0.0,Product 0290,TK,TK(50)G,CANDYLAND,Supplier 66
2026-01-01,SKU0290,Warehouse,2.075,1.6734,0.0,0.0,0.0,0.0,0.0,0.0,0.0,0.0,Product 0290,TK,TK(50)G,CANDYLAND,Supplier 66
2026-01-01,SKU0297,Warehouse,1.66,1.3387,0.0,0.0,0.0,0.0,0.0,0.0,0.0,0.0,Product 0297,TK,TK(150)G,CANDYLAND,Supplier 59
2026-01-01,SKU0306,Store B,1.494,1.2048,0.0,0.0,0.0,0.0,0.0,0.0,0.0,0.0,Product 0306,TK,TK(70)G,CANDYLAND,Supplier 59
2026-01-01,SKU0312,Store A,1.328,1.0709,0.0,0.0,0.0,0.0,0.0,0.0,0.0,0.0,Product 0312,TK,TK(80)G,CANDYLAND,Supplier 59
2026-01-01,SKU0316,Store C,5.81,4.6855,0.0,0.0,0.0,0.0,0.0,0.0,0.0,0.0,Product 0316,TK,TK(149)G,CANDYLAND,Supplier 59
2026-01-01,SKU0322,Warehouse,1.411,1.1379,0.0,0.0,0.0,0.0,0.0,0.0,0.0,0.0,Product 0322,TK,TK(125)G,CANDYLAND,Supplier 33
2026-01-01,SKU0335,Store B,1.245,1.0041,0.0,0.0,0.0,0.0,0.0,0.0,0.0,0.0,Product 0335,TK,TK(200)G,CANDYLAND,Supplier 59
2026-01-01,SKU0349,Store C,1.328,1.0709,0.0,0.0,0.0,0.0,0.0,0.0,0.0,0.0,Product 0349,TK,TK(50)G,CANDYLAND,Supplier 59
2026-01-01,SKU0350,Store B,1.328,1.0709,0.0,0.0,0.0,0.0,0.0,0.0,0.0,0.0,Product 0350,TK,TK(50)G,CANDYLAND,Supplier 59
2026-01-01,SKU0355,Store B,2.49,2.0081,0.0,0.0,0.0,0.0,0.0,0.0,0.0,0.0,Product 0355,TK,TK(350)ML,CANDYLAND,Supplier 59
2026-01-01,SKU0359,Store A,2.49,2.0081,0.0,0.0,0.0,0.0,0.0,0.0,0.0,0.0,Product 0359,TK,TK(350)ML,CANDYLAND,Supplier 59
2026-01-01,SKU0370,Warehouse,2.158,1.7403,0.0,0.0,0.0,0.0,0.0,0.0,0.0,0.0,Product 0370,TK,TK(156)G,CANDYLAND,Supplier 59
2026-01-01,SKU0383,Store C,0.83,0.6694,0.0,0.0,0.0,0.0,0.0,0.0,0.0,0.0,Product 0383,TK,TK(80)G,CANDYLAND,Supplier 59
2026-01-01,SKU0384,Store A,4.565,3.6815,0.0,0.0,0.0,0.0,0.0,0.0,0.0,0.0,Product 0384,TK,TK(300)G,CANDYLAND,Supplier 59
2026-01-01,SKU0385,Store B,1.826,1.4726,0.0,0.0,0.0,0.0,0.0,0.0,0.0,0.0,Product 0385,TK,TK(80)G,CANDYLAND,Supplier 59
2026-01-01,SKU0391,Warehouse,1.411,1.1379,0.0,0.0,0.0,0.0,0.0,0.0,0.0,0.0,Product 0391,TK,TK(140)G,CANDYLAND,Supplier 59
2026-01-01,SKU0406,Store B,2.49,2.0081,0.0,0.0,0.0,0.0,0.0,0.0,0.0,0.0,Product 0406,TK,TK(120)G,CANDYLAND,Supplier 59
2026-01-01,SKU0409,Store B,1.245,1.0041,0.0,0.0,0.0,0.0,0.0,0.0,0.0,0.0,Product 0409,TK,TK(160)G,CANDYLAND,Supplier 59
2026-01-01,SKU0414,Store A,1.494,1.2048,0.0,0.0,0.0,0.0,0.0,0.0,0.0,0.0,Product 0414,TK,TK(60)G,CANDYLAND,Supplier 59
2026-01-01,SKU0422,Store B,2.656,2.1419,0.0,0.0,0.0,0.0,0.0,0.0,0.0,0.0,Product 0422,TK,TK(152)G,CANDYLAND,Supplier 59
2026-01-01,SKU0423,Store B,0.9545,0.7697,0.0,0.0,0.0,0.0,0.0,0.0,0.0,0.0,Product 0423,TK,TK(240)ML,CANDYLAND,Supplier 59
2026-01-01,SKU0427,Warehouse,2.49,2.0081,0.0,0.0,0.0,0.0,0.0,0.0,0.0,0.0,Product 0427,TK,TK(132)G,CANDYLAND,Multiple suppliers
2026-01-01,SKU0430,Store C,1.494,1.2048,0.0,0.0,0.0,0.0,0.0,0.0,0.0,0.0,Product 0430,TK,TK(90)ML,CANDYLAND,Supplier 59
2026-01-01,SKU0436,Store C,0.249,0.2008,0.0,0.0,0.0,0.0,0.0,0.0,0.0,0.0,Product 0436,TK,TK(4)G,CANDYLAND,Supplier 02
2026-01-01,SKU0449,Store A,1.162,0.9371,0.0,0.0,0.0,0.0,0.0,0.0,0.0,0.0,Product 0449,TK,TK(60)ML,CANDYLAND,Multiple suppliers
2026-01-01,SKU0449,Warehouse,1.162,0.9371,0.0,0.0,0.0,0.0,0.0,0.0,0.0,0.0,Product 0449,TK,TK(60)ML,CANDYLAND,Multiple suppliers
2026-01-01,SKU0451,Store A,1.66,1.3387,12.064,9.0,21.0,0.0,0.0,0.0,0.4587,0.4587,Product 0451,TK,TK(5)G,CANDYLAND,Supplier 02
2026-01-01,SKU0457,Warehouse,1.66,1.3387,0.0,0.0,0.0,0.0,0.0,0.0,0.0,0.0,Product 0457,TK,TK(30)G,CANDYLAND,Supplier 59
2026-01-01,SKU0461,Warehouse,1.494,1.2048,0.0,0.0,0.0,0.0,0.0,0.0,0.0,0.0,Product 0461,TK,TK(98)G,CANDYLAND,Supplier 59
2026-01-01,SKU0462,Store C,0.415,0.3347,0.0,0.0,0.0,0.0,0.0,0.0,0.0,0.0,Product 0462,TK,TK(29)G,CANDYLAND,Supplier 59
2026-01-01,SKU0463,Store C,0.498,0.4016,25.677,25.0,28.0,32.0,15.936,5.0464,0.1577,0.1577,Product 0463,TK,TK(16)G,CANDYLAND,Supplier 02
2026-01-01,SKU0472,Store A,1.494,1.2048,0.0,0.0,0.0,0.0,0.0,0.0,0.0,0.0,Product 0472,TK,TK(51)G,CANDYLAND,Supplier 59
2026-01-01,SKU0475,Warehouse,1.328,1.0709,0.0,0.0,0.0,0.0,0.0,0.0,0.0,0.0,Product 0475,TK,TK(63)G,CANDYLAND,Supplier 59
2026-01-01,SKU0477,Store B,0.83,0.6694,10.0,10.0,10.0,0.0,0.0,0.0,0.2739,0.2739,Product 0477,TK,TK(20)G,CANDYLAND,Supplier 59
2026-01-01,SKU0481,Store B,2.49,2.0081,0.0,0.0,0.0,0.0,0.0,0.0,0.0,0.0,Product 0481,TK,TK(141)G,CANDYLAND,Multiple suppliers
2026-01-01,SKU0484,Warehouse,2.905,2.3428,0.0,0.0,0.0,0.0,0.0,0.0,0.0,0.0,Product 0484,TK,TK(115)G,CANDYLAND,Supplier 59
2026-01-01,SKU0490,Warehouse,1.66,1.3387,0.0,0.0,0.0,0.0,0.0,0.0,0.0,0.0,Product 0490,TK,TK(30)G,CANDYLAND,Supplier 59
2026-01-01,SKU0497,Warehouse,2.324,1.8742,0.0,0.0,0.0,0.0,0.0,0.0,0.0,0.0,Product 0497,TK,TK(210)G,CANDYLAND,Supplier 59
2026-01-01,SKU0499,Store A,1.66,1.3387,0.0,0.0,0.0,0.0,0.0,0.0,0.0,0.0,Product 0499,TK,TK(5)G,CANDYLAND,Supplier 59
2026-01-01,SKU0504,Store A,2.407,1.9411,0.0,0.0,0.0,0.0,0.0,0.0,0.0,0.0,Product 0504,TK,TK(101)G,CANDYLAND,Supplier 59
2026-01-01,SKU0506,Warehouse,1.577,1.2718,0.0,0.0,0.0,0.0,0.0,0.0,0.0,0.0,Product 0506,TK,TK(150)G,CANDYLAND,Supplier 59
2026-01-01,SKU0511,Store B,1.328,1.0709,13.354,9.0,17.0,0.0,0.0,0.0,0.6142,0.6142,Product 0511,TK,"TK(119,6)G",CANDYLAND,Supplier 59
2026-01-01,SKU0511,Warehouse,1.328,1.0709,2.064,0.0,8.0,0.0,0.0,0.0,0.6144,0.6144,Product 0511,TK,"TK(119,6)G",CANDYLAND,Supplier 59
2026-01-01,SKU0512,Store B,0.83,0.6694,0.0,0.0,0.0,0.0,0.0,0.0,0.0,0.0,Product 0512,TK,TK(14)G,CANDYLAND,Supplier 59
2026-01-01,SKU0522,Store C,1.743,1.4056,0.0,0.0,0.0,0.0,0.0,0.0,0.0,0.0,Product 0522,TK,TK(128)G,CANDYLAND,Supplier 59
2026-01-01,SKU0529,Store A,0.996,0.8032,2.0,2.0,2.0,0.0,0.0,0.0,0.3735,0.3735,Product 0529,TK,TK(90)G,CANDYLAND,Supplier 59
2026-01-01,SKU0537,Store B,1.826,1.4726,0.0,0.0,0.0,0.0,0.0,0.0,0.0,0.0,Product 0537,TK,TK(100)G,CANDYLAND,Supplier 59
2026-01-01,SKU0537,Store C,1.826,1.4726,0.0,0.0,0.0,0.0,0.0,0.0,0.0,0.0,Product 0537,TK,TK(100)G,CANDYLAND,Supplier 59
2026-01-01,SKU0553,Store A,1.328,1.0709,25.032,21.0,29.0,0.0,0.0,0.0,0.6308,0.6308,Product 0553,TK,TK(35)G,CANDYLAND,Supplier 59
2026-01-01,SKU0555,Store B,15.687,12.6508,14.0,14.0,14.0,0.0,0.0,0.0,7.1787,7.1787,Product 0555,TK,TK(200)G,CANDYLAND,Supplier 29
2026-01-01,SKU0566,Store B,1.494,1.2048,0.0,0.0,0.0,0.0,0.0,0.0,0.0,0.0,Product 0566,TK,TK(123)G,CANDYLAND,Supplier 17
2026-01-01,SKU0567,Store B,1.494,1.2048,0.0,0.0,0.0,0.0,0.0,0.0,0.0,0.0,Product 0567,TK,TK(123)G,CANDYLAND,Multiple suppliers
2026-01-01,SKU0570,Warehouse,11.5785,9.3375,0.0,0.0,0.0,0.0,0.0,0.0,0.0,0.0,Product 0570,TK,TK(105)G,CANDYLAND,Unknown supplier
2026-01-01,SKU0571,Store A,2.49,2.0081,0.0,0.0,0.0,0.0,0.0,0.0,0.0,0.0,Product 0571,TK,TK(99)G,CANDYLAND,Multiple suppliers
2026-01-01,SKU0573,Store A,3.2785,2.644,0.0,0.0,0.0,0.0,0.0,0.0,0.0,0.0,Product 0573,TK,TK(43)G,CANDYLAND,Unknown supplier
2026-01-01,SKU0578,Store B,0.996,0.8032,0.0,0.0,0.0,0.0,0.0,0.0,0.0,0.0,Product 0578,TK,TK(40)G,CANDYLAND,Supplier 64
2026-01-01,SKU0590,Store B,8.217,6.6266,5.0,5.0,5.0,0.0,0.0,0.0,3.8678,3.8678,Product 0590,TK,TK(195)G,CANDYLAND,Supplier 54
2026-01-01,SKU0592,Store A,2.49,2.0081,0.0,0.0,0.0,0.0,0.0,0.0,0.0,0.0,Product 0592,TK,TK(141)G,CANDYLAND,Multiple suppliers
2026-01-01,SKU0599,Warehouse,1.162,0.9371,0.0,0.0,0.0,0.0,0.0,0.0,0.0,0.0,Product 0599,TK,TK(130)G,CANDYLAND,Supplier 17
2026-01-01,SKU0605,Store A,1.245,1.0041,0.0,0.0,0.0,0.0,0.0,0.0,0.0,0.0,Product 0605,TK,TK(105)ML,CANDYLAND,Supplier 17
2026-01-01,SKU0606,Store C,0.996,0.8032,0.0,0.0,0.0,0.0,0.0,0.0,0.0,0.0,Product 0606,TK,TK(330)ML,CANDYLAND,Supplier 18
2026-01-01,SKU0618,Store B,3.984,3.2129,0.0,0.0,0.0,0.0,0.0,0.0,0.0,0.0,Product 0618,TK,TK(350)G,CANDYLAND,Supplier 17
2026-01-01,SKU0620,Warehouse,2.49,2.0081,0.0,0.0,0.0,0.0,0.0,0.0,0.0,0.0,Product 0620,TK,TK(125)G,CANDYLAND,Supplier 26
2026-01-01,SKU0626,Warehouse,1.079,0.8702,0.0,0.0,0.0,0.0,0.0,0.0,0.0,0.0,Product 0626,TK,TK(72)G,CANDYLAND,Supplier 59
2026-01-01,SKU0630,Warehouse,0.83,0.6694,0.0,0.0,0.0,0.0,0.0,0.0,0.0,0.0,Product 0630,TK,TK(23)G,CANDYLAND,Supplier 16
2026-01-01,SKU0641,Store A,2.656,2.1419,0.0,0.0,0.0,0.0,0.0,0.0,0.0,0.0,Product 0641,TK,TK(94)G,CANDYLAND,Supplier 16
2026-01-01,SKU0644,Store B,4.98,4.0161,0.0,0.0,0.0,0.0,0.0,0.0,0.0,0.0,Product 0644,TK,TK(72)ML,CANDYLAND,Supplier 16
2026-01-01,SKU0651,Store C,1.162,0.9371,0.0,0.0,0.0,0.0,0.0,0.0,0.0,0.0,Product 0651,TK,TK(10)G,CANDYLAND,Supplier 02
2026-01-01,SKU0658,Store B,0.83,0.6694,0.0,0.0,0.0,1.0,0.83,0.2716,0.0,0.0,Product 0658,TK,"TK(15,6)G",CANDYLAND,Supplier 16
2026-01-01,SKU0665,Warehouse,4.233,3.4137,0.0,0.0,0.0,0.0,0.0,0.0,0.0,0.0,Product 0665,TK,TK(100)G,CANDYLAND,Supplier 61
2026-01-01,SKU0668,Store B,4.233,3.4137,40.161,31.0,46.0,11.0,46.563,21.0355,1.9123,1.9123,Product 0668,TK,TK(100)G,CANDYLAND,Supplier 61
2026-01-01,SKU0668,Warehouse,4.233,3.4137,677.419,645.0,735.0,0.0,0.0,0.0,1.9123,1.9123,Product 0668,TK,TK(100)G,CANDYLAND,Supplier 61
2026-01-01,SKU0675,Store A,2.3987,1.9344,0.0,0.0,0.0,0.0,0.0,0.0,0.0,0.0,Product 0675,TK,TK(102)G,CANDYLAND,Supplier 74
2026-01-01,SKU0676,Store A,1.577,1.2718,0.0,0.0,0.0,0.0,0.0,0.0,0.0,0.0,Product 0676,TK,"TK(61,3)G",CANDYLAND,Multiple suppliers
2026-01-01,SKU0677,Store B,0.415,0.3347,0.0,0.0,0.0,0.0,0.0,0.0,0.0,0.0,Product 0677,TK,TK(16)G,CANDYLAND,Supplier 74
2026-01-01,SKU0680,Store A,3.071,2.4766,32.161,16.0,40.0,0.0,0.0,0.0,0.7619,0.7619,Product 0680,TK,TK(120)G,CANDYLAND,Supplier 02
2026-01-01,SKU0692,Store C,0.498,0.4016,18.258,11.0,29.0,31.0,15.438,6.5097,0.21,0.21,Product 0692,TK,TK(30)G,CANDYLAND,Supplier 02
2026-01-01,SKU0706,Store B,1.328,1.0709,0.0,0.0,0.0,0.0,0.0,0.0,0.0,0.0,Product 0706,TK,TK(100)G,CANDYLAND,Supplier 72
2026-01-01,SKU0708,Store A,0.996,0.8032,20.774,17.0,33.0,0.0,0.0,0.0,0.366,0.366,Product 0708,TK,TK(15)ML,CANDYLAND,Supplier 02
2026-01-01,SKU0712,Store A,1.245,1.0041,10.58,7.0,14.0,0.0,0.0,0.0,0.3071,0.3071,Product 0712,TK,TK(60)ML,CANDYLAND,Supplier 02
2026-01-01,SKU0713,Store A,1.245,1.0041,17.225,15.0,19.0,0.0,0.0,0.0,0.3071,0.3071,Product 0713,TK,TK(60)ML,CANDYLAND,Supplier 02
2026-01-01,SKU0716,Store B,7.885,6.3589,8.0,8.0,8.0,6.0,47.31,21.663,3.6105,3.6105,Product 0716,TK,TK(250)G,CANDYLAND,Supplier 54
2026-01-01,SKU0717,Store A,9.9185,7.9988,0.0,0.0,0.0,0.0,0.0,0.0,0.0,0.0,Product 0717,TK,TK(200)G,CANDYLAND,Supplier 27
2026-01-01,SKU0719,Store A,1.992,1.6065,0.0,0.0,0.0,0.0,0.0,0.0,0.0,0.0,Product 0719,TK,TK(175)G,CANDYLAND,Supplier 49
2026-01-01,SKU0720,Store B,1.992,1.6065,0.0,0.0,0.0,0.0,0.0,0.0,0.0,0.0,Product 0720,TK,TK(175)G,CANDYLAND,Supplier 49
2026-01-01,SKU0722,Store B,4.897,3.9492,0.0,0.0,0.0,0.0,0.0,0.0,0.0,0.0,Product 0722,TK,TK(300)G,CANDYLAND,Supplier 49
2026-01-01,SKU0722,Warehouse,4.897,3.9492,0.0,0.0,0.0,0.0,0.0,0.0,0.0,0.0,Product 0722,TK,TK(300)G,CANDYLAND,Supplier 49
2026-01-01,SKU0726,Store C,2.407,1.9411,0.0,0.0,0.0,7.0,16.849,6.0715,0.0,0.0,Product 0726,TK,TK(150)G,CANDYLAND,Supplier 49
2026-01-01,SKU0726,Warehouse,2.407,1.9411,0.0,0.0,0.0,6.0,14.442,5.2041,0.0,0.0,Product 0726,TK,TK(150)G,CANDYLAND,Supplier 49
2026-01-01,SKU0731,Store B,4.15,3.3468,9.677,6.0,15.0,0.0,0.0,0.0,2.2079,2.2079,Product 0731,TK,TK(215)G,CANDYLAND,Supplier 37
2026-01-01,SKU0735,Store B,2.324,1.8742,0.0,0.0,0.0,0.0,0.0,0.0,0.0,0.0,Product 0735,TK,TK(150)G,CANDYLAND,Supplier 31
2026-01-01,SKU0737,Store A,6.64,5.3548,0.0,0.0,0.0,0.0,0.0,0.0,0.0,0.0,Product 0737,TK,TK(350)G,CANDYLAND,Unknown supplier
2026-01-01,SKU0763,Store C,4.15,3.3468,0.0,0.0,0.0,0.0,0.0,0.0,0.0,0.0,Product 0763,TK,TK(260)G,CANDYLAND,Supplier 26
2026-01-01,SKU0784,Warehouse,0.913,0.7363,6.967,0.0,36.0,0.0,0.0,0.0,0.3984,0.3984,Product 0784,TK,TK(100)G,CANDYLAND,Supplier 11
2026-01-01,SKU0788,Warehouse,1.826,1.4726,0.0,0.0,0.0,90.0,164.34,33.615,0.0,0.0,Product 0788,TK,TK(75)G,CANDYLAND,Supplier 32
2026-01-01,SKU0789,Store B,1.2035,0.9706,0.0,0.0,0.0,3.0,3.6105,2.241,0.0,0.0,Product 0789,TK,TK(330)ML,CANDYLAND,Supplier 10
2026-01-01,SKU0790,Store C,2.075,1.6734,0.0,0.0,0.0,0.0,0.0,0.0,0.0,0.0,Product 0790,TK,TK(600)G,CANDYLAND,Supplier 72
2026-01-01,SKU0791,Store A,1.2035,0.9706,0.0,0.0,0.0,2.0,2.407,1.494,0.0,0.0,Product 0791,TK,TK(330)ML,CANDYLAND,Supplier 10
2026-01-01,SKU0792,Warehouse,1.2035,0.9706,0.0,0.0,0.0,0.0,0.0,0.0,0.0,0.0,Product 0792,TK,TK(330)ML,CANDYLAND,Supplier 10
2026-01-01,SKU0795,Warehouse,0.913,0.7363,0.0,0.0,0.0,0.0,0.0,0.0,0.0,0.0,Product 0795,TK,TK(80)G,CANDYLAND,Supplier 32
2026-01-01,SKU0803,Warehouse,1.328,1.0709,309.677,300.0,350.0,0.0,0.0,0.0,0.2407,0.2407,Product 0803,TK,TK(8)G,CANDYLAND,Supplier 66
2026-01-01,SKU0806,Store B,1.328,1.0709,36.129,34.0,39.0,0.0,0.0,0.0,0.2739,0.2739,Product 0806,TK,TK(8)G,CANDYLAND,Supplier 66
2026-01-01,SKU0812,Store A,0.415,0.3347,5.516,4.0,8.0,0.0,0.0,0.0,0.0,0.0,Product 0812,TK,Tükk,CANDYLAND,Multiple suppliers
2026-01-01,SKU0825,Warehouse,3.735,3.0121,0.0,0.0,0.0,0.0,0.0,0.0,0.0,0.0,Product 0825,TK,TK(100)G,CANDYLAND,Supplier 44
2026-01-01,SKU0838,Store C,0.249,0.2008,22.29,20.0,24.0,0.0,0.0,0.0,0.0687,0.0687,Product 0838,TK,TK(11)G,CANDYLAND,Supplier 02
2026-01-01,SKU0843,Store B,1.411,1.1379,0.0,0.0,0.0,0.0,0.0,0.0,0.0,0.0,Product 0843,TK,TK(315)ML,CANDYLAND,Supplier 03
2026-01-01,SKU0846,Warehouse,1.411,1.1379,0.0,0.0,0.0,0.0,0.0,0.0,0.0,0.0,Product 0846,TK,TK(320)ML,CANDYLAND,Supplier 03
2026-01-01,SKU0849,Store A,0.996,0.8032,0.0,0.0,0.0,0.0,0.0,0.0,0.0,0.0,Product 0849,TK,TK(320)ML,CANDYLAND,Supplier 03
2026-01-01,SKU0852,Store A,0.4565,0.3681,0.0,0.0,0.0,0.0,0.0,0.0,0.0,0.0,Product 0852,TK,TK(500)ML,CANDYLAND,Supplier 43
2026-01-01,SKU0871,Warehouse,5.976,4.8194,0.0,0.0,0.0,0.0,0.0,0.0,0.0,0.0,Product 0871,TK,TK(450)G,CANDYLAND,Supplier 19
2026-01-01,SKU0873,Store C,0.415,0.3347,0.0,0.0,0.0,16.0,6.64,3.1872,0.0,0.0,Product 0873,TK,TK(15)G,CANDYLAND,Supplier 19
2026-01-01,SKU0881,Store B,0.166,0.1339,0.0,0.0,0.0,0.0,0.0,0.0,0.0,0.0,Product 0881,TK,TK(8)G,CANDYLAND,Supplier 69
2026-01-01,SKU0883,Warehouse,0.166,0.1339,0.0,0.0,0.0,0.0,0.0,0.0,0.0,0.0,Product 0883,TK,TK(13)G,CANDYLAND,Multiple suppliers
2026-01-01,SKU0886,Store C,1.162,0.9371,0.0,0.0,0.0,20.0,23.24,4.814,0.0,0.0,Product 0886,TK,TK(42)G,CANDYLAND,Supplier 02
2026-01-01,SKU0887,Store C,1.162,0.9371,0.0,0.0,0.0,43.0,49.966,11.171,0.0,0.0,Product 0887,TK,TK(65)G,CANDYLAND,Supplier 02
2026-01-01,SKU0891,Store B,1.162,0.9371,0.0,0.0,0.0,32.0,37.184,11.6598,0.0,0.0,Product 0891,TK,TK(57)G,CANDYLAND,Supplier 02
2026-01-01,SKU0894,Warehouse,6.64,5.3548,0.0,0.0,0.0,0.0,0.0,0.0,0.0,0.0,Product 0894,TK,TK(60)G,CANDYLAND,Supplier 01
2026-01-01,SKU0897,Store C,7.387,5.9572,0.0,0.0,0.0,3.0,22.161,12.4251,0.0,0.0,Product 0897,TK,TK(110)G,CANDYLAND,Supplier 01
2026-01-01,SKU0904,Store C,9.047,7.2959,0.0,0.0,0.0,0.0,0.0,0.0,0.0,0.0,Product 0904,TK,TK(320)G,CANDYLAND,Supplier 29
2026-01-01,SKU0923,Store A,1.162,0.9371,0.0,0.0,0.0,0.0,0.0,0.0,0.0,0.0,Product 0923,TK,TK(60)G,CANDYLAND,Supplier 02
2026-01-01,SKU0927,Warehouse,0.498,0.4016,0.0,0.0,0.0,720.0,358.56,67.23,0.0,0.0,Product 0927,TK,TK(18)G,CANDYLAND,Supplier 32
2026-01-01,SKU0937,Store B,18.2185,14.6923,10.258,4.0,11.0,2.0,36.437,18.4924,9.2463,9.2463,Product 0937,TK,"TK(118,8)G",CANDYLAND,Supplier 62
2026-01-01,SKU0943,Warehouse,2.075,1.6734,0.0,0.0,0.0,0.0,0.0,0.0,0.0,0.0,Product 0943,TK,TK(144)G,CANDYLAND,Supplier 59
2026-01-01,SKU0945,Store C,2.075,1.6734,0.0,0.0,0.0,0.0,0.0,0.0,0.0,0.0,Product 0945,TK,TK(125)G,CANDYLAND,Supplier 59
2026-01-01,SKU0947,Warehouse,2.075,1.6734,0.0,0.0,0.0,0.0,0.0,0.0,0.0,0.0,Product 0947,TK,TK(60)G,CANDYLAND,Supplier 59
2026-01-01,SKU0954,Store C,13.197,10.6428,7.354,6.0,9.0,1.0,13.197,5.6349,5.6355,5.6355,Product 0954,TK,TK(160)G,CANDYLAND,Supplier 29
2026-01-01,SKU0956,Store A,13.197,10.6428,0.0,0.0,0.0,0.0,0.0,0.0,0.0,0.0,Product 0956,TK,TK(315)G,CANDYLAND,Supplier 29
2026-01-01,SKU0956,Store C,13.197,10.6428,0.258,0.0,1.0,0.0,0.0,0.0,5.1215,5.1215,Product 0956,TK,TK(315)G,CANDYLAND,Supplier 29
2026-01-01,SKU0967,Store A,4.15,3.3468,0.0,0.0,0.0,0.0,0.0,0.0,0.0,0.0,Product 0967,TK,TK(185)G,CANDYLAND,Supplier 71
2026-01-01,SKU0970,Store C,2.905,2.3428,0.0,0.0,0.0,0.0,0.0,0.0,0.0,0.0,Product 0970,TK,TK(200)G,CANDYLAND,Supplier 71
2026-01-01,SKU0977,Store C,1.66,1.3387,0.0,0.0,0.0,0.0,0.0,0.0,0.0,0.0,Product 0977,TK,TK(178)G,CANDYLAND,Supplier 71
2026-01-01,SKU0977,Warehouse,1.66,1.3387,0.0,0.0,0.0,0.0,0.0,0.0,0.0,0.0,Product 0977,TK,TK(178)G,CANDYLAND,Supplier 71
2026-01-01,SKU0982,Store B,1.328,1.0709,0.0,0.0,0.0,0.0,0.0,0.0,0.0,0.0,Product 0982,TK,TK(128)G,CANDYLAND,Supplier 46
2026-01-01,SKU0982,Warehouse,1.328,1.0709,0.0,0.0,0.0,0.0,0.0,0.0,0.0,0.0,Product 0982,TK,TK(128)G,CANDYLAND,Supplier 46
2026-01-01,SKU0988,Store C,1.328,1.0709,0.0,0.0,0.0,16.0,21.248,7.968,0.0,0.0,Product 0988,TK,TK(128)G,CANDYLAND,Supplier 69
2026-01-01,SKU0990,Store A,1.328,1.0709,6.87,5.0,10.0,0.0,0.0,0.0,0.5894,0.5894,Product 0990,TK,TK(125)G,CANDYLAND,Supplier 46
2026-01-01,SKU0998,Store B,1.162,0.9371,0.0,0.0,0.0,0.0,0.0,0.0,0.0,0.0,Product 0998,TK,TK(100)G,CANDYLAND,Supplier 42
2026-01-01,SKU0999,Store B,1.162,0.9371,0.0,0.0,0.0,0.0,0.0,0.0,0.0,0.0,Product 0999,TK,TK(100)G,CANDYLAND,Supplier 42
2026-01-01,SKU1003,Store A,1.577,1.2718,0.0,0.0,0.0,0.0,0.0,0.0,0.0,0.0,Product 1003,TK,TK(57)G,CANDYLAND,Supplier 19
2026-01-01,SKU1007,Store B,0.996,0.8032,0.0,0.0,0.0,0.0,0.0,0.0,0.0,0.0,Product 1007,TK,TK(450)ML,CANDYLAND,Supplier 03
2026-01-01,SKU1008,Store C,0.996,0.8032,0.0,0.0,0.0,0.0,0.0,0.0,0.0,0.0,Product 1008,TK,TK(450)ML,CANDYLAND,Supplier 03
2026-01-01,SKU1010,Store C,0.996,0.8032,0.0,0.0,0.0,0.0,0.0,0.0,0.0,0.0,Product 1010,TK,TK(500)ML,CANDYLAND,Supplier 03
2026-01-01,SKU1013,Store A,1.328,1.0709,24.451,17.0,31.0,28.0,37.184,13.0144,0.4648,0.4648,Product 1013,TK,TK(500)ML,CANDYLAND,Supplier 03
2026-01-01,SKU1021,Store B,0.747,0.6024,0.0,0.0,0.0,0.0,0.0,0.0,0.0,0.0,Product 1021,TK,TK(330)ML,CANDYLAND,Supplier 03
2026-01-01,SKU1026,Store B,0.747,0.6024,12.096,0.0,24.0,9.0,6.723,2.988,0.332,0.332,Product 1026,TK,TK(100)G,CANDYLAND,Supplier 11
2026-01-01,SKU1045,Store B,2.656,2.1419,0.0,0.0,0.0,0.0,0.0,0.0,0.0,0.0,Product 1045,TK,TK(750)ML,CANDYLAND,Supplier 03
2026-01-01,SKU1045,Store C,2.656,2.1419,0.0,0.0,0.0,0.0,0.0,0.0,0.0,0.0,Product 1045,TK,TK(750)ML,CANDYLAND,Supplier 03
2026-01-01,SKU1047,Store B,3.237,2.6105,0.0,0.0,0.0,0.0,0.0,0.0,0.0,0.0,Product 1047,TK,TK(98)G,CANDYLAND,Supplier 23
2026-01-01,SKU1071,Warehouse,1.328,1.0709,0.0,0.0,0.0,1293.0,1717.104,525.0045,0.0,0.0,Product 1071,TK,TK(60)G,CANDYLAND,Supplier 02
2026-01-01,SKU1079,Store C,1.577,1.2718,11.483,11.0,13.0,33.0,52.041,12.4624,0.3776,0.3776,Product 1079,TK,TK(40)G,CANDYLAND,Supplier 02
2026-01-01,SKU1081,Store A,1.245,1.0041,0.0,0.0,0.0,0.0,0.0,0.0,0.0,0.0,Product 1081,TK,TK(50)G,CANDYLAND,Supplier 02
2026-01-01,SKU1084,Store B,1.245,1.0041,2.354,0.0,5.0,15.0,18.675,4.7933,0.3196,0.3196,Product 1084,TK,TK(25)G,CANDYLAND,Supplier 02
2026-01-01,SKU1089,Store C,0.996,0.8032,7.548,7.0,9.0,0.0,0.0,0.0,0.4482,0.4482,Product 1089,TK,TK(10)G,CANDYLAND,Supplier 51
2026-01-01,SKU1096,Store C,1.494,1.2048,0.0,0.0,0.0,10.0,14.94,4.15,0.0,0.0,Product 1096,TK,TK(40)G,CANDYLAND,Supplier 09
2026-01-01,SKU1103,Store B,0.1245,0.1004,0.0,0.0,0.0,0.0,0.0,0.0,0.0,0.0,Product 1103,TK,TK(9)G,CANDYLAND,Supplier 59
2026-01-01,SKU1107,Store B,0.249,0.2008,0.0,0.0,0.0,0.0,0.0,0.0,0.0,0.0,Product 1107,TK,TK(12)G,CANDYLAND,Multiple suppliers
2026-01-01,SKU1110,Store C,0.747,0.6024,0.0,0.0,0.0,0.0,0.0,0.0,0.0,0.0,Product 1110,TK,TK(75)G,CANDYLAND,Supplier 41
2026-01-01,SKU1111,Warehouse,0.747,0.6024,0.0,0.0,0.0,0.0,0.0,0.0,0.0,0.0,Product 1111,TK,TK(75)G,CANDYLAND,Supplier 41
2026-01-01,SKU1121,Store C,3.237,2.6105,0.0,0.0,0.0,0.0,0.0,0.0,0.0,0.0,Product 1121,TK,TK(125)G,CANDYLAND,Supplier 26
2026-01-01,SKU1126,Store C,6.142,4.9532,0.0,0.0,0.0,0.0,0.0,0.0,0.0,0.0,Product 1126,TK,TK(250)G,CANDYLAND,Supplier 26
2026-01-01,SKU1129,Warehouse,6.225,5.0202,0.0,0.0,0.0,0.0,0.0,0.0,0.0,0.0,Product 1129,TK,TK(250)G,CANDYLAND,Supplier 26
2026-01-01,SKU1138,Warehouse,7.47,6.0242,0.0,0.0,0.0,0.0,0.0,0.0,0.0,0.0,Product 1138,TK,TK(250)G,CANDYLAND,Supplier 26
2026-01-01,SKU1139,Store B,6.225,5.0202,0.0,0.0,0.0,0.0,0.0,0.0,0.0,0.0,Product 1139,TK,TK(250)G,CANDYLAND,Supplier 26
2026-01-01,SKU1144,Store C,2.656,2.1419,0.0,0.0,0.0,0.0,0.0,0.0,0.0,0.0,Product 1144,TK,TK(150)G,CANDYLAND,Supplier 26
2026-01-01,SKU1145,Store C,2.656,2.1419,0.0,0.0,0.0,0.0,0.0,0.0,0.0,0.0,Product 1145,TK,TK(150)G,CANDYLAND,Supplier 26
2026-01-01,SKU1149,Warehouse,2.407,1.9411,0.0,0.0,0.0,0.0,0.0,0.0,0.0,0.0,Product 1149,TK,TK(165)G,CANDYLAND,Supplier 26
2026-01-01,SKU1153,Store C,14.027,11.3121,0.0,0.0,0.0,0.0,0.0,0.0,0.0,0.0,Product 1153,TK,TK(745)G,CANDYLAND,Supplier 34
2026-01-01,SKU1153,Warehouse,14.027,11.3121,0.0,0.0,0.0,0.0,0.0,0.0,0.0,0.0,Product 1153,TK,TK(745)G,CANDYLAND,Supplier 34
2026-01-01,SKU1154,Warehouse,2.656,2.1419,0.0,0.0,0.0,0.0,0.0,0.0,0.0,0.0,Product 1154,TK,TK(125)G,CANDYLAND,Supplier 26
2026-01-01,SKU1158,Store B,2.656,2.1419,0.0,0.0,0.0,0.0,0.0,0.0,0.0,0.0,Product 1158,TK,TK(125)G,CANDYLAND,Supplier 26
2026-01-01,SKU1162,Store A,3.237,2.6105,0.0,0.0,0.0,0.0,0.0,0.0,0.0,0.0,Product 1162,TK,TK(125)G,CANDYLAND,Supplier 26
2026-01-01,SKU1164,Warehouse,3.237,2.6105,0.0,0.0,0.0,0.0,0.0,0.0,0.0,0.0,Product 1164,TK,TK(125)G,CANDYLAND,Supplier 26
2026-01-01,SKU1166,Store C,3.237,2.6105,0.0,0.0,0.0,0.0,0.0,0.0,0.0,0.0,Product 1166,TK,TK(125)G,CANDYLAND,Supplier 26
2026-01-01,SKU1169,Store C,2.656,2.1419,9.129,5.0,13.0,0.0,0.0,0.0,1.245,1.245,Product 1169,TK,TK(175)G,CANDYLAND,Supplier 34
2026-01-01,SKU1171,Store A,2.075,1.6734,0.0,0.0,0.0,0.0,0.0,0.0,0.0,0.0,Product 1171,TK,TK(100)G,CANDYLAND,Supplier 26
2026-01-01,SKU1175,Store A,3.237,2.6105,0.0,0.0,0.0,0.0,0.0,0.0,0.0,0.0,Product 1175,TK,TK(150)G,CANDYLAND,Supplier 34
2026-01-01,SKU1179,Store A,2.656,2.1419,5.193,3.0,8.0,0.0,0.0,0.0,1.2452,1.2452,Product 1179,TK,TK(175)G,CANDYLAND,Supplier 34
2026-01-01,SKU1190,Store C,1.245,1.0041,0.0,0.0,0.0,0.0,0.0,0.0,0.0,0.0,Product 1190,TK,TK(150)G,CANDYLAND,Supplier 48
2026-01-01,SKU1201,Store B,0.747,0.6024,0.0,0.0,0.0,0.0,0.0,0.0,0.0,0.0,Product 1201,TK,TK(75)G,CANDYLAND,Supplier 41
2026-01-01,SKU1202,Store C,2.49,2.0081,0.0,0.0,0.0,5.0,12.45,6.1835,0.0,0.0,Product 1202,TK,TK(195)G,CANDYLAND,Multiple suppliers
2026-01-01,SKU1203,Store C,0.747,0.6024,0.0,0.0,0.0,0.0,0.0,0.0,0.0,0.0,Product 1203,TK,TK(75)G,CANDYLAND,Supplier 41
2026-01-01,SKU1220,Store C,0.747,0.6024,0.0,0.0,0.0,0.0,0.0,0.0,0.0,0.0,Product 1220,TK,TK(75)G,CANDYLAND,Supplier 41
2026-01-01,SKU1223,Store A,1.992,1.6065,0.0,0.0,0.0,0.0,0.0,0.0,0.0,0.0,Product 1223,TK,TK(120)G,CANDYLAND,Supplier 17
2026-01-01,SKU1228,Warehouse,1.328,1.0709,0.0,0.0,0.0,0.0,0.0,0.0,0.0,0.0,Product 1228,TK,TK(135)G,CANDYLAND,Supplier 50
2026-01-01,SKU1231,Warehouse,0.166,0.1339,0.0,0.0,0.0,0.0,0.0,0.0,0.0,0.0,Product 1231,TK,TK(7)G,CANDYLAND,Supplier 19
2026-01-01,SKU1232,Store C,0.332,0.2678,0.0,0.0,0.0,0.0,0.0,0.0,0.0,0.0,Product 1232,TK,TK(14)G,CANDYLAND,Supplier 19
2026-01-01,SKU1242,Store C,0.747,0.6024,0.0,0.0,0.0,0.0,0.0,0.0,0.0,0.0,Product 1242,TK,TK(100)G,CANDYLAND,Supplier 30
2026-01-01,SKU1251,Store B,2.075,1.6734,0.0,0.0,0.0,0.0,0.0,0.0,0.0,0.0,Product 1251,TK,TK(150)G,CANDYLAND,Supplier 24
2026-01-01,SKU1262,Store B,2.324,1.8742,0.0,0.0,0.0,0.0,0.0,0.0,0.0,0.0,Product 1262,TK,TK(200)G,CANDYLAND,Supplier 24
2026-01-01,SKU1267,Warehouse,1.66,1.3387,0.0,0.0,0.0,0.0,0.0,0.0,0.0,0.0,Product 1267,TK,TK(100)G,CANDYLAND,Supplier 24
2026-01-01,SKU1269,Store C,1.494,1.2048,0.0,0.0,0.0,4.0,5.976,2.5564,0.0,0.0,Product 1269,TK,TK(125)G,CANDYLAND,Supplier 24
2026-01-01,SKU1275,Warehouse,1.245,1.0041,0.0,0.0,0.0,0.0,0.0,0.0,0.0,0.0,Product 1275,TK,TK(75)G,CANDYLAND,Supplier 24
2026-01-01,SKU1285,Store B,0.996,0.8032,0.0,0.0,0.0,0.0,0.0,0.0,0.0,0.0,Product 1285,TK,TK(100)G,CANDYLAND,Supplier 24
2026-01-01,SKU1289,Store C,2.241,1.8072,0.0,0.0,0.0,0.0,0.0,0.0,0.0,0.0,Product 1289,TK,TK(26)G,CANDYLAND,Supplier 77
2026-01-01,SKU1306,Store A,4.15,3.3468,0.0,0.0,0.0,4.0,16.6,7.636,0.0,0.0,Product 1306,TK,TK(250)G,CANDYLAND,Supplier 12
2026-01-01,SKU1312,Warehouse,1.245,1.0041,0.0,0.0,0.0,0.0,0.0,0.0,0.0,0.0,Product 1312,TK,TK(55)G,CANDYLAND,Supplier 24
2026-01-01,SKU1319,Store A,2.324,1.8742,12.903,10.0,16.0,12.0,27.888,11.9935,1.1288,1.1288,Product 1319,TK,TK(100)G,CANDYLAND,Supplier 24
2026-01-01,SKU1328,Store A,1.411,1.1379,0.0,0.0,0.0,0.0,0.0,0.0,0.0,0.0,Product 1328,TK,TK(150)ML,CANDYLAND,Supplier 03
2026-01-01,SKU1331,Store B,0.747,0.6024,0.0,0.0,0.0,0.0,0.0,0.0,0.0,0.0,Product 1331,TK,TK(240)ML,CANDYLAND,Supplier 03
2026-01-01,SKU1337,Store A,0.747,0.6024,0.0,0.0,0.0,0.0,0.0,0.0,0.0,0.0,Product 1337,TK,TK(240)ML,CANDYLAND,Supplier 03
2026-01-01,SKU1349,Store B,1.328,1.0709,0.0,0.0,0.0,0.0,0.0,0.0,0.0,0.0,Product 1349,TK,TK(75)G,CANDYLAND,Supplier 24
2026-01-01,SKU1358,Store A,2.075,1.6734,10.419,9.0,11.0,16.0,33.2,12.616,0.9047,0.9047,Product 1358,TK,TK(75)G,CANDYLAND,Supplier 24
2026-01-01,SKU1358,Store B,2.075,1.6734,17.741,17.0,19.0,20.0,41.5,15.77,0.9048,0.9048,Product 1358,TK,TK(75)G,CANDYLAND,Supplier 24
2026-01-01,SKU1363,Store C,2.241,1.8072,0.0,0.0,0.0,0.0,0.0,0.0,0.0,0.0,Product 1363,TK,TK(180)G,CANDYLAND,Supplier 24
2026-01-01,SKU1373,Store C,1.328,1.0709,0.0,0.0,0.0,0.0,0.0,0.0,0.0,0.0,Product 1373,TK,TK(20)G,CANDYLAND,Supplier 17
2026-01-01,SKU1387,Store A,2.407,1.9411,0.0,0.0,0.0,0.0,0.0,0.0,0.0,0.0,Product 1387,TK,TK(80)G,CANDYLAND,Supplier 59
2026-01-01,SKU1397,Warehouse,1.66,1.3387,7.419,0.0,30.0,0.0,0.0,0.0,0.8466,0.8466,Product 1397,TK,TK(175)G,CANDYLAND,Supplier 24
2026-01-01,SKU1404,Store A,0.996,0.8032,58.387,46.0,69.0,179.0,178.284,68.1936,0.3726,0.3726,Product 1404,TK,TK(25)G,CANDYLAND,Multiple suppliers
2026-01-01,SKU1411,Warehouse,2.905,2.3428,0.0,0.0,0.0,0.0,0.0,0.0,0.0,0.0,Product 1411,TK,TK(400)G,CANDYLAND,Supplier 24
2026-01-01,SKU1413,Store C,2.49,2.0081,0.0,0.0,0.0,0.0,0.0,0.0,0.0,0.0,Product 1413,TK,TK(200)G,CANDYLAND,Supplier 24
2026-01-01,SKU1414,Warehouse,1.66,1.3387,0.0,0.0,0.0,0.0,0.0,0.0,0.0,0.0,Product 1414,TK,TK(180)G,CANDYLAND,Supplier 24
2026-01-01,SKU1415,Store B,1.66,1.3387,0.0,0.0,0.0,0.0,0.0,0.0,0.0,0.0,Product 1415,TK,TK(180)G,CANDYLAND,Supplier 24
2026-01-01,SKU1418,Store A,0.664,0.5355,48.806,24.0,59.0,45.0,29.88,13.5207,0.3071,0.3071,Product 1418,TK,"TK(21,5)G",CANDYLAND,Supplier 24
2026-01-01,SKU1419,Store A,0.664,0.5355,44.258,42.0,47.0,30.0,19.92,8.964,0.3071,0.3071,Product 1419,TK,"TK(21,5)G",CANDYLAND,Supplier 24
2026-01-01,SKU1420,Store B,0.913,0.7363,23.516,22.0,27.0,22.0,20.086,9.8604,0.4482,0.4482,Product 1420,TK,TK(20)G,CANDYLAND,Supplier 24
2026-01-01,SKU1431,Store C,1.245,1.0041,0.0,0.0,0.0,0.0,0.0,0.0,0.0,0.0,Product 1431,TK,TK(8)G,CANDYLAND,Supplier 63
2026-01-01,SKU1436,Store B,0.249,0.2008,106.161,81.0,119.0,33.0,8.217,2.4514,0.0743,0.0743,Product 1436,TK,TK(11)G,CANDYLAND,Multiple suppliers
2026-01-01,SKU1436,Warehouse,0.249,0.2008,0.0,0.0,0.0,1980.0,493.02,147.0843,0.0,0.0,Product 1436,TK,TK(11)G,CANDYLAND,Multiple suppliers
2026-01-01,SKU1438,Warehouse,1.6185,1.3053,0.0,0.0,0.0,0.0,0.0,0.0,0.0,0.0,Product 1438,TK,TK(120)G,CANDYLAND,Supplier 17
2026-01-01,SKU1441,Warehouse,1.245,1.0041,0.0,0.0,0.0,0.0,0.0,0.0,0.0,0.0,Product 1441,TK,TK(150)G,CANDYLAND,Supplier 24
2026-01-01,SKU1447,Store C,0.996,0.8032,2.516,0.0,10.0,0.0,0.0,0.0,0.4814,0.4814,Product 1447,TK,TK(230)ML,CANDYLAND,Supplier 24
2026-01-01,SKU1449,Store B,1.494,1.2048,0.0,0.0,0.0,0.0,0.0,0.0,0.0,0.0,Product 1449,TK,TK(125)G,CANDYLAND,Supplier 24
2026-01-01,SKU1451,Store A,2.324,1.8742,0.0,0.0,0.0,0.0,0.0,0.0,0.0,0.0,Product 1451,TK,TK(75)G,CANDYLAND,Supplier 24
2026-01-01,SKU1463,Warehouse,0.996,0.8032,31.935,0.0,90.0,0.0,0.0,0.0,0.4233,0.4233,Product 1463,TK,TK(80)G,CANDYLAND,Supplier 24
2026-01-01,SKU1483,Store B,1.245,1.0041,13.935,8.0,16.0,7.0,8.715,3.7184,0.5312,0.5312,Product 1483,TK,TK(170)G,CANDYLAND,Supplier 24
2026-01-01,SKU1487,Store B,1.245,1.0041,0.0,0.0,0.0,0.0,0.0,0.0,0.0,0.0,Product 1487,TK,TK(20)G,CANDYLAND,Supplier 24
2026-01-01,SKU1493,Store C,0.83,0.6694,0.0,0.0,0.0,0.0,0.0,0.0,0.0,0.0,Product 1493,TK,TK(150)G,CANDYLAND,Supplier 24
2026-01-01,SKU1497,Store C,2.49,2.0081,0.0,0.0,0.0,0.0,0.0,0.0,0.0,0.0,Product 1497,TK,TK(150)G,CANDYLAND,Supplier 24
2026-01-01,SKU1501,Store C,1.245,1.0041,30.838,27.0,38.0,29.0,36.105,14.2013,0.4897,0.4897,Product 1501,TK,TK(40)G,CANDYLAND,Multiple suppliers
2026-01-01,SKU1503,Store B,1.66,1.3387,0.0,0.0,0.0,0.0,0.0,0.0,0.0,0.0,Product 1503,TK,TK(125)G,CANDYLAND,Supplier 24
2026-01-01,SKU1510,Warehouse,0.83,0.6694,42.58,0.0,120.0,24.0,19.92,9.1632,0.3818,0.3818,Product 1510,TK,TK(200)ML,CANDYLAND,Supplier 24
2026-01-01,SKU1524,Store A,2.075,1.6734,10.741,6.0,30.0,23.0,47.725,21.3808,0.9297,0.9297,Product 1524,TK,TK(20)G,CANDYLAND,Supplier 24
2026-01-01,SKU1529,Store B,1.66,1.3387,0.0,0.0,0.0,0.0,0.0,0.0,0.0,0.0,Product 1529,TK,TK(17)G,CANDYLAND,Supplier 24
2026-01-01,SKU1531,Store C,1.66,1.3387,0.0,0.0,0.0,0.0,0.0,0.0,0.0,0.0,Product 1531,TK,TK(17)G,CANDYLAND,Supplier 24
2026-01-01,SKU1537,Store B,1.245,1.0041,4.741,0.0,34.0,0.0,0.0,0.0,0.4815,0.4815,Product 1537,TK,TK(42)G,CANDYLAND,Supplier 24
2026-01-01,SKU1542,Store B,1.66,1.3387,0.0,0.0,0.0,0.0,0.0,0.0,0.0,0.0,Product 1542,TK,TK(100)G,CANDYLAND,Supplier 24
2026-01-01,SKU1542,Warehouse,1.66,1.3387,0.0,0.0,0.0,0.0,0.0,0.0,0.0,0.0,Product 1542,TK,TK(100)G,CANDYLAND,Supplier 24
2026-01-01,SKU1544,Store C,1.66,1.3387,7.419,7.0,8.0,6.0,9.96,4.8306,0.8051,0.8051,Product 1544,TK,TK(84)G,CANDYLAND,Supplier 24
2026-01-01,SKU1554,Warehouse,2.905,2.3428,5.935,0.0,24.0,0.0,0.0,0.0,1.4028,1.4028,Product 1554,TK,TK(400)G,CANDYLAND,Supplier 24
2026-01-01,SKU1558,Store C,0.83,0.6694,33.87,33.0,35.0,28.0,23.24,10.6904,0.3818,0.3818,Product 1558,TK,TK(200)ML,CANDYLAND,Supplier 24
2026-01-01,SKU1560,Warehouse,0.913,0.7363,0.0,0.0,0.0,48.0,43.824,19.5216,0.0,0.0,Product 1560,TK,"TK(17,5)G",CANDYLAND,Supplier 24
2026-01-01,SKU1565,Store B,0.747,0.6024,4.774,0.0,24.0,9.0,6.723,2.6145,0.2905,0.2905,Product 1565,TK,TK(22)G,CANDYLAND,Supplier 24
2026-01-01,SKU1568,Warehouse,1.162,0.9371,13.741,0.0,48.0,0.0,0.0,0.0,0.5063,0.5063,Product 1568,TK,TK(60)G,CANDYLAND,Supplier 24
2026-01-01,SKU1573,Store A,2.988,2.4097,0.0,0.0,0.0,0.0,0.0,0.0,0.0,0.0,Product 1573,TK,"TK(46,8)G",CANDYLAND,Supplier 24
2026-01-01,SKU1587,Warehouse,1.328,1.0709,0.0,0.0,0.0,18.0,23.904,9.1134,0.0,0.0,Product 1587,TK,TK(135)G,CANDYLAND,Supplier 46
2026-01-01,SKU1592,Store A,1.162,0.9371,23.709,7.0,31.0,0.0,0.0,0.0,0.4543,0.4543,Product 1592,TK,TK(345)ML,CANDYLAND,Supplier 07
2026-01-01,SKU1592,Store C,1.162,0.9371,25.967,22.0,28.0,0.0,0.0,0.0,0.4301,0.4301,Product 1592,TK,TK(345)ML,CANDYLAND,Supplier 07
2026-01-01,SKU1596,Store C,1.162,0.9371,0.0,0.0,0.0,0.0,0.0,0.0,0.0,0.0,Product 1596,TK,TK(345)ML,CANDYLAND,Supplier 07
2026-01-01,SKU1599,Store B,2.656,2.1419,0.0,0.0,0.0,3.0,7.968,4.1085,0.0,0.0,Product 1599,TK,TK(360)ML,CANDYLAND,Supplier 07
2026-01-01,SKU1602,Store A,1.328,1.0709,2.0,0.0,5.0,0.0,0.0,0.0,0.7885,0.7885,Product 1602,TK,TK(85)G,CANDYLAND,Supplier 07
2026-01-01,SKU1605,Store A,1.162,0.9371,0.0,0.0,0.0,0.0,0.0,0.0,0.0,0.0,Product 1605,TK,TK(250)ML,CANDYLAND,Supplier 07
2026-01-01,SKU1607,Store A,1.411,1.1379,23.451,22.0,25.0,0.0,0.0,0.0,0.664,0.664,Product 1607,TK,TK(330)ML,CANDYLAND,Supplier 07
2026-01-01,SKU1608,Store B,1.411,1.1379,0.0,0.0,0.0,0.0,0.0,0.0,0.0,0.0,Product 1608,TK,TK(330)ML,CANDYLAND,Supplier 07
2026-01-01,SKU1610,Store C,1.411,1.1379,17.096,15.0,22.0,17.0,23.987,11.288,0.664,0.664,Product 1610,TK,TK(330)ML,CANDYLAND,Supplier 07
2026-01-01,SKU1613,Store A,1.411,1.1379,27.161,25.0,28.0,0.0,0.0,0.0,0.664,0.664,Product 1613,TK,TK(330)ML,CANDYLAND,Supplier 07
2026-01-01,SKU1615,Warehouse,1.411,1.1379,0.0,0.0,0.0,24.0,33.864,15.936,0.0,0.0,Product 1615,TK,TK(330)ML,CANDYLAND,Supplier 07
2026-01-01,SKU1616,Store C,1.411,1.1379,13.0,10.0,16.0,22.0,31.042,14.608,0.664,0.664,Product 1616,TK,TK(330)ML,CANDYLAND,Supplier 07
2026-01-01,SKU1619,Warehouse,0.996,0.8032,7.258,0.0,15.0,0.0,0.0,0.0,0.498,0.498,Product 1619,TK,TK(250)ML,CANDYLAND,Supplier 07
2026-01-01,SKU1625,Store B,1.411,1.1379,0.0,0.0,0.0,0.0,0.0,0.0,0.0,0.0,Product 1625,TK,TK(330)ML,CANDYLAND,Supplier 07
2026-01-01,SKU1625,Store C,1.411,1.1379,0.0,0.0,0.0,0.0,0.0,0.0,0.0,0.0,Product 1625,TK,TK(330)ML,CANDYLAND,Supplier 07
2026-01-01,SKU1633,Store C,4.897,3.9492,0.0,0.0,0.0,0.0,0.0,0.0,0.0,0.0,Product 1633,TK,TK(200)G,CANDYLAND,Supplier 75
2026-01-01,SKU1637,Store B,6.225,5.0202,0.29,0.0,1.0,0.0,0.0,0.0,2.9663,2.9663,Product 1637,TK,TK(300)G,CANDYLAND,Supplier 75
2026-01-01,SKU1638,Warehouse,4.897,3.9492,0.0,0.0,0.0,0.0,0.0,0.0,0.0,0.0,Product 1638,TK,TK(140)G,CANDYLAND,Supplier 75
2026-01-01,SKU1639,Store C,4.897,3.9492,0.0,0.0,0.0,0.0,0.0,0.0,0.0,0.0,Product 1639,TK,TK(140)G,CANDYLAND,Supplier 75
2026-01-01,SKU1639,Warehouse,4.897,3.9492,0.0,0.0,0.0,0.0,0.0,0.0,0.0,0.0,Product 1639,TK,TK(140)G,CANDYLAND,Supplier 75
2026-01-01,SKU1641,Store A,1.245,1.0041,0.0,0.0,0.0,0.0,0.0,0.0,0.0,0.0,Product 1641,TK,TK(50)G,CANDYLAND,Supplier 75
2026-01-01,SKU1653,Warehouse,0.415,0.3347,0.0,0.0,0.0,0.0,0.0,0.0,0.0,0.0,Product 1653,TK,TK(500)ML,CANDYLAND,Supplier 53
2026-01-01,SKU1655,Store A,0.415,0.3347,0.0,0.0,0.0,0.0,0.0,0.0,0.0,0.0,Product 1655,TK,TK(500)ML,CANDYLAND,Supplier 53
2026-01-01,SKU1660,Warehouse,0.747,0.6024,0.0,0.0,0.0,0.0,0.0,0.0,0.0,0.0,Product 1660,TK,TK(83)ML,CANDYLAND,Supplier 18
2026-01-01,SKU1665,Store A,1.245,1.0041,0.0,0.0,0.0,0.0,0.0,0.0,0.0,0.0,Product 1665,TK,TK(150)G,CANDYLAND,Supplier 76
2026-01-01,SKU1672,Store B,1.245,1.0041,0.0,0.0,0.0,0.0,0.0,0.0,0.0,0.0,Product 1672,TK,TK(86)G,CANDYLAND,Supplier 76
2026-01-01,SKU1677,Store C,0.83,0.6694,0.0,0.0,0.0,0.0,0.0,0.0,0.0,0.0,Product 1677,TK,TK(18)ML,CANDYLAND,Supplier 18
2026-01-01,SKU1680,Store B,1.66,1.3387,20.87,20.0,22.0,7.0,11.62,4.1832,0.5976,0.5976,Product 1680,TK,TK(25)G,CANDYLAND,Supplier 18
2026-01-01,SKU1702,Store A,1.411,1.1379,0.0,0.0,0.0,0.0,0.0,0.0,0.0,0.0,Product 1702,TK,"TK(55,2)G",CANDYLAND,Supplier 74
2026-01-01,SKU1708,Store C,1.411,1.1379,0.0,0.0,0.0,0.0,0.0,0.0,0.0,0.0,Product 1708,TK,TK(26)G,CANDYLAND,Supplier 74
2026-01-01,SKU1710,Store B,1.328,1.0709,0.0,0.0,0.0,17.0,22.576,8.6071,0.0,0.0,Product 1710,TK,TK(128)G,CANDYLAND,Supplier 46
2026-01-01,SKU1718,Store C,1.577,1.2718,0.0,0.0,0.0,0.0,0.0,0.0,0.0,0.0,Product 1718,TK,"TK(119,6)G",CANDYLAND,Supplier 74
2026-01-01,SKU1722,Store C,0.332,0.2678,0.0,0.0,0.0,0.0,0.0,0.0,0.0,0.0,Product 1722,TK,TK(39)G,CANDYLAND,Supplier 09
2026-01-01,SKU1730,Warehouse,3.32,2.6774,111.096,60.0,192.0,0.0,0.0,0.0,1.5687,1.5687,Product 1730,TK,TK(120)G,CANDYLAND,Supplier 09
2026-01-01,SKU1738,Store C,0.747,0.6024,9.774,6.0,15.0,0.0,0.0,0.0,0.3071,0.3071,Product 1738,TK,"TK(13,8)G",CANDYLAND,Supplier 09
2026-01-01,SKU1739,Store A,0.747,0.6024,0.0,0.0,0.0,0.0,0.0,0.0,0.0,0.0,Product 1739,TK,"TK(13,8)G",CANDYLAND,Supplier 09
2026-01-01,SKU1743,Warehouse,0.083,0.083,0.0,0.0,0.0,0.0,0.0,0.0,0.0,0.0,Product 1743,TK,TK,CANDYLAND,Supplier 43
2026-01-01,SKU1746,Store A,1.494,1.2048,0.0,0.0,0.0,0.0,0.0,0.0,0.0,0.0,Product 1746,TK,TK(112)G,CANDYLAND,Supplier 46
2026-01-01,SKU1749,Warehouse,4.1085,3.3133,0.0,0.0,0.0,0.0,0.0,0.0,0.0,0.0,Product 1749,TK,TK(500)ML,CANDYLAND,Supplier 74
2026-01-01,SKU1753,Store B,1.411,1.1379,0.0,0.0,0.0,0.0,0.0,0.0,0.0,0.0,Product 1753,TK,TK(135)G,CANDYLAND,Supplier 46
2026-01-01,SKU1754,Store A,1.577,1.2718,0.0,0.0,0.0,0.0,0.0,0.0,0.0,0.0,Product 1754,TK,TK(30)G,CANDYLAND,Supplier 74
2026-01-01,SKU1756,Store C,2.49,2.0081,0.0,0.0,0.0,0.0,0.0,0.0,0.0,0.0,Product 1756,TK,TK(140)G,CANDYLAND,Supplier 74
2026-01-01,SKU1757,Store A,2.49,2.0081,0.0,0.0,0.0,0.0,0.0,0.0,0.0,0.0,Product 1757,TK,TK(142)G,CANDYLAND,Supplier 74
2026-01-01,SKU1759,Warehouse,1.328,1.0709,0.0,0.0,0.0,33.0,43.824,16.7079,0.0,0.0,Product 1759,TK,TK(130)G,CANDYLAND,Supplier 46
2026-01-01,SKU1764,Store C,2.158,1.7403,8.129,0.0,11.0,0.0,0.0,0.0,0.6391,0.6391,Product 1764,TK,TK(42)G,CANDYLAND,Multiple suppliers
2026-01-01,SKU1783,Warehouse,12.45,10.0403,0.0,0.0,0.0,13.0,161.85,67.977,0.0,0.0,Product 1783,KG,KG(1000)G,CANDYLAND,Supplier 42
2026-01-01,SKU1790,Store A,2.905,2.3428,76.806,45.0,91.0,37.0,107.485,45.7579,1.3866,1.3866,Product 1790,TK,TK(70)G,CANDYLAND,Supplier 42
2026-01-01,SKU1791,Store B,1.826,1.4726,0.0,0.0,0.0,34.0,62.084,27.3734,0.0,0.0,Product 1791,TK,TK(70)G,CANDYLAND,Supplier 42
2026-01-01,SKU1795,Store A,8.715,7.0282,16.967,16.0,19.0,0.0,0.0,0.0,4.4065,4.4065,Product 1795,TK,TK(189)G,CANDYLAND,Multiple suppliers
2026-02-01,SKU0011,Warehouse,1.494,1.2048,0.0,0.0,0.0,0.0,0.0,0.0,0.0,0.0,Product 0011,TK,TK(10)G,CANDYLAND,Supplier 64
2026-02-01,SKU0014,Store B,0.249,0.2008,0.0,0.0,0.0,0.0,0.0,0.0,0.0,0.0,Product 0014,TK,TK(12)G,CANDYLAND,Multiple suppliers
2026-02-01,SKU0014,Store C,0.249,0.2008,0.0,0.0,0.0,0.0,0.0,0.0,0.0,0.0,Product 0014,TK,TK(12)G,CANDYLAND,Multiple suppliers
2026-02-01,SKU0019,Store B,14.027,11.3121,22.321,21.0,24.0,0.0,0.0,0.0,5.1204,5.1204,Product 0019,TK,TK(205)G,CANDYLAND,Supplier 29
2026-02-01,SKU0020,Store C,1.162,0.9371,0.0,0.0,0.0,0.0,0.0,0.0,0.0,0.0,Product 0020,TK,TK(60)ML,CANDYLAND,Supplier 64
2026-02-01,SKU0025,Store C,1.245,1.0041,0.0,0.0,0.0,0.0,0.0,0.0,0.0,0.0,Product 0025,TK,TK(105)ML,CANDYLAND,Supplier 64
2026-02-01,SKU0034,Store C,2.988,2.4097,0.571,0.0,3.0,0.0,0.0,0.0,1.495,1.495,Product 0034,TK,TK(190)ML,CANDYLAND,Supplier 09
2026-02-01,SKU0034,Warehouse,2.988,2.4097,0.0,0.0,0.0,0.0,0.0,0.0,0.0,0.0,Product 0034,TK,TK(190)ML,CANDYLAND,Supplier 09
2026-02-01,SKU0036,Store C,1.411,1.1379,0.0,0.0,0.0,0.0,0.0,0.0,0.0,0.0,Product 0036,TK,TK(335)ML,CANDYLAND,Supplier 69
2026-02-01,SKU0037,Store C,1.66,1.3387,0.0,0.0,0.0,0.0,0.0,0.0,0.0,0.0,Product 0037,TK,TK(10)G,CANDYLAND,Supplier 64
2026-02-01,SKU0038,Store A,1.66,1.3387,0.0,0.0,0.0,0.0,0.0,0.0,0.0,0.0,Product 0038,TK,TK(5)G,CANDYLAND,Supplier 64
2026-02-01,SKU0038,Store B,1.66,1.3387,0.0,0.0,0.0,0.0,0.0,0.0,0.0,0.0,Product 0038,TK,TK(5)G,CANDYLAND,Supplier 64
2026-02-01,SKU0062,Warehouse,4.897,3.9492,0.0,0.0,0.0,0.0,0.0,0.0,0.0,0.0,Product 0062,TK,TK(97)G,CANDYLAND,Supplier 73
2026-02-01,SKU0066,Store C,0.913,0.7363,0.0,0.0,0.0,0.0,0.0,0.0,0.0,0.0,Product 0066,TK,TK(90)G,CANDYLAND,Supplier 68
2026-02-01,SKU0069,Warehouse,5.395,4.3508,0.0,0.0,0.0,0.0,0.0,0.0,0.0,0.0,Product 0069,TK,TK(77)G,CANDYLAND,Supplier 73
2026-02-01,SKU0074,Store B,1.411,1.1379,0.0,0.0,0.0,0.0,0.0,0.0,0.0,0.0,Product 0074,TK,TK(50)G,CANDYLAND,Supplier 66
2026-02-01,SKU0088,Store A,0.913,0.7363,0.0,0.0,0.0,0.0,0.0,0.0,0.0,0.0,Product 0088,TK,TK(90)G,CANDYLAND,Supplier 68
2026-02-01,SKU0089,Store C,0.913,0.7363,0.0,0.0,0.0,0.0,0.0,0.0,0.0,0.0,Product 0089,TK,TK(90)G,CANDYLAND,Supplier 68
2026-02-01,SKU0097,Store C,0.913,0.7363,0.0,0.0,0.0,0.0,0.0,0.0,0.0,0.0,Product 0097,TK,TK(90)G,CANDYLAND,Supplier 68
2026-02-01,SKU0098,Store B,0.249,0.2008,-0.071,-1.0,0.0,0.0,0.0,0.0,0.0748,0.0748,Product 0098,TK,TK(11)G,CANDYLAND,Supplier 68
2026-02-01,SKU0104,Store B,1.66,1.3387,0.0,0.0,0.0,0.0,0.0,0.0,0.0,0.0,Product 0104,TK,TK(200)G,CANDYLAND,Supplier 59
2026-02-01,SKU0107,Store A,0.664,0.5355,0.0,0.0,0.0,0.0,0.0,0.0,0.0,0.0,Product 0107,TK,"TK(5,5)G",CANDYLAND,Supplier 66
2026-02-01,SKU0111,Warehouse,4.482,3.6145,0.0,0.0,0.0,0.0,0.0,0.0,0.0,0.0,Product 0111,TK,TK(454)G,CANDYLAND,Supplier 31
2026-02-01,SKU0116,Store C,1.6185,1.3053,0.0,0.0,0.0,6.0,9.711,5.976,0.0,0.0,Product 0116,TK,TK(530)ML,CANDYLAND,Supplier 10
2026-02-01,SKU0117,Store A,2.407,1.9411,0.0,0.0,0.0,0.0,0.0,0.0,0.0,0.0,Product 0117,TK,TK(150)G,CANDYLAND,Multiple suppliers
2026-02-01,SKU0125,Store B,1.826,1.4726,36.285,34.0,39.0,16.0,29.216,8.6652,0.5416,0.5416,Product 0125,TK,TK(17)G,CANDYLAND,Supplier 05
2026-02-01,SKU0125,Store C,1.826,1.4726,28.321,17.0,41.0,7.0,12.782,3.791,0.5417,0.5417,Product 0125,TK,TK(17)G,CANDYLAND,Supplier 05
2026-02-01,SKU0130,Store A,1.6185,1.3053,0.0,0.0,0.0,4.0,6.474,3.984,0.0,0.0,Product 0130,TK,TK(530)ML,CANDYLAND,Supplier 10
2026-02-01,SKU0139,Store A,1.66,1.3387,30.357,26.0,36.0,0.0,0.0,0.0,0.747,0.747,Product 0139,TK,TK(100)G,CANDYLAND,Supplier 59
2026-02-01,SKU0145,Store B,0.3735,0.3012,39.785,20.0,56.0,77.0,28.7595,9.4779,0.1231,0.1231,Product 0145,TK,TK(19)G,CANDYLAND,Supplier 68
2026-02-01,SKU0152,Warehouse,0.3735,0.3012,386.571,385.0,387.0,51.0,19.0485,6.2775,0.1231,0.1231,Product 0152,TK,TK(20)G,CANDYLAND,Supplier 68
2026-02-01,SKU0155,Store C,1.162,0.9371,49.071,46.0,52.0,27.0,31.374,8.964,0.332,0.332,Product 0155,TK,TK(15)G,CANDYLAND,Supplier 66
2026-02-01,SKU0157,Warehouse,0.913,0.7363,218.0,0.0,364.0,112.0,102.256,39.9728,0.3569,0.3569,Product 0157,TK,TK(90)G,CANDYLAND,Supplier 68
2026-02-01,SKU0158,Store B,1.66,1.3387,0.0,0.0,0.0,0.0,0.0,0.0,0.0,0.0,Product 0158,TK,TK(200)G,CANDYLAND,Supplier 59
2026-02-01,SKU0159,Warehouse,1.66,1.3387,0.0,0.0,0.0,0.0,0.0,0.0,0.0,0.0,Product 0159,TK,TK(200)G,CANDYLAND,Supplier 59
2026-02-01,SKU0162,Warehouse,0.332,0.2678,0.0,0.0,0.0,0.0,0.0,0.0,0.0,0.0,Product 0162,TK,TK(15)G,CANDYLAND,Supplier 64
2026-02-01,SKU0164,Store C,1.494,1.2048,0.0,0.0,0.0,0.0,0.0,0.0,0.0,0.0,Product 0164,TK,TK(200)G,CANDYLAND,Supplier 59
2026-02-01,SKU0167,Store A,0.996,0.8032,0.0,0.0,0.0,0.0,0.0,0.0,0.0,0.0,Product 0167,TK,TK(30)G,CANDYLAND,Supplier 64
2026-02-01,SKU0168,Store C,1.245,1.0041,0.0,0.0,0.0,0.0,0.0,0.0,0.0,0.0,Product 0168,TK,TK(20)G,CANDYLAND,Supplier 64
2026-02-01,SKU0170,Warehouse,1.245,1.0041,0.0,0.0,0.0,0.0,0.0,0.0,0.0,0.0,Product 0170,TK,TK(60)G,CANDYLAND,Supplier 64
2026-02-01,SKU0172,Store C,1.162,0.9371,0.0,0.0,0.0,0.0,0.0,0.0,0.0,0.0,Product 0172,TK,TK(60)G,CANDYLAND,Supplier 64
2026-02-01,SKU0177,Warehouse,1.245,1.0041,0.0,0.0,0.0,0.0,0.0,0.0,0.0,0.0,Product 0177,TK,TK(120)G,CANDYLAND,Supplier 59
2026-02-01,SKU0180,Warehouse,0.83,0.6694,0.0,0.0,0.0,0.0,0.0,0.0,0.0,0.0,Product 0180,TK,TK(330)ML,CANDYLAND,Supplier 59
2026-02-01,SKU0187,Store A,2.324,1.8742,0.0,0.0,0.0,0.0,0.0,0.0,0.0,0.0,Product 0187,TK,TK(220)G,CANDYLAND,Supplier 59
2026-02-01,SKU0189,Warehouse,0.249,0.2008,800.0,800.0,800.0,0.0,0.0,0.0,0.0264,0.0264,Product 0189,TK,TK(5)G,CANDYLAND,Supplier 68
2026-02-01,SKU0197,Store C,2.324,1.8742,0.0,0.0,0.0,0.0,0.0,0.0,0.0,0.0,Product 0197,TK,TK(750)ML,CANDYLAND,Supplier 59
2026-02-01,SKU0201,Store C,1.66,1.3387,0.0,0.0,0.0,0.0,0.0,0.0,0.0,0.0,Product 0201,TK,TK(150)G,CANDYLAND,Supplier 59
2026-02-01,SKU0202,Warehouse,1.494,1.2048,0.0,0.0,0.0,0.0,0.0,0.0,0.0,0.0,Product 0202,TK,TK(100)G,CANDYLAND,Supplier 59
2026-02-01,SKU0203,Store C,0.747,0.6024,0.0,0.0,0.0,0.0,0.0,0.0,0.0,0.0,Product 0203,TK,TK(330)ML,CANDYLAND,Supplier 59
2026-02-01,SKU0211,Warehouse,2.324,1.8742,0.0,0.0,0.0,0.0,0.0,0.0,0.0,0.0,Product 0211,TK,TK(750)ML,CANDYLAND,Supplier 59
2026-02-01,SKU0213,Store B,1.66,1.3387,0.0,0.0,0.0,0.0,0.0,0.0,0.0,0.0,Product 0213,TK,TK(200)G,CANDYLAND,Supplier 59
2026-02-01,SKU0221,Warehouse,2.324,1.8742,0.0,0.0,0.0,0.0,0.0,0.0,0.0,0.0,Product 0221,TK,TK(750)ML,CANDYLAND,Supplier 59
2026-02-01,SKU0225,Store C,3.818,3.0791,0.0,0.0,0.0,0.0,0.0,0.0,0.0,0.0,Product 0225,TK,TK(200)G,CANDYLAND,Supplier 59
2026-02-01,SKU0229,Store A,2.324,1.8742,0.0,0.0,0.0,0.0,0.0,0.0,0.0,0.0,Product 0229,TK,TK(216)G,CANDYLAND,Supplier 59
2026-02-01,SKU0275,Warehouse,0.8715,0.7028,0.0,0.0,0.0,0.0,0.0,0.0,0.0,0.0,Product 0275,TK,TK(80)G,CANDYLAND,Supplier 59
2026-02-01,SKU0290,Warehouse,2.075,1.6734,0.0,0.0,0.0,0.0,0.0,0.0,0.0,0.0,Product 0290,TK,TK(50)G,CANDYLAND,Supplier 66
2026-02-01,SKU0294,Store A,2.075,1.6734,0.0,0.0,0.0,0.0,0.0,0.0,0.0,0.0,Product 0294,TK,TK(50)G,CANDYLAND,Supplier 66
2026-02-01,SKU0297,Store B,1.66,1.3387,0.0,0.0,0.0,0.0,0.0,0.0,0.0,0.0,Product 0297,TK,TK(150)G,CANDYLAND,Supplier 59
2026-02-01,SKU0299,Warehouse,5.81,4.6855,0.0,0.0,0.0,0.0,0.0,0.0,0.0,0.0,Product 0299,TK,TK(149)G,CANDYLAND,Supplier 59
2026-02-01,SKU0305,Store B,1.494,1.2048,0.0,0.0,0.0,0.0,0.0,0.0,0.0,0.0,Product 0305,TK,TK(70)G,CANDYLAND,Supplier 59
2026-02-01,SKU0314,Store C,1.328,1.0709,0.0,0.0,0.0,0.0,0.0,0.0,0.0,0.0,Product 0314,TK,TK(28)G,CANDYLAND,Supplier 59
2026-02-01,SKU0317,Store B,1.411,1.1379,-0.071,-1.0,0.0,0.0,0.0,0.0,0.7213,0.7213,Product 0317,TK,TK(150)G,CANDYLAND,Supplier 33
2026-02-01,SKU0320,Warehouse,1.411,1.1379,0.0,0.0,0.0,0.0,0.0,0.0,0.0,0.0,Product 0320,TK,TK(150)G,CANDYLAND,Supplier 33
2026-02-01,SKU0328,Store B,2.49,2.0081,0.0,0.0,0.0,0.0,0.0,0.0,0.0,0.0,Product 0328,TK,TK(120)G,CANDYLAND,Supplier 59
2026-02-01,SKU0334,Store B,1.245,1.0041,0.0,0.0,0.0,0.0,0.0,0.0,0.0,0.0,Product 0334,TK,TK(200)G,CANDYLAND,Supplier 59
2026-02-01,SKU0337,Warehouse,1.3695,1.1044,0.0,0.0,0.0,0.0,0.0,0.0,0.0,0.0,Product 0337,TK,TK(80)G,CANDYLAND,Supplier 59
2026-02-01,SKU0345,Store A,0.996,0.8032,0.0,0.0,0.0,0.0,0.0,0.0,0.0,0.0,Product 0345,TK,TK(30)G,CANDYLAND,Supplier 59
2026-02-01,SKU0363,Store C,1.245,1.0041,0.0,0.0,0.0,0.0,0.0,0.0,0.0,0.0,Product 0363,TK,TK(160)G,CANDYLAND,Supplier 59
2026-02-01,SKU0370,Store B,2.158,1.7403,0.0,0.0,0.0,0.0,0.0,0.0,0.0,0.0,Product 0370,TK,TK(156)G,CANDYLAND,Supplier 59
2026-02-01,SKU0372,Store B,2.407,1.9411,0.0,0.0,0.0,0.0,0.0,0.0,0.0,0.0,Product 0372,TK,TK(102)G,CANDYLAND,Multiple suppliers
2026-02-01,SKU0372,Warehouse,2.407,1.9411,0.0,0.0,0.0,0.0,0.0,0.0,0.0,0.0,Product 0372,TK,TK(102)G,CANDYLAND,Multiple suppliers
2026-02-01,SKU0380,Store A,2.905,2.3428,0.0,0.0,0.0,0.0,0.0,0.0,0.0,0.0,Product 0380,TK,TK(195)G,CANDYLAND,Supplier 59
2026-02-01,SKU0382,Store C,0.83,0.6694,0.0,0.0,0.0,0.0,0.0,0.0,0.0,0.0,Product 0382,TK,TK(80)G,CANDYLAND,Supplier 59
2026-02-01,SKU0385,Warehouse,1.826,1.4726,0.0,0.0,0.0,0.0,0.0,0.0,0.0,0.0,Product 0385,TK,TK(80)G,CANDYLAND,Supplier 59
2026-02-01,SKU0396,Store A,0.415,0.3347,0.0,0.0,0.0,0.0,0.0,0.0,0.0,0.0,Product 0396,TK,TK(40)G,CANDYLAND,Supplier 59
2026-02-01,SKU0404,Store B,0.83,0.6694,0.0,0.0,0.0,0.0,0.0,0.0,0.0,0.0,Product 0404,TK,TK(80)G,CANDYLAND,Supplier 59
2026-02-01,SKU0409,Store C,1.245,1.0041,0.0,0.0,0.0,0.0,0.0,0.0,0.0,0.0,Product 0409,TK,TK(160)G,CANDYLAND,Supplier 59
2026-02-01,SKU0429,Store B,1.245,1.0041,0.0,0.0,0.0,0.0,0.0,0.0,0.0,0.0,Product 0429,TK,TK(82)G,CANDYLAND,Supplier 59
2026-02-01,SKU0429,Warehouse,1.245,1.0041,0.0,0.0,0.0,0.0,0.0,0.0,0.0,0.0,Product 0429,TK,TK(82)G,CANDYLAND,Supplier 59
2026-02-01,SKU0444,Store B,0.415,0.3347,0.0,0.0,0.0,0.0,0.0,0.0,0.0,0.0,Product 0444,TK,"TK(17,5)G",CANDYLAND,Supplier 02
2026-02-01,SKU0448,Store C,0.913,0.7363,0.0,0.0,0.0,0.0,0.0,0.0,0.0,0.0,Product 0448,TK,TK(8)G,CANDYLAND,Supplier 59
2026-02-01,SKU0449,Store A,1.162,0.9371,0.0,0.0,0.0,0.0,0.0,0.0,0.0,0.0,Product 0449,TK,TK(60)ML,CANDYLAND,Multiple suppliers
2026-02-01,SKU0467,Store A,1.328,1.0709,0.0,0.0,0.0,0.0,0.0,0.0,0.0,0.0,Product 0467,TK,TK(150)G,CANDYLAND,Supplier 59
2026-02-01,SKU0472,Warehouse,1.494,1.2048,0.0,0.0,0.0,0.0,0.0,0.0,0.0,0.0,Product 0472,TK,TK(51)G,CANDYLAND,Supplier 59
2026-02-01,SKU0476,Store A,1.162,0.9371,20.0,18.0,21.0,0.0,0.0,0.0,0.5146,0.5146,Product 0476,TK,TK(30)G,CANDYLAND,Supplier 59
2026-02-01,SKU0476,Store B,1.162,0.9371,25.785,16.0,32.0,0.0,0.0,0.0,0.5146,0.5146,Product 0476,TK,TK(30)G,CANDYLAND,Supplier 59
2026-02-01,SKU0478,Store C,1.162,0.9371,0.0,0.0,0.0,0.0,0.0,0.0,0.0,0.0,Product 0478,TK,TK(18)G,CANDYLAND,Supplier 59
2026-02-01,SKU0480,Store A,2.49,2.0081,0.0,0.0,0.0,0.0,0.0,0.0,0.0,0.0,Product 0480,TK,TK(170)G,CANDYLAND,Supplier 59
2026-02-01,SKU0480,Warehouse,2.49,2.0081,0.0,0.0,0.0,0.0,0.0,0.0,0.0,0.0,Product 0480,TK,TK(170)G,CANDYLAND,Supplier 59
2026-02-01,SKU0481,Store A,2.49,2.0081,0.0,0.0,0.0,0.0,0.0,0.0,0.0,0.0,Product 0481,TK,TK(141)G,CANDYLAND,Multiple suppliers
2026-02-01,SKU0482,Store B,2.49,2.0081,0.0,0.0,0.0,0.0,0.0,0.0,0.0,0.0,Product 0482,TK,TK(350)ML,CANDYLAND,Supplier 59
2026-02-01,SKU0486,Store C,1.245,1.0041,0.0,0.0,0.0,0.0,0.0,0.0,0.0,0.0,Product 0486,TK,TK(100)G,CANDYLAND,Supplier 59
2026-02-01,SKU0497,Warehouse,2.324,1.8742,0.0,0.0,0.0,0.0,0.0,0.0,0.0,0.0,Product 0497,TK,TK(210)G,CANDYLAND,Supplier 59
2026-02-01,SKU0500,Store B,1.66,1.3387,0.0,0.0,0.0,0.0,0.0,0.0,0.0,0.0,Product 0500,TK,TK(5)G,CANDYLAND,Supplier 59
2026-02-01,SKU0502,Store B,1.66,1.3387,0.0,0.0,0.0,0.0,0.0,0.0,0.0,0.0,Product 0502,TK,TK(114)G,CANDYLAND,Supplier 59
2026-02-01,SKU0507,Store A,1.577,1.2718,0.0,0.0,0.0,0.0,0.0,0.0,0.0,0.0,Product 0507,TK,TK(150)G,CANDYLAND,Supplier 59
2026-02-01,SKU0509,Store A,1.992,1.6065,12.285,12.0,13.0,27.0,53.784,20.5432,0.6432,0.6432,Product 0509,TK,TK(140)G,CANDYLAND,Supplier 57
2026-02-01,SKU0509,Store C,1.992,1.6065,8.714,6.0,13.0,7.0,13.944,5.326,0.6432,0.6432,Product 0509,TK,TK(140)G,CANDYLAND,Supplier 57
2026-02-01,SKU0509,Warehouse,1.992,1.6065,276.392,276.0,277.0,132.0,262.944,100.4337,0.7453,0.7453,Product 0509,TK,TK(140)G,CANDYLAND,Supplier 57
2026-02-01,SKU0514,Store C,0.996,0.8032,0.0,0.0,0.0,0.0,0.0,0.0,0.0,0.0,Product 0514,TK,TK(80)G,CANDYLAND,Supplier 59
2026-02-01,SKU0518,Store A,0.581,0.4685,9.428,0.0,132.0,39.0,22.659,8.6946,0.2229,0.2229,Product 0518,TK,TK(33)G,CANDYLAND,Multiple suppliers
2026-02-01,SKU0519,Store B,0.332,0.2678,6.285,0.0,88.0,85.0,28.22,6.7657,0.0796,0.0796,Product 0519,TK,"TK(16,5)G",CANDYLAND,Multiple suppliers
2026-02-01,SKU0524,Store A,1.328,1.0709,0.0,0.0,0.0,0.0,0.0,0.0,0.0,0.0,Product 0524,TK,TK(56)G,CANDYLAND,Supplier 59
2026-02-01,SKU0532,Store B,3.071,2.4766,21.035,17.0,25.0,0.0,0.0,0.0,0.9794,0.9794,Product 0532,TK,TK(120)G,CANDYLAND,Supplier 59
2026-02-01,SKU0532,Store C,3.071,2.4766,11.607,11.0,12.0,0.0,0.0,0.0,0.9794,0.9794,Product 0532,TK,TK(120)G,CANDYLAND,Supplier 59
2026-02-01,SKU0535,Store A,1.162,0.9371,2.821,2.0,3.0,0.0,0.0,0.0,0.5562,0.5562,Product 0535,TK,TK(150)G,CANDYLAND,Supplier 59
2026-02-01,SKU0552,Store A,1.328,1.0709,0.0,0.0,0.0,0.0,0.0,0.0,0.0,0.0,Product 0552,TK,"TK(94,5)G",CANDYLAND,Supplier 59
2026-02-01,SKU0553,Warehouse,1.328,1.0709,0.0,0.0,0.0,0.0,0.0,0.0,0.0,0.0,Product 0553,TK,TK(35)G,CANDYLAND,Supplier 59
2026-02-01,SKU0556,Store B,13.197,10.6428,0.0,0.0,0.0,0.0,0.0,0.0,0.0,0.0,Product 0556,TK,TK(315)G,CANDYLAND,Supplier 29
2026-02-01,SKU0557,Warehouse,1.992,1.6065,0.0,0.0,0.0,0.0,0.0,0.0,0.0,0.0,Product 0557,TK,TK(150)G,CANDYLAND,Supplier 26
2026-02-01,SKU0565,Store C,1.826,1.4726,0.0,0.0,0.0,0.0,0.0,0.0,0.0,0.0,Product 0565,TK,"TK(112,5)G",CANDYLAND,Multiple suppliers
2026-02-01,SKU0565,Warehouse,1.826,1.4726,0.0,0.0,0.0,0.0,0.0,0.0,0.0,0.0,Product 0565,TK,"TK(112,5)G",CANDYLAND,Multiple suppliers
2026-02-01,SKU0566,Store B,1.494,1.2048,0.0,0.0,0.0,0.0,0.0,0.0,0.0,0.0,Product 0566,TK,TK(123)G,CANDYLAND,Supplier 17
2026-02-01,SKU0567,Store B,1.494,1.2048,0.0,0.0,0.0,0.0,0.0,0.0,0.0,0.0,Product 0567,TK,TK(123)G,CANDYLAND,Multiple suppliers
2026-02-01,SKU0573,Store C,3.2785,2.644,0.0,0.0,0.0,0.0,0.0,0.0,0.0,0.0,Product 0573,TK,TK(43)G,CANDYLAND,Unknown supplier
2026-02-01,SKU0580,Store C,2.241,1.8072,0.0,0.0,0.0,0.0,0.0,0.0,0.0,0.0,Product 0580,TK,TK(280)G,CANDYLAND,Supplier 17
2026-02-01,SKU0592,Store C,2.49,2.0081,0.0,0.0,0.0,0.0,0.0,0.0,0.0,0.0,Product 0592,TK,TK(141)G,CANDYLAND,Multiple suppliers
2026-02-01,SKU0599,Store A,1.162,0.9371,6.0,0.0,12.0,0.0,0.0,0.0,0.5395,0.5395,Product 0599,TK,TK(130)G,CANDYLAND,Supplier 17
2026-02-01,SKU0605,Store A,1.245,1.0041,0.0,0.0,0.0,0.0,0.0,0.0,0.0,0.0,Product 0605,TK,TK(105)ML,CANDYLAND,Supplier 17
2026-02-01,SKU0606,Store A,0.996,0.8032,0.0,0.0,0.0,0.0,0.0,0.0,0.0,0.0,Product 0606,TK,TK(330)ML,CANDYLAND,Supplier 18
2026-02-01,SKU0606,Store C,0.996,0.8032,0.0,0.0,0.0,0.0,0.0,0.0,0.0,0.0,Product 0606,TK,TK(330)ML,CANDYLAND,Supplier 18
2026-02-01,SKU0612,Warehouse,1.162,0.9371,43.5,0.0,72.0,0.0,0.0,0.0,0.5395,0.5395,Product 0612,TK,TK(150)G,CANDYLAND,Supplier 17
2026-02-01,SKU0614,Store B,1.162,0.9371,0.0,0.0,0.0,0.0,0.0,0.0,0.0,0.0,Product 0614,TK,TK(150)G,CANDYLAND,Supplier 17
2026-02-01,SKU0622,Warehouse,0.83,0.6694,0.0,0.0,0.0,0.0,0.0,0.0,0.0,0.0,Product 0622,TK,TK(145)G,CANDYLAND,Supplier 17
2026-02-01,SKU0633,Store C,1.992,1.6065,20.285,17.0,28.0,55.0,109.56,43.824,0.7968,0.7968,Product 0633,TK,TK(10)G,CANDYLAND,Supplier 02
2026-02-01,SKU0638,Store A,1.66,1.3387,0.0,0.0,0.0,0.0,0.0,0.0,0.0,0.0,Product 0638,TK,TK(5)G,CANDYLAND,Supplier 02
2026-02-01,SKU0643,Warehouse,2.905,2.3428,0.0,0.0,0.0,0.0,0.0,0.0,0.0,0.0,Product 0643,TK,TK(72)G,CANDYLAND,Supplier 16
2026-02-01,SKU0644,Store B,4.98,4.0161,0.0,0.0,0.0,0.0,0.0,0.0,0.0,0.0,Product 0644,TK,TK(72)ML,CANDYLAND,Supplier 16
2026-02-01,SKU0656,Warehouse,0.747,0.6024,0.0,0.0,0.0,0.0,0.0,0.0,0.0,0.0,Product 0656,TK,TK(14)G,CANDYLAND,Supplier 16
2026-02-01,SKU0660,Warehouse,2.158,1.7403,92.571,0.0,144.0,0.0,0.0,0.0,0.7945,0.7945,Product 0660,TK,TK(42)G,CANDYLAND,Supplier 16
2026-02-01,SKU0666,Store A,4.233,3.4137,60.928,57.0,64.0,0.0,0.0,0.0,1.9123,1.9123,Product 0666,TK,TK(100)G,CANDYLAND,Supplier 61
2026-02-01,SKU0672,Store B,0.083,0.0669,0.0,0.0,0.0,0.0,0.0,0.0,0.0,0.0,Product 0672,TK,TK(10)G,CANDYLAND,Supplier 42
2026-02-01,SKU0680,Warehouse,3.071,2.4766,48.0,48.0,48.0,0.0,0.0,0.0,0.7619,0.7619,Product 0680,TK,TK(120)G,CANDYLAND,Supplier 02
2026-02-01,SKU0681,Store B,1.162,0.9371,0.0,0.0,0.0,3.0,3.486,1.1479,0.0,0.0,Product 0681,TK,TK(65)G,CANDYLAND,Supplier 02
2026-02-01,SKU0683,Store A,1.66,1.3387,0.0,0.0,0.0,0.0,0.0,0.0,0.0,0.0,Product 0683,TK,TK(120)G,CANDYLAND,Supplier 02
2026-02-01,SKU0691,Warehouse,0.996,0.8032,0.0,0.0,0.0,0.0,0.0,0.0,0.0,0.0,Product 0691,TK,TK(40)ML,CANDYLAND,Supplier 02
2026-02-01,SKU0698,Store B,1.909,1.5395,24.321,16.0,49.0,15.0,28.635,9.0474,0.6032,0.6032,Product 0698,TK,TK(8)G,CANDYLAND,Supplier 05
2026-02-01,SKU0699,Store C,0.996,0.8032,0.0,0.0,0.0,0.0,0.0,0.0,0.0,0.0,Product 0699,TK,TK(23)G,CANDYLAND,Supplier 64
2026-02-01,SKU0702,Store B,1.162,0.9371,14.928,10.0,21.0,12.0,13.944,4.2031,0.3503,0.3503,Product 0702,TK,TK(40)ML,CANDYLAND,Supplier 02
2026-02-01,SKU0710,Warehouse,0.913,0.7363,156.0,156.0,156.0,60.0,54.78,18.924,0.3154,0.3154,Product 0710,TK,TK(25)ML,CANDYLAND,Supplier 02
2026-02-01,SKU0720,Store B,1.992,1.6065,0.0,0.0,0.0,0.0,0.0,0.0,0.0,0.0,Product 0720,TK,TK(175)G,CANDYLAND,Supplier 49
2026-02-01,SKU0722,Warehouse,4.897,3.9492,0.0,0.0,0.0,0.0,0.0,0.0,0.0,0.0,Product 0722,TK,TK(300)G,CANDYLAND,Supplier 49
2026-02-01,SKU0736,Store B,2.324,1.8742,0.0,0.0,0.0,0.0,0.0,0.0,0.0,0.0,Product 0736,TK,TK(150)G,CANDYLAND,Supplier 31
2026-02-01,SKU0740,Store A,4.15,3.3468,0.0,0.0,0.0,0.0,0.0,0.0,0.0,0.0,Product 0740,TK,TK(250)G,CANDYLAND,Supplier 38
2026-02-01,SKU0741,Store A,3.735,3.0121,0.0,0.0,0.0,0.0,0.0,0.0,0.0,0.0,Product 0741,TK,TK(250)G,CANDYLAND,Supplier 38
2026-02-01,SKU0742,Warehouse,3.735,3.0121,0.0,0.0,0.0,0.0,0.0,0.0,0.0,0.0,Product 0742,TK,TK(250)G,CANDYLAND,Supplier 38
2026-02-01,SKU0746,Store C,2.158,1.7403,0.0,0.0,0.0,0.0,0.0,0.0,0.0,0.0,Product 0746,TK,TK(150)G,CANDYLAND,Supplier 49
2026-02-01,SKU0752,Store A,1.494,1.2048,0.0,0.0,0.0,0.0,0.0,0.0,0.0,0.0,Product 0752,TK,TK(160)G,CANDYLAND,Supplier 59
2026-02-01,SKU0755,Warehouse,0.249,0.2008,0.0,0.0,0.0,0.0,0.0,0.0,0.0,0.0,Product 0755,TK,"TK(13,9)G",CANDYLAND,Multiple suppliers
2026-02-01,SKU0756,Warehouse,0.249,0.2008,0.0,0.0,0.0,0.0,0.0,0.0,0.0,0.0,Product 0756,TK,"TK(13,9)G",CANDYLAND,Multiple suppliers
2026-02-01,SKU0773,Store B,1.245,1.0041,0.0,0.0,0.0,0.0,0.0,0.0,0.0,0.0,Product 0773,TK,TK(150)G,CANDYLAND,Supplier 32
2026-02-01,SKU0784,Store A,0.913,0.7363,12.0,12.0,12.0,0.0,0.0,0.0,0.3984,0.3984,Product 0784,TK,TK(100)G,CANDYLAND,Supplier 11
2026-02-01,SKU0786,Warehouse,0.7055,0.569,0.0,0.0,0.0,0.0,0.0,0.0,0.0,0.0,Product 0786,TK,TK(100)G,CANDYLAND,Supplier 11
2026-02-01,SKU0788,Store B,1.826,1.4726,0.0,0.0,0.0,11.0,20.086,4.1085,0.0,0.0,Product 0788,TK,TK(75)G,CANDYLAND,Supplier 32
2026-02-01,SKU0789,Store B,1.2035,0.9706,0.0,0.0,0.0,3.0,3.6105,2.241,0.0,0.0,Product 0789,TK,TK(330)ML,CANDYLAND,Supplier 10
2026-02-01,SKU0789,Store C,1.2035,0.9706,0.0,0.0,0.0,0.0,0.0,0.0,0.0,0.0,Product 0789,TK,TK(330)ML,CANDYLAND,Supplier 10
2026-02-01,SKU0797,Store C,1.328,1.0709,0.0,0.0,0.0,0.0,0.0,0.0,0.0,0.0,Product 0797,TK,TK(250)G,CANDYLAND,Supplier 32
2026-02-01,SKU0798,Warehouse,3.154,2.5435,47.0,47.0,47.0,0.0,0.0,0.0,1.2865,1.2865,Product 0798,TK,TK(120)G,CANDYLAND,Supplier 66
2026-02-01,SKU0801,Store C,1.577,1.2718,14.714,6.0,20.0,46.0,72.542,28.635,0.6225,0.6225,Product 0801,TK,TK(30)G,CANDYLAND,Supplier 66
2026-02-01,SKU0806,Warehouse,1.328,1.0709,0.0,0.0,0.0,0.0,0.0,0.0,0.0,0.0,Product 0806,TK,TK(8)G,CANDYLAND,Supplier 66
2026-02-01,SKU0812,Store A,0.415,0.3347,0.178,0.0,1.0,0.0,0.0,0.0,0.0,0.0,Product 0812,TK,Tükk,CANDYLAND,Multiple suppliers
2026-02-01,SKU0814,Store B,24.9,20.0806,0.0,0.0,0.0,0.0,0.0,0.0,0.0,0.0,Product 0814,TK,TK(528)G,CANDYLAND,Supplier 23
2026-02-01,SKU0817,Warehouse,2.075,1.6734,0.0,0.0,0.0,0.0,0.0,0.0,0.0,0.0,Product 0817,TK,TK(390)ML,CANDYLAND,Supplier 03
2026-02-01,SKU0818,Store A,2.075,1.6734,0.0,0.0,0.0,0.0,0.0,0.0,0.0,0.0,Product 0818,TK,TK(390)ML,CANDYLAND,Supplier 03
2026-02-01,SKU0818,Warehouse,2.075,1.6734,0.0,0.0,0.0,0.0,0.0,0.0,0.0,0.0,Product 0818,TK,TK(390)ML,CANDYLAND,Supplier 03
2026-02-01,SKU0834,Store B,0.83,0.6694,0.0,0.0,0.0,0.0,0.0,0.0,0.0,0.0,Product 0834,TK,TK(10)G,CANDYLAND,Supplier 51
2026-02-01,SKU0834,Warehouse,0.83,0.6694,0.0,0.0,0.0,0.0,0.0,0.0,0.0,0.0,Product 0834,TK,TK(10)G,CANDYLAND,Supplier 51
2026-02-01,SKU0837,Store B,0.166,0.1339,0.0,0.0,0.0,0.0,0.0,0.0,0.0,0.0,Product 0837,TK,TK(7)G,CANDYLAND,Supplier 51
2026-02-01,SKU0838,Warehouse,0.249,0.2008,0.0,0.0,0.0,0.0,0.0,0.0,0.0,0.0,Product 0838,TK,TK(11)G,CANDYLAND,Supplier 02
2026-02-01,SKU0840,Store C,0.913,0.7363,0.0,0.0,0.0,0.0,0.0,0.0,0.0,0.0,Product 0840,TK,TK(50)G,CANDYLAND,Supplier 51
2026-02-01,SKU0848,Store A,0.996,0.8032,0.0,0.0,0.0,0.0,0.0,0.0,0.0,0.0,Product 0848,TK,TK(320)ML,CANDYLAND,Supplier 03
2026-02-01,SKU0858,Store C,0.747,0.6024,2.75,0.0,40.0,7.0,5.229,2.1148,0.3021,0.3021,Product 0858,PK,PK(12)G,CANDYLAND,Supplier 16
2026-02-01,SKU0859,Store C,3.237,2.6105,0.0,0.0,0.0,0.0,0.0,0.0,0.0,0.0,Product 0859,TK,TK(98)G,CANDYLAND,Supplier 23
2026-02-01,SKU0873,Store B,0.415,0.3347,0.0,0.0,0.0,21.0,8.715,4.1832,0.0,0.0,Product 0873,TK,TK(15)G,CANDYLAND,Supplier 19
2026-02-01,SKU0878,Store C,0.498,0.4016,0.0,0.0,0.0,24.0,11.952,4.7808,0.0,0.0,Product 0878,TK,TK(20)G,CANDYLAND,Supplier 19
2026-02-01,SKU0905,Store A,20.667,16.6669,0.0,0.0,0.0,0.0,0.0,0.0,0.0,0.0,Product 0905,TK,TK(590)G,CANDYLAND,Supplier 29
2026-02-01,SKU0906,Store B,2.407,1.9411,0.0,0.0,0.0,9.0,21.663,6.3495,0.0,0.0,Product 0906,TK,TK(140)G,CANDYLAND,Supplier 69
2026-02-01,SKU0909,Store B,4.067,3.2798,0.0,0.0,0.0,0.0,0.0,0.0,0.0,0.0,Product 0909,TK,TK(350)G,CANDYLAND,Supplier 08
2026-02-01,SKU0910,Warehouse,4.067,3.2798,0.0,0.0,0.0,0.0,0.0,0.0,0.0,0.0,Product 0910,TK,TK(350)G,CANDYLAND,Supplier 08
2026-02-01,SKU0916,Store A,6.64,5.3548,0.0,0.0,0.0,8.497,56.4201,25.7417,0.0,0.0,Product 0916,KG,KG(1000)G,CANDYLAND,Supplier 69
2026-02-01,SKU0917,Store B,0.996,0.8032,0.0,0.0,0.0,0.0,0.0,0.0,0.0,0.0,Product 0917,TK,TK(40)ML,CANDYLAND,Supplier 64
2026-02-01,SKU0918,Store A,7.387,5.9572,0.0,0.0,0.0,0.0,0.0,0.0,0.0,0.0,Product 0918,TK,TK(226)G,CANDYLAND,Supplier 34
2026-02-01,SKU0921,Store C,1.162,0.9371,0.0,0.0,0.0,0.0,0.0,0.0,0.0,0.0,Product 0921,TK,TK(80)G,CANDYLAND,Supplier 64
2026-02-01,SKU0923,Warehouse,1.162,0.9371,0.0,0.0,0.0,0.0,0.0,0.0,0.0,0.0,Product 0923,TK,TK(60)G,CANDYLAND,Supplier 02
2026-02-01,SKU0927,Store A,0.498,0.4016,0.0,0.0,0.0,81.0,40.338,7.5634,0.0,0.0,Product 0927,TK,TK(18)G,CANDYLAND,Supplier 32
2026-02-01,SKU0929,Store C,2.4485,1.9746,1.714,0.0,5.0,0.0,0.0,0.0,1.1788,1.1788,Product 0929,TK,"TK(13,2)G",CANDYLAND,Supplier 62
2026-02-01,SKU0939,Warehouse,22.3685,18.0391,0.0,0.0,0.0,0.0,0.0,0.0,0.0,0.0,Product 0939,TK,"TK(18,5)G",CANDYLAND,Supplier 62
2026-02-01,SKU0942,Store A,2.075,1.6734,0.0,0.0,0.0,0.0,0.0,0.0,0.0,0.0,Product 0942,TK,TK(144)G,CANDYLAND,Supplier 59
2026-02-01,SKU0951,Warehouse,2.407,1.9411,59.142,0.0,72.0,0.0,0.0,0.0,0.8922,0.8922,Product 0951,TK,TK(150)G,CANDYLAND,Supplier 49
2026-02-01,SKU0982,Store C,1.328,1.0709,0.178,0.0,1.0,0.0,0.0,0.0,0.4663,0.4663,Product 0982,TK,TK(128)G,CANDYLAND,Supplier 46
2026-02-01,SKU0993,Store A,1.162,0.9371,0.0,0.0,0.0,0.0,0.0,0.0,0.0,0.0,Product 0993,TK,TK(150)G,CANDYLAND,Supplier 06
2026-02-01,SKU1001,Store B,0.581,0.4685,0.0,0.0,0.0,13.0,7.553,2.6975,0.0,0.0,Product 1001,TK,TK(30)G,CANDYLAND,Supplier 19
2026-02-01,SKU1002,Store A,1.245,1.0041,0.0,0.0,0.0,0.0,0.0,0.0,0.0,0.0,Product 1002,TK,TK(48)G,CANDYLAND,Supplier 19
2026-02-01,SKU1009,Store A,1.328,1.0709,4.142,0.0,10.0,40.0,53.12,18.592,0.4649,0.4649,Product 1009,TK,TK(500)ML,CANDYLAND,Supplier 03
2026-02-01,SKU1010,Store A,0.996,0.8032,0.0,0.0,0.0,0.0,0.0,0.0,0.0,0.0,Product 1010,TK,TK(500)ML,CANDYLAND,Supplier 03
2026-02-01,SKU1011,Store B,0.996,0.8032,0.0,0.0,0.0,0.0,0.0,0.0,0.0,0.0,Product 1011,TK,TK(330)ML,CANDYLAND,Supplier 03
2026-02-01,SKU1017,Store C,0.747,0.6024,0.0,0.0,0.0,0.0,0.0,0.0,0.0,0.0,Product 1017,TK,TK(330)ML,CANDYLAND,Supplier 03
2026-02-01,SKU1018,Store C,0.664,0.5355,0.0,0.0,0.0,0.0,0.0,0.0,0.0,0.0,Product 1018,TK,TK(330)ML,CANDYLAND,Supplier 03
2026-02-01,SKU1022,Store B,1.66,1.3387,27.785,24.0,32.0,2.0,3.32,1.1329,0.5665,0.5665,Product 1022,TK,TK(96)G,CANDYLAND,Supplier 42
2026-02-01,SKU1029,Store B,1.328,1.0709,0.0,0.0,0.0,0.0,0.0,0.0,0.0,0.0,Product 1029,TK,TK(150)G,CANDYLAND,Supplier 45
2026-02-01,SKU1033,Store C,1.162,0.9371,1.964,0.0,4.0,0.0,0.0,0.0,0.5033,0.5033,Product 1033,TK,TK(60)ML,CANDYLAND,Multiple suppliers
2026-02-01,SKU1038,Store A,4.399,3.5476,1.142,0.0,4.0,3.0,13.197,5.4531,1.819,1.819,Product 1038,TK,TK(120)G,CANDYLAND,Supplier 28
2026-02-01,SKU1038,Warehouse,4.399,3.5476,20.571,12.0,24.0,0.0,0.0,0.0,1.8177,1.8177,Product 1038,TK,TK(120)G,CANDYLAND,Supplier 28
2026-02-01,SKU1043,Store C,2.656,2.1419,0.0,0.0,0.0,0.0,0.0,0.0,0.0,0.0,Product 1043,TK,TK(750)ML,CANDYLAND,Supplier 03
2026-02-01,SKU1063,Warehouse,0.249,0.2008,0.0,0.0,0.0,0.0,0.0,0.0,0.0,0.0,Product 1063,TK,TK(5)G,CANDYLAND,Supplier 64
2026-02-01,SKU1067,Store C,1.328,1.0709,0.0,0.0,0.0,0.0,0.0,0.0,0.0,0.0,Product 1067,TK,TK(150)G,CANDYLAND,Supplier 02
2026-02-01,SKU1072,Store B,2.407,1.9411,0.107,-1.0,2.0,0.0,0.0,0.0,0.8804,0.8804,Product 1072,TK,TK(214)G,CANDYLAND,Supplier 09
2026-02-01,SKU1072,Store C,2.407,1.9411,0.642,0.0,3.0,0.0,0.0,0.0,0.881,0.881,Product 1072,TK,TK(214)G,CANDYLAND,Supplier 09
2026-02-01,SKU1076,Store B,1.245,1.0041,0.0,0.0,0.0,0.0,0.0,0.0,0.0,0.0,Product 1076,TK,TK(35)G,CANDYLAND,Supplier 02
2026-02-01,SKU1091,Store B,0.166,0.1339,0.0,0.0,0.0,0.0,0.0,0.0,0.0,0.0,Product 1091,TK,TK(7)G,CANDYLAND,Supplier 51
2026-02-01,SKU1096,Store B,1.494,1.2048,0.0,0.0,0.0,15.0,22.41,6.225,0.0,0.0,Product 1096,TK,TK(40)G,CANDYLAND,Supplier 09
2026-02-01,SKU1100,Store A,2.324,1.8742,0.0,0.0,0.0,0.0,0.0,0.0,0.0,0.0,Product 1100,TK,TK(200)G,CANDYLAND,Supplier 26
2026-02-01,SKU1110,Store B,0.747,0.6024,0.0,0.0,0.0,0.0,0.0,0.0,0.0,0.0,Product 1110,TK,TK(75)G,CANDYLAND,Supplier 41
2026-02-01,SKU1118,Store C,3.32,2.6774,0.0,0.0,0.0,0.0,0.0,0.0,0.0,0.0,Product 1118,TK,TK(125)G,CANDYLAND,Supplier 26
2026-02-01,SKU1123,Store C,5.146,4.15,0.0,0.0,0.0,0.0,0.0,0.0,0.0,0.0,Product 1123,TK,TK(250)G,CANDYLAND,Supplier 26
2026-02-01,SKU1126,Store C,6.142,4.9532,0.0,0.0,0.0,0.0,0.0,0.0,0.0,0.0,Product 1126,TK,TK(250)G,CANDYLAND,Supplier 26
2026-02-01,SKU1129,Store C,6.225,5.0202,0.0,0.0,0.0,0.0,0.0,0.0,0.0,0.0,Product 1129,TK,TK(250)G,CANDYLAND,Supplier 26
2026-02-01,SKU1132,Store B,6.225,5.0202,0.0,0.0,0.0,0.0,0.0,0.0,0.0,0.0,Product 1132,TK,TK(250)G,CANDYLAND,Supplier 26
2026-02-01,SKU1134,Store C,7.47,6.0242,0.0,0.0,0.0,0.0,0.0,0.0,0.0,0.0,Product 1134,TK,TK(200)G,CANDYLAND,Supplier 26
2026-02-01,SKU1139,Store A,6.225,5.0202,0.0,0.0,0.0,0.0,0.0,0.0,0.0,0.0,Product 1139,TK,TK(250)G,CANDYLAND,Supplier 26
2026-02-01,SKU1142,Store C,1.66,1.3387,0.0,0.0,0.0,0.0,0.0,0.0,0.0,0.0,Product 1142,TK,TK(225)G,CANDYLAND,Supplier 26
2026-02-01,SKU1156,Warehouse,2.656,2.1419,0.0,0.0,0.0,0.0,0.0,0.0,0.0,0.0,Product 1156,TK,TK(125)G,CANDYLAND,Supplier 26
2026-02-01,SKU1157,Store C,2.656,2.1419,0.0,0.0,0.0,0.0,0.0,0.0,0.0,0.0,Product 1157,TK,TK(125)G,CANDYLAND,Supplier 26
2026-02-01,SKU1158,Store B,2.656,2.1419,0.0,0.0,0.0,0.0,0.0,0.0,0.0,0.0,Product 1158,TK,TK(125)G,CANDYLAND,Supplier 26
2026-02-01,SKU1164,Store A,3.237,2.6105,0.0,0.0,0.0,0.0,0.0,0.0,0.0,0.0,Product 1164,TK,TK(125)G,CANDYLAND,Supplier 26
2026-02-01,SKU1174,Store C,0.747,0.6024,17.285,14.0,20.0,1.0,0.747,0.2573,0.2573,0.2573,Product 1174,TK,TK(250)ML,CANDYLAND,Supplier 24
2026-02-01,SKU1176,Store C,3.237,2.6105,0.0,0.0,0.0,0.0,0.0,0.0,0.0,0.0,Product 1176,TK,TK(150)G,CANDYLAND,Supplier 34
2026-02-01,SKU1177,Store B,3.237,2.6105,0.0,0.0,0.0,0.0,0.0,0.0,0.0,0.0,Product 1177,TK,TK(150)G,CANDYLAND,Supplier 34
2026-02-01,SKU1178,Store A,3.237,2.6105,0.0,0.0,0.0,0.0,0.0,0.0,0.0,0.0,Product 1178,TK,TK(150)G,CANDYLAND,Supplier 34
2026-02-01,SKU1179,Store A,2.656,2.1419,1.071,0.0,3.0,0.0,0.0,0.0,1.2455,1.2455,Product 1179,TK,TK(175)G,CANDYLAND,Supplier 34
2026-02-01,SKU1181,Warehouse,2.075,1.6734,0.0,0.0,0.0,0.0,0.0,0.0,0.0,0.0,Product 1181,TK,TK(107)G,CANDYLAND,Supplier 26
2026-02-01,SKU1199,Store B,0.747,0.6024,0.0,0.0,0.0,0.0,0.0,0.0,0.0,0.0,Product 1199,TK,TK(75)G,CANDYLAND,Supplier 41
2026-02-01,SKU1202,Store C,2.49,2.0081,4.392,0.0,17.0,5.0,12.45,6.1835,1.2369,1.2369,Product 1202,TK,TK(195)G,CANDYLAND,Multiple suppliers
2026-02-01,SKU1203,Warehouse,0.747,0.6024,0.0,0.0,0.0,0.0,0.0,0.0,0.0,0.0,Product 1203,TK,TK(75)G,CANDYLAND,Supplier 41
2026-02-01,SKU1205,Store C,2.324,1.8742,6.535,5.0,7.0,0.0,0.0,0.0,1.0459,1.0459,Product 1205,TK,TK(180)G,CANDYLAND,Supplier 39
2026-02-01,SKU1206,Store C,2.075,1.6734,0.0,0.0,0.0,0.0,0.0,0.0,0.0,0.0,Product 1206,TK,TK(180)G,CANDYLAND,Supplier 39
2026-02-01,SKU1208,Store B,2.324,1.8742,6.857,6.0,8.0,2.0,4.648,2.0916,1.0458,1.0458,Product 1208,TK,TK(180)G,CANDYLAND,Multiple suppliers
2026-02-01,SKU1208,Store C,2.324,1.8742,6.964,5.0,8.0,0.0,0.0,0.0,1.0459,1.0459,Product 1208,TK,TK(180)G,CANDYLAND,Multiple suppliers
2026-02-01,SKU1209,Warehouse,0.498,0.4016,0.0,0.0,0.0,0.0,0.0,0.0,0.0,0.0,Product 1209,TK,TK(330)ML,CANDYLAND,Supplier 24
2026-02-01,SKU1216,Store B,1.162,0.9371,0.464,0.0,5.0,13.0,15.106,6.1503,0.362,0.362,Product 1216,TK,TK(60)G,CANDYLAND,Multiple suppliers
2026-02-01,SKU1219,Store B,0.747,0.6024,0.0,0.0,0.0,0.0,0.0,0.0,0.0,0.0,Product 1219,TK,TK(75)G,CANDYLAND,Supplier 41
2026-02-01,SKU1222,Store B,1.992,1.6065,0.0,0.0,0.0,0.0,0.0,0.0,0.0,0.0,Product 1222,TK,TK(120)G,CANDYLAND,Supplier 21
2026-02-01,SKU1224,Store A,1.992,1.6065,2.857,0.0,12.0,0.0,0.0,0.0,0.7885,0.7885,Product 1224,TK,TK(120)G,CANDYLAND,Supplier 17
2026-02-01,SKU1241,Store B,0.747,0.6024,0.0,0.0,0.0,0.0,0.0,0.0,0.0,0.0,Product 1241,TK,TK(100)G,CANDYLAND,Supplier 30
2026-02-01,SKU1248,Warehouse,1.494,1.2048,0.0,0.0,0.0,0.0,0.0,0.0,0.0,0.0,Product 1248,TK,TK(100)G,CANDYLAND,Supplier 24
2026-02-01,SKU1251,Warehouse,2.075,1.6734,0.0,0.0,0.0,0.0,0.0,0.0,0.0,0.0,Product 1251,TK,TK(150)G,CANDYLAND,Supplier 24
2026-02-01,SKU1255,Store B,1.66,1.3387,0.0,0.0,0.0,0.0,0.0,0.0,0.0,0.0,Product 1255,TK,TK(65)G,CANDYLAND,Supplier 24
2026-02-01,SKU1270,Warehouse,1.494,1.2048,50.821,43.0,57.0,4.0,5.976,2.4568,0.6142,0.6142,Product 1270,TK,TK(125)G,CANDYLAND,Supplier 24
2026-02-01,SKU1277,Store B,1.66,1.3387,7.75,7.0,10.0,8.0,13.28,6.7728,0.8466,0.8466,Product 1277,TK,TK(200)G,CANDYLAND,Supplier 24
2026-02-01,SKU1289,Store B,2.241,1.8072,0.0,0.0,0.0,0.0,0.0,0.0,0.0,0.0,Product 1289,TK,TK(26)G,CANDYLAND,Supplier 77
2026-02-01,SKU1290,Warehouse,5.561,4.4847,0.0,0.0,0.0,0.0,0.0,0.0,0.0,0.0,Product 1290,KG,KG(1000)G,CANDYLAND,Supplier 19
2026-02-01,SKU1293,Store A,1.494,1.2048,0.0,0.0,0.0,0.0,0.0,0.0,0.0,0.0,Product 1293,TK,TK(100)G,CANDYLAND,Supplier 24
2026-02-01,SKU1304,Store A,4.15,3.3468,0.0,0.0,0.0,5.0,20.75,9.545,0.0,0.0,Product 1304,TK,TK(250)G,CANDYLAND,Supplier 12
2026-02-01,SKU1308,Warehouse,3.071,2.4766,0.0,0.0,0.0,0.0,0.0,0.0,0.0,0.0,Product 1308,TK,TK(300)G,CANDYLAND,Supplier 24
2026-02-01,SKU1311,Store C,5.146,4.15,0.0,0.0,0.0,0.0,0.0,0.0,0.0,0.0,Product 1311,TK,TK(200)G,CANDYLAND,Supplier 24
2026-02-01,SKU1314,Store C,1.66,1.3387,1.785,1.0,3.0,0.0,0.0,0.0,0.8469,0.8469,Product 1314,TK,TK(200)G,CANDYLAND,Supplier 24
2026-02-01,SKU1318,Store C,2.324,1.8742,0.0,0.0,0.0,0.0,0.0,0.0,0.0,0.0,Product 1318,TK,TK(200)G,CANDYLAND,Supplier 24
2026-02-01,SKU1319,Warehouse,2.324,1.8742,0.0,0.0,0.0,0.0,0.0,0.0,0.0,0.0,Product 1319,TK,TK(100)G,CANDYLAND,Supplier 24
2026-02-01,SKU1321,Store A,1.411,1.1379,70.714,58.0,90.0,0.0,0.0,0.0,0.6225,0.6225,Product 1321,TK,TK(150)ML,CANDYLAND,Supplier 03
2026-02-01,SKU1326,Store A,1.411,1.1379,55.892,38.0,75.0,0.0,0.0,0.0,0.6225,0.6225,Product 1326,TK,TK(150)ML,CANDYLAND,Supplier 03
2026-02-01,SKU1352,Warehouse,2.905,2.3428,0.0,0.0,0.0,0.0,0.0,0.0,0.0,0.0,Product 1352,TK,TK(400)G,CANDYLAND,Supplier 24
2026-02-01,SKU1354,Store C,1.079,0.8702,0.0,0.0,0.0,0.0,0.0,0.0,0.0,0.0,Product 1354,TK,TK(100)G,CANDYLAND,Supplier 24
2026-02-01,SKU1356,Store C,0.166,0.1339,0.0,0.0,0.0,0.0,0.0,0.0,0.0,0.0,Product 1356,TK,TK(5)G,CANDYLAND,Supplier 77
2026-02-01,SKU1369,Store A,1.245,1.0041,0.0,0.0,0.0,0.0,0.0,0.0,0.0,0.0,Product 1369,TK,TK(240)ML,CANDYLAND,Supplier 52
2026-02-01,SKU1370,Store C,0.83,0.6694,24.964,17.0,34.0,3.0,2.49,1.2201,0.4067,0.4067,Product 1370,TK,TK(39)G,CANDYLAND,Supplier 24
2026-02-01,SKU1373,Store A,1.328,1.0709,0.0,0.0,0.0,0.0,0.0,0.0,0.0,0.0,Product 1373,TK,TK(20)G,CANDYLAND,Supplier 17
2026-02-01,SKU1375,Store A,5.81,4.6855,0.285,0.0,4.0,3.0,17.43,8.6901,2.9038,2.9038,Product 1375,TK,TK(119)G,CANDYLAND,Supplier 28
2026-02-01,SKU1378,Store A,9.96,8.0322,0.25,0.0,4.0,0.0,0.0,0.0,4.565,4.565,Product 1378,TK,TK(205)G,CANDYLAND,Supplier 28
2026-02-01,SKU1381,Store C,1.577,1.2718,0.0,0.0,0.0,0.0,0.0,0.0,0.0,0.0,Product 1381,TK,TK(10)G,CANDYLAND,Supplier 17
2026-02-01,SKU1387,Store A,2.407,1.9411,0.0,0.0,0.0,0.0,0.0,0.0,0.0,0.0,Product 1387,TK,TK(80)G,CANDYLAND,Supplier 59
2026-02-01,SKU1389,Store C,1.66,1.3387,9.071,7.0,10.0,2.0,3.32,1.6932,0.8466,0.8466,Product 1389,TK,TK(200)G,CANDYLAND,Supplier 24
2026-02-01,SKU1396,Store B,1.66,1.3387,6.428,5.0,8.0,5.0,8.3,4.233,0.8467,0.8467,Product 1396,TK,TK(175)G,CANDYLAND,Supplier 24
2026-02-01,SKU1400,Store C,2.656,2.1419,5.357,4.0,6.0,1.0,2.656,1.245,1.245,1.245,Product 1400,TK,TK(300)G,CANDYLAND,Supplier 24
2026-02-01,SKU1403,Store C,1.577,1.2718,0.0,0.0,0.0,0.0,0.0,0.0,0.0,0.0,Product 1403,TK,TK(85)G,CANDYLAND,Supplier 24
2026-02-01,SKU1412,Warehouse,1.66,1.3387,0.0,0.0,0.0,0.0,0.0,0.0,0.0,0.0,Product 1412,TK,TK(50)G,CANDYLAND,Supplier 24
2026-02-01,SKU1418,Store C,0.664,0.5355,25.0,25.0,25.0,25.0,16.6,7.47,0.3071,0.3071,Product 1418,TK,"TK(21,5)G",CANDYLAND,Supplier 24
2026-02-01,SKU1421,Store B,1.245,1.0041,0.0,0.0,0.0,0.0,0.0,0.0,0.0,0.0,Product 1421,TK,TK(144)G,CANDYLAND,Supplier 24
2026-02-01,SKU1434,Store C,3.154,2.5435,0.0,0.0,0.0,0.0,0.0,0.0,0.0,0.0,Product 1434,TK,TK(200)G,CANDYLAND,Supplier 24
2026-02-01,SKU1438,Store B,1.6185,1.3053,0.0,0.0,0.0,0.0,0.0,0.0,0.0,0.0,Product 1438,TK,TK(120)G,CANDYLAND,Supplier 17
2026-02-01,SKU1448,Warehouse,2.324,1.8742,0.0,0.0,0.0,0.0,0.0,0.0,0.0,0.0,Product 1448,TK,TK(200)G,CANDYLAND,Supplier 24
2026-02-01,SKU1452,Store B,2.158,1.7403,0.0,0.0,0.0,0.0,0.0,0.0,0.0,0.0,Product 1452,TK,TK(85)G,CANDYLAND,Supplier 24
2026-02-01,SKU1453,Store A,2.158,1.7403,0.0,0.0,0.0,0.0,0.0,0.0,0.0,0.0,Product 1453,TK,TK(85)G,CANDYLAND,Supplier 24
2026-02-01,SKU1455,Warehouse,0.996,0.8032,0.0,0.0,0.0,0.0,0.0,0.0,0.0,0.0,Product 1455,TK,TK(28)ML,CANDYLAND,Supplier 77
2026-02-01,SKU1457,Store C,1.245,1.0041,0.0,0.0,0.0,0.0,0.0,0.0,0.0,0.0,Product 1457,TK,TK(15)G,CANDYLAND,Supplier 24
2026-02-01,SKU1458,Store C,1.245,1.0041,0.0,0.0,0.0,0.0,0.0,0.0,0.0,0.0,Product 1458,TK,TK(15)G,CANDYLAND,Supplier 24
2026-02-01,SKU1464,Store A,2.905,2.3428,10.857,10.0,12.0,0.0,0.0,0.0,1.4027,1.4027,Product 1464,TK,TK(400)G,CANDYLAND,Supplier 24
2026-02-01,SKU1475,Store C,1.245,1.0041,0.142,-1.0,2.0,5.0,6.225,2.656,0.5343,0.5343,Product 1475,TK,TK(150)G,CANDYLAND,Supplier 24
2026-02-01,SKU1478,Warehouse,1.245,1.0041,0.0,0.0,0.0,0.0,0.0,0.0,0.0,0.0,Product 1478,TK,TK(170)G,CANDYLAND,Supplier 24
2026-02-01,SKU1485,Store B,0.332,0.2678,178.142,125.0,205.0,0.0,0.0,0.0,0.1278,0.1278,Product 1485,TK,TK(5)G,CANDYLAND,Multiple suppliers
2026-02-01,SKU1485,Store C,0.332,0.2678,154.75,62.0,226.0,0.0,0.0,0.0,0.1278,0.1278,Product 1485,TK,TK(5)G,CANDYLAND,Multiple suppliers
2026-02-01,SKU1487,Store C,1.245,1.0041,0.0,0.0,0.0,0.0,0.0,0.0,0.0,0.0,Product 1487,TK,TK(20)G,CANDYLAND,Supplier 24
2026-02-01,SKU1493,Store A,0.83,0.6694,0.0,0.0,0.0,0.0,0.0,0.0,0.0,0.0,Product 1493,TK,TK(150)G,CANDYLAND,Supplier 24
2026-02-01,SKU1496,Store A,1.245,1.0041,0.0,0.0,0.0,0.0,0.0,0.0,0.0,0.0,Product 1496,TK,TK(750)ML,CANDYLAND,Supplier 24
2026-02-01,SKU1498,Store A,2.49,2.0081,0.0,0.0,0.0,0.0,0.0,0.0,0.0,0.0,Product 1498,TK,TK(145)G,CANDYLAND,Supplier 24
2026-02-01,SKU1499,Store C,1.245,1.0041,0.0,0.0,0.0,0.0,0.0,0.0,0.0,0.0,Product 1499,TK,TK(40)G,CANDYLAND,Supplier 59
2026-02-01,SKU1526,Store B,1.245,1.0041,0.0,0.0,0.0,0.0,0.0,0.0,0.0,0.0,Product 1526,TK,TK(48)G,CANDYLAND,Supplier 24
2026-02-01,SKU1527,Warehouse,1.245,1.0041,0.0,0.0,0.0,0.0,0.0,0.0,0.0,0.0,Product 1527,TK,TK(105)G,CANDYLAND,Supplier 24
2026-02-01,SKU1529,Warehouse,1.66,1.3387,0.0,0.0,0.0,0.0,0.0,0.0,0.0,0.0,Product 1529,TK,TK(17)G,CANDYLAND,Supplier 24
2026-02-01,SKU1530,Warehouse,1.162,0.9371,0.0,0.0,0.0,0.0,0.0,0.0,0.0,0.0,Product 1530,TK,TK(25)G,CANDYLAND,Supplier 24
2026-02-01,SKU1542,Store C,1.66,1.3387,0.0,0.0,0.0,0.0,0.0,0.0,0.0,0.0,Product 1542,TK,TK(100)G,CANDYLAND,Supplier 24
2026-02-01,SKU1548,Store A,1.992,1.6065,0.0,0.0,0.0,0.0,0.0,0.0,0.0,0.0,Product 1548,TK,TK(175)G,CANDYLAND,Supplier 24
2026-02-01,SKU1553,Warehouse,1.245,1.0041,0.0,0.0,0.0,0.0,0.0,0.0,0.0,0.0,Product 1553,TK,TK(8)G,CANDYLAND,Supplier 24
2026-02-01,SKU1573,Store B,2.988,2.4097,0.0,0.0,0.0,0.0,0.0,0.0,0.0,0.0,Product 1573,TK,"TK(46,8)G",CANDYLAND,Supplier 24
2026-02-01,SKU1584,Warehouse,0.83,0.6694,0.0,0.0,0.0,0.0,0.0,0.0,0.0,0.0,Product 1584,TK,TK(5)G,CANDYLAND,Supplier 18
2026-02-01,SKU1587,Store A,1.328,1.0709,0.0,0.0,0.0,16.0,21.248,8.1008,0.0,0.0,Product 1587,TK,TK(135)G,CANDYLAND,Supplier 46
2026-02-01,SKU1594,Store A,1.162,0.9371,12.642,9.0,16.0,0.0,0.0,0.0,0.415,0.415,Product 1594,TK,TK(345)ML,CANDYLAND,Supplier 07
2026-02-01,SKU1597,Warehouse,2.656,2.1419,1.285,0.0,9.0,0.0,0.0,0.0,1.3702,1.3702,Product 1597,TK,TK(360)ML,CANDYLAND,Supplier 07
2026-02-01,SKU1602,Store B,1.328,1.0709,0.0,0.0,0.0,0.0,0.0,0.0,0.0,0.0,Product 1602,TK,TK(85)G,CANDYLAND,Supplier 07
2026-02-01,SKU1603,Store B,1.328,1.0709,0.0,0.0,0.0,0.0,0.0,0.0,0.0,0.0,Product 1603,TK,TK(85)G,CANDYLAND,Supplier 07
2026-02-01,SKU1607,Store B,1.411,1.1379,20.178,17.0,22.0,0.0,0.0,0.0,0.664,0.664,Product 1607,TK,TK(330)ML,CANDYLAND,Supplier 07
2026-02-01,SKU1609,Store B,1.411,1.1379,9.0,0.0,24.0,12.0,16.932,7.968,0.664,0.664,Product 1609,TK,TK(330)ML,CANDYLAND,Supplier 07
2026-02-01,SKU1611,Warehouse,1.411,1.1379,3.0,0.0,24.0,8.0,11.288,5.312,0.664,0.664,Product 1611,TK,TK(330)ML,CANDYLAND,Supplier 07
2026-02-01,SKU1618,Warehouse,0.996,0.8032,0.0,0.0,0.0,15.0,14.94,7.47,0.0,0.0,Product 1618,TK,TK(250)ML,CANDYLAND,Supplier 07
2026-02-01,SKU1620,Store C,0.996,0.8032,7.142,6.0,9.0,0.0,0.0,0.0,0.4981,0.4981,Product 1620,TK,TK(250)ML,CANDYLAND,Supplier 07
2026-02-01,SKU1629,Store B,0.083,0.083,178.928,137.0,221.0,75.0,6.225,6.225,0.083,0.083,Product 1629,TK,TK,CANDYLAND,Supplier 07
2026-02-01,SKU1630,Warehouse,5.727,4.6185,0.0,0.0,0.0,0.0,0.0,0.0,0.0,0.0,Product 1630,TK,TK(250)G,CANDYLAND,Supplier 75
2026-02-01,SKU1643,Store B,1.245,1.0041,0.678,0.0,3.0,0.0,0.0,0.0,0.6396,0.6396,Product 1643,TK,TK(50)G,CANDYLAND,Supplier 75
2026-02-01,SKU1644,Store A,6.225,5.0202,0.0,0.0,0.0,0.0,0.0,0.0,0.0,0.0,Product 1644,TK,TK(300)G,CANDYLAND,Supplier 75
2026-02-01,SKU1645,Store A,2.656,2.1419,22.357,22.0,24.0,11.0,29.216,11.9603,1.0873,1.0873,Product 1645,TK,TK(126)G,CANDYLAND,Supplier 75
2026-02-01,SKU1645,Warehouse,2.656,2.1419,219.0,204.0,228.0,60.0,159.36,65.238,1.0873,1.0873,Product 1645,TK,TK(126)G,CANDYLAND,Supplier 75
2026-02-01,SKU1647,Store B,2.241,1.8072,23.75,19.0,28.0,37.0,82.917,38.6946,1.0458,1.0458,Product 1647,TK,TK(100)G,CANDYLAND,Supplier 75
2026-02-01,SKU1649,Store A,2.324,1.8742,17.178,16.0,18.0,10.0,23.24,11.537,1.1537,1.1537,Product 1649,TK,TK(200)G,CANDYLAND,Supplier 75
2026-02-01,SKU1652,Warehouse,4.98,4.0161,193.571,190.0,200.0,130.0,647.4,303.199,2.3323,2.3323,Product 1652,TK,TK(200)G,CANDYLAND,Supplier 75
2026-02-01,SKU1655,Warehouse,0.415,0.3347,0.0,0.0,0.0,0.0,0.0,0.0,0.0,0.0,Product 1655,TK,TK(500)ML,CANDYLAND,Supplier 53
2026-02-01,SKU1660,Store A,0.747,0.6024,0.0,0.0,0.0,0.0,0.0,0.0,0.0,0.0,Product 1660,TK,TK(83)ML,CANDYLAND,Supplier 18
2026-02-01,SKU1671,Store C,1.743,1.4056,0.0,0.0,0.0,0.0,0.0,0.0,0.0,0.0,Product 1671,TK,TK(180)G,CANDYLAND,Supplier 76
2026-02-01,SKU1675,Warehouse,0.664,0.5355,0.0,0.0,0.0,0.0,0.0,0.0,0.0,0.0,Product 1675,TK,TK(35)G,CANDYLAND,Supplier 18
2026-02-01,SKU1677,Warehouse,0.83,0.6694,0.0,0.0,0.0,0.0,0.0,0.0,0.0,0.0,Product 1677,TK,TK(18)ML,CANDYLAND,Supplier 18
2026-02-01,SKU1689,Store B,1.494,1.2048,0.0,0.0,0.0,0.0,0.0,0.0,0.0,0.0,Product 1689,TK,TK(225)G,CANDYLAND,Supplier 46
2026-02-01,SKU1690,Warehouse,2.49,2.0081,0.0,0.0,0.0,0.0,0.0,0.0,0.0,0.0,Product 1690,TK,TK(57)G,CANDYLAND,Supplier 18
2026-02-01,SKU1694,Store C,1.245,1.0041,0.0,0.0,0.0,0.0,0.0,0.0,0.0,0.0,Product 1694,TK,"TK(17,5)G",CANDYLAND,Supplier 74
2026-02-01,SKU1697,Store B,1.66,1.3387,0.0,0.0,0.0,0.0,0.0,0.0,0.0,0.0,Product 1697,TK,TK(80)G,CANDYLAND,Multiple suppliers
2026-02-01,SKU1699,Store B,1.245,1.0041,0.0,0.0,0.0,0.0,0.0,0.0,0.0,0.0,Product 1699,TK,TK(84)G,CANDYLAND,Supplier 18
2026-02-01,SKU1701,Store A,1.079,0.8702,28.714,28.0,31.0,13.0,14.027,6.3661,0.4897,0.4897,Product 1701,TK,TK(37)G,CANDYLAND,Supplier 74
2026-02-01,SKU1703,Store A,2.49,2.0081,0.0,0.0,0.0,0.0,0.0,0.0,0.0,0.0,Product 1703,TK,TK(120)G,CANDYLAND,Supplier 74
2026-02-01,SKU1707,Warehouse,1.411,1.1379,0.0,0.0,0.0,0.0,0.0,0.0,0.0,0.0,Product 1707,TK,TK(26)G,CANDYLAND,Supplier 74
2026-02-01,SKU1717,Store C,1.328,1.0709,4.5,0.0,10.0,0.0,0.0,0.0,0.4814,0.4814,Product 1717,TK,TK(128)G,CANDYLAND,Supplier 46
2026-02-01,SKU1718,Store A,1.577,1.2718,0.0,0.0,0.0,0.0,0.0,0.0,0.0,0.0,Product 1718,TK,"TK(119,6)G",CANDYLAND,Supplier 74
2026-02-01,SKU1722,Store B,0.332,0.2678,-0.071,-1.0,0.0,0.0,0.0,0.0,0.0935,0.0935,Product 1722,TK,TK(39)G,CANDYLAND,Supplier 09
2026-02-01,SKU1726,Store A,2.905,2.3428,0.0,0.0,0.0,0.0,0.0,0.0,0.0,0.0,Product 1726,TK,TK(120)G,CANDYLAND,Supplier 09
2026-02-01,SKU1731,Store C,3.32,2.6774,9.178,8.0,10.0,0.0,0.0,0.0,1.5688,1.5688,Product 1731,TK,TK(120)G,CANDYLAND,Supplier 09
2026-02-01,SKU1735,Store C,1.494,1.2048,9.785,3.0,16.0,11.0,16.434,4.565,0.5727,0.5727,Product 1735,TK,TK(40)G,CANDYLAND,Supplier 09
2026-02-01,SKU1753,Warehouse,1.411,1.1379,0.0,0.0,0.0,0.0,0.0,0.0,0.0,0.0,Product 1753,TK,TK(135)G,CANDYLAND,Supplier 46
2026-02-01,SKU1754,Warehouse,1.577,1.2718,0.0,0.0,0.0,0.0,0.0,0.0,0.0,0.0,Product 1754,TK,TK(30)G,CANDYLAND,Supplier 74
2026-02-01,SKU1760,Store A,1.328,1.0709,0.0,0.0,0.0,19.0,25.232,9.6197,0.0,0.0,Product 1760,TK,TK(130)G,CANDYLAND,Supplier 46
2026-02-01,SKU1761,Store C,1.328,1.0709,0.0,0.0,0.0,10.0,13.28,5.063,0.0,0.0,Product 1761,TK,TK(135)G,CANDYLAND,Supplier 46
2026-02-01,SKU1762,Store B,1.328,1.0709,0.0,0.0,0.0,17.0,22.576,8.6071,0.0,0.0,Product 1762,TK,TK(135)G,CANDYLAND,Supplier 46
2026-02-01,SKU1779,Store B,2.324,1.8742,0.0,0.0,0.0,0.0,0.0,0.0,0.0,0.0,Product 1779,TK,TK(175)G,CANDYLAND,Supplier 42
2026-02-01,SKU1783,Store A,12.45,10.0403,0.0,0.0,0.0,2.476,30.8262,12.947,0.0,0.0,Product 1783,KG,KG(1000)G,CANDYLAND,Supplier 42
2026-02-01,SKU1783,Warehouse,12.45,10.0403,0.0,0.0,0.0,13.0,161.85,67.977,0.0,0.0,Product 1783,KG,KG(1000)G,CANDYLAND,Supplier 42
2026-02-01,SKU1791,Warehouse,1.826,1.4726,0.0,0.0,0.0,488.0,891.088,392.8888,0.0,0.0,Product 1791,TK,TK(70)G,CANDYLAND,Supplier 42
2026-03-01,SKU0010,Store C,0.166,0.1339,0.0,0.0,0.0,0.0,0.0,0.0,0.0,0.0,Product 0010,TK,"TK(3,4)G",CANDYLAND,Supplier 64
2026-03-01,SKU0016,Store A,1.494,1.2048,0.0,0.0,0.0,0.0,0.0,0.0,0.0,0.0,Product 0016,TK,TK(80)G,CANDYLAND,Supplier 64
2026-03-01,SKU0020,Warehouse,1.162,0.9371,0.0,0.0,0.0,0.0,0.0,0.0,0.0,0.0,Product 0020,TK,TK(60)ML,CANDYLAND,Supplier 64
2026-03-01,SKU0023,Store B,0.996,0.8032,0.0,0.0,0.0,0.0,0.0,0.0,0.0,0.0,Product 0023,TK,TK(20)ML,CANDYLAND,Supplier 64
2026-03-01,SKU0029,Store A,0.415,0.3347,0.0,0.0,0.0,0.0,0.0,0.0,0.0,0.0,Product 0029,TK,TK(20)ML,CANDYLAND,Supplier 64
2026-03-01,SKU0048,Store C,2.988,2.4097,0.0,0.0,0.0,0.0,0.0,0.0,0.0,0.0,Product 0048,TK,TK(40)G,CANDYLAND,Supplier 66
2026-03-01,SKU0052,Store C,1.245,1.0041,0.0,0.0,0.0,0.0,0.0,0.0,0.0,0.0,Product 0052,TK,TK(50)G,CANDYLAND,Supplier 26
2026-03-01,SKU0060,Store B,2.905,2.3428,0.0,0.0,0.0,0.0,0.0,0.0,0.0,0.0,Product 0060,TK,TK(120)G,CANDYLAND,Supplier 66
2026-03-01,SKU0061,Store A,0.747,0.6024,8.032,0.0,20.0,0.0,0.0,0.0,0.3403,0.3403,Product 0061,TK,TK(75)G,CANDYLAND,Supplier 68
2026-03-01,SKU0061,Store C,0.747,0.6024,10.032,5.0,14.0,0.0,0.0,0.0,0.3403,0.3403,Product 0061,TK,TK(75)G,CANDYLAND,Supplier 68
2026-03-01,SKU0080,Store B,2.075,1.6734,0.0,0.0,0.0,0.0,0.0,0.0,0.0,0.0,Product 0080,TK,TK(185)G,CANDYLAND,Supplier 59
2026-03-01,SKU0093,Store C,1.826,1.4726,0.0,0.0,0.0,0.0,0.0,0.0,0.0,0.0,Product 0093,TK,TK(200)G,CANDYLAND,Supplier 59
2026-03-01,SKU0095,Store B,0.913,0.7363,15.516,9.0,22.0,9.0,8.217,3.3615,0.3735,0.3735,Product 0095,TK,TK(85)G,CANDYLAND,Supplier 68
2026-03-01,SKU0111,Warehouse,4.482,3.6145,0.0,0.0,0.0,0.0,0.0,0.0,0.0,0.0,Product 0111,TK,TK(454)G,CANDYLAND,Supplier 31
2026-03-01,SKU0130,Warehouse,1.6185,1.3053,0.0,0.0,0.0,0.0,0.0,0.0,0.0,0.0,Product 0130,TK,TK(530)ML,CANDYLAND,Supplier 10
2026-03-01,SKU0140,Store C,1.826,1.4726,18.709,18.0,20.0,0.0,0.0,0.0,0.913,0.913,Product 0140,TK,TK(90)G,CANDYLAND,Supplier 59
2026-03-01,SKU0145,Store A,0.3735,0.3012,64.709,58.0,70.0,73.0,27.2655,8.9855,0.1231,0.1231,Product 0145,TK,TK(19)G,CANDYLAND,Supplier 68
2026-03-01,SKU0147,Store B,0.913,0.7363,13.709,12.0,14.0,19.0,17.347,6.4657,0.3403,0.3403,Product 0147,TK,TK(85)G,CANDYLAND,Supplier 68
2026-03-01,SKU0157,Store B,0.913,0.7363,14.483,9.0,23.0,20.0,18.26,7.138,0.3569,0.3569,Product 0157,TK,TK(90)G,CANDYLAND,Supplier 68
2026-03-01,SKU0171,Warehouse,1.66,1.3387,0.0,0.0,0.0,0.0,0.0,0.0,0.0,0.0,Product 0171,TK,TK(90)G,CANDYLAND,Supplier 59
2026-03-01,SKU0175,Warehouse,1.411,1.1379,0.0,0.0,0.0,0.0,0.0,0.0,0.0,0.0,Product 0175,TK,TK(84)G,CANDYLAND,Supplier 59
2026-03-01,SKU0179,Store A,2.822,2.2758,0.0,0.0,0.0,0.0,0.0,0.0,0.0,0.0,Product 0179,TK,TK(250)G,CANDYLAND,Supplier 59
2026-03-01,SKU0180,Store C,0.83,0.6694,0.0,0.0,0.0,0.0,0.0,0.0,0.0,0.0,Product 0180,TK,TK(330)ML,CANDYLAND,Supplier 59
2026-03-01,SKU0183,Store B,3.071,2.4766,0.0,0.0,0.0,0.0,0.0,0.0,0.0,0.0,Product 0183,TK,TK(400)G,CANDYLAND,Supplier 18
2026-03-01,SKU0204,Store A,0.747,0.6024,0.0,0.0,0.0,0.0,0.0,0.0,0.0,0.0,Product 0204,TK,TK(330)ML,CANDYLAND,Supplier 59
2026-03-01,SKU0205,Store C,0.747,0.6024,0.0,0.0,0.0,0.0,0.0,0.0,0.0,0.0,Product 0205,TK,TK(330)ML,CANDYLAND,Supplier 59
2026-03-01,SKU0207,Store C,0.747,0.6024,0.0,0.0,0.0,0.0,0.0,0.0,0.0,0.0,Product 0207,TK,TK(330)ML,CANDYLAND,Supplier 59
2026-03-01,SKU0210,Warehouse,1.245,1.0041,0.0,0.0,0.0,0.0,0.0,0.0,0.0,0.0,Product 0210,TK,TK(30)G,CANDYLAND,Supplier 59
2026-03-01,SKU0220,Store C,1.162,0.9371,0.0,0.0,0.0,0.0,0.0,0.0,0.0,0.0,Product 0220,TK,TK(30)G,CANDYLAND,Supplier 59
2026-03-01,SKU0221,Store A,2.324,1.8742,0.0,0.0,0.0,0.0,0.0,0.0,0.0,0.0,Product 0221,TK,TK(750)ML,CANDYLAND,Supplier 59
2026-03-01,SKU0229,Store B,2.324,1.8742,0.0,0.0,0.0,0.0,0.0,0.0,0.0,0.0,Product 0229,TK,TK(216)G,CANDYLAND,Supplier 59
2026-03-01,SKU0229,Store C,2.324,1.8742,0.0,0.0,0.0,0.0,0.0,0.0,0.0,0.0,Product 0229,TK,TK(216)G,CANDYLAND,Supplier 59
2026-03-01,SKU0232,Store A,0.664,0.5355,26.87,7.0,57.0,99.0,65.736,13.1472,0.1328,0.1328,Product 0232,TK,TK(28)G,CANDYLAND,Supplier 02
2026-03-01,SKU0236,Store B,1.328,1.0709,0.0,0.0,0.0,0.0,0.0,0.0,0.0,0.0,Product 0236,TK,TK(120)G,CANDYLAND,Supplier 59
2026-03-01,SKU0236,Warehouse,1.328,1.0709,0.0,0.0,0.0,0.0,0.0,0.0,0.0,0.0,Product 0236,TK,TK(120)G,CANDYLAND,Supplier 59
2026-03-01,SKU0241,Store C,1.245,1.0041,0.0,0.0,0.0,0.0,0.0,0.0,0.0,0.0,Product 0241,TK,TK(200)G,CANDYLAND,Supplier 59
2026-03-01,SKU0242,Warehouse,0.83,0.6694,0.0,0.0,0.0,0.0,0.0,0.0,0.0,0.0,Product 0242,TK,TK(20)G,CANDYLAND,Supplier 59
2026-03-01,SKU0243,Store C,1.079,0.8702,0.0,0.0,0.0,0.0,0.0,0.0,0.0,0.0,Product 0243,TK,TK(200)G,CANDYLAND,Supplier 59
2026-03-01,SKU0244,Warehouse,1.328,1.0709,0.0,0.0,0.0,0.0,0.0,0.0,0.0,0.0,Product 0244,TK,TK(80)G,CANDYLAND,Supplier 59
2026-03-01,SKU0246,Store B,1.245,1.0041,0.0,0.0,0.0,0.0,0.0,0.0,0.0,0.0,Product 0246,TK,TK(250)G,CANDYLAND,Supplier 59
2026-03-01,SKU0261,Store A,2.241,1.8072,0.0,0.0,0.0,0.0,0.0,0.0,0.0,0.0,Product 0261,TK,TK(200)G,CANDYLAND,Supplier 59
2026-03-01,SKU0269,Store A,2.49,2.0081,0.0,0.0,0.0,0.0,0.0,0.0,0.0,0.0,Product 0269,TK,TK(113)G,CANDYLAND,Supplier 59
2026-03-01,SKU0278,Warehouse,1.162,0.9371,0.0,0.0,0.0,0.0,0.0,0.0,0.0,0.0,Product 0278,TK,TK(60)ML,CANDYLAND,Multiple suppliers
2026-03-01,SKU0283,Warehouse,2.241,1.8072,0.0,0.0,0.0,0.0,0.0,0.0,0.0,0.0,Product 0283,TK,TK(200)G,CANDYLAND,Supplier 59
2026-03-01,SKU0286,Warehouse,1.245,1.0041,0.0,0.0,0.0,0.0,0.0,0.0,0.0,0.0,Product 0286,TK,TK(120)G,CANDYLAND,Supplier 59
2026-03-01,SKU0291,Warehouse,2.075,1.6734,0.0,0.0,0.0,0.0,0.0,0.0,0.0,0.0,Product 0291,TK,TK(50)G,CANDYLAND,Supplier 66
2026-03-01,SKU0293,Warehouse,2.075,1.6734,0.0,0.0,0.0,0.0,0.0,0.0,0.0,0.0,Product 0293,TK,TK(50)G,CANDYLAND,Supplier 66
2026-03-01,SKU0299,Store C,5.81,4.6855,0.0,0.0,0.0,0.0,0.0,0.0,0.0,0.0,Product 0299,TK,TK(149)G,CANDYLAND,Supplier 59
2026-03-01,SKU0303,Store B,1.494,1.2048,0.0,0.0,0.0,0.0,0.0,0.0,0.0,0.0,Product 0303,TK,TK(70)G,CANDYLAND,Supplier 59
2026-03-01,SKU0318,Store C,1.411,1.1379,0.0,0.0,0.0,0.0,0.0,0.0,0.0,0.0,Product 0318,TK,TK(150)G,CANDYLAND,Supplier 33
2026-03-01,SKU0337,Store B,1.3695,1.1044,0.0,0.0,0.0,0.0,0.0,0.0,0.0,0.0,Product 0337,TK,TK(80)G,CANDYLAND,Supplier 59
2026-03-01,SKU0338,Store C,1.494,1.2048,0.0,0.0,0.0,0.0,0.0,0.0,0.0,0.0,Product 0338,TK,TK(135)G,CANDYLAND,Supplier 59
2026-03-01,SKU0346,Warehouse,1.162,0.9371,0.0,0.0,0.0,0.0,0.0,0.0,0.0,0.0,Product 0346,TK,TK(30)G,CANDYLAND,Supplier 59
2026-03-01,SKU0347,Warehouse,1.245,1.0041,0.0,0.0,0.0,0.0,0.0,0.0,0.0,0.0,Product 0347,TK,TK(200)G,CANDYLAND,Supplier 59
2026-03-01,SKU0349,Store C,1.328,1.0709,0.0,0.0,0.0,0.0,0.0,0.0,0.0,0.0,Product 0349,TK,TK(50)G,CANDYLAND,Supplier 59
2026-03-01,SKU0352,Store A,1.494,1.2048,0.0,0.0,0.0,0.0,0.0,0.0,0.0,0.0,Product 0352,TK,TK(85)G,CANDYLAND,Supplier 59
2026-03-01,SKU0353,Store A,1.162,0.9371,0.0,0.0,0.0,0.0,0.0,0.0,0.0,0.0,Product 0353,TK,TK(50)G,CANDYLAND,Supplier 59
2026-03-01,SKU0358,Warehouse,2.49,2.0081,0.0,0.0,0.0,0.0,0.0,0.0,0.0,0.0,Product 0358,TK,TK(350)ML,CANDYLAND,Supplier 59
2026-03-01,SKU0359,Warehouse,2.49,2.0081,0.0,0.0,0.0,0.0,0.0,0.0,0.0,0.0,Product 0359,TK,TK(350)ML,CANDYLAND,Supplier 59
2026-03-01,SKU0363,Store A,1.245,1.0041,0.0,0.0,0.0,0.0,0.0,0.0,0.0,0.0,Product 0363,TK,TK(160)G,CANDYLAND,Supplier 59
2026-03-01,SKU0366,Store B,1.079,0.8702,0.0,0.0,0.0,0.0,0.0,0.0,0.0,0.0,Product 0366,TK,TK(85)G,CANDYLAND,Supplier 59
2026-03-01,SKU0371,Store C,2.158,1.7403,0.0,0.0,0.0,0.0,0.0,0.0,0.0,0.0,Product 0371,TK,TK(101)G,CANDYLAND,Multiple suppliers
2026-03-01,SKU0379,Warehouse,0.581,0.4685,0.0,0.0,0.0,0.0,0.0,0.0,0.0,0.0,Product 0379,TK,TK(23)G,CANDYLAND,Supplier 59
2026-03-01,SKU0383,Store A,0.83,0.6694,0.0,0.0,0.0,0.0,0.0,0.0,0.0,0.0,Product 0383,TK,TK(80)G,CANDYLAND,Supplier 59
2026-03-01,SKU0385,Warehouse,1.826,1.4726,0.0,0.0,0.0,0.0,0.0,0.0,0.0,0.0,Product 0385,TK,TK(80)G,CANDYLAND,Supplier 59
2026-03-01,SKU0387,Warehouse,4.98,4.0161,0.0,0.0,0.0,0.0,0.0,0.0,0.0,0.0,Product 0387,TK,TK(336)G,CANDYLAND,Supplier 59
2026-03-01,SKU0388,Warehouse,6.64,5.3548,0.0,0.0,0.0,0.0,0.0,0.0,0.0,0.0,Product 0388,TK,TK(440)G,CANDYLAND,Supplier 59
2026-03-01,SKU0393,Store C,0.415,0.3347,0.0,0.0,0.0,0.0,0.0,0.0,0.0,0.0,Product 0393,TK,TK(40)G,CANDYLAND,Supplier 59
2026-03-01,SKU0395,Store B,0.415,0.3347,0.0,0.0,0.0,0.0,0.0,0.0,0.0,0.0,Product 0395,TK,TK(35)G,CANDYLAND,Supplier 59
2026-03-01,SKU0397,Store C,0.415,0.3347,0.0,0.0,0.0,0.0,0.0,0.0,0.0,0.0,Product 0397,TK,TK(40)G,CANDYLAND,Supplier 59
2026-03-01,SKU0404,Warehouse,0.83,0.6694,0.0,0.0,0.0,0.0,0.0,0.0,0.0,0.0,Product 0404,TK,TK(80)G,CANDYLAND,Supplier 59
2026-03-01,SKU0408,Warehouse,1.494,1.2048,0.0,0.0,0.0,0.0,0.0,0.0,0.0,0.0,Product 0408,TK,TK(160)G,CANDYLAND,Supplier 59
2026-03-01,SKU0420,Store C,1.328,1.0709,0.0,0.0,0.0,0.0,0.0,0.0,0.0,0.0,Product 0420,TK,TK(48)G,CANDYLAND,Supplier 59
2026-03-01,SKU0433,Store A,2.905,2.3428,0.0,0.0,0.0,0.0,0.0,0.0,0.0,0.0,Product 0433,TK,TK(130)G,CANDYLAND,Supplier 59
2026-03-01,SKU0437,Store B,0.996,0.8032,0.0,0.0,0.0,0.0,0.0,0.0,0.0,0.0,Product 0437,TK,TK(3)G,CANDYLAND,Supplier 59
2026-03-01,SKU0437,Store C,0.996,0.8032,0.0,0.0,0.0,0.0,0.0,0.0,0.0,0.0,Product 0437,TK,TK(3)G,CANDYLAND,Supplier 59
2026-03-01,SKU0438,Store A,0.249,0.2008,719.903,410.0,1278.0,0.0,0.0,0.0,0.0264,0.0264,Product 0438,TK,TK(5)G,CANDYLAND,Multiple suppliers
2026-03-01,SKU0439,Store C,1.162,0.9371,0.0,0.0,0.0,0.0,0.0,0.0,0.0,0.0,Product 0439,TK,TK(14)G,CANDYLAND,Supplier 59
2026-03-01,SKU0454,Store A,1.66,1.3387,0.0,0.0,0.0,0.0,0.0,0.0,0.0,0.0,Product 0454,TK,TK(72)G,CANDYLAND,Supplier 59
2026-03-01,SKU0455,Store C,0.498,0.4016,0.0,0.0,0.0,0.0,0.0,0.0,0.0,0.0,Product 0455,TK,TK(18)G,CANDYLAND,Supplier 59
2026-03-01,SKU0457,Store B,1.66,1.3387,0.0,0.0,0.0,0.0,0.0,0.0,0.0,0.0,Product 0457,TK,TK(30)G,CANDYLAND,Supplier 59
2026-03-01,SKU0468,Store C,5.727,4.6185,0.0,0.0,0.0,0.0,0.0,0.0,0.0,0.0,Product 0468,TK,TK(484)G,CANDYLAND,Supplier 59
2026-03-01,SKU0470,Store C,1.494,1.2048,0.0,0.0,0.0,0.0,0.0,0.0,0.0,0.0,Product 0470,TK,TK(18)G,CANDYLAND,Supplier 59
2026-03-01,SKU0474,Store A,0.415,0.3347,82.741,81.0,84.0,50.0,20.75,9.13,0.1826,0.1826,Product 0474,TK,TK(17)G,CANDYLAND,Supplier 59
2026-03-01,SKU0490,Store C,1.66,1.3387,0.0,0.0,0.0,0.0,0.0,0.0,0.0,0.0,Product 0490,TK,TK(30)G,CANDYLAND,Supplier 59
2026-03-01,SKU0491,Store A,2.075,1.6734,0.0,0.0,0.0,0.0,0.0,0.0,0.0,0.0,Product 0491,TK,TK(142)G,CANDYLAND,Supplier 59
2026-03-01,SKU0493,Warehouse,1.162,0.9371,0.0,0.0,0.0,0.0,0.0,0.0,0.0,0.0,Product 0493,TK,TK(40)ML,CANDYLAND,Supplier 59
2026-03-01,SKU0502,Store A,1.66,1.3387,0.0,0.0,0.0,0.0,0.0,0.0,0.0,0.0,Product 0502,TK,TK(114)G,CANDYLAND,Supplier 59
2026-03-01,SKU0515,Store C,0.996,0.8032,0.0,0.0,0.0,0.0,0.0,0.0,0.0,0.0,Product 0515,TK,TK(80)G,CANDYLAND,Supplier 59
2026-03-01,SKU0524,Store B,1.328,1.0709,0.0,0.0,0.0,0.0,0.0,0.0,0.0,0.0,Product 0524,TK,TK(56)G,CANDYLAND,Supplier 59
2026-03-01,SKU0525,Store B,1.494,1.2048,0.0,0.0,0.0,0.0,0.0,0.0,0.0,0.0,Product 0525,TK,TK(60)G,CANDYLAND,Supplier 59
2026-03-01,SKU0537,Store B,1.826,1.4726,0.0,0.0,0.0,0.0,0.0,0.0,0.0,0.0,Product 0537,TK,TK(100)G,CANDYLAND,Supplier 59
2026-03-01,SKU0542,Warehouse,2.075,1.6734,0.0,0.0,0.0,0.0,0.0,0.0,0.0,0.0,Product 0542,TK,TK(150)G,CANDYLAND,Supplier 59
2026-03-01,SKU0545,Store C,1.494,1.2048,0.0,0.0,0.0,0.0,0.0,0.0,0.0,0.0,Product 0545,TK,TK(12)G,CANDYLAND,Supplier 59
2026-03-01,SKU0546,Store B,8.217,6.6266,0.0,0.0,0.0,0.0,0.0,0.0,0.0,0.0,Product 0546,TK,TK(185)G,CANDYLAND,Supplier 59
2026-03-01,SKU0588,Store C,2.49,2.0081,0.0,0.0,0.0,0.0,0.0,0.0,0.0,0.0,Product 0588,TK,TK(120)G,CANDYLAND,Supplier 16
2026-03-01,SKU0598,Warehouse,1.162,0.9371,0.0,0.0,0.0,0.0,0.0,0.0,0.0,0.0,Product 0598,TK,TK(130)G,CANDYLAND,Supplier 17
2026-03-01,SKU0606,Store A,0.996,0.8032,0.0,0.0,0.0,0.0,0.0,0.0,0.0,0.0,Product 0606,TK,TK(330)ML,CANDYLAND,Supplier 18
2026-03-01,SKU0609,Store B,1.162,0.9371,0.0,0.0,0.0,0.0,0.0,0.0,0.0,0.0,Product 0609,TK,TK(180)G,CANDYLAND,Supplier 17
2026-03-01,SKU0614,Store A,1.162,0.9371,0.0,0.0,0.0,0.0,0.0,0.0,0.0,0.0,Product 0614,TK,TK(150)G,CANDYLAND,Supplier 17
2026-03-01,SKU0618,Warehouse,3.984,3.2129,0.0,0.0,0.0,0.0,0.0,0.0,0.0,0.0,Product 0618,TK,TK(350)G,CANDYLAND,Supplier 17
2026-03-01,SKU0624,Store C,2.324,1.8742,0.0,0.0,0.0,0.0,0.0,0.0,0.0,0.0,Product 0624,TK,TK(216)G,CANDYLAND,Supplier 17
2026-03-01,SKU0631,Store A,0.83,0.6694,9.29,0.0,24.0,12.0,9.96,3.3894,0.2824,0.2824,Product 0631,TK,TK(23)G,CANDYLAND,Supplier 16
2026-03-01,SKU0633,Store C,1.992,1.6065,13.967,1.0,25.0,55.0,109.56,43.824,0.7968,0.7968,Product 0633,TK,TK(10)G,CANDYLAND,Supplier 02
2026-03-01,SKU0636,Store B,1.494,1.2048,0.0,0.0,0.0,0.0,0.0,0.0,0.0,0.0,Product 0636,TK,TK(10)G,CANDYLAND,Supplier 02
2026-03-01,SKU0637,Warehouse,1.494,1.2048,0.0,0.0,0.0,0.0,0.0,0.0,0.0,0.0,Product 0637,TK,TK(10)G,CANDYLAND,Supplier 02
2026-03-01,SKU0653,Warehouse,1.826,1.4726,609.29,564.0,708.0,264.0,482.064,107.3688,0.4067,0.4067,Product 0653,TK,TK(10)G,CANDYLAND,Supplier 02
2026-03-01,SKU0656,Warehouse,0.747,0.6024,0.0,0.0,0.0,0.0,0.0,0.0,0.0,0.0,Product 0656,TK,TK(14)G,CANDYLAND,Supplier 16
2026-03-01,SKU0658,Store C,0.83,0.6694,23.548,0.0,36.0,1.0,0.83,0.2716,0.2716,0.2716,Product 0658,TK,"TK(15,6)G",CANDYLAND,Supplier 16
2026-03-01,SKU0660,Store B,2.158,1.7403,16.29,0.0,24.0,0.0,0.0,0.0,0.7945,0.7945,Product 0660,TK,TK(42)G,CANDYLAND,Supplier 16
2026-03-01,SKU0666,Store A,4.233,3.4137,54.774,49.0,58.0,0.0,0.0,0.0,1.9123,1.9123,Product 0666,TK,TK(100)G,CANDYLAND,Supplier 61
2026-03-01,SKU0667,Store A,4.233,3.4137,0.0,0.0,0.0,0.0,0.0,0.0,0.0,0.0,Product 0667,TK,TK(100)G,CANDYLAND,Supplier 61
2026-03-01,SKU0674,Store C,1.162,0.9371,0.0,0.0,0.0,0.0,0.0,0.0,0.0,0.0,Product 0674,TK,TK(60)G,CANDYLAND,Supplier 02
2026-03-01,SKU0679,Warehouse,1.245,1.0041,90.0,90.0,90.0,0.0,0.0,0.0,0.498,0.498,Product 0679,TK,TK(5)G,CANDYLAND,Supplier 02
2026-03-01,SKU0685,Store A,9.047,7.2959,0.0,0.0,0.0,0.0,0.0,0.0,0.0,0.0,Product 0685,TK,TK(1250)G,CANDYLAND,Supplier 32
2026-03-01,SKU0698,Store C,1.909,1.5395,15.387,10.0,22.0,3.0,5.727,1.8095,0.6032,0.6032,Product 0698,TK,TK(8)G,CANDYLAND,Supplier 05
2026-03-01,SKU0711,Store B,0.747,0.6024,28.322,18.0,48.0,1.0,0.747,0.2905,0.2905,0.2905,Product 0711,TK,TK(25)ML,CANDYLAND,Supplier 02
2026-03-01,SKU0722,Store A,4.897,3.9492,0.0,0.0,0.0,0.0,0.0,0.0,0.0,0.0,Product 0722,TK,TK(300)G,CANDYLAND,Supplier 49
2026-03-01,SKU0723,Store A,4.897,3.9492,0.0,0.0,0.0,0.0,0.0,0.0,0.0,0.0,Product 0723,TK,TK(300)G,CANDYLAND,Supplier 49
2026-03-01,SKU0723,Store C,4.897,3.9492,0.0,0.0,0.0,0.0,0.0,0.0,0.0,0.0,Product 0723,TK,TK(300)G,CANDYLAND,Supplier 49
2026-03-01,SKU0724,Store B,2.407,1.9411,9.161,7.0,10.0,8.0,19.256,6.9388,0.8674,0.8674,Product 0724,TK,TK(150)G,CANDYLAND,Supplier 49
2026-03-01,SKU0726,Warehouse,2.407,1.9411,36.774,24.0,72.0,6.0,14.442,5.2041,0.8674,0.8674,Product 0726,TK,TK(150)G,CANDYLAND,Supplier 49
2026-03-01,SKU0727,Store C,2.407,1.9411,9.645,0.0,12.0,5.0,12.035,4.3367,0.8674,0.8674,Product 0727,TK,TK(150)G,CANDYLAND,Supplier 49
2026-03-01,SKU0734,Store C,2.324,1.8742,0.0,0.0,0.0,0.0,0.0,0.0,0.0,0.0,Product 0734,TK,TK(150)G,CANDYLAND,Supplier 31
2026-03-01,SKU0734,Warehouse,2.324,1.8742,0.0,0.0,0.0,0.0,0.0,0.0,0.0,0.0,Product 0734,TK,TK(150)G,CANDYLAND,Supplier 31
2026-03-01,SKU0739,Store A,3.735,3.0121,0.0,0.0,0.0,0.0,0.0,0.0,0.0,0.0,Product 0739,TK,TK(250)G,CANDYLAND,Supplier 38
2026-03-01,SKU0741,Store A,3.735,3.0121,0.0,0.0,0.0,0.0,0.0,0.0,0.0,0.0,Product 0741,TK,TK(250)G,CANDYLAND,Supplier 38
2026-03-01,SKU0742,Store A,3.735,3.0121,0.0,0.0,0.0,0.0,0.0,0.0,0.0,0.0,Product 0742,TK,TK(250)G,CANDYLAND,Supplier 38
2026-03-01,SKU0753,Warehouse,0.996,0.8032,0.0,0.0,0.0,0.0,0.0,0.0,0.0,0.0,Product 0753,TK,TK(40)G,CANDYLAND,Supplier 26
2026-03-01,SKU0755,Store A,0.249,0.2008,0.0,0.0,0.0,0.0,0.0,0.0,0.0,0.0,Product 0755,TK,"TK(13,9)G",CANDYLAND,Multiple suppliers
2026-03-01,SKU0767,Warehouse,3.735,3.0121,0.0,0.0,0.0,0.0,0.0,0.0,0.0,0.0,Product 0767,TK,TK(360)G,CANDYLAND,Supplier 32
2026-03-01,SKU0775,Store A,1.245,1.0041,0.0,0.0,0.0,0.0,0.0,0.0,0.0,0.0,Product 0775,TK,TK(150)G,CANDYLAND,Supplier 32
2026-03-01,SKU0779,Store B,0.747,0.6024,0.0,0.0,0.0,0.0,0.0,0.0,0.0,0.0,Product 0779,TK,TK(56)G,CANDYLAND,Supplier 21
2026-03-01,SKU0782,Warehouse,0.7055,0.569,0.0,0.0,0.0,0.0,0.0,0.0,0.0,0.0,Product 0782,TK,TK(100)G,CANDYLAND,Supplier 11
2026-03-01,SKU0786,Store A,0.7055,0.569,2.419,0.0,6.0,0.0,0.0,0.0,0.2905,0.2905,Product 0786,TK,TK(100)G,CANDYLAND,Supplier 11
2026-03-01,SKU0789,Store B,1.2035,0.9706,0.0,0.0,0.0,3.0,3.6105,2.241,0.0,0.0,Product 0789,TK,TK(330)ML,CANDYLAND,Supplier 10
2026-03-01,SKU0790,Store A,2.075,1.6734,0.0,0.0,0.0,0.0,0.0,0.0,0.0,0.0,Product 0790,TK,TK(600)G,CANDYLAND,Supplier 72
2026-03-01,SKU0791,Store C,1.2035,0.9706,0.0,0.0,0.0,1.0,1.2035,0.747,0.0,0.0,Product 0791,TK,TK(330)ML,CANDYLAND,Supplier 10
2026-03-01,SKU0799,Store A,3.154,2.5435,21.741,21.0,23.0,5.0,15.77,6.4325,1.2866,1.2866,Product 0799,TK,TK(120)G,CANDYLAND,Supplier 66
2026-03-01,SKU0801,Store B,1.577,1.2718,23.225,5.0,47.0,13.0,20.501,8.0925,0.6225,0.6225,Product 0801,TK,TK(30)G,CANDYLAND,Supplier 66
2026-03-01,SKU0805,Warehouse,1.328,1.0709,75.0,75.0,75.0,25.0,33.2,6.8475,0.2739,0.2739,Product 0805,TK,TK(8)G,CANDYLAND,Supplier 66
2026-03-01,SKU0806,Warehouse,1.328,1.0709,0.0,0.0,0.0,0.0,0.0,0.0,0.0,0.0,Product 0806,TK,TK(8)G,CANDYLAND,Supplier 66
2026-03-01,SKU0810,Store A,0.249,0.2008,0.0,0.0,0.0,0.0,0.0,0.0,0.0,0.0,Product 0810,TK,TK(12)G,CANDYLAND,Multiple suppliers
2026-03-01,SKU0816,Warehouse,0.415,0.3347,0.0,0.0,0.0,0.0,0.0,0.0,0.0,0.0,Product 0816,TK,TK(20)G,CANDYLAND,Supplier 69
2026-03-01,SKU0817,Store A,2.075,1.6734,0.0,0.0,0.0,0.0,0.0,0.0,0.0,0.0,Product 0817,TK,TK(390)ML,CANDYLAND,Supplier 03
2026-03-01,SKU0822,Store A,6.391,5.1541,0.0,0.0,0.0,8.0,51.128,25.564,0.0,0.0,Product 0822,TK,TK(200)G,CANDYLAND,Supplier 44
2026-03-01,SKU0822,Store C,6.391,5.1541,0.0,0.0,0.0,8.0,51.128,25.564,0.0,0.0,Product 0822,TK,TK(200)G,CANDYLAND,Supplier 44
2026-03-01,SKU0824,Warehouse,6.391,5.1541,0.0,0.0,0.0,0.0,0.0,0.0,0.0,0.0,Product 0824,TK,TK(200)G,CANDYLAND,Supplier 44
2026-03-01,SKU0825,Store B,3.735,3.0121,0.0,0.0,0.0,11.0,41.085,18.1687,0.0,0.0,Product 0825,TK,TK(100)G,CANDYLAND,Supplier 44
2026-03-01,SKU0827,Store B,2.49,2.0081,0.0,0.0,0.0,9.0,22.41,10.2339,0.0,0.0,Product 0827,TK,TK(50)G,CANDYLAND,Supplier 44
2026-03-01,SKU0827,Store C,2.49,2.0081,0.0,0.0,0.0,10.0,24.9,11.371,0.0,0.0,Product 0827,TK,TK(50)G,CANDYLAND,Supplier 44
2026-03-01,SKU0838,Store C,0.249,0.2008,0.0,0.0,0.0,0.0,0.0,0.0,0.0,0.0,Product 0838,TK,TK(11)G,CANDYLAND,Supplier 02
2026-03-01,SKU0857,Store C,8.217,6.6266,0.0,0.0,0.0,0.0,0.0,0.0,0.0,0.0,Product 0857,TK,TK(200)G,CANDYLAND,Supplier 58
2026-03-01,SKU0860,Warehouse,3.237,2.6105,0.0,0.0,0.0,0.0,0.0,0.0,0.0,0.0,Product 0860,TK,TK(98)G,CANDYLAND,Supplier 23
2026-03-01,SKU0862,Store B,9.545,7.6976,0.0,0.0,0.0,3.0,28.635,15.5376,0.0,0.0,Product 0862,TK,TK(120)G,CANDYLAND,Supplier 01
2026-03-01,SKU0868,Store A,1.909,1.5395,0.0,0.0,0.0,5.0,9.545,5.9345,0.0,0.0,Product 0868,TK,TK(375)G,CANDYLAND,Supplier 19
2026-03-01,SKU0876,Warehouse,0.415,0.3347,0.0,0.0,0.0,0.0,0.0,0.0,0.0,0.0,Product 0876,TK,TK(15)G,CANDYLAND,Supplier 19
2026-03-01,SKU0879,Store B,0.1245,0.1004,0.0,0.0,0.0,76.0,9.462,2.3655,0.0,0.0,Product 0879,TK,"TK(12,5)G",CANDYLAND,Supplier 69
2026-03-01,SKU0881,Store B,0.166,0.1339,0.0,0.0,0.0,0.0,0.0,0.0,0.0,0.0,Product 0881,TK,TK(8)G,CANDYLAND,Supplier 69
2026-03-01,SKU0881,Warehouse,0.166,0.1339,0.0,0.0,0.0,0.0,0.0,0.0,0.0,0.0,Product 0881,TK,TK(8)G,CANDYLAND,Supplier 69
2026-03-01,SKU0884,Store A,1.328,1.0709,0.0,0.0,0.0,29.0,38.512,14.8271,0.0,0.0,Product 0884,TK,TK(120)G,CANDYLAND,Supplier 02
2026-03-01,SKU0887,Store C,1.162,0.9371,0.0,0.0,0.0,43.0,49.966,11.171,0.0,0.0,Product 0887,TK,TK(65)G,CANDYLAND,Supplier 02
2026-03-01,SKU0891,Warehouse,1.162,0.9371,0.0,0.0,0.0,456.0,529.872,166.1527,0.0,0.0,Product 0891,TK,TK(57)G,CANDYLAND,Supplier 02
2026-03-01,SKU0899,Store B,0.498,0.4016,31.903,20.0,50.0,30.0,14.94,4.731,0.1577,0.1577,Product 0899,TK,TK(16)G,CANDYLAND,Supplier 02
2026-03-01,SKU0910,Store C,4.067,3.2798,0.0,0.0,0.0,0.0,0.0,0.0,0.0,0.0,Product 0910,TK,TK(350)G,CANDYLAND,Supplier 08
2026-03-01,SKU0918,Store B,7.387,5.9572,0.0,0.0,0.0,0.0,0.0,0.0,0.0,0.0,Product 0918,TK,TK(226)G,CANDYLAND,Supplier 34
2026-03-01,SKU0919,Store C,1.245,1.0041,0.0,0.0,0.0,0.0,0.0,0.0,0.0,0.0,Product 0919,TK,TK(105)ML,CANDYLAND,Supplier 64
2026-03-01,SKU0924,Store A,0.2075,0.1673,0.0,0.0,0.0,10.0,2.075,1.0035,0.0,0.0,Product 0924,TK,"TK(6,5)G",CANDYLAND,Supplier 69
2026-03-01,SKU0925,Store A,8.217,6.6266,10.0,10.0,10.0,9.0,73.953,32.4945,3.6105,3.6105,Product 0925,TK,TK(250)G,CANDYLAND,Supplier 54
2026-03-01,SKU0925,Store C,8.217,6.6266,5.935,5.0,6.0,2.0,16.434,7.221,3.6107,3.6107,Product 0925,TK,TK(250)G,CANDYLAND,Supplier 54
2026-03-01,SKU0928,Store B,3.237,2.6105,10.225,10.0,11.0,6.0,19.422,8.6652,1.4443,1.4443,Product 0928,TK,TK(200)G,CANDYLAND,Supplier 34
2026-03-01,SKU0935,Store A,9.0885,7.3294,15.0,15.0,15.0,13.0,118.1505,59.7766,4.5982,4.5982,Product 0935,TK,TK(48)G,CANDYLAND,Supplier 62
2026-03-01,SKU0938,Store C,18.2185,14.6923,1.0,1.0,1.0,0.0,0.0,0.0,6.9222,6.9222,Product 0938,TK,TK(110)G,CANDYLAND,Supplier 62
2026-03-01,SKU0938,Warehouse,18.2185,14.6923,0.0,0.0,0.0,0.0,0.0,0.0,0.0,0.0,Product 0938,TK,TK(110)G,CANDYLAND,Supplier 62
2026-03-01,SKU0941,Store A,14.027,11.3121,10.0,10.0,10.0,14.0,196.378,89.6948,6.4068,6.4068,Product 0941,TK,TK(205)G,CANDYLAND,Supplier 29
2026-03-01,SKU0943,Store B,2.075,1.6734,0.0,0.0,0.0,0.0,0.0,0.0,0.0,0.0,Product 0943,TK,TK(144)G,CANDYLAND,Supplier 59
2026-03-01,SKU0952,Warehouse,2.407,1.9411,41.419,36.0,72.0,0.0,0.0,0.0,0.8922,0.8922,Product 0952,TK,TK(150)G,CANDYLAND,Supplier 49
2026-03-01,SKU0954,Store C,13.197,10.6428,3.612,3.0,5.0,1.0,13.197,5.6349,5.6363,5.6363,Product 0954,TK,TK(160)G,CANDYLAND,Supplier 29
2026-03-01,SKU0962,Store C,4.9385,3.9827,0.0,0.0,0.0,0.0,0.0,0.0,0.0,0.0,Product 0962,TK,TK(210)G,CANDYLAND,Supplier 55
2026-03-01,SKU0963,Store A,4.648,3.7484,2.0,2.0,2.0,0.0,0.0,0.0,1.9422,1.9422,Product 0963,TK,TK(400)G,CANDYLAND,Supplier 31
2026-03-01,SKU0965,Store B,0.4067,0.328,0.0,0.0,0.0,0.0,0.0,0.0,0.0,0.0,Product 0965,TK,TK(20)G,CANDYLAND,Supplier 15
2026-03-01,SKU0968,Store C,3.154,2.5435,0.0,0.0,0.0,0.0,0.0,0.0,0.0,0.0,Product 0968,TK,TK(190)G,CANDYLAND,Supplier 71
2026-03-01,SKU0971,Warehouse,2.905,2.3428,0.0,0.0,0.0,0.0,0.0,0.0,0.0,0.0,Product 0971,TK,TK(182)G,CANDYLAND,Supplier 71
2026-03-01,SKU0972,Store A,3.154,2.5435,0.0,0.0,0.0,0.0,0.0,0.0,0.0,0.0,Product 0972,TK,TK(190)G,CANDYLAND,Supplier 71
2026-03-01,SKU0974,Store C,1.577,1.2718,0.0,0.0,0.0,0.0,0.0,0.0,0.0,0.0,Product 0974,TK,TK(182)G,CANDYLAND,Supplier 71
2026-03-01,SKU0987,Store B,1.328,1.0709,0.0,0.0,0.0,0.0,0.0,0.0,0.0,0.0,Product 0987,TK,TK(128)G,CANDYLAND,Supplier 46
2026-03-01,SKU0988,Store C,1.328,1.0709,0.0,0.0,0.0,16.0,21.248,7.968,0.0,0.0,Product 0988,TK,TK(128)G,CANDYLAND,Supplier 69
2026-03-01,SKU0990,Store C,1.328,1.0709,0.0,0.0,0.0,0.0,0.0,0.0,0.0,0.0,Product 0990,TK,TK(125)G,CANDYLAND,Supplier 46
2026-03-01,SKU0992,Store A,0.83,0.6694,0.0,0.0,0.0,0.0,0.0,0.0,0.0,0.0,Product 0992,TK,TK(90)G,CANDYLAND,Supplier 06
2026-03-01,SKU1004,Store A,0.996,0.8032,0.0,0.0,0.0,0.0,0.0,0.0,0.0,0.0,Product 1004,TK,TK(450)ML,CANDYLAND,Supplier 03
2026-03-01,SKU1013,Store B,1.328,1.0709,42.774,4.0,64.0,28.0,37.184,13.0144,0.4648,0.4648,Product 1013,TK,TK(500)ML,CANDYLAND,Supplier 03
2026-03-01,SKU1019,Store C,0.747,0.6024,0.0,0.0,0.0,0.0,0.0,0.0,0.0,0.0,Product 1019,TK,TK(330)ML,CANDYLAND,Supplier 03
2026-03-01,SKU1024,Store A,1.162,0.9371,19.29,16.0,21.0,0.0,0.0,0.0,0.5229,0.5229,Product 1024,TK,TK(150)G,CANDYLAND,Supplier 11
2026-03-01,SKU1026,Warehouse,0.747,0.6024,24.0,24.0,24.0,13.0,9.711,4.316,0.332,0.332,Product 1026,TK,TK(100)G,CANDYLAND,Supplier 11
2026-03-01,SKU1030,Warehouse,0.913,0.7363,15.0,15.0,15.0,0.0,0.0,0.0,0.4399,0.4399,Product 1030,TK,TK(130)G,CANDYLAND,Supplier 69
2026-03-01,SKU1032,Store C,5.395,4.3508,0.0,0.0,0.0,0.0,0.0,0.0,0.0,0.0,Product 1032,TK,TK(120)G,CANDYLAND,Supplier 42
2026-03-01,SKU1033,Store C,1.162,0.9371,0.0,0.0,0.0,0.0,0.0,0.0,0.0,0.0,Product 1033,TK,TK(60)ML,CANDYLAND,Multiple suppliers
2026-03-01,SKU1034,Warehouse,0.5395,0.4351,0.0,0.0,0.0,0.0,0.0,0.0,0.0,0.0,Product 1034,TK,TK(20)G,CANDYLAND,Supplier 19
2026-03-01,SKU1036,Warehouse,4.399,3.5476,1.677,0.0,12.0,0.0,0.0,0.0,1.8181,1.8181,Product 1036,TK,TK(120)G,CANDYLAND,Supplier 28
2026-03-01,SKU1041,Warehouse,2.656,2.1419,0.0,0.0,0.0,0.0,0.0,0.0,0.0,0.0,Product 1041,TK,TK(750)ML,CANDYLAND,Supplier 03
2026-03-01,SKU1047,Store A,3.237,2.6105,0.0,0.0,0.0,0.0,0.0,0.0,0.0,0.0,Product 1047,TK,TK(98)G,CANDYLAND,Supplier 23
2026-03-01,SKU1047,Warehouse,3.237,2.6105,0.0,0.0,0.0,0.0,0.0,0.0,0.0,0.0,Product 1047,TK,TK(98)G,CANDYLAND,Supplier 23
2026-03-01,SKU1048,Store A,1.245,1.0041,2.612,0.0,7.0,13.0,16.185,5.2871,0.4284,0.4284,Product 1048,TK,TK(40)ML,CANDYLAND,Supplier 05
2026-03-01,SKU1049,Store B,1.245,1.0041,21.193,15.0,27.0,0.0,0.0,0.0,0.3583,0.3583,Product 1049,TK,TK(60)ML,CANDYLAND,Supplier 05
2026-03-01,SKU1066,Store A,1.245,1.0041,0.0,0.0,0.0,0.0,0.0,0.0,0.0,0.0,Product 1066,TK,TK(75)G,CANDYLAND,Supplier 02
2026-03-01,SKU1068,Store C,1.328,1.0709,0.0,0.0,0.0,25.0,33.2,10.9352,0.0,0.0,Product 1068,TK,TK(100)G,CANDYLAND,Supplier 02
2026-03-01,SKU1075,Warehouse,1.66,1.3387,0.0,0.0,0.0,150.0,249.0,132.8415,0.0,0.0,Product 1075,TK,TK(100)G,CANDYLAND,Multiple suppliers
2026-03-01,SKU1077,Store A,1.66,1.3387,27.129,0.0,56.0,0.0,0.0,0.0,0.4755,0.4755,Product 1077,TK,TK(135)G,CANDYLAND,Supplier 02
2026-03-01,SKU1077,Store B,1.66,1.3387,22.548,0.0,60.0,0.0,0.0,0.0,0.4756,0.4756,Product 1077,TK,TK(135)G,CANDYLAND,Supplier 02
2026-03-01,SKU1087,Warehouse,2.988,2.4097,0.0,0.0,0.0,0.0,0.0,0.0,0.0,0.0,Product 1087,TK,TK(10)G,CANDYLAND,Supplier 51
2026-03-01,SKU1089,Store C,0.996,0.8032,2.0,2.0,2.0,0.0,0.0,0.0,0.4482,0.4482,Product 1089,TK,TK(10)G,CANDYLAND,Supplier 51
2026-03-01,SKU1096,Store B,1.494,1.2048,0.0,0.0,0.0,15.0,22.41,6.225,0.0,0.0,Product 1096,TK,TK(40)G,CANDYLAND,Supplier 09
2026-03-01,SKU1098,Store A,1.328,1.0709,0.0,0.0,0.0,0.0,0.0,0.0,0.0,0.0,Product 1098,TK,TK(46)G,CANDYLAND,Supplier 09
2026-03-01,SKU1101,Store C,0.83,0.6694,0.0,0.0,0.0,0.0,0.0,0.0,0.0,0.0,Product 1101,TK,TK(80)G,CANDYLAND,Supplier 18
2026-03-01,SKU1107,Store C,0.249,0.2008,0.0,0.0,0.0,0.0,0.0,0.0,0.0,0.0,Product 1107,TK,TK(12)G,CANDYLAND,Multiple suppliers
2026-03-01,SKU1112,Store B,0.747,0.6024,0.0,0.0,0.0,0.0,0.0,0.0,0.0,0.0,Product 1112,TK,TK(75)G,CANDYLAND,Supplier 41
2026-03-01,SKU1112,Store C,0.747,0.6024,0.0,0.0,0.0,0.0,0.0,0.0,0.0,0.0,Product 1112,TK,TK(75)G,CANDYLAND,Supplier 41
2026-03-01,SKU1121,Store A,3.237,2.6105,0.0,0.0,0.0,0.0,0.0,0.0,0.0,0.0,Product 1121,TK,TK(125)G,CANDYLAND,Supplier 26
2026-03-01,SKU1124,Warehouse,2.49,2.0081,0.0,0.0,0.0,0.0,0.0,0.0,0.0,0.0,Product 1124,TK,TK(100)G,CANDYLAND,Supplier 26
2026-03-01,SKU1148,Warehouse,2.656,2.1419,0.0,0.0,0.0,0.0,0.0,0.0,0.0,0.0,Product 1148,TK,TK(150)G,CANDYLAND,Supplier 26
2026-03-01,SKU1149,Warehouse,2.407,1.9411,0.0,0.0,0.0,0.0,0.0,0.0,0.0,0.0,Product 1149,TK,TK(165)G,CANDYLAND,Supplier 26
2026-03-01,SKU1175,Store C,3.237,2.6105,0.0,0.0,0.0,0.0,0.0,0.0,0.0,0.0,Product 1175,TK,TK(150)G,CANDYLAND,Supplier 34
2026-03-01,SKU1179,Store A,2.656,2.1419,0.0,0.0,0.0,0.0,0.0,0.0,0.0,0.0,Product 1179,TK,TK(175)G,CANDYLAND,Supplier 34
2026-03-01,SKU1179,Store B,2.656,2.1419,0.0,0.0,0.0,0.0,0.0,0.0,0.0,0.0,Product 1179,TK,TK(175)G,CANDYLAND,Supplier 34
2026-03-01,SKU1184,Store B,1.494,1.2048,0.0,0.0,0.0,0.0,0.0,0.0,0.0,0.0,Product 1184,TK,TK(100)G,CANDYLAND,Supplier 26
2026-03-01,SKU1185,Warehouse,0.9545,0.7697,0.0,0.0,0.0,0.0,0.0,0.0,0.0,0.0,Product 1185,TK,TK(20)G,CANDYLAND,Supplier 26
2026-03-01,SKU1188,Store C,1.66,1.3387,0.0,0.0,0.0,0.0,0.0,0.0,0.0,0.0,Product 1188,TK,TK(60)G,CANDYLAND,Supplier 26
2026-03-01,SKU1192,Store A,4.067,3.2798,0.0,0.0,0.0,0.0,0.0,0.0,0.0,0.0,Product 1192,TK,TK(270)G,CANDYLAND,Supplier 23
2026-03-01,SKU1192,Store C,4.067,3.2798,0.0,0.0,0.0,0.0,0.0,0.0,0.0,0.0,Product 1192,TK,TK(270)G,CANDYLAND,Supplier 23
2026-03-01,SKU1199,Warehouse,0.747,0.6024,0.0,0.0,0.0,0.0,0.0,0.0,0.0,0.0,Product 1199,TK,TK(75)G,CANDYLAND,Supplier 41
2026-03-01,SKU1202,Store B,2.49,2.0081,7.322,1.0,11.0,6.0,14.94,7.4202,1.2368,1.2368,Product 1202,TK,TK(195)G,CANDYLAND,Multiple suppliers
2026-03-01,SKU1206,Store B,2.075,1.6734,0.0,0.0,0.0,0.0,0.0,0.0,0.0,0.0,Product 1206,TK,TK(180)G,CANDYLAND,Supplier 39
2026-03-01,SKU1215,Store A,0.913,0.7363,0.0,0.0,0.0,11.0,10.043,4.6563,0.0,0.0,Product 1215,TK,TK(18)G,CANDYLAND,Supplier 43
2026-03-01,SKU1215,Store B,0.913,0.7363,0.0,0.0,0.0,13.0,11.869,5.5029,0.0,0.0,Product 1215,TK,TK(18)G,CANDYLAND,Supplier 43
2026-03-01,SKU1224,Store A,1.992,1.6065,0.064,0.0,1.0,0.0,0.0,0.0,0.7936,0.7936,Product 1224,TK,TK(120)G,CANDYLAND,Supplier 17
2026-03-01,SKU1226,Store C,1.494,1.2048,0.0,0.0,0.0,0.0,0.0,0.0,0.0,0.0,Product 1226,TK,TK(120)G,CANDYLAND,Supplier 24
2026-03-01,SKU1226,Warehouse,1.494,1.2048,0.0,0.0,0.0,0.0,0.0,0.0,0.0,0.0,Product 1226,TK,TK(120)G,CANDYLAND,Supplier 24
2026-03-01,SKU1231,Warehouse,0.166,0.1339,0.0,0.0,0.0,0.0,0.0,0.0,0.0,0.0,Product 1231,TK,TK(7)G,CANDYLAND,Supplier 19
2026-03-01,SKU1236,Store C,1.245,1.0041,24.935,5.0,29.0,6.0,7.47,2.9382,0.4897,0.4897,Product 1236,TK,TK(5)G,CANDYLAND,Supplier 04
2026-03-01,SKU1242,Store B,0.747,0.6024,0.0,0.0,0.0,0.0,0.0,0.0,0.0,0.0,Product 1242,TK,TK(100)G,CANDYLAND,Supplier 30
2026-03-01,SKU1243,Store B,0.747,0.6024,0.0,0.0,0.0,0.0,0.0,0.0,0.0,0.0,Product 1243,TK,TK(100)G,CANDYLAND,Supplier 30
2026-03-01,SKU1251,Warehouse,2.075,1.6734,0.0,0.0,0.0,0.0,0.0,0.0,0.0,0.0,Product 1251,TK,TK(150)G,CANDYLAND,Supplier 24
2026-03-01,SKU1253,Store C,1.494,1.2048,4.387,0.0,6.0,3.0,4.482,1.7928,0.5976,0.5976,Product 1253,TK,TK(125)G,CANDYLAND,Supplier 24
2026-03-01,SKU1257,Warehouse,2.905,2.3428,0.0,0.0,0.0,0.0,0.0,0.0,0.0,0.0,Product 1257,TK,TK(85)G,CANDYLAND,Supplier 24
2026-03-01,SKU1261,Store C,1.162,0.9371,8.516,5.0,10.0,0.0,0.0,0.0,0.5644,0.5644,Product 1261,TK,TK(210)ML,CANDYLAND,Supplier 24
2026-03-01,SKU1262,Store A,2.324,1.8742,0.0,0.0,0.0,0.0,0.0,0.0,0.0,0.0,Product 1262,TK,TK(200)G,CANDYLAND,Supplier 24
2026-03-01,SKU1270,Store B,1.494,1.2048,7.225,4.0,11.0,7.0,10.458,4.2994,0.6143,0.6143,Product 1270,TK,TK(125)G,CANDYLAND,Supplier 24
2026-03-01,SKU1272,Warehouse,5.81,4.6855,0.0,0.0,0.0,0.0,0.0,0.0,0.0,0.0,Product 1272,TK,TK(300)G,CANDYLAND,Supplier 24
2026-03-01,SKU1273,Warehouse,1.245,1.0041,0.0,0.0,0.0,0.0,0.0,0.0,0.0,0.0,Product 1273,TK,TK(75)G,CANDYLAND,Supplier 24
2026-03-01,SKU1281,Store A,1.494,1.2048,0.0,0.0,0.0,0.0,0.0,0.0,0.0,0.0,Product 1281,TK,TK(150)G,CANDYLAND,Supplier 24
2026-03-01,SKU1285,Store B,0.996,0.8032,0.0,0.0,0.0,0.0,0.0,0.0,0.0,0.0,Product 1285,TK,TK(100)G,CANDYLAND,Supplier 24
2026-03-01,SKU1302,Warehouse,2.075,1.6734,6.322,0.0,42.0,0.0,0.0,0.0,0.6226,0.6226,Product 1302,TK,TK(100)G,CANDYLAND,Supplier 12
2026-03-01,SKU1305,Store B,2.075,1.6734,10.483,9.0,13.0,8.0,16.6,4.98,0.6226,0.6226,Product 1305,TK,TK(100)G,CANDYLAND,Multiple suppliers
2026-03-01,SKU1306,Store C,4.15,3.3468,10.064,0.0,12.0,2.0,8.3,3.818,1.9091,1.9091,Product 1306,TK,TK(250)G,CANDYLAND,Supplier 12
2026-03-01,SKU1309,Store B,1.494,1.2048,0.0,0.0,0.0,0.0,0.0,0.0,0.0,0.0,Product 1309,TK,TK(180)G,CANDYLAND,Supplier 24
2026-03-01,SKU1309,Warehouse,1.494,1.2048,0.0,0.0,0.0,0.0,0.0,0.0,0.0,0.0,Product 1309,TK,TK(180)G,CANDYLAND,Supplier 24
2026-03-01,SKU1317,Warehouse,1.494,1.2048,0.0,0.0,0.0,0.0,0.0,0.0,0.0,0.0,Product 1317,TK,TK(120)G,CANDYLAND,Supplier 24
2026-03-01,SKU1321,Store B,1.411,1.1379,35.612,14.0,54.0,0.0,0.0,0.0,0.6225,0.6225,Product 1321,TK,TK(150)ML,CANDYLAND,Supplier 03
2026-03-01,SKU1321,Warehouse,1.411,1.1379,48.387,20.0,80.0,0.0,0.0,0.0,0.6225,0.6225,Product 1321,TK,TK(150)ML,CANDYLAND,Supplier 03
2026-03-01,SKU1339,Store C,0.747,0.6024,0.0,0.0,0.0,0.0,0.0,0.0,0.0,0.0,Product 1339,TK,TK(240)ML,CANDYLAND,Supplier 03
2026-03-01,SKU1352,Store B,2.905,2.3428,0.0,0.0,0.0,0.0,0.0,0.0,0.0,0.0,Product 1352,TK,TK(400)G,CANDYLAND,Supplier 24
2026-03-01,SKU1357,Warehouse,2.241,1.8072,0.0,0.0,0.0,0.0,0.0,0.0,0.0,0.0,Product 1357,TK,TK(200)G,CANDYLAND,Supplier 24
2026-03-01,SKU1361,Store C,2.075,1.6734,0.0,0.0,0.0,0.0,0.0,0.0,0.0,0.0,Product 1361,TK,TK(148)G,CANDYLAND,Supplier 24
2026-03-01,SKU1364,Warehouse,2.075,1.6734,0.0,0.0,0.0,0.0,0.0,0.0,0.0,0.0,Product 1364,TK,TK(75)G,CANDYLAND,Supplier 24
2026-03-01,SKU1366,Store A,1.245,1.0041,0.0,0.0,0.0,0.0,0.0,0.0,0.0,0.0,Product 1366,TK,TK(240)ML,CANDYLAND,Supplier 52
2026-03-01,SKU1367,Store A,1.245,1.0041,0.0,0.0,0.0,0.0,0.0,0.0,0.0,0.0,Product 1367,TK,TK(240)ML,CANDYLAND,Supplier 52
2026-03-01,SKU1373,Store A,1.328,1.0709,0.0,0.0,0.0,0.0,0.0,0.0,0.0,0.0,Product 1373,TK,TK(20)G,CANDYLAND,Supplier 17
2026-03-01,SKU1377,Warehouse,5.81,4.6855,4.0,4.0,4.0,0.0,0.0,0.0,2.8967,2.8967,Product 1377,TK,TK(119)G,CANDYLAND,Supplier 28
2026-03-01,SKU1378,Store C,9.96,8.0322,3.129,1.0,5.0,1.0,9.96,4.565,4.565,4.565,Product 1378,TK,TK(205)G,CANDYLAND,Supplier 28
2026-03-01,SKU1379,Store A,5.81,4.6855,4.0,4.0,4.0,3.0,17.43,8.6901,2.8967,2.8967,Product 1379,TK,TK(119)G,CANDYLAND,Supplier 28
2026-03-01,SKU1396,Warehouse,1.66,1.3387,0.0,0.0,0.0,0.0,0.0,0.0,0.0,0.0,Product 1396,TK,TK(175)G,CANDYLAND,Supplier 24
2026-03-01,SKU1398,Store C,0.249,0.2008,118.87,106.0,129.0,108.0,26.892,8.0228,0.0743,0.0743,Product 1398,TK,TK(11)G,CANDYLAND,Multiple suppliers
2026-03-01,SKU1402,Store B,0.498,0.4016,0.0,0.0,0.0,0.0,0.0,0.0,0.0,0.0,Product 1402,TK,TK(70)ML,CANDYLAND,Supplier 24
2026-03-01,SKU1403,Store B,1.577,1.2718,0.0,0.0,0.0,0.0,0.0,0.0,0.0,0.0,Product 1403,TK,TK(85)G,CANDYLAND,Supplier 24
2026-03-01,SKU1413,Store B,2.49,2.0081,0.0,0.0,0.0,0.0,0.0,0.0,0.0,0.0,Product 1413,TK,TK(200)G,CANDYLAND,Supplier 24
2026-03-01,SKU1415,Store A,1.66,1.3387,0.0,0.0,0.0,0.0,0.0,0.0,0.0,0.0,Product 1415,TK,TK(180)G,CANDYLAND,Supplier 24
2026-03-01,SKU1428,Store B,1.079,0.8702,0.0,0.0,0.0,0.0,0.0,0.0,0.0,0.0,Product 1428,TK,TK(100)G,CANDYLAND,Supplier 24
2026-03-01,SKU1433,Store B,2.905,2.3428,0.0,0.0,0.0,0.0,0.0,0.0,0.0,0.0,Product 1433,TK,TK(300)G,CANDYLAND,Supplier 24
2026-03-01,SKU1433,Warehouse,2.905,2.3428,0.0,0.0,0.0,0.0,0.0,0.0,0.0,0.0,Product 1433,TK,TK(300)G,CANDYLAND,Supplier 24
2026-03-01,SKU1434,Store B,3.154,2.5435,0.0,0.0,0.0,0.0,0.0,0.0,0.0,0.0,Product 1434,TK,TK(200)G,CANDYLAND,Supplier 24
2026-03-01,SKU1436,Warehouse,0.249,0.2008,2112.0,2112.0,2112.0,1980.0,493.02,147.0843,0.0743,0.0743,Product 1436,TK,TK(11)G,CANDYLAND,Multiple suppliers
2026-03-01,SKU1440,Store C,3.486,2.8113,0.0,0.0,0.0,0.0,0.0,0.0,0.0,0.0,Product 1440,TK,TK(140)G,CANDYLAND,Supplier 24
2026-03-01,SKU1441,Warehouse,1.245,1.0041,0.0,0.0,0.0,0.0,0.0,0.0,0.0,0.0,Product 1441,TK,TK(150)G,CANDYLAND,Supplier 24
2026-03-01,SKU1445,Store C,0.913,0.7363,0.0,0.0,0.0,0.0,0.0,0.0,0.0,0.0,Product 1445,TK,TK(20)G,CANDYLAND,Supplier 24
2026-03-01,SKU1460,Store B,1.162,0.9371,9.0,5.0,13.0,0.0,0.0,0.0,0.5644,0.5644,Product 1460,TK,TK(210)ML,CANDYLAND,Supplier 24
2026-03-01,SKU1462,Store B,0.996,0.8032,20.516,19.0,22.0,17.0,16.932,7.1961,0.4233,0.4233,Product 1462,TK,TK(80)G,CANDYLAND,Supplier 24
2026-03-01,SKU1465,Store C,2.324,1.8742,0.0,0.0,0.0,0.0,0.0,0.0,0.0,0.0,Product 1465,TK,TK(200)G,CANDYLAND,Supplier 24
2026-03-01,SKU1468,Warehouse,1.494,1.2048,0.0,0.0,0.0,0.0,0.0,0.0,0.0,0.0,Product 1468,TK,TK(150)G,CANDYLAND,Supplier 24
2026-03-01,SKU1472,Store C,1.245,1.0041,7.903,6.0,9.0,0.0,0.0,0.0,0.4897,0.4897,Product 1472,TK,TK(175)G,CANDYLAND,Supplier 24
2026-03-01,SKU1474,Store A,1.245,1.0041,0.0,0.0,0.0,0.0,0.0,0.0,0.0,0.0,Product 1474,TK,TK(750)ML,CANDYLAND,Supplier 24
2026-03-01,SKU1475,Store A,1.245,1.0041,0.0,0.0,0.0,2.0,2.49,1.0624,0.0,0.0,Product 1475,TK,TK(150)G,CANDYLAND,Supplier 24
2026-03-01,SKU1477,Store B,1.245,1.0041,0.0,0.0,0.0,4.0,4.98,2.1248,0.0,0.0,Product 1477,TK,TK(150)G,CANDYLAND,Supplier 24
2026-03-01,SKU1480,Store A,1.245,1.0041,0.0,0.0,0.0,0.0,0.0,0.0,0.0,0.0,Product 1480,TK,TK(170)G,CANDYLAND,Supplier 24
2026-03-01,SKU1482,Store A,1.245,1.0041,8.0,7.0,9.0,4.0,4.98,2.1248,0.5312,0.5312,Product 1482,TK,TK(170)G,CANDYLAND,Supplier 24
2026-03-01,SKU1484,Store C,2.075,1.6734,0.0,0.0,0.0,0.0,0.0,0.0,0.0,0.0,Product 1484,TK,TK(160)G,CANDYLAND,Supplier 24
2026-03-01,SKU1488,Warehouse,1.245,1.0041,0.0,0.0,0.0,0.0,0.0,0.0,0.0,0.0,Product 1488,TK,TK(8)G,CANDYLAND,Supplier 24
2026-03-01,SKU1494,Store A,1.66,1.3387,0.0,0.0,0.0,0.0,0.0,0.0,0.0,0.0,Product 1494,TK,TK(144)G,CANDYLAND,Supplier 24
2026-03-01,SKU1498,Store B,2.49,2.0081,0.0,0.0,0.0,0.0,0.0,0.0,0.0,0.0,Product 1498,TK,TK(145)G,CANDYLAND,Supplier 24
2026-03-01,SKU1503,Store C,1.66,1.3387,0.0,0.0,0.0,0.0,0.0,0.0,0.0,0.0,Product 1503,TK,TK(125)G,CANDYLAND,Supplier 24
2026-03-01,SKU1511,Store B,0.83,0.6694,16.129,13.0,22.0,18.0,14.94,6.8724,0.3818,0.3818,Product 1511,TK,TK(200)ML,CANDYLAND,Supplier 24
2026-03-01,SKU1511,Warehouse,0.83,0.6694,24.0,24.0,24.0,0.0,0.0,0.0,0.3818,0.3818,Product 1511,TK,TK(200)ML,CANDYLAND,Supplier 24
2026-03-01,SKU1515,Warehouse,1.079,0.8702,0.0,0.0,0.0,0.0,0.0,0.0,0.0,0.0,Product 1515,TK,TK(21)G,CANDYLAND,Supplier 24
2026-03-01,SKU1517,Store C,2.49,2.0081,0.0,0.0,0.0,0.0,0.0,0.0,0.0,0.0,Product 1517,TK,TK(170)G,CANDYLAND,Supplier 24
2026-03-01,SKU1520,Store B,1.494,1.2048,0.0,0.0,0.0,0.0,0.0,0.0,0.0,0.0,Product 1520,TK,TK(100)G,CANDYLAND,Supplier 24
2026-03-01,SKU1524,Warehouse,2.075,1.6734,0.0,0.0,0.0,0.0,0.0,0.0,0.0,0.0,Product 1524,TK,TK(20)G,CANDYLAND,Supplier 24
2026-03-01,SKU1526,Store A,1.245,1.0041,0.0,0.0,0.0,0.0,0.0,0.0,0.0,0.0,Product 1526,TK,TK(48)G,CANDYLAND,Supplier 24
2026-03-01,SKU1536,Store A,0.996,0.8032,16.0,16.0,16.0,8.0,7.968,3.3864,0.4233,0.4233,Product 1536,TK,TK(80)G,CANDYLAND,Supplier 24
2026-03-01,SKU1540,Store B,1.494,1.2048,0.0,0.0,0.0,0.0,0.0,0.0,0.0,0.0,Product 1540,TK,TK(150)G,CANDYLAND,Supplier 24
2026-03-01,SKU1541,Store C,1.66,1.3387,0.0,0.0,0.0,0.0,0.0,0.0,0.0,0.0,Product 1541,TK,TK(84)G,CANDYLAND,Supplier 24
2026-03-01,SKU1542,Store B,1.66,1.3387,0.0,0.0,0.0,0.0,0.0,0.0,0.0,0.0,Product 1542,TK,TK(100)G,CANDYLAND,Supplier 24
2026-03-01,SKU1546,Store A,0.83,0.6694,15.483,12.0,18.0,7.0,5.81,2.6726,0.3818,0.3818,Product 1546,TK,TK(200)ML,CANDYLAND,Supplier 24
2026-03-01,SKU1547,Store B,0.83,0.6694,4.322,0.0,16.0,16.0,13.28,5.0464,0.3154,0.3154,Product 1547,TK,TK(26)G,CANDYLAND,Supplier 24
2026-03-01,SKU1560,Store C,0.913,0.7363,0.0,0.0,0.0,11.0,10.043,4.4737,0.0,0.0,Product 1560,TK,"TK(17,5)G",CANDYLAND,Supplier 24
2026-03-01,SKU1561,Store B,0.913,0.7363,2.548,0.0,7.0,7.0,6.391,2.8469,0.4068,0.4068,Product 1561,TK,"TK(17,5)G",CANDYLAND,Supplier 24
2026-03-01,SKU1575,Store B,1.494,1.2048,0.0,0.0,0.0,0.0,0.0,0.0,0.0,0.0,Product 1575,TK,TK(90)G,CANDYLAND,Supplier 64
2026-03-01,SKU1575,Store C,1.494,1.2048,0.0,0.0,0.0,0.0,0.0,0.0,0.0,0.0,Product 1575,TK,TK(90)G,CANDYLAND,Supplier 64
2026-03-01,SKU1581,Store C,4.067,3.2798,0.0,0.0,0.0,0.0,0.0,0.0,0.0,0.0,Product 1581,TK,TK(200)G,CANDYLAND,Supplier 13
2026-03-01,SKU1592,Store B,1.162,0.9371,5.419,0.0,14.0,0.0,0.0,0.0,0.415,0.415,Product 1592,TK,TK(345)ML,CANDYLAND,Supplier 07
2026-03-01,SKU1594,Store C,1.162,0.9371,0.0,0.0,0.0,0.0,0.0,0.0,0.0,0.0,Product 1594,TK,TK(345)ML,CANDYLAND,Supplier 07
2026-03-01,SKU1603,Store A,1.328,1.0709,0.0,0.0,0.0,0.0,0.0,0.0,0.0,0.0,Product 1603,TK,TK(85)G,CANDYLAND,Supplier 07
2026-03-01,SKU1611,Warehouse,1.411,1.1379,0.0,0.0,0.0,8.0,11.288,5.312,0.0,0.0,Product 1611,TK,TK(330)ML,CANDYLAND,Supplier 07
2026-03-01,SKU1617,Store B,0.996,0.8032,3.451,0.0,6.0,0.0,0.0,0.0,0.4981,0.4981,Product 1617,TK,TK(250)ML,CANDYLAND,Supplier 07
2026-03-01,SKU1634,Store B,3.652,2.9452,0.0,0.0,0.0,0.0,0.0,0.0,0.0,0.0,Product 1634,TK,TK(150)G,CANDYLAND,Supplier 75
2026-03-01,SKU1646,Store C,2.656,2.1419,10.548,10.0,11.0,14.0,37.184,15.2222,1.0873,1.0873,Product 1646,TK,TK(126)G,CANDYLAND,Supplier 75
2026-03-01,SKU1670,Store B,1.66,1.3387,0.903,0.0,4.0,0.0,0.0,0.0,0.7023,0.7023,Product 1670,TK,TK(140)G,CANDYLAND,Supplier 76
2026-03-01,SKU1671,Store C,1.743,1.4056,0.0,0.0,0.0,0.0,0.0,0.0,0.0,0.0,Product 1671,TK,TK(180)G,CANDYLAND,Supplier 76
2026-03-01,SKU1673,Store A,1.245,1.0041,0.0,0.0,0.0,0.0,0.0,0.0,0.0,0.0,Product 1673,TK,TK(86)G,CANDYLAND,Supplier 76
2026-03-01,SKU1699,Store C,1.245,1.0041,0.0,0.0,0.0,0.0,0.0,0.0,0.0,0.0,Product 1699,TK,TK(84)G,CANDYLAND,Supplier 18
2026-03-01,SKU1700,Store A,1.079,0.8702,0.0,0.0,0.0,0.0,0.0,0.0,0.0,0.0,Product 1700,TK,TK(37)G,CANDYLAND,Supplier 74
2026-03-01,SKU1703,Warehouse,2.49,2.0081,0.0,0.0,0.0,0.0,0.0,0.0,0.0,0.0,Product 1703,TK,TK(120)G,CANDYLAND,Supplier 74
2026-03-01,SKU1704,Store C,2.49,2.0081,0.0,0.0,0.0,0.0,0.0,0.0,0.0,0.0,Product 1704,TK,TK(120)G,CANDYLAND,Supplier 74
2026-03-01,SKU1706,Store B,2.49,2.0081,0.0,0.0,0.0,0.0,0.0,0.0,0.0,0.0,Product 1706,TK,TK(141)G,CANDYLAND,Multiple suppliers
2026-03-01,SKU1708,Store B,1.411,1.1379,0.0,0.0,0.0,0.0,0.0,0.0,0.0,0.0,Product 1708,TK,TK(26)G,CANDYLAND,Supplier 74
2026-03-01,SKU1710,Warehouse,1.328,1.0709,47.903,0.0,135.0,38.0,50.464,19.2394,0.5063,0.5063,Product 1710,TK,TK(128)G,CANDYLAND,Supplier 46
2026-03-01,SKU1712,Warehouse,1.328,1.0709,0.0,0.0,0.0,0.0,0.0,0.0,0.0,0.0,Product 1712,TK,TK(128)G,CANDYLAND,Supplier 46
2026-03-01,SKU1725,Store C,3.32,2.6774,12.935,7.0,17.0,0.0,0.0,0.0,1.5688,1.5688,Product 1725,TK,TK(120)G,CANDYLAND,Supplier 09
2026-03-01,SKU1729,Warehouse,3.32,2.6774,52.258,36.0,60.0,23.0,76.36,27.4896,1.5687,1.5687,Product 1729,TK,TK(120)G,CANDYLAND,Supplier 09
2026-03-01,SKU1735,Store B,1.494,1.2048,0.483,0.0,5.0,33.0,49.302,13.695,0.5736,0.5736,Product 1735,TK,TK(40)G,CANDYLAND,Supplier 09
2026-03-01,SKU1739,Warehouse,0.747,0.6024,0.0,0.0,0.0,0.0,0.0,0.0,0.0,0.0,Product 1739,TK,"TK(13,8)G",CANDYLAND,Supplier 09
2026-03-01,SKU1742,Warehouse,0.083,0.083,0.0,0.0,0.0,0.0,0.0,0.0,0.0,0.0,Product 1742,TK,TK,CANDYLAND,Supplier 10
2026-03-01,SKU1743,Store B,0.083,0.083,0.0,0.0,0.0,6.0,0.498,0.498,0.0,0.0,Product 1743,TK,TK,CANDYLAND,Supplier 43
2026-03-01,SKU1750,Store B,3.2785,2.644,0.0,0.0,0.0,0.0,0.0,0.0,0.0,0.0,Product 1750,TK,TK(500)ML,CANDYLAND,Supplier 74
2026-03-01,SKU1753,Store A,1.411,1.1379,0.0,0.0,0.0,0.0,0.0,0.0,0.0,0.0,Product 1753,TK,TK(135)G,CANDYLAND,Supplier 46
2026-03-01,SKU1753,Store B,1.411,1.1379,0.0,0.0,0.0,0.0,0.0,0.0,0.0,0.0,Product 1753,TK,TK(135)G,CANDYLAND,Supplier 46
2026-03-01,SKU1761,Store A,1.328,1.0709,0.0,0.0,0.0,7.0,9.296,3.5441,0.0,0.0,Product 1761,TK,TK(135)G,CANDYLAND,Supplier 46
2026-03-01,SKU1762,Store B,1.328,1.0709,0.0,0.0,0.0,17.0,22.576,8.6071,0.0,0.0,Product 1762,TK,TK(135)G,CANDYLAND,Supplier 46
2026-03-01,SKU1764,Store B,2.158,1.7403,0.0,0.0,0.0,0.0,0.0,0.0,0.0,0.0,Product 1764,TK,TK(42)G,CANDYLAND,Multiple suppliers
2026-03-01,SKU1765,Store B,2.158,1.7403,6.58,3.0,9.0,0.0,0.0,0.0,0.6392,0.6392,Product 1765,TK,TK(42)G,CANDYLAND,Supplier 74
2026-03-01,SKU1768,Store B,2.158,1.7403,16.29,13.0,22.0,0.0,0.0,0.0,0.7945,0.7945,Product 1768,TK,TK(42)G,CANDYLAND,Multiple suppliers
2026-03-01,SKU1769,Store C,1.411,1.1379,0.0,0.0,0.0,0.0,0.0,0.0,0.0,0.0,Product 1769,TK,TK(335)ML,CANDYLAND,Supplier 74
2026-03-01,SKU1794,Warehouse,0.913,0.7363,0.0,0.0,0.0,609.0,556.017,181.9692,0.0,0.0,Product 1794,TK,TK(35)G,CANDYLAND,Supplier 42
2026-04-01,SKU0002,Store B,0.332,0.2678,0.0,0.0,0.0,0.0,0.0,0.0,0.0,0.0,Product 0002,TK,TK(14)G,CANDYLAND,Supplier 64
2026-04-01,SKU0003,Store C,0.332,0.2678,0.0,0.0,0.0,0.0,0.0,0.0,0.0,0.0,Product 0003,TK,TK(14)G,CANDYLAND,Supplier 64
2026-04-01,SKU0006,Store B,1.162,0.9371,0.0,0.0,0.0,0.0,0.0,0.0,0.0,0.0,Product 0006,TK,TK(100)G,CANDYLAND,Supplier 42
2026-04-01,SKU0017,Store C,1.826,1.4726,0.0,0.0,0.0,0.0,0.0,0.0,0.0,0.0,Product 0017,TK,TK(60)G,CANDYLAND,Supplier 64
2026-04-01,SKU0018,Store C,1.494,1.2048,0.0,0.0,0.0,0.0,0.0,0.0,0.0,0.0,Product 0018,TK,TK(80)G,CANDYLAND,Supplier 64
2026-04-01,SKU0020,Store C,1.162,0.9371,0.0,0.0,0.0,0.0,0.0,0.0,0.0,0.0,Product 0020,TK,TK(60)ML,CANDYLAND,Supplier 64
2026-04-01,SKU0025,Warehouse,1.245,1.0041,0.0,0.0,0.0,0.0,0.0,0.0,0.0,0.0,Product 0025,TK,TK(105)ML,CANDYLAND,Supplier 64
2026-04-01,SKU0029,Warehouse,0.415,0.3347,0.0,0.0,0.0,0.0,0.0,0.0,0.0,0.0,Product 0029,TK,TK(20)ML,CANDYLAND,Supplier 64
2026-04-01,SKU0036,Warehouse,1.411,1.1379,0.0,0.0,0.0,0.0,0.0,0.0,0.0,0.0,Product 0036,TK,TK(335)ML,CANDYLAND,Supplier 69
2026-04-01,SKU0038,Store B,1.66,1.3387,0.0,0.0,0.0,0.0,0.0,0.0,0.0,0.0,Product 0038,TK,TK(5)G,CANDYLAND,Supplier 64
2026-04-01,SKU0056,Store C,7.387,5.9572,0.0,0.0,0.0,0.0,0.0,0.0,0.0,0.0,Product 0056,TK,TK(85)G,CANDYLAND,Supplier 73
2026-04-01,SKU0071,Store A,1.245,1.0041,0.0,0.0,0.0,0.0,0.0,0.0,0.0,0.0,Product 0071,TK,TK(30)G,CANDYLAND,Supplier 66
2026-04-01,SKU0074,Store A,1.411,1.1379,0.0,0.0,0.0,0.0,0.0,0.0,0.0,0.0,Product 0074,TK,TK(50)G,CANDYLAND,Supplier 66
2026-04-01,SKU0083,Warehouse,1.66,1.3387,0.0,0.0,0.0,0.0,0.0,0.0,0.0,0.0,Product 0083,TK,TK(200)G,CANDYLAND,Supplier 59
2026-04-01,SKU0093,Store A,1.826,1.4726,0.0,0.0,0.0,0.0,0.0,0.0,0.0,0.0,Product 0093,TK,TK(200)G,CANDYLAND,Supplier 59
2026-04-01,SKU0099,Store B,0.913,0.7363,0.0,0.0,0.0,0.0,0.0,0.0,0.0,0.0,Product 0099,TK,TK(90)G,CANDYLAND,Supplier 68
2026-04-01,SKU0104,Store B,1.66,1.3387,0.0,0.0,0.0,0.0,0.0,0.0,0.0,0.0,Product 0104,TK,TK(200)G,CANDYLAND,Supplier 59
2026-04-01,SKU0111,Store B,4.482,3.6145,0.0,0.0,0.0,0.0,0.0,0.0,0.0,0.0,Product 0111,TK,TK(454)G,CANDYLAND,Supplier 31
2026-04-01,SKU0113,Warehouse,4.565,3.6815,0.0,0.0,0.0,0.0,0.0,0.0,0.0,0.0,Product 0113,TK,TK(97)G,CANDYLAND,Supplier 73
2026-04-01,SKU0120,Warehouse,3.071,2.4766,24.8,0.0,48.0,0.0,0.0,0.0,1.4027,1.4027,Product 0120,TK,TK(30)G,CANDYLAND,Supplier 05
2026-04-01,SKU0125,Warehouse,1.826,1.4726,96.0,96.0,96.0,83.0,151.558,44.9507,0.5416,0.5416,Product 0125,TK,TK(17)G,CANDYLAND,Supplier 05
2026-04-01,SKU0134,Store A,0.249,0.2008,0.0,0.0,0.0,0.0,0.0,0.0,0.0,0.0,Product 0134,TK,TK(8)G,CANDYLAND,Supplier 36
2026-04-01,SKU0135,Store B,1.66,1.3387,0.0,0.0,0.0,0.0,0.0,0.0,0.0,0.0,Product 0135,TK,TK(84)G,CANDYLAND,Supplier 59
2026-04-01,SKU0137,Warehouse,2.49,2.0081,0.0,0.0,0.0,0.0,0.0,0.0,0.0,0.0,Product 0137,TK,TK(750)ML,CANDYLAND,Supplier 59
2026-04-01,SKU0140,Warehouse,1.826,1.4726,4.2,0.0,18.0,0.0,0.0,0.0,0.913,0.913,Product 0140,TK,TK(90)G,CANDYLAND,Supplier 59
2026-04-01,SKU0143,Store C,4.067,3.2798,0.0,0.0,0.0,0.0,0.0,0.0,0.0,0.0,Product 0143,TK,TK(250)G,CANDYLAND,Supplier 34
2026-04-01,SKU0147,Warehouse,0.913,0.7363,182.466,154.0,196.0,56.0,51.128,19.0568,0.3403,0.3403,Product 0147,TK,TK(85)G,CANDYLAND,Supplier 68
2026-04-01,SKU0148,Store C,0.913,0.7363,25.1,1.0,29.0,27.0,24.651,9.6363,0.3569,0.3569,Product 0148,TK,TK(90)G,CANDYLAND,Supplier 68
2026-04-01,SKU0151,Warehouse,1.245,1.0041,0.0,0.0,0.0,0.0,0.0,0.0,0.0,0.0,Product 0151,TK,TK(90)ML,CANDYLAND,Supplier 59
2026-04-01,SKU0160,Store B,1.66,1.3387,0.0,0.0,0.0,0.0,0.0,0.0,0.0,0.0,Product 0160,TK,TK(200)G,CANDYLAND,Supplier 59
2026-04-01,SKU0162,Store C,0.332,0.2678,0.0,0.0,0.0,0.0,0.0,0.0,0.0,0.0,Product 0162,TK,TK(15)G,CANDYLAND,Supplier 64
2026-04-01,SKU0163,Warehouse,1.494,1.2048,0.0,0.0,0.0,0.0,0.0,0.0,0.0,0.0,Product 0163,TK,TK(200)G,CANDYLAND,Supplier 59
2026-04-01,SKU0170,Warehouse,1.245,1.0041,0.0,0.0,0.0,0.0,0.0,0.0,0.0,0.0,Product 0170,TK,TK(60)G,CANDYLAND,Supplier 64
2026-04-01,SKU0173,Warehouse,1.245,1.0041,0.0,0.0,0.0,0.0,0.0,0.0,0.0,0.0,Product 0173,TK,TK(33)G,CANDYLAND,Supplier 64
2026-04-01,SKU0175,Store B,1.411,1.1379,0.0,0.0,0.0,0.0,0.0,0.0,0.0,0.0,Product 0175,TK,TK(84)G,CANDYLAND,Supplier 59
2026-04-01,SKU0177,Store C,1.245,1.0041,0.0,0.0,0.0,0.0,0.0,0.0,0.0,0.0,Product 0177,TK,TK(120)G,CANDYLAND,Supplier 59
2026-04-01,SKU0178,Warehouse,2.407,1.9411,0.0,0.0,0.0,0.0,0.0,0.0,0.0,0.0,Product 0178,TK,TK(158)G,CANDYLAND,Supplier 17
2026-04-01,SKU0182,Store C,0.166,0.1339,4.8,0.0,20.0,0.0,0.0,0.0,0.0192,0.0192,Product 0182,TK,"TK(3,5)G",CANDYLAND,Multiple suppliers
2026-04-01,SKU0187,Store C,2.324,1.8742,0.0,0.0,0.0,0.0,0.0,0.0,0.0,0.0,Product 0187,TK,TK(220)G,CANDYLAND,Supplier 59
2026-04-01,SKU0192,Store C,1.328,1.0709,0.0,0.0,0.0,0.0,0.0,0.0,0.0,0.0,Product 0192,TK,TK(80)G,CANDYLAND,Supplier 59
2026-04-01,SKU0200,Store C,1.494,1.2048,0.0,0.0,0.0,0.0,0.0,0.0,0.0,0.0,Product 0200,TK,TK(85)G,CANDYLAND,Supplier 59
2026-04-01,SKU0201,Store B,1.66,1.3387,0.0,0.0,0.0,0.0,0.0,0.0,0.0,0.0,Product 0201,TK,TK(150)G,CANDYLAND,Supplier 59
2026-04-01,SKU0202,Store B,1.494,1.2048,0.0,0.0,0.0,0.0,0.0,0.0,0.0,0.0,Product 0202,TK,TK(100)G,CANDYLAND,Supplier 59
2026-04-01,SKU0211,Store C,2.324,1.8742,0.0,0.0,0.0,0.0,0.0,0.0,0.0,0.0,Product 0211,TK,TK(750)ML,CANDYLAND,Supplier 59
2026-04-01,SKU0215,Store A,1.66,1.3387,0.0,0.0,0.0,0.0,0.0,0.0,0.0,0.0,Product 0215,TK,TK(200)G,CANDYLAND,Supplier 59
2026-04-01,SKU0215,Store B,1.66,1.3387,0.0,0.0,0.0,0.0,0.0,0.0,0.0,0.0,Product 0215,TK,TK(200)G,CANDYLAND,Supplier 59
2026-04-01,SKU0215,Store C,1.66,1.3387,0.0,0.0,0.0,0.0,0.0,0.0,0.0,0.0,Product 0215,TK,TK(200)G,CANDYLAND,Supplier 59
2026-04-01,SKU0217,Store C,1.328,1.0709,0.0,0.0,0.0,0.0,0.0,0.0,0.0,0.0,Product 0217,TK,TK(130)G,CANDYLAND,Supplier 59
2026-04-01,SKU0233,Warehouse,1.245,1.0041,0.0,0.0,0.0,0.0,0.0,0.0,0.0,0.0,Product 0233,TK,TK(200)G,CANDYLAND,Supplier 59
2026-04-01,SKU0237,Store A,1.245,1.0041,0.0,0.0,0.0,0.0,0.0,0.0,0.0,0.0,Product 0237,TK,TK(200)G,CANDYLAND,Supplier 59
2026-04-01,SKU0252,Store C,0.83,0.6694,0.0,0.0,0.0,0.0,0.0,0.0,0.0,0.0,Product 0252,TK,TK(9)ML,CANDYLAND,Supplier 59
2026-04-01,SKU0259,Store A,1.328,1.0709,0.0,0.0,0.0,0.0,0.0,0.0,0.0,0.0,Product 0259,TK,TK(80)G,CANDYLAND,Supplier 59
2026-04-01,SKU0260,Store C,1.826,1.4726,23.566,7.0,31.0,8.0,14.608,5.737,0.7171,0.7171,Product 0260,TK,TK(6)G,CANDYLAND,Supplier 02
2026-04-01,SKU0270,Store B,2.905,2.3428,0.0,0.0,0.0,0.0,0.0,0.0,0.0,0.0,Product 0270,TK,TK(120)G,CANDYLAND,Supplier 59
2026-04-01,SKU0274,Warehouse,0.8715,0.7028,0.0,0.0,0.0,0.0,0.0,0.0,0.0,0.0,Product 0274,TK,TK(80)G,CANDYLAND,Supplier 59
2026-04-01,SKU0278,Store C,1.162,0.9371,0.0,0.0,0.0,0.0,0.0,0.0,0.0,0.0,Product 0278,TK,TK(60)ML,CANDYLAND,Multiple suppliers
2026-04-01,SKU0279,Store C,1.66,1.3387,0.0,0.0,0.0,0.0,0.0,0.0,0.0,0.0,Product 0279,TK,TK(37)G,CANDYLAND,Supplier 59
2026-04-01,SKU0280,Store C,0.249,0.2008,0.0,0.0,0.0,0.0,0.0,0.0,0.0,0.0,Product 0280,TK,TK(12)G,CANDYLAND,Supplier 59
2026-04-01,SKU0283,Store B,2.241,1.8072,0.0,0.0,0.0,0.0,0.0,0.0,0.0,0.0,Product 0283,TK,TK(200)G,CANDYLAND,Supplier 59
2026-04-01,SKU0284,Store A,2.49,2.0081,0.0,0.0,0.0,0.0,0.0,0.0,0.0,0.0,Product 0284,TK,TK(141)G,CANDYLAND,Supplier 59
2026-04-01,SKU0286,Store A,1.245,1.0041,0.0,0.0,0.0,0.0,0.0,0.0,0.0,0.0,Product 0286,TK,TK(120)G,CANDYLAND,Supplier 59
2026-04-01,SKU0286,Store B,1.245,1.0041,0.0,0.0,0.0,0.0,0.0,0.0,0.0,0.0,Product 0286,TK,TK(120)G,CANDYLAND,Supplier 59
2026-04-01,SKU0288,Store C,1.66,1.3387,0.0,0.0,0.0,0.0,0.0,0.0,0.0,0.0,Product 0288,TK,TK(60)G,CANDYLAND,Supplier 59
2026-04-01,SKU0294,Store A,2.075,1.6734,0.0,0.0,0.0,0.0,0.0,0.0,0.0,0.0,Product 0294,TK,TK(50)G,CANDYLAND,Supplier 66
2026-04-01,SKU0294,Store C,2.075,1.6734,0.0,0.0,0.0,0.0,0.0,0.0,0.0,0.0,Product 0294,TK,TK(50)G,CANDYLAND,Supplier 66
2026-04-01,SKU0302,Store C,5.81,4.6855,0.0,0.0,0.0,0.0,0.0,0.0,0.0,0.0,Product 0302,TK,TK(149)G,CANDYLAND,Supplier 59
2026-04-01,SKU0310,Store B,1.245,1.0041,0.0,0.0,0.0,0.0,0.0,0.0,0.0,0.0,Product 0310,TK,TK(75)G,CANDYLAND,Supplier 59
2026-04-01,SKU0317,Warehouse,1.411,1.1379,0.0,0.0,0.0,0.0,0.0,0.0,0.0,0.0,Product 0317,TK,TK(150)G,CANDYLAND,Supplier 33
2026-04-01,SKU0320,Store C,1.411,1.1379,0.0,0.0,0.0,0.0,0.0,0.0,0.0,0.0,Product 0320,TK,TK(150)G,CANDYLAND,Supplier 33
2026-04-01,SKU0323,Store A,1.411,1.1379,5.0,5.0,5.0,0.0,0.0,0.0,0.7178,0.7178,Product 0323,TK,TK(150)G,CANDYLAND,Supplier 33
2026-04-01,SKU0323,Warehouse,1.411,1.1379,0.0,0.0,0.0,0.0,0.0,0.0,0.0,0.0,Product 0323,TK,TK(150)G,CANDYLAND,Supplier 33
2026-04-01,SKU0341,Store A,1.411,1.1379,0.0,0.0,0.0,0.0,0.0,0.0,0.0,0.0,Product 0341,TK,TK(114)G,CANDYLAND,Supplier 59
2026-04-01,SKU0346,Store B,1.162,0.9371,0.0,0.0,0.0,0.0,0.0,0.0,0.0,0.0,Product 0346,TK,TK(30)G,CANDYLAND,Supplier 59
2026-04-01,SKU0348,Store B,1.328,1.0709,0.0,0.0,0.0,0.0,0.0,0.0,0.0,0.0,Product 0348,TK,TK(140)G,CANDYLAND,Supplier 59
2026-04-01,SKU0349,Store C,1.328,1.0709,0.0,0.0,0.0,0.0,0.0,0.0,0.0,0.0,Product 0349,TK,TK(50)G,CANDYLAND,Supplier 59
2026-04-01,SKU0352,Store A,1.494,1.2048,0.0,0.0,0.0,0.0,0.0,0.0,0.0,0.0,Product 0352,TK,TK(85)G,CANDYLAND,Supplier 59
2026-04-01,SKU0358,Warehouse,2.49,2.0081,0.0,0.0,0.0,0.0,0.0,0.0,0.0,0.0,Product 0358,TK,TK(350)ML,CANDYLAND,Supplier 59
2026-04-01,SKU0364,Store A,1.245,1.0041,0.0,0.0,0.0,0.0,0.0,0.0,0.0,0.0,Product 0364,TK,TK(160)G,CANDYLAND,Supplier 59
2026-04-01,SKU0364,Store B,1.245,1.0041,0.0,0.0,0.0,0.0,0.0,0.0,0.0,0.0,Product 0364,TK,TK(160)G,CANDYLAND,Supplier 59
2026-04-01,SKU0384,Store A,4.565,3.6815,0.0,0.0,0.0,0.0,0.0,0.0,0.0,0.0,Product 0384,TK,TK(300)G,CANDYLAND,Supplier 59
2026-04-01,SKU0391,Warehouse,1.411,1.1379,0.0,0.0,0.0,0.0,0.0,0.0,0.0,0.0,Product 0391,TK,TK(140)G,CANDYLAND,Supplier 59
2026-04-01,SKU0421,Warehouse,1.245,1.0041,0.0,0.0,0.0,0.0,0.0,0.0,0.0,0.0,Product 0421,TK,TK(160)G,CANDYLAND,Supplier 59
2026-04-01,SKU0425,Warehouse,0.9545,0.7697,0.0,0.0,0.0,0.0,0.0,0.0,0.0,0.0,Product 0425,TK,TK(240)ML,CANDYLAND,Supplier 59
2026-04-01,SKU0430,Store A,1.494,1.2048,0.0,0.0,0.0,0.0,0.0,0.0,0.0,0.0,Product 0430,TK,TK(90)ML,CANDYLAND,Supplier 59
2026-04-01,SKU0435,Store A,0.249,0.2008,0.0,0.0,0.0,0.0,0.0,0.0,0.0,0.0,Product 0435,TK,TK(4)G,CANDYLAND,Supplier 02
2026-04-01,SKU0442,Store B,2.49,2.0081,0.0,0.0,0.0,0.0,0.0,0.0,0.0,0.0,Product 0442,TK,TK(75)G,CANDYLAND,Supplier 59
2026-04-01,SKU0446,Warehouse,2.241,1.8072,0.0,0.0,0.0,0.0,0.0,0.0,0.0,0.0,Product 0446,TK,TK(180)G,CANDYLAND,Supplier 59
2026-04-01,SKU0452,Store C,1.328,1.0709,0.0,0.0,0.0,0.0,0.0,0.0,0.0,0.0,Product 0452,TK,TK(100)G,CANDYLAND,Supplier 59
2026-04-01,SKU0453,Store C,1.328,1.0709,0.0,0.0,0.0,0.0,0.0,0.0,0.0,0.0,Product 0453,TK,TK(70)G,CANDYLAND,Supplier 59
2026-04-01,SKU0460,Store C,2.324,1.8742,0.0,0.0,0.0,0.0,0.0,0.0,0.0,0.0,Product 0460,TK,TK(144)G,CANDYLAND,Supplier 59
2026-04-01,SKU0462,Store B,0.415,0.3347,0.0,0.0,0.0,0.0,0.0,0.0,0.0,0.0,Product 0462,TK,TK(29)G,CANDYLAND,Supplier 59
2026-04-01,SKU0475,Store B,1.328,1.0709,0.0,0.0,0.0,0.0,0.0,0.0,0.0,0.0,Product 0475,TK,TK(63)G,CANDYLAND,Supplier 59
2026-04-01,SKU0479,Store C,2.49,2.0081,0.0,0.0,0.0,0.0,0.0,0.0,0.0,0.0,Product 0479,TK,TK(102)G,CANDYLAND,Supplier 59
2026-04-01,SKU0484,Store C,2.905,2.3428,0.0,0.0,0.0,0.0,0.0,0.0,0.0,0.0,Product 0484,TK,TK(115)G,CANDYLAND,Supplier 59
2026-04-01,SKU0493,Warehouse,1.162,0.9371,0.0,0.0,0.0,0.0,0.0,0.0,0.0,0.0,Product 0493,TK,TK(40)ML,CANDYLAND,Supplier 59
2026-04-01,SKU0495,Store C,1.494,1.2048,0.0,0.0,0.0,0.0,0.0,0.0,0.0,0.0,Product 0495,TK,TK(200)G,CANDYLAND,Supplier 59
2026-04-01,SKU0495,Warehouse,1.494,1.2048,0.0,0.0,0.0,0.0,0.0,0.0,0.0,0.0,Product 0495,TK,TK(200)G,CANDYLAND,Supplier 59
2026-04-01,SKU0498,Warehouse,1.162,0.9371,0.0,0.0,0.0,0.0,0.0,0.0,0.0,0.0,Product 0498,TK,TK(8)G,CANDYLAND,Supplier 59
2026-04-01,SKU0505,Warehouse,2.407,1.9411,0.0,0.0,0.0,0.0,0.0,0.0,0.0,0.0,Product 0505,TK,TK(102)G,CANDYLAND,Supplier 59
2026-04-01,SKU0514,Store A,0.996,0.8032,0.0,0.0,0.0,0.0,0.0,0.0,0.0,0.0,Product 0514,TK,TK(80)G,CANDYLAND,Supplier 59
2026-04-01,SKU0520,Store A,1.494,1.2048,0.0,0.0,0.0,0.0,0.0,0.0,0.0,0.0,Product 0520,TK,TK(160)G,CANDYLAND,Supplier 59
2026-04-01,SKU0523,Store C,2.158,1.7403,0.0,0.0,0.0,0.0,0.0,0.0,0.0,0.0,Product 0523,TK,TK(105)G,CANDYLAND,Supplier 59
2026-04-01,SKU0524,Store C,1.328,1.0709,0.0,0.0,0.0,0.0,0.0,0.0,0.0,0.0,Product 0524,TK,TK(56)G,CANDYLAND,Supplier 59
2026-04-01,SKU0538,Store A,1.328,1.0709,0.0,0.0,0.0,0.0,0.0,0.0,0.0,0.0,Product 0538,TK,TK(110)G,CANDYLAND,Supplier 59
2026-04-01,SKU0541,Store B,2.075,1.6734,0.0,0.0,0.0,0.0,0.0,0.0,0.0,0.0,Product 0541,TK,TK(150)G,CANDYLAND,Supplier 59
2026-04-01,SKU0541,Warehouse,2.075,1.6734,0.0,0.0,0.0,0.0,0.0,0.0,0.0,0.0,Product 0541,TK,TK(150)G,CANDYLAND,Supplier 59
2026-04-01,SKU0542,Store A,2.075,1.6734,0.0,0.0,0.0,0.0,0.0,0.0,0.0,0.0,Product 0542,TK,TK(150)G,CANDYLAND,Supplier 59
2026-04-01,SKU0551,Store A,2.241,1.8072,0.0,0.0,0.0,0.0,0.0,0.0,0.0,0.0,Product 0551,TK,TK(40)G,CANDYLAND,Supplier 59
2026-04-01,SKU0574,Warehouse,8.217,6.6266,0.0,0.0,0.0,0.0,0.0,0.0,0.0,0.0,Product 0574,TK,TK(250)G,CANDYLAND,Supplier 54
2026-04-01,SKU0581,Store B,11.537,9.3041,4.9,2.0,10.0,0.0,0.0,0.0,4.233,4.233,Product 0581,TK,TK(200)G,CANDYLAND,Supplier 14
2026-04-01,SKU0582,Store B,0.415,0.3347,27.833,22.0,36.0,-1.0,-0.415,-0.0913,0.0913,0.0913,Product 0582,TK,TK(12)G,CANDYLAND,Supplier 64
2026-04-01,SKU0585,Store C,1.66,1.3387,11.166,8.0,15.0,0.0,0.0,0.0,0.7886,0.7886,Product 0585,TK,TK(60)G,CANDYLAND,Supplier 17
2026-04-01,SKU0587,Store A,2.49,2.0081,0.0,0.0,0.0,0.0,0.0,0.0,0.0,0.0,Product 0587,TK,TK(120)G,CANDYLAND,Supplier 16
2026-04-01,SKU0592,Warehouse,2.49,2.0081,0.0,0.0,0.0,0.0,0.0,0.0,0.0,0.0,Product 0592,TK,TK(141)G,CANDYLAND,Multiple suppliers
2026-04-01,SKU0593,Store B,0.996,0.8032,0.0,0.0,0.0,0.0,0.0,0.0,0.0,0.0,Product 0593,TK,TK(40)G,CANDYLAND,Supplier 17
2026-04-01,SKU0601,Store C,1.162,0.9371,0.0,0.0,0.0,0.0,0.0,0.0,0.0,0.0,Product 0601,TK,TK(130)G,CANDYLAND,Supplier 17
2026-04-01,SKU0602,Store B,1.66,1.3387,0.0,0.0,0.0,0.0,0.0,0.0,0.0,0.0,Product 0602,TK,"TK(112,5)G",CANDYLAND,Supplier 17
2026-04-01,SKU0613,Warehouse,1.162,0.9371,0.0,0.0,0.0,0.0,0.0,0.0,0.0,0.0,Product 0613,TK,TK(150)G,CANDYLAND,Multiple suppliers
2026-04-01,SKU0615,Store A,1.162,0.9371,0.0,0.0,0.0,0.0,0.0,0.0,0.0,0.0,Product 0615,TK,TK(150)G,CANDYLAND,Supplier 17
2026-04-01,SKU0615,Store B,1.162,0.9371,0.0,0.0,0.0,0.0,0.0,0.0,0.0,0.0,Product 0615,TK,TK(150)G,CANDYLAND,Supplier 17
2026-04-01,SKU0624,Store A,2.324,1.8742,0.0,0.0,0.0,0.0,0.0,0.0,0.0,0.0,Product 0624,TK,TK(216)G,CANDYLAND,Supplier 17
2026-04-01,SKU0631,Store C,0.83,0.6694,25.833,13.0,37.0,15.0,12.45,4.2367,0.2824,0.2824,Product 0631,TK,TK(23)G,CANDYLAND,Supplier 16
2026-04-01,SKU0636,Store C,1.494,1.2048,0.0,0.0,0.0,0.0,0.0,0.0,0.0,0.0,Product 0636,TK,TK(10)G,CANDYLAND,Supplier 02
2026-04-01,SKU0646,Warehouse,2.49,2.0081,0.0,0.0,0.0,0.0,0.0,0.0,0.0,0.0,Product 0646,TK,TK(99)G,CANDYLAND,Supplier 16
2026-04-01,SKU0647,Warehouse,2.49,2.0081,0.0,0.0,0.0,0.0,0.0,0.0,0.0,0.0,Product 0647,TK,TK(99)G,CANDYLAND,Supplier 16
2026-04-01,SKU0655,Store A,1.66,1.3387,50.566,26.0,67.0,3.0,4.98,1.2973,0.4324,0.4324,Product 0655,TK,TK(20)G,CANDYLAND,Supplier 02
2026-04-01,SKU0658,Store B,0.83,0.6694,45.033,39.0,54.0,1.0,0.83,0.2716,0.2716,0.2716,Product 0658,TK,"TK(15,6)G",CANDYLAND,Supplier 16
2026-04-01,SKU0660,Warehouse,2.158,1.7403,49.2,36.0,72.0,0.0,0.0,0.0,0.7945,0.7945,Product 0660,TK,TK(42)G,CANDYLAND,Supplier 16
2026-04-01,SKU0661,Store C,1.245,1.0041,27.6,9.0,33.0,4.0,4.98,1.66,0.415,0.415,Product 0661,TK,TK(65)G,CANDYLAND,Supplier 16
2026-04-01,SKU0664,Store A,4.233,3.4137,42.1,35.0,50.0,0.0,0.0,0.0,1.9123,1.9123,Product 0664,TK,TK(100)G,CANDYLAND,Supplier 61
2026-04-01,SKU0664,Store C,4.233,3.4137,29.5,20.0,38.0,0.0,0.0,0.0,1.9123,1.9123,Product 0664,TK,TK(100)G,CANDYLAND,Supplier 61
2026-04-01,SKU0665,Store A,4.233,3.4137,0.0,0.0,0.0,0.0,0.0,0.0,0.0,0.0,Product 0665,TK,TK(100)G,CANDYLAND,Supplier 61
2026-04-01,SKU0665,Store B,4.233,3.4137,0.0,0.0,0.0,0.0,0.0,0.0,0.0,0.0,Product 0665,TK,TK(100)G,CANDYLAND,Supplier 61
2026-04-01,SKU0681,Warehouse,1.162,0.9371,546.0,492.0,648.0,48.0,55.776,18.3662,0.3826,0.3826,Product 0681,TK,TK(65)G,CANDYLAND,Supplier 02
2026-04-01,SKU0682,Store A,0.83,0.6694,43.4,40.0,45.0,18.0,14.94,5.6772,0.3154,0.3154,Product 0682,TK,"TK(5,5)G",CANDYLAND,Supplier 66
2026-04-01,SKU0688,Store A,1.494,1.2048,8.666,7.0,12.0,16.0,23.904,5.737,0.3586,0.3586,Product 0688,TK,TK(120)G,CANDYLAND,Multiple suppliers
2026-04-01,SKU0697,Store A,1.079,0.8702,0.0,0.0,0.0,0.0,0.0,0.0,0.0,0.0,Product 0697,TK,TK(15)G,CANDYLAND,Supplier 64
2026-04-01,SKU0705,Store B,3.735,3.0121,0.0,0.0,0.0,0.0,0.0,0.0,0.0,0.0,Product 0705,TK,TK(360)G,CANDYLAND,Supplier 32
2026-04-01,SKU0715,Store B,1.992,1.6065,5.6,0.0,12.0,20.0,39.84,14.774,0.7387,0.7387,Product 0715,TK,TK(10)G,CANDYLAND,Supplier 05
2026-04-01,SKU0716,Store A,7.885,6.3589,5.0,5.0,5.0,3.0,23.655,10.8315,3.6105,3.6105,Product 0716,TK,TK(250)G,CANDYLAND,Supplier 54
2026-04-01,SKU0717,Store A,9.9185,7.9988,0.0,0.0,0.0,0.0,0.0,0.0,0.0,0.0,Product 0717,TK,TK(200)G,CANDYLAND,Supplier 27
2026-04-01,SKU0724,Store A,2.407,1.9411,7.866,7.0,9.0,11.0,26.477,9.5408,0.8674,0.8674,Product 0724,TK,TK(150)G,CANDYLAND,Supplier 49
2026-04-01,SKU0724,Store C,2.407,1.9411,7.566,5.0,17.0,9.0,21.663,7.8061,0.8674,0.8674,Product 0724,TK,TK(150)G,CANDYLAND,Supplier 49
2026-04-01,SKU0725,Store A,2.407,1.9411,10.1,6.0,17.0,3.0,7.221,2.602,0.8674,0.8674,Product 0725,TK,TK(150)G,CANDYLAND,Supplier 49
2026-04-01,SKU0735,Store A,2.324,1.8742,0.0,0.0,0.0,0.0,0.0,0.0,0.0,0.0,Product 0735,TK,TK(150)G,CANDYLAND,Supplier 31
2026-04-01,SKU0736,Store B,2.324,1.8742,0.0,0.0,0.0,0.0,0.0,0.0,0.0,0.0,Product 0736,TK,TK(150)G,CANDYLAND,Supplier 31
2026-04-01,SKU0740,Store C,4.15,3.3468,0.0,0.0,0.0,0.0,0.0,0.0,0.0,0.0,Product 0740,TK,TK(250)G,CANDYLAND,Supplier 38
2026-04-01,SKU0754,Store B,0.415,0.3347,0.0,0.0,0.0,0.0,0.0,0.0,0.0,0.0,Product 0754,TK,TK(40)G,CANDYLAND,Supplier 69
2026-04-01,SKU0757,Warehouse,20.667,16.6669,0.0,0.0,0.0,0.0,0.0,0.0,0.0,0.0,Product 0757,TK,TK(750)G,CANDYLAND,Supplier 34
2026-04-01,SKU0766,Warehouse,3.32,2.6774,0.0,0.0,0.0,0.0,0.0,0.0,0.0,0.0,Product 0766,TK,TK(150)G,CANDYLAND,Supplier 32
2026-04-01,SKU0775,Store C,1.245,1.0041,0.0,0.0,0.0,0.0,0.0,0.0,0.0,0.0,Product 0775,TK,TK(150)G,CANDYLAND,Supplier 32
2026-04-01,SKU0786,Store B,0.7055,0.569,0.0,0.0,0.0,0.0,0.0,0.0,0.0,0.0,Product 0786,TK,TK(100)G,CANDYLAND,Supplier 11
2026-04-01,SKU0791,Store B,1.2035,0.9706,0.0,0.0,0.0,1.0,1.2035,0.747,0.0,0.0,Product 0791,TK,TK(330)ML,CANDYLAND,Supplier 10
2026-04-01,SKU0793,Store A,1.2035,0.9706,0.0,0.0,0.0,4.0,4.814,2.988,0.0,0.0,Product 0793,TK,TK(330)ML,CANDYLAND,Supplier 10
2026-04-01,SKU0797,Store A,1.328,1.0709,0.0,0.0,0.0,0.0,0.0,0.0,0.0,0.0,Product 0797,TK,TK(250)G,CANDYLAND,Supplier 32
2026-04-01,SKU0808,Store C,0.996,0.8032,0.0,0.0,0.0,0.0,0.0,0.0,0.0,0.0,Product 0808,TK,TK(40)G,CANDYLAND,Supplier 64
2026-04-01,SKU0809,Store C,0.083,0.0669,0.0,0.0,0.0,0.0,0.0,0.0,0.0,0.0,Product 0809,TK,"TK(10,5)G",CANDYLAND,Supplier 64
2026-04-01,SKU0810,Store B,0.249,0.2008,0.0,0.0,0.0,0.0,0.0,0.0,0.0,0.0,Product 0810,TK,TK(12)G,CANDYLAND,Multiple suppliers
2026-04-01,SKU0810,Warehouse,0.249,0.2008,0.0,0.0,0.0,0.0,0.0,0.0,0.0,0.0,Product 0810,TK,TK(12)G,CANDYLAND,Multiple suppliers
2026-04-01,SKU0811,Store C,0.83,0.6694,0.0,0.0,0.0,0.0,0.0,0.0,0.0,0.0,Product 0811,TK,TK(40)G,CANDYLAND,Multiple suppliers
2026-04-01,SKU0812,Warehouse,0.415,0.3347,0.0,0.0,0.0,0.0,0.0,0.0,0.0,0.0,Product 0812,TK,Tükk,CANDYLAND,Multiple suppliers
2026-04-01,SKU0816,Store B,0.415,0.3347,0.0,0.0,0.0,0.0,0.0,0.0,0.0,0.0,Product 0816,TK,TK(20)G,CANDYLAND,Supplier 69
2026-04-01,SKU0821,Warehouse,0.166,0.1339,11.666,0.0,25.0,0.0,0.0,0.0,0.0636,0.0636,Product 0821,TK,TK(10)G,CANDYLAND,Supplier 69
2026-04-01,SKU0823,Store B,3.735,3.0121,0.0,0.0,0.0,12.0,44.82,21.8124,0.0,0.0,Product 0823,TK,TK(100)G,CANDYLAND,Supplier 44
2026-04-01,SKU0823,Warehouse,3.735,3.0121,0.0,0.0,0.0,0.0,0.0,0.0,0.0,0.0,Product 0823,TK,TK(100)G,CANDYLAND,Supplier 44
2026-04-01,SKU0838,Warehouse,0.249,0.2008,0.0,0.0,0.0,0.0,0.0,0.0,0.0,0.0,Product 0838,TK,TK(11)G,CANDYLAND,Supplier 02
2026-04-01,SKU0846,Warehouse,1.411,1.1379,0.0,0.0,0.0,0.0,0.0,0.0,0.0,0.0,Product 0846,TK,TK(320)ML,CANDYLAND,Supplier 03
2026-04-01,SKU0856,Store A,8.217,6.6266,0.0,0.0,0.0,0.0,0.0,0.0,0.0,0.0,Product 0856,TK,TK(200)G,CANDYLAND,Supplier 58
2026-04-01,SKU0861,Store A,0.498,0.4016,80.9,24.0,108.0,0.0,0.0,0.0,0.2846,0.2846,Product 0861,TK,TK(13)G,CANDYLAND,Supplier 69
2026-04-01,SKU0872,Store B,6.225,5.0202,0.0,0.0,0.0,4.214,26.2322,14.2703,0.0,0.0,Product 0872,KG,KG(1000)G,CANDYLAND,Supplier 19
2026-04-01,SKU0875,Store B,0.415,0.3347,0.0,0.0,0.0,14.0,5.81,2.7888,0.0,0.0,Product 0875,TK,TK(15)G,CANDYLAND,Supplier 19
2026-04-01,SKU0875,Warehouse,0.415,0.3347,0.0,0.0,0.0,0.0,0.0,0.0,0.0,0.0,Product 0875,TK,TK(15)G,CANDYLAND,Supplier 19
2026-04-01,SKU0879,Store C,0.1245,0.1004,758.9,0.0,801.0,734.0,91.383,22.8458,0.0311,0.0311,Product 0879,TK,"TK(12,5)G",CANDYLAND,Supplier 69
2026-04-01,SKU0886,Store B,1.162,0.9371,0.0,0.0,0.0,35.0,40.67,8.4245,0.0,0.0,Product 0886,TK,TK(42)G,CANDYLAND,Supplier 02
2026-04-01,SKU0886,Warehouse,1.162,0.9371,0.0,0.0,0.0,468.0,543.816,112.6476,0.0,0.0,Product 0886,TK,TK(42)G,CANDYLAND,Supplier 02
2026-04-01,SKU0892,Warehouse,1.328,1.0709,0.0,0.0,0.0,0.0,0.0,0.0,0.0,0.0,Product 0892,TK,TK(160)G,CANDYLAND,Supplier 02
2026-04-01,SKU0897,Store A,7.387,5.9572,0.0,0.0,0.0,4.0,29.548,16.5668,0.0,0.0,Product 0897,TK,TK(110)G,CANDYLAND,Supplier 01
2026-04-01,SKU0901,Store C,0.664,0.5355,18.333,14.0,20.0,0.0,0.0,0.0,0.2548,0.2548,Product 0901,TK,TK(45)G,CANDYLAND,Supplier 02
2026-04-01,SKU0910,Store B,4.067,3.2798,0.0,0.0,0.0,0.0,0.0,0.0,0.0,0.0,Product 0910,TK,TK(350)G,CANDYLAND,Supplier 08
2026-04-01,SKU0917,Warehouse,0.996,0.8032,0.0,0.0,0.0,0.0,0.0,0.0,0.0,0.0,Product 0917,TK,TK(40)ML,CANDYLAND,Supplier 64
2026-04-01,SKU0919,Store C,1.245,1.0041,0.0,0.0,0.0,0.0,0.0,0.0,0.0,0.0,Product 0919,TK,TK(105)ML,CANDYLAND,Supplier 64
2026-04-01,SKU0923,Warehouse,1.162,0.9371,0.0,0.0,0.0,0.0,0.0,0.0,0.0,0.0,Product 0923,TK,TK(60)G,CANDYLAND,Supplier 02
2026-04-01,SKU0938,Store B,18.2185,14.6923,0.266,0.0,1.0,0.0,0.0,0.0,6.9395,6.9395,Product 0938,TK,TK(110)G,CANDYLAND,Supplier 62
2026-04-01,SKU0941,Store B,14.027,11.3121,8.066,8.0,9.0,10.0,140.27,64.0677,6.4073,6.4073,Product 0941,TK,TK(205)G,CANDYLAND,Supplier 29
2026-04-01,SKU0942,Store C,2.075,1.6734,0.0,0.0,0.0,0.0,0.0,0.0,0.0,0.0,Product 0942,TK,TK(144)G,CANDYLAND,Supplier 59
2026-04-01,SKU0947,Store C,2.075,1.6734,0.0,0.0,0.0,0.0,0.0,0.0,0.0,0.0,Product 0947,TK,TK(60)G,CANDYLAND,Supplier 59
2026-04-01,SKU0952,Store A,2.407,1.9411,11.0,11.0,11.0,8.0,19.256,7.138,0.8922,0.8922,Product 0952,TK,TK(150)G,CANDYLAND,Supplier 49
2026-04-01,SKU0953,Store C,2.407,1.9411,9.6,9.0,12.0,9.0,21.663,7.8061,0.8674,0.8674,Product 0953,TK,TK(150)G,CANDYLAND,Supplier 49
2026-04-01,SKU0971,Store B,2.905,2.3428,0.0,0.0,0.0,0.0,0.0,0.0,0.0,0.0,Product 0971,TK,TK(182)G,CANDYLAND,Supplier 71
2026-04-01,SKU0993,Store B,1.162,0.9371,0.0,0.0,0.0,0.0,0.0,0.0,0.0,0.0,Product 0993,TK,TK(150)G,CANDYLAND,Supplier 06
2026-04-01,SKU0998,Warehouse,1.162,0.9371,0.0,0.0,0.0,0.0,0.0,0.0,0.0,0.0,Product 0998,TK,TK(100)G,CANDYLAND,Supplier 42
2026-04-01,SKU0999,Store A,1.162,0.9371,0.0,0.0,0.0,0.0,0.0,0.0,0.0,0.0,Product 0999,TK,TK(100)G,CANDYLAND,Supplier 42
2026-04-01,SKU0999,Store B,1.162,0.9371,0.0,0.0,0.0,0.0,0.0,0.0,0.0,0.0,Product 0999,TK,TK(100)G,CANDYLAND,Supplier 42
2026-04-01,SKU1002,Store B,1.245,1.0041,0.0,0.0,0.0,0.0,0.0,0.0,0.0,0.0,Product 1002,TK,TK(48)G,CANDYLAND,Supplier 19
2026-04-01,SKU1006,Store B,0.996,0.8032,0.0,0.0,0.0,0.0,0.0,0.0,0.0,0.0,Product 1006,TK,TK(450)ML,CANDYLAND,Supplier 03
2026-04-01,SKU1009,Store B,1.328,1.0709,0.0,0.0,0.0,31.0,41.168,14.4088,0.0,0.0,Product 1009,TK,TK(500)ML,CANDYLAND,Supplier 03
2026-04-01,SKU1020,Store C,0.747,0.6024,0.0,0.0,0.0,0.0,0.0,0.0,0.0,0.0,Product 1020,TK,TK(330)ML,CANDYLAND,Supplier 03
2026-04-01,SKU1022,Store C,1.66,1.3387,12.366,5.0,19.0,10.0,16.6,5.6648,0.5666,0.5666,Product 1022,TK,TK(96)G,CANDYLAND,Supplier 42
2026-04-01,SKU1033,Store A,1.162,0.9371,0.0,0.0,0.0,0.0,0.0,0.0,0.0,0.0,Product 1033,TK,TK(60)ML,CANDYLAND,Multiple suppliers
2026-04-01,SKU1041,Store A,2.656,2.1419,0.0,0.0,0.0,0.0,0.0,0.0,0.0,0.0,Product 1041,TK,TK(750)ML,CANDYLAND,Supplier 03
2026-04-01,SKU1047,Warehouse,3.237,2.6105,0.0,0.0,0.0,0.0,0.0,0.0,0.0,0.0,Product 1047,TK,TK(98)G,CANDYLAND,Supplier 23
2026-04-01,SKU1060,Warehouse,0.415,0.3347,0.0,0.0,0.0,0.0,0.0,0.0,0.0,0.0,Product 1060,TK,TK(200)ML,CANDYLAND,Supplier 77
2026-04-01,SKU1063,Store B,0.249,0.2008,0.0,0.0,0.0,0.0,0.0,0.0,0.0,0.0,Product 1063,TK,TK(5)G,CANDYLAND,Supplier 64
2026-04-01,SKU1066,Warehouse,1.245,1.0041,0.0,0.0,0.0,0.0,0.0,0.0,0.0,0.0,Product 1066,TK,TK(75)G,CANDYLAND,Supplier 02
2026-04-01,SKU1071,Store B,1.328,1.0709,0.0,0.0,0.0,20.0,26.56,8.1207,0.0,0.0,Product 1071,TK,TK(60)G,CANDYLAND,Supplier 02
2026-04-01,SKU1074,Store B,1.66,1.3387,2.133,0.0,4.0,0.0,0.0,0.0,0.797,0.797,Product 1074,TK,"TK(131,1)G",CANDYLAND,Supplier 09
2026-04-01,SKU1075,Store A,1.66,1.3387,0.0,0.0,0.0,30.0,49.8,26.5683,0.0,0.0,Product 1075,TK,TK(100)G,CANDYLAND,Multiple suppliers
2026-04-01,SKU1077,Warehouse,1.66,1.3387,256.0,216.0,408.0,0.0,0.0,0.0,0.4755,0.4755,Product 1077,TK,TK(135)G,CANDYLAND,Supplier 02
2026-04-01,SKU1079,Store A,1.577,1.2718,35.866,25.0,49.0,19.0,29.963,7.1753,0.3776,0.3776,Product 1079,TK,TK(40)G,CANDYLAND,Supplier 02
2026-04-01,SKU1084,Warehouse,1.245,1.0041,266.4,240.0,336.0,0.0,0.0,0.0,0.3196,0.3196,Product 1084,TK,TK(25)G,CANDYLAND,Supplier 02
2026-04-01,SKU1086,Store B,6.225,5.0202,0.0,0.0,0.0,0.0,0.0,0.0,0.0,0.0,Product 1086,TK,TK(135)G,CANDYLAND,Supplier 54
2026-04-01,SKU1088,Warehouse,0.83,0.6694,72.0,72.0,72.0,21.0,17.43,7.6692,0.3652,0.3652,Product 1088,TK,TK(10)G,CANDYLAND,Supplier 51
2026-04-01,SKU1100,Store A,2.324,1.8742,0.0,0.0,0.0,0.0,0.0,0.0,0.0,0.0,Product 1100,TK,TK(200)G,CANDYLAND,Supplier 26
2026-04-01,SKU1103,Warehouse,0.1245,0.1004,0.0,0.0,0.0,0.0,0.0,0.0,0.0,0.0,Product 1103,TK,TK(9)G,CANDYLAND,Supplier 59
2026-04-01,SKU1108,Store C,16.517,13.3202,0.0,0.0,0.0,0.0,0.0,0.0,0.0,0.0,Product 1108,TK,TK(380)G,CANDYLAND,Supplier 29
2026-04-01,SKU1120,Store A,3.237,2.6105,0.0,0.0,0.0,0.0,0.0,0.0,0.0,0.0,Product 1120,TK,TK(125)G,CANDYLAND,Supplier 26
2026-04-01,SKU1125,Warehouse,3.32,2.6774,0.0,0.0,0.0,0.0,0.0,0.0,0.0,0.0,Product 1125,TK,TK(125)G,CANDYLAND,Supplier 26
2026-04-01,SKU1131,Store C,6.0175,4.8528,0.0,0.0,0.0,0.0,0.0,0.0,0.0,0.0,Product 1131,TK,TK(250)G,CANDYLAND,Supplier 26
2026-04-01,SKU1139,Store B,6.225,5.0202,0.0,0.0,0.0,0.0,0.0,0.0,0.0,0.0,Product 1139,TK,TK(250)G,CANDYLAND,Supplier 26
2026-04-01,SKU1147,Warehouse,2.656,2.1419,0.0,0.0,0.0,0.0,0.0,0.0,0.0,0.0,Product 1147,TK,TK(150)G,CANDYLAND,Supplier 26
2026-04-01,SKU1150,Warehouse,2.075,1.6734,0.0,0.0,0.0,0.0,0.0,0.0,0.0,0.0,Product 1150,TK,TK(180)G,CANDYLAND,Supplier 26
2026-04-01,SKU1167,Warehouse,3.237,2.6105,0.0,0.0,0.0,0.0,0.0,0.0,0.0,0.0,Product 1167,TK,TK(125)G,CANDYLAND,Supplier 26
2026-04-01,SKU1178,Store C,3.237,2.6105,0.0,0.0,0.0,0.0,0.0,0.0,0.0,0.0,Product 1178,TK,TK(150)G,CANDYLAND,Supplier 34
2026-04-01,SKU1179,Store B,2.656,2.1419,0.0,0.0,0.0,0.0,0.0,0.0,0.0,0.0,Product 1179,TK,TK(175)G,CANDYLAND,Supplier 34
2026-04-01,SKU1201,Store C,0.747,0.6024,0.0,0.0,0.0,0.0,0.0,0.0,0.0,0.0,Product 1201,TK,TK(75)G,CANDYLAND,Supplier 41
2026-04-01,SKU1209,Store B,0.498,0.4016,0.0,0.0,0.0,0.0,0.0,0.0,0.0,0.0,Product 1209,TK,TK(330)ML,CANDYLAND,Supplier 24
2026-04-01,SKU1213,Warehouse,0.1245,0.1004,0.0,0.0,0.0,0.0,0.0,0.0,0.0,0.0,Product 1213,TK,TK(4)G,CANDYLAND,Supplier 36
2026-04-01,SKU1223,Store A,1.992,1.6065,2.966,2.0,5.0,0.0,0.0,0.0,0.7887,0.7887,Product 1223,TK,TK(120)G,CANDYLAND,Supplier 17
2026-04-01,SKU1248,Store B,1.494,1.2048,0.0,0.0,0.0,0.0,0.0,0.0,0.0,0.0,Product 1248,TK,TK(100)G,CANDYLAND,Supplier 24
2026-04-01,SKU1250,Warehouse,2.241,1.8072,0.0,0.0,0.0,0.0,0.0,0.0,0.0,0.0,Product 1250,TK,TK(180)G,CANDYLAND,Supplier 24
2026-04-01,SKU1251,Warehouse,2.075,1.6734,0.0,0.0,0.0,0.0,0.0,0.0,0.0,0.0,Product 1251,TK,TK(150)G,CANDYLAND,Supplier 24
2026-04-01,SKU1256,Store C,1.494,1.2048,0.0,0.0,0.0,9.0,13.446,4.2952,0.0,0.0,Product 1256,TK,TK(120)G,CANDYLAND,Supplier 02
2026-04-01,SKU1259,Store A,3.071,2.4766,1.166,0.0,4.0,1.0,3.071,1.3529,1.3536,1.3536,Product 1259,TK,TK(400)G,CANDYLAND,Supplier 24
2026-04-01,SKU1264,Store C,1.162,0.9371,0.0,0.0,0.0,0.0,0.0,0.0,0.0,0.0,Product 1264,TK,TK(100)G,CANDYLAND,Supplier 24
2026-04-01,SKU1267,Store A,1.66,1.3387,0.0,0.0,0.0,0.0,0.0,0.0,0.0,0.0,Product 1267,TK,TK(100)G,CANDYLAND,Supplier 24
2026-04-01,SKU1267,Warehouse,1.66,1.3387,0.0,0.0,0.0,0.0,0.0,0.0,0.0,0.0,Product 1267,TK,TK(100)G,CANDYLAND,Supplier 24
2026-04-01,SKU1273,Store B,1.245,1.0041,0.0,0.0,0.0,0.0,0.0,0.0,0.0,0.0,Product 1273,TK,TK(75)G,CANDYLAND,Supplier 24
2026-04-01,SKU1274,Store B,1.66,1.3387,12.966,10.0,16.0,0.0,0.0,0.0,0.8218,0.8218,Product 1274,TK,TK(75)G,CANDYLAND,Supplier 24
2026-04-01,SKU1277,Store C,1.66,1.3387,1.233,0.0,2.0,0.0,0.0,0.0,0.8468,0.8468,Product 1277,TK,TK(200)G,CANDYLAND,Supplier 24
2026-04-01,SKU1279,Store C,1.66,1.3387,0.0,0.0,0.0,4.0,6.64,3.3864,0.0,0.0,Product 1279,TK,TK(200)G,CANDYLAND,Supplier 24
2026-04-01,SKU1283,Store B,0.664,0.5355,25.733,24.0,28.0,9.0,5.976,2.6892,0.2988,0.2988,Product 1283,TK,"TK(21,5)G",CANDYLAND,Supplier 24
2026-04-01,SKU1293,Store C,1.494,1.2048,0.0,0.0,0.0,0.0,0.0,0.0,0.0,0.0,Product 1293,TK,TK(100)G,CANDYLAND,Supplier 24
2026-04-01,SKU1293,Warehouse,1.494,1.2048,0.0,0.0,0.0,0.0,0.0,0.0,0.0,0.0,Product 1293,TK,TK(100)G,CANDYLAND,Supplier 24
2026-04-01,SKU1298,Store C,3.154,2.5435,0.0,0.0,0.0,27.0,85.158,25.7715,0.0,0.0,Product 1298,TK,TK(150)G,CANDYLAND,Supplier 06
2026-04-01,SKU1309,Store A,1.494,1.2048,0.0,0.0,0.0,0.0,0.0,0.0,0.0,0.0,Product 1309,TK,TK(180)G,CANDYLAND,Supplier 24
2026-04-01,SKU1310,Store C,5.146,4.15,0.0,0.0,0.0,0.0,0.0,0.0,0.0,0.0,Product 1310,TK,TK(200)G,CANDYLAND,Supplier 24
2026-04-01,SKU1314,Warehouse,1.66,1.3387,0.0,0.0,0.0,0.0,0.0,0.0,0.0,0.0,Product 1314,TK,TK(200)G,CANDYLAND,Supplier 24
2026-04-01,SKU1326,Store A,1.411,1.1379,0.666,0.0,20.0,0.0,0.0,0.0,0.6232,0.6232,Product 1326,TK,TK(150)ML,CANDYLAND,Supplier 03
2026-04-01,SKU1328,Store A,1.411,1.1379,0.666,0.0,20.0,0.0,0.0,0.0,0.6232,0.6232,Product 1328,TK,TK(150)ML,CANDYLAND,Supplier 03
2026-04-01,SKU1335,Store A,0.996,0.8032,0.0,0.0,0.0,0.0,0.0,0.0,0.0,0.0,Product 1335,TK,TK(500)ML,CANDYLAND,Supplier 03
2026-04-01,SKU1336,Store C,0.747,0.6024,0.0,0.0,0.0,0.0,0.0,0.0,0.0,0.0,Product 1336,TK,TK(240)ML,CANDYLAND,Supplier 03
2026-04-01,SKU1337,Store A,0.747,0.6024,0.0,0.0,0.0,0.0,0.0,0.0,0.0,0.0,Product 1337,TK,TK(240)ML,CANDYLAND,Supplier 03
2026-04-01,SKU1340,Warehouse,0.996,0.8032,0.0,0.0,0.0,0.0,0.0,0.0,0.0,0.0,Product 1340,TK,TK(500)ML,CANDYLAND,Supplier 03
2026-04-01,SKU1344,Store A,1.494,1.2048,0.0,0.0,0.0,0.0,0.0,0.0,0.0,0.0,Product 1344,TK,TK(125)G,CANDYLAND,Supplier 24
2026-04-01,SKU1352,Store A,2.905,2.3428,0.0,0.0,0.0,0.0,0.0,0.0,0.0,0.0,Product 1352,TK,TK(400)G,CANDYLAND,Supplier 24
2026-04-01,SKU1353,Warehouse,1.245,1.0041,0.0,0.0,0.0,0.0,0.0,0.0,0.0,0.0,Product 1353,TK,TK(90)G,CANDYLAND,Supplier 24
2026-04-01,SKU1362,Warehouse,2.075,1.6734,0.0,0.0,0.0,0.0,0.0,0.0,0.0,0.0,Product 1362,TK,TK(148)G,CANDYLAND,Supplier 24
2026-04-01,SKU1363,Store C,2.241,1.8072,0.0,0.0,0.0,0.0,0.0,0.0,0.0,0.0,Product 1363,TK,TK(180)G,CANDYLAND,Supplier 24
2026-04-01,SKU1367,Warehouse,1.245,1.0041,0.0,0.0,0.0,0.0,0.0,0.0,0.0,0.0,Product 1367,TK,TK(240)ML,CANDYLAND,Supplier 52
2026-04-01,SKU1370,Store C,0.83,0.6694,23.066,17.0,28.0,3.0,2.49,1.2201,0.4067,0.4067,Product 1370,TK,TK(39)G,CANDYLAND,Supplier 24
2026-04-01,SKU1373,Warehouse,1.328,1.0709,0.0,0.0,0.0,0.0,0.0,0.0,0.0,0.0,Product 1373,TK,TK(20)G,CANDYLAND,Supplier 17
2026-04-01,SKU1379,Warehouse,5.81,4.6855,1.933,0.0,2.0,0.0,0.0,0.0,2.8972,2.8972,Product 1379,TK,TK(119)G,CANDYLAND,Supplier 28
2026-04-01,SKU1382,Store C,1.909,1.5395,0.0,0.0,0.0,0.0,0.0,0.0,0.0,0.0,Product 1382,TK,TK(17)G,CANDYLAND,Supplier 17
2026-04-01,SKU1383,Store B,3.154,2.5435,0.0,0.0,0.0,0.0,0.0,0.0,0.0,0.0,Product 1383,TK,TK(170)G,CANDYLAND,Multiple suppliers
2026-04-01,SKU1384,Store B,0.996,0.8032,48.833,41.0,57.0,13.0,12.948,6.3661,0.4897,0.4897,Product 1384,TK,TK(50)G,CANDYLAND,Multiple suppliers
2026-04-01,SKU1388,Store B,1.66,1.3387,5.833,2.0,7.0,7.0,11.62,5.9262,0.8467,0.8467,Product 1388,TK,TK(200)G,CANDYLAND,Supplier 24
2026-04-01,SKU1388,Warehouse,1.66,1.3387,0.0,0.0,0.0,0.0,0.0,0.0,0.0,0.0,Product 1388,TK,TK(200)G,CANDYLAND,Supplier 24
2026-04-01,SKU1394,Store C,2.075,1.6734,1.2,0.0,3.0,5.0,10.375,3.569,0.7138,0.7138,Product 1394,TK,TK(40)G,CANDYLAND,Supplier 24
2026-04-01,SKU1397,Store A,1.66,1.3387,3.133,2.0,4.0,9.0,14.94,7.6194,0.8467,0.8467,Product 1397,TK,TK(175)G,CANDYLAND,Supplier 24
2026-04-01,SKU1398,Store A,0.249,0.2008,317.833,262.0,348.0,173.0,43.077,12.8513,0.0743,0.0743,Product 1398,TK,TK(11)G,CANDYLAND,Multiple suppliers
2026-04-01,SKU1401,Store B,2.656,2.1419,3.7,0.0,9.0,6.0,15.936,7.47,1.245,1.245,Product 1401,TK,TK(300)G,CANDYLAND,Supplier 24
2026-04-01,SKU1401,Store C,2.656,2.1419,2.766,0.0,6.0,4.0,10.624,4.98,1.2453,1.2453,Product 1401,TK,TK(300)G,CANDYLAND,Supplier 24
2026-04-01,SKU1403,Store B,1.577,1.2718,0.0,0.0,0.0,0.0,0.0,0.0,0.0,0.0,Product 1403,TK,TK(85)G,CANDYLAND,Supplier 24
2026-04-01,SKU1407,Store B,3.32,2.6774,0.0,0.0,0.0,0.0,0.0,0.0,0.0,0.0,Product 1407,TK,TK(200)G,CANDYLAND,Supplier 24
2026-04-01,SKU1410,Store A,1.66,1.3387,0.4,0.0,1.0,5.0,8.3,3.6935,0.7387,0.7387,Product 1410,TK,TK(250)G,CANDYLAND,Supplier 24
2026-04-01,SKU1416,Store A,1.079,0.8702,55.033,23.0,85.0,3.0,3.237,1.433,0.4777,0.4777,Product 1416,TK,TK(66)G,CANDYLAND,Multiple suppliers
2026-04-01,SKU1438,Store B,1.6185,1.3053,0.0,0.0,0.0,0.0,0.0,0.0,0.0,0.0,Product 1438,TK,TK(120)G,CANDYLAND,Supplier 17
2026-04-01,SKU1440,Store C,3.486,2.8113,0.0,0.0,0.0,0.0,0.0,0.0,0.0,0.0,Product 1440,TK,TK(140)G,CANDYLAND,Supplier 24
2026-04-01,SKU1442,Store B,2.407,1.9411,0.0,0.0,0.0,0.0,0.0,0.0,0.0,0.0,Product 1442,TK,TK(200)G,CANDYLAND,Supplier 24
2026-04-01,SKU1446,Store C,0.913,0.7363,30.133,28.0,33.0,13.0,11.869,5.8266,0.4482,0.4482,Product 1446,TK,TK(20)G,CANDYLAND,Supplier 24
2026-04-01,SKU1452,Store B,2.158,1.7403,0.0,0.0,0.0,0.0,0.0,0.0,0.0,0.0,Product 1452,TK,TK(85)G,CANDYLAND,Supplier 24
2026-04-01,SKU1454,Store A,0.913,0.7363,0.0,0.0,0.0,0.0,0.0,0.0,0.0,0.0,Product 1454,TK,"TK(41,4)G",CANDYLAND,Supplier 24
2026-04-01,SKU1459,Warehouse,2.1995,1.7738,0.0,0.0,0.0,0.0,0.0,0.0,0.0,0.0,Product 1459,TK,TK(125)G,CANDYLAND,Supplier 24
2026-04-01,SKU1463,Store C,0.996,0.8032,17.066,14.0,19.0,12.0,11.952,5.0796,0.4233,0.4233,Product 1463,TK,TK(80)G,CANDYLAND,Supplier 24
2026-04-01,SKU1463,Warehouse,0.996,0.8032,0.0,0.0,0.0,0.0,0.0,0.0,0.0,0.0,Product 1463,TK,TK(80)G,CANDYLAND,Supplier 24
2026-04-01,SKU1472,Store C,1.245,1.0041,3.666,1.0,6.0,0.0,0.0,0.0,0.4898,0.4898,Product 1472,TK,TK(175)G,CANDYLAND,Supplier 24
2026-04-01,SKU1476,Store B,1.245,1.0041,6.8,6.0,7.0,12.0,14.94,6.3744,0.5312,0.5312,Product 1476,TK,TK(150)G,CANDYLAND,Supplier 24
2026-04-01,SKU1479,Store C,1.245,1.0041,0.0,0.0,0.0,6.0,7.47,3.1872,0.0,0.0,Product 1479,TK,TK(160)G,CANDYLAND,Supplier 24
2026-04-01,SKU1480,Store A,1.245,1.0041,0.0,0.0,0.0,0.0,0.0,0.0,0.0,0.0,Product 1480,TK,TK(170)G,CANDYLAND,Supplier 24
2026-04-01,SKU1482,Store C,1.245,1.0041,10.2,3.0,15.0,9.0,11.205,4.7808,0.5312,0.5312,Product 1482,TK,TK(170)G,CANDYLAND,Supplier 24
2026-04-01,SKU1499,Warehouse,1.245,1.0041,0.0,0.0,0.0,0.0,0.0,0.0,0.0,0.0,Product 1499,TK,TK(40)G,CANDYLAND,Supplier 59
2026-04-01,SKU1501,Store C,1.245,1.0041,33.466,16.0,40.0,29.0,36.105,14.2013,0.4897,0.4897,Product 1501,TK,TK(40)G,CANDYLAND,Multiple suppliers
2026-04-01,SKU1507,Warehouse,1.079,0.8702,0.2,0.0,6.0,0.0,0.0,0.0,0.4814,0.4814,Product 1507,TK,TK(100)G,CANDYLAND,Supplier 24
2026-04-01,SKU1513,Store A,0.83,0.6694,22.3,19.0,29.0,10.0,8.3,3.818,0.3818,0.3818,Product 1513,TK,TK(200)ML,CANDYLAND,Supplier 24
2026-04-01,SKU1521,Store B,1.66,1.3387,0.933,0.0,4.0,9.0,14.94,6.6483,0.7389,0.7389,Product 1521,TK,TK(250)G,CANDYLAND,Supplier 24
2026-04-01,SKU1525,Store A,1.245,1.0041,0.0,0.0,0.0,0.0,0.0,0.0,0.0,0.0,Product 1525,TK,TK(48)G,CANDYLAND,Supplier 24
2026-04-01,SKU1529,Warehouse,1.66,1.3387,0.0,0.0,0.0,0.0,0.0,0.0,0.0,0.0,Product 1529,TK,TK(17)G,CANDYLAND,Supplier 24
2026-04-01,SKU1534,Store B,1.577,1.2718,0.0,0.0,0.0,0.0,0.0,0.0,0.0,0.0,Product 1534,TK,TK(84)G,CANDYLAND,Supplier 24
2026-04-01,SKU1539,Store C,2.075,1.6734,0.0,0.0,0.0,0.0,0.0,0.0,0.0,0.0,Product 1539,TK,TK(2)L,CANDYLAND,Supplier 24
2026-04-01,SKU1542,Store C,1.66,1.3387,0.0,0.0,0.0,0.0,0.0,0.0,0.0,0.0,Product 1542,TK,TK(100)G,CANDYLAND,Supplier 24
2026-04-01,SKU1546,Store B,0.83,0.6694,0.1,0.0,1.0,13.0,10.79,4.9634,0.3818,0.3818,Product 1546,TK,TK(200)ML,CANDYLAND,Supplier 24
2026-04-01,SKU1553,Store B,1.245,1.0041,0.0,0.0,0.0,0.0,0.0,0.0,0.0,0.0,Product 1553,TK,TK(8)G,CANDYLAND,Supplier 24
2026-04-01,SKU1557,Store B,1.162,0.9371,2.666,0.0,9.0,9.0,10.458,3.5109,0.3902,0.3902,Product 1557,TK,TK(60)G,CANDYLAND,Supplier 24
2026-04-01,SKU1560,Store C,0.913,0.7363,0.0,0.0,0.0,11.0,10.043,4.4737,0.0,0.0,Product 1560,TK,"TK(17,5)G",CANDYLAND,Supplier 24
2026-04-01,SKU1561,Store C,0.913,0.7363,0.0,0.0,0.0,15.0,13.695,6.1005,0.0,0.0,Product 1561,TK,"TK(17,5)G",CANDYLAND,Supplier 24
2026-04-01,SKU1562,Store A,0.913,0.7363,11.033,9.0,13.0,22.0,20.086,8.9474,0.4067,0.4067,Product 1562,TK,"TK(17,5)G",CANDYLAND,Supplier 24
2026-04-01,SKU1564,Warehouse,0.747,0.6024,0.0,0.0,0.0,0.0,0.0,0.0,0.0,0.0,Product 1564,TK,TK(22)G,CANDYLAND,Supplier 24
2026-04-01,SKU1597,Store C,2.656,2.1419,5.433,0.0,9.0,9.0,23.904,12.3255,1.3696,1.3696,Product 1597,TK,TK(360)ML,CANDYLAND,Supplier 07
2026-04-01,SKU1602,Warehouse,1.328,1.0709,0.0,0.0,0.0,0.0,0.0,0.0,0.0,0.0,Product 1602,TK,TK(85)G,CANDYLAND,Supplier 07
2026-04-01,SKU1606,Store C,1.411,1.1379,20.9,6.0,30.0,17.0,23.987,11.288,0.664,0.664,Product 1606,TK,TK(330)ML,CANDYLAND,Supplier 07
2026-04-01,SKU1607,Store C,1.411,1.1379,14.333,0.0,24.0,0.0,0.0,0.0,0.664,0.664,Product 1607,TK,TK(330)ML,CANDYLAND,Supplier 07
2026-04-01,SKU1608,Store A,1.411,1.1379,0.0,0.0,0.0,0.0,0.0,0.0,0.0,0.0,Product 1608,TK,TK(330)ML,CANDYLAND,Supplier 07
2026-04-01,SKU1611,Store C,1.411,1.1379,19.7,3.0,27.0,6.0,8.466,3.984,0.664,0.664,Product 1611,TK,TK(330)ML,CANDYLAND,Supplier 07
2026-04-01,SKU1613,Store A,1.411,1.1379,13.233,13.0,15.0,0.0,0.0,0.0,0.664,0.664,Product 1613,TK,TK(330)ML,CANDYLAND,Supplier 07
2026-04-01,SKU1614,Store B,1.411,1.1379,5.4,0.0,13.0,12.0,16.932,7.968,0.664,0.664,Product 1614,TK,TK(330)ML,CANDYLAND,Supplier 07
2026-04-01,SKU1624,Store B,1.411,1.1379,0.0,0.0,0.0,0.0,0.0,0.0,0.0,0.0,Product 1624,TK,TK(330)ML,CANDYLAND,Supplier 07
2026-04-01,SKU1629,Store B,0.083,0.083,143.666,41.0,215.0,75.0,6.225,6.225,0.083,0.083,Product 1629,TK,TK,CANDYLAND,Supplier 07
2026-04-01,SKU1633,Warehouse,4.897,3.9492,0.0,0.0,0.0,0.0,0.0,0.0,0.0,0.0,Product 1633,TK,TK(200)G,CANDYLAND,Supplier 75
2026-04-01,SKU1634,Warehouse,3.652,2.9452,0.0,0.0,0.0,0.0,0.0,0.0,0.0,0.0,Product 1634,TK,TK(150)G,CANDYLAND,Supplier 75
2026-04-01,SKU1642,Warehouse,1.245,1.0041,0.0,0.0,0.0,0.0,0.0,0.0,0.0,0.0,Product 1642,TK,TK(50)G,CANDYLAND,Supplier 75
2026-04-01,SKU1648,Warehouse,2.324,1.8742,112.2,108.0,117.0,54.0,125.496,62.2998,1.1537,1.1537,Product 1648,TK,TK(200)G,CANDYLAND,Supplier 75
2026-04-01,SKU1649,Store C,2.324,1.8742,9.166,9.0,13.0,10.0,23.24,11.537,1.1538,1.1538,Product 1649,TK,TK(200)G,CANDYLAND,Supplier 75
2026-04-01,SKU1654,Store A,0.415,0.3347,0.0,0.0,0.0,0.0,0.0,0.0,0.0,0.0,Product 1654,TK,TK(500)ML,CANDYLAND,Supplier 53
2026-04-01,SKU1660,Store C,0.747,0.6024,0.0,0.0,0.0,0.0,0.0,0.0,0.0,0.0,Product 1660,TK,TK(83)ML,CANDYLAND,Supplier 18
2026-04-01,SKU1661,Store A,0.996,0.8032,0.0,0.0,0.0,0.0,0.0,0.0,0.0,0.0,Product 1661,TK,TK(330)ML,CANDYLAND,Supplier 18
2026-04-01,SKU1664,Store B,2.407,1.9411,0.333,0.0,3.0,0.0,0.0,0.0,1.1331,1.1331,Product 1664,TK,TK(100)G,CANDYLAND,Supplier 29
2026-04-01,SKU1677,Warehouse,0.83,0.6694,0.0,0.0,0.0,0.0,0.0,0.0,0.0,0.0,Product 1677,TK,TK(18)ML,CANDYLAND,Supplier 18
2026-04-01,SKU1682,Store A,1.66,1.3387,0.0,0.0,0.0,0.0,0.0,0.0,0.0,0.0,Product 1682,TK,TK(8)G,CANDYLAND,Supplier 18
2026-04-01,SKU1686,Store C,1.411,1.1379,0.0,0.0,0.0,18.0,25.398,8.8146,0.0,0.0,Product 1686,TK,TK(40)G,CANDYLAND,Supplier 42
2026-04-01,SKU1688,Warehouse,0.913,0.7363,0.0,0.0,0.0,0.0,0.0,0.0,0.0,0.0,Product 1688,TK,TK(85)G,CANDYLAND,Supplier 42
2026-04-01,SKU1694,Store B,1.245,1.0041,0.0,0.0,0.0,0.0,0.0,0.0,0.0,0.0,Product 1694,TK,"TK(17,5)G",CANDYLAND,Supplier 74
2026-04-01,SKU1698,Warehouse,1.245,1.0041,0.0,0.0,0.0,0.0,0.0,0.0,0.0,0.0,Product 1698,TK,TK(84)G,CANDYLAND,Supplier 18
2026-04-01,SKU1708,Store B,1.411,1.1379,0.0,0.0,0.0,0.0,0.0,0.0,0.0,0.0,Product 1708,TK,TK(26)G,CANDYLAND,Supplier 74
2026-04-01,SKU1713,Store A,1.328,1.0709,25.966,0.0,27.0,18.0,23.904,9.2628,0.5146,0.5146,Product 1713,TK,TK(128)G,CANDYLAND,Supplier 46
2026-04-01,SKU1716,Store C,1.328,1.0709,22.666,0.0,27.0,0.0,0.0,0.0,0.498,0.498,Product 1716,TK,TK(128)G,CANDYLAND,Supplier 46
2026-04-01,SKU1718,Store A,1.577,1.2718,0.0,0.0,0.0,0.0,0.0,0.0,0.0,0.0,Product 1718,TK,"TK(119,6)G",CANDYLAND,Supplier 74
2026-04-01,SKU1719,Store B,3.154,2.5435,10.333,4.0,15.0,0.0,0.0,0.0,1.4526,1.4526,Product 1719,TK,TK(227)G,CANDYLAND,Multiple suppliers
2026-04-01,SKU1727,Warehouse,3.32,2.6774,0.0,0.0,0.0,0.0,0.0,0.0,0.0,0.0,Product 1727,TK,TK(120)G,CANDYLAND,Supplier 09
2026-04-01,SKU1731,Store C,3.32,2.6774,0.0,0.0,0.0,0.0,0.0,0.0,0.0,0.0,Product 1731,TK,TK(120)G,CANDYLAND,Supplier 09
2026-04-01,SKU1732,Store A,1.826,1.4726,0.0,0.0,0.0,0.0,0.0,0.0,0.0,0.0,Product 1732,TK,TK(32)G,CANDYLAND,Supplier 09
2026-04-01,SKU1733,Store A,1.826,1.4726,0.0,0.0,0.0,0.0,0.0,0.0,0.0,0.0,Product 1733,TK,TK(39)G,CANDYLAND,Supplier 09
2026-04-01,SKU1739,Store B,0.747,0.6024,0.0,0.0,0.0,0.0,0.0,0.0,0.0,0.0,Product 1739,TK,"TK(13,8)G",CANDYLAND,Supplier 09
2026-04-01,SKU1739,Store C,0.747,0.6024,0.0,0.0,0.0,0.0,0.0,0.0,0.0,0.0,Product 1739,TK,"TK(13,8)G",CANDYLAND,Supplier 09
2026-04-01,SKU1748,Store B,2.4485,1.9746,0.0,0.0,0.0,0.0,0.0,0.0,0.0,0.0,Product 1748,TK,TK(500)ML,CANDYLAND,Supplier 74
2026-04-01,SKU1749,Store A,4.1085,3.3133,0.0,0.0,0.0,0.0,0.0,0.0,0.0,0.0,Product 1749,TK,TK(500)ML,CANDYLAND,Supplier 74
2026-04-01,SKU1761,Store B,1.328,1.0709,22.133,0.0,27.0,13.0,17.264,6.5819,0.5063,0.5063,Product 1761,TK,TK(135)G,CANDYLAND,Supplier 46
2026-04-01,SKU1764,Store B,2.158,1.7403,0.0,0.0,0.0,0.0,0.0,0.0,0.0,0.0,Product 1764,TK,TK(42)G,CANDYLAND,Multiple suppliers
2026-04-01,SKU1783,Warehouse,12.45,10.0403,0.0,0.0,0.0,13.0,161.85,67.977,0.0,0.0,Product 1783,KG,KG(1000)G,CANDYLAND,Supplier 42
2026-04-01,SKU1785,Store A,9.96,8.0322,0.0,0.0,0.0,6.53,65.0388,28.7255,0.0,0.0,Product 1785,KG,KG(1000)G,CANDYLAND,Supplier 42
2026-04-01,SKU1788,Store A,2.49,2.0081,69.133,68.0,71.0,0.0,0.0,0.0,1.328,1.328,Product 1788,TK,TK(70)G,CANDYLAND,Supplier 42
2026-04-01,SKU1792,Warehouse,1.826,1.4726,0.0,0.0,0.0,477.0,871.002,360.2781,0.0,0.0,Product 1792,TK,TK(73)G,CANDYLAND,Supplier 42
2026-05-01,SKU0003,Store B,0.332,0.2678,0.0,0.0,0.0,0.0,0.0,0.0,0.0,0.0,Product 0003,TK,TK(14)G,CANDYLAND,Supplier 64
2026-05-01,SKU0008,Store A,0.581,0.4685,6.064,0.0,26.0,0.0,0.0,0.0,0.2094,0.2094,Product 0008,TK,TK(35)G,CANDYLAND,Supplier 64
2026-05-01,SKU0014,Store B,0.249,0.2008,0.0,0.0,0.0,0.0,0.0,0.0,0.0,0.0,Product 0014,TK,TK(12)G,CANDYLAND,Multiple suppliers
2026-05-01,SKU0017,Store B,1.826,1.4726,0.0,0.0,0.0,0.0,0.0,0.0,0.0,0.0,Product 0017,TK,TK(60)G,CANDYLAND,Supplier 64
2026-05-01,SKU0021,Store B,22.327,18.0056,0.322,0.0,2.0,0.0,0.0,0.0,10.2848,10.2848,Product 0021,TK,TK(430)G,CANDYLAND,Supplier 29
2026-05-01,SKU0025,Store C,1.245,1.0041,0.0,0.0,0.0,0.0,0.0,0.0,0.0,0.0,Product 0025,TK,TK(105)ML,CANDYLAND,Supplier 64
2026-05-01,SKU0027,Store A,0.996,0.8032,0.0,0.0,0.0,0.0,0.0,0.0,0.0,0.0,Product 0027,TK,TK(30)ML,CANDYLAND,Supplier 64
2026-05-01,SKU0029,Store A,0.415,0.3347,0.0,0.0,0.0,0.0,0.0,0.0,0.0,0.0,Product 0029,TK,TK(20)ML,CANDYLAND,Supplier 64
2026-05-01,SKU0041,Warehouse,3.735,3.0121,0.0,0.0,0.0,0.0,0.0,0.0,0.0,0.0,Product 0041,TK,TK(20)G,CANDYLAND,Supplier 66
2026-05-01,SKU0046,Warehouse,1.494,1.2048,0.0,0.0,0.0,0.0,0.0,0.0,0.0,0.0,Product 0046,TK,TK(10)G,CANDYLAND,Supplier 66
2026-05-01,SKU0053,Store B,1.66,1.3387,0.0,0.0,0.0,5.0,8.3,3.4445,0.0,0.0,Product 0053,TK,TK(84)G,CANDYLAND,Supplier 24
2026-05-01,SKU0055,Warehouse,1.0375,0.8367,0.0,0.0,0.0,0.0,0.0,0.0,0.0,0.0,Product 0055,TK,TK(100)G,CANDYLAND,Supplier 59
2026-05-01,SKU0062,Warehouse,4.897,3.9492,0.0,0.0,0.0,0.0,0.0,0.0,0.0,0.0,Product 0062,TK,TK(97)G,CANDYLAND,Supplier 73
2026-05-01,SKU0065,Store C,0.913,0.7363,0.548,0.0,1.0,0.0,0.0,0.0,0.3737,0.3737,Product 0065,TK,TK(90)G,CANDYLAND,Supplier 68
2026-05-01,SKU0068,Store A,1.245,1.0041,0.0,0.0,0.0,0.0,0.0,0.0,0.0,0.0,Product 0068,TK,TK(200)G,CANDYLAND,Supplier 59
2026-05-01,SKU0072,Warehouse,1.411,1.1379,0.0,0.0,0.0,0.0,0.0,0.0,0.0,0.0,Product 0072,TK,TK(50)G,CANDYLAND,Supplier 66
2026-05-01,SKU0080,Store A,2.075,1.6734,0.0,0.0,0.0,0.0,0.0,0.0,0.0,0.0,Product 0080,TK,TK(185)G,CANDYLAND,Supplier 59
2026-05-01,SKU0084,Store C,1.826,1.4726,0.0,0.0,0.0,0.0,0.0,0.0,0.0,0.0,Product 0084,TK,TK(100)G,CANDYLAND,Supplier 59
2026-05-01,SKU0089,Warehouse,0.913,0.7363,0.0,0.0,0.0,0.0,0.0,0.0,0.0,0.0,Product 0089,TK,TK(90)G,CANDYLAND,Supplier 68
2026-05-01,SKU0094,Store B,0.913,0.7363,14.225,9.0,17.0,15.0,13.695,5.6025,0.3735,0.3735,Product 0094,TK,TK(90)G,CANDYLAND,Supplier 68
2026-05-01,SKU0099,Store A,0.913,0.7363,0.0,0.0,0.0,0.0,0.0,0.0,0.0,0.0,Product 0099,TK,TK(90)G,CANDYLAND,Supplier 68
2026-05-01,SKU0099,Store B,0.913,0.7363,0.0,0.0,0.0,0.0,0.0,0.0,0.0,0.0,Product 0099,TK,TK(90)G,CANDYLAND,Supplier 68
2026-05-01,SKU0102,Store C,1.992,1.6065,0.0,0.0,0.0,0.0,0.0,0.0,0.0,0.0,Product 0102,TK,TK(144)G,CANDYLAND,Supplier 59
2026-05-01,SKU0104,Store A,1.66,1.3387,0.0,0.0,0.0,0.0,0.0,0.0,0.0,0.0,Product 0104,TK,TK(200)G,CANDYLAND,Supplier 59
2026-05-01,SKU0105,Warehouse,0.913,0.7363,74.0,74.0,74.0,28.0,25.564,10.458,0.3735,0.3735,Product 0105,TK,TK(90)G,CANDYLAND,Supplier 68
2026-05-01,SKU0112,Store B,0.913,0.7363,0.0,0.0,0.0,0.0,0.0,0.0,0.0,0.0,Product 0112,TK,TK(100)G,CANDYLAND,Supplier 68
2026-05-01,SKU0121,Warehouse,1.992,1.6065,96.0,96.0,96.0,96.0,191.232,66.2699,0.6903,0.6903,Product 0121,TK,TK(10)G,CANDYLAND,Supplier 05
2026-05-01,SKU0124,Store A,1.826,1.4726,37.0,37.0,37.0,32.0,58.432,16.2228,0.507,0.507,Product 0124,TK,TK(17)G,CANDYLAND,Supplier 05
2026-05-01,SKU0125,Store A,1.826,1.4726,32.0,32.0,32.0,24.0,43.824,12.9978,0.5416,0.5416,Product 0125,TK,TK(17)G,CANDYLAND,Supplier 05
2026-05-01,SKU0126,Warehouse,1.826,1.4726,12.0,12.0,12.0,0.0,0.0,0.0,0.6377,0.6377,Product 0126,TK,TK(16)G,CANDYLAND,Supplier 05
2026-05-01,SKU0127,Store B,2.988,2.4097,0.0,0.0,0.0,0.0,0.0,0.0,0.0,0.0,Product 0127,TK,TK(66)G,CANDYLAND,Supplier 05
2026-05-01,SKU0128,Store C,2.988,2.4097,0.0,0.0,0.0,0.0,0.0,0.0,0.0,0.0,Product 0128,TK,TK(70)G,CANDYLAND,Supplier 05
2026-05-01,SKU0129,Store C,2.988,2.4097,0.0,0.0,0.0,0.0,0.0,0.0,0.0,0.0,Product 0129,TK,TK(70)G,CANDYLAND,Supplier 05
2026-05-01,SKU0134,Warehouse,0.249,0.2008,0.0,0.0,0.0,0.0,0.0,0.0,0.0,0.0,Product 0134,TK,TK(8)G,CANDYLAND,Supplier 36
2026-05-01,SKU0146,Store A,0.913,0.7363,15.032,15.0,16.0,15.0,13.695,5.1045,0.3403,0.3403,Product 0146,TK,TK(90)G,CANDYLAND,Supplier 68
2026-05-01,SKU0147,Store B,0.913,0.7363,22.774,3.0,31.0,19.0,17.347,6.4657,0.3403,0.3403,Product 0147,TK,TK(85)G,CANDYLAND,Supplier 68
2026-05-01,SKU0155,Store C,1.162,0.9371,43.709,27.0,67.0,27.0,31.374,8.964,0.332,0.332,Product 0155,TK,TK(15)G,CANDYLAND,Supplier 66
2026-05-01,SKU0155,Warehouse,1.162,0.9371,159.741,80.0,240.0,80.0,92.96,26.56,0.332,0.332,Product 0155,TK,TK(15)G,CANDYLAND,Supplier 66
2026-05-01,SKU0159,Store B,1.66,1.3387,0.0,0.0,0.0,0.0,0.0,0.0,0.0,0.0,Product 0159,TK,TK(200)G,CANDYLAND,Supplier 59
2026-05-01,SKU0174,Warehouse,1.577,1.2718,0.0,0.0,0.0,0.0,0.0,0.0,0.0,0.0,Product 0174,TK,TK(40)G,CANDYLAND,Supplier 64
2026-05-01,SKU0179,Store A,2.822,2.2758,0.0,0.0,0.0,0.0,0.0,0.0,0.0,0.0,Product 0179,TK,TK(250)G,CANDYLAND,Supplier 59
2026-05-01,SKU0181,Warehouse,1.66,1.3387,0.0,0.0,0.0,0.0,0.0,0.0,0.0,0.0,Product 0181,TK,TK(72)G,CANDYLAND,Supplier 59
2026-05-01,SKU0182,Store A,0.166,0.1339,0.0,0.0,0.0,0.0,0.0,0.0,0.0,0.0,Product 0182,TK,"TK(3,5)G",CANDYLAND,Multiple suppliers
2026-05-01,SKU0182,Store B,0.166,0.1339,0.0,0.0,0.0,0.0,0.0,0.0,0.0,0.0,Product 0182,TK,"TK(3,5)G",CANDYLAND,Multiple suppliers
2026-05-01,SKU0186,Store B,2.324,1.8742,0.0,0.0,0.0,0.0,0.0,0.0,0.0,0.0,Product 0186,TK,TK(230)G,CANDYLAND,Supplier 59
2026-05-01,SKU0190,Store C,0.996,0.8032,0.0,0.0,0.0,0.0,0.0,0.0,0.0,0.0,Product 0190,TK,TK(38)ML,CANDYLAND,Supplier 59
2026-05-01,SKU0190,Warehouse,0.996,0.8032,0.0,0.0,0.0,0.0,0.0,0.0,0.0,0.0,Product 0190,TK,TK(38)ML,CANDYLAND,Supplier 59
2026-05-01,SKU0192,Store C,1.328,1.0709,0.0,0.0,0.0,0.0,0.0,0.0,0.0,0.0,Product 0192,TK,TK(80)G,CANDYLAND,Supplier 59
2026-05-01,SKU0199,Store C,1.66,1.3387,0.0,0.0,0.0,0.0,0.0,0.0,0.0,0.0,Product 0199,TK,TK(40)G,CANDYLAND,Supplier 59
2026-05-01,SKU0201,Store B,1.66,1.3387,0.0,0.0,0.0,0.0,0.0,0.0,0.0,0.0,Product 0201,TK,TK(150)G,CANDYLAND,Supplier 59
2026-05-01,SKU0206,Store B,0.747,0.6024,0.0,0.0,0.0,0.0,0.0,0.0,0.0,0.0,Product 0206,TK,TK(330)ML,CANDYLAND,Supplier 59
2026-05-01,SKU0214,Store C,0.581,0.4685,0.0,0.0,0.0,0.0,0.0,0.0,0.0,0.0,Product 0214,TK,TK(11)G,CANDYLAND,Supplier 59
2026-05-01,SKU0222,Store C,1.162,0.9371,0.0,0.0,0.0,0.0,0.0,0.0,0.0,0.0,Product 0222,TK,TK(27)G,CANDYLAND,Supplier 59
2026-05-01,SKU0224,Store B,2.075,1.6734,0.0,0.0,0.0,0.0,0.0,0.0,0.0,0.0,Product 0224,TK,TK(152)G,CANDYLAND,Supplier 59
2026-05-01,SKU0229,Store C,2.324,1.8742,0.0,0.0,0.0,0.0,0.0,0.0,0.0,0.0,Product 0229,TK,TK(216)G,CANDYLAND,Supplier 59
2026-05-01,SKU0251,Store C,1.577,1.2718,0.0,0.0,0.0,0.0,0.0,0.0,0.0,0.0,Product 0251,TK,TK(45)G,CANDYLAND,Supplier 59
2026-05-01,SKU0253,Store C,1.66,1.3387,0.0,0.0,0.0,0.0,0.0,0.0,0.0,0.0,Product 0253,TK,TK(114)G,CANDYLAND,Supplier 59
2026-05-01,SKU0253,Warehouse,1.66,1.3387,0.0,0.0,0.0,0.0,0.0,0.0,0.0,0.0,Product 0253,TK,TK(114)G,CANDYLAND,Supplier 59
2026-05-01,SKU0254,Store C,1.245,1.0041,0.0,0.0,0.0,0.0,0.0,0.0,0.0,0.0,Product 0254,TK,TK(200)G,CANDYLAND,Supplier 59
2026-05-01,SKU0260,Store A,1.826,1.4726,41.967,41.0,44.0,12.0,21.912,8.6054,0.7171,0.7171,Product 0260,TK,TK(6)G,CANDYLAND,Supplier 02
2026-05-01,SKU0260,Store B,1.826,1.4726,38.516,38.0,39.0,19.0,34.694,13.6253,0.7171,0.7171,Product 0260,TK,TK(6)G,CANDYLAND,Supplier 02
2026-05-01,SKU0267,Warehouse,1.826,1.4726,0.0,0.0,0.0,0.0,0.0,0.0,0.0,0.0,Product 0267,TK,TK(114)G,CANDYLAND,Multiple suppliers
2026-05-01,SKU0275,Store C,0.8715,0.7028,0.0,0.0,0.0,0.0,0.0,0.0,0.0,0.0,Product 0275,TK,TK(80)G,CANDYLAND,Supplier 59
2026-05-01,SKU0285,Warehouse,1.66,1.3387,0.0,0.0,0.0,0.0,0.0,0.0,0.0,0.0,Product 0285,TK,TK(40)ML,CANDYLAND,Supplier 59
2026-05-01,SKU0286,Store C,1.245,1.0041,0.0,0.0,0.0,0.0,0.0,0.0,0.0,0.0,Product 0286,TK,TK(120)G,CANDYLAND,Supplier 59
2026-05-01,SKU0289,Store B,2.075,1.6734,0.0,0.0,0.0,0.0,0.0,0.0,0.0,0.0,Product 0289,TK,TK(50)G,CANDYLAND,Supplier 66
2026-05-01,SKU0290,Store A,2.075,1.6734,0.0,0.0,0.0,0.0,0.0,0.0,0.0,0.0,Product 0290,TK,TK(50)G,CANDYLAND,Supplier 66
2026-05-01,SKU0291,Store A,2.075,1.6734,0.0,0.0,0.0,0.0,0.0,0.0,0.0,0.0,Product 0291,TK,TK(50)G,CANDYLAND,Supplier 66
2026-05-01,SKU0294,Store C,2.075,1.6734,0.0,0.0,0.0,0.0,0.0,0.0,0.0,0.0,Product 0294,TK,TK(50)G,CANDYLAND,Supplier 66
2026-05-01,SKU0295,Store A,2.075,1.6734,0.0,0.0,0.0,0.0,0.0,0.0,0.0,0.0,Product 0295,TK,TK(50)G,CANDYLAND,Supplier 66
2026-05-01,SKU0307,Store A,0.996,0.8032,0.0,0.0,0.0,0.0,0.0,0.0,0.0,0.0,Product 0307,TK,TK(26)G,CANDYLAND,Supplier 59
2026-05-01,SKU0309,Warehouse,1.245,1.0041,0.0,0.0,0.0,0.0,0.0,0.0,0.0,0.0,Product 0309,TK,TK(75)G,CANDYLAND,Supplier 59
2026-05-01,SKU0310,Store B,1.245,1.0041,0.0,0.0,0.0,0.0,0.0,0.0,0.0,0.0,Product 0310,TK,TK(75)G,CANDYLAND,Supplier 59
2026-05-01,SKU0313,Store C,1.328,1.0709,0.0,0.0,0.0,0.0,0.0,0.0,0.0,0.0,Product 0313,TK,TK(80)G,CANDYLAND,Supplier 59
2026-05-01,SKU0323,Store A,1.411,1.1379,4.741,4.0,5.0,0.0,0.0,0.0,0.7179,0.7179,Product 0323,TK,TK(150)G,CANDYLAND,Supplier 33
2026-05-01,SKU0327,Store B,2.49,2.0081,0.0,0.0,0.0,0.0,0.0,0.0,0.0,0.0,Product 0327,TK,TK(120)G,CANDYLAND,Supplier 59
2026-05-01,SKU0329,Store C,3.2785,2.644,0.0,0.0,0.0,0.0,0.0,0.0,0.0,0.0,Product 0329,TK,TK(500)ML,CANDYLAND,Supplier 59
2026-05-01,SKU0333,Store C,1.826,1.4726,0.0,0.0,0.0,0.0,0.0,0.0,0.0,0.0,Product 0333,TK,TK(114)G,CANDYLAND,Multiple suppliers
2026-05-01,SKU0349,Store C,1.328,1.0709,0.0,0.0,0.0,0.0,0.0,0.0,0.0,0.0,Product 0349,TK,TK(50)G,CANDYLAND,Supplier 59
2026-05-01,SKU0349,Warehouse,1.328,1.0709,0.0,0.0,0.0,0.0,0.0,0.0,0.0,0.0,Product 0349,TK,TK(50)G,CANDYLAND,Supplier 59
2026-05-01,SKU0358,Warehouse,2.49,2.0081,0.0,0.0,0.0,0.0,0.0,0.0,0.0,0.0,Product 0358,TK,TK(350)ML,CANDYLAND,Supplier 59
2026-05-01,SKU0359,Store A,2.49,2.0081,0.0,0.0,0.0,0.0,0.0,0.0,0.0,0.0,Product 0359,TK,TK(350)ML,CANDYLAND,Supplier 59
2026-05-01,SKU0369,Store C,1.66,1.3387,0.0,0.0,0.0,0.0,0.0,0.0,0.0,0.0,Product 0369,TK,"TK(112,5)G",CANDYLAND,Supplier 59
2026-05-01,SKU0373,Warehouse,0.83,0.6694,0.0,0.0,0.0,0.0,0.0,0.0,0.0,0.0,Product 0373,TK,TK(80)G,CANDYLAND,Supplier 59
2026-05-01,SKU0388,Warehouse,6.64,5.3548,0.0,0.0,0.0,0.0,0.0,0.0,0.0,0.0,Product 0388,TK,TK(440)G,CANDYLAND,Supplier 59
2026-05-01,SKU0394,Store B,0.415,0.3347,0.0,0.0,0.0,0.0,0.0,0.0,0.0,0.0,Product 0394,TK,TK(35)G,CANDYLAND,Supplier 59
2026-05-01,SKU0398,Store A,2.407,1.9411,8.258,6.0,12.0,1.0,2.407,0.996,0.996,0.996,Product 0398,TK,TK(80)G,CANDYLAND,Supplier 59
2026-05-01,SKU0409,Warehouse,1.245,1.0041,0.0,0.0,0.0,0.0,0.0,0.0,0.0,0.0,Product 0409,TK,TK(160)G,CANDYLAND,Supplier 59
2026-05-01,SKU0413,Store A,1.494,1.2048,0.0,0.0,0.0,0.0,0.0,0.0,0.0,0.0,Product 0413,TK,TK(160)G,CANDYLAND,Supplier 59
2026-05-01,SKU0413,Warehouse,1.494,1.2048,0.0,0.0,0.0,0.0,0.0,0.0,0.0,0.0,Product 0413,TK,TK(160)G,CANDYLAND,Supplier 59
2026-05-01,SKU0421,Store C,1.245,1.0041,0.0,0.0,0.0,0.0,0.0,0.0,0.0,0.0,Product 0421,TK,TK(160)G,CANDYLAND,Supplier 59
2026-05-01,SKU0426,Store A,2.49,2.0081,0.0,0.0,0.0,0.0,0.0,0.0,0.0,0.0,Product 0426,TK,TK(132)G,CANDYLAND,Multiple suppliers
2026-05-01,SKU0428,Store B,1.245,1.0041,0.0,0.0,0.0,0.0,0.0,0.0,0.0,0.0,Product 0428,TK,TK(40)G,CANDYLAND,Supplier 59
2026-05-01,SKU0431,Store C,2.49,2.0081,0.0,0.0,0.0,0.0,0.0,0.0,0.0,0.0,Product 0431,TK,TK(54)G,CANDYLAND,Supplier 59
2026-05-01,SKU0432,Store A,2.49,2.0081,0.0,0.0,0.0,0.0,0.0,0.0,0.0,0.0,Product 0432,TK,TK(127)G,CANDYLAND,Supplier 59
2026-05-01,SKU0438,Store B,0.249,0.2008,161.838,107.0,223.0,0.0,0.0,0.0,0.0264,0.0264,Product 0438,TK,TK(5)G,CANDYLAND,Multiple suppliers
2026-05-01,SKU0441,Store C,0.249,0.2008,61.354,43.0,77.0,2.0,0.498,0.0486,0.0243,0.0243,Product 0441,TK,"TK(4,5)G",CANDYLAND,Supplier 68
2026-05-01,SKU0444,Warehouse,0.415,0.3347,0.0,0.0,0.0,0.0,0.0,0.0,0.0,0.0,Product 0444,TK,"TK(17,5)G",CANDYLAND,Supplier 02
2026-05-01,SKU0448,Store B,0.913,0.7363,0.0,0.0,0.0,0.0,0.0,0.0,0.0,0.0,Product 0448,TK,TK(8)G,CANDYLAND,Supplier 59
2026-05-01,SKU0450,Store A,1.66,1.3387,0.0,0.0,0.0,0.0,0.0,0.0,0.0,0.0,Product 0450,TK,TK(115)G,CANDYLAND,Supplier 59
2026-05-01,SKU0453,Warehouse,1.328,1.0709,0.0,0.0,0.0,0.0,0.0,0.0,0.0,0.0,Product 0453,TK,TK(70)G,CANDYLAND,Supplier 59
2026-05-01,SKU0456,Store C,0.581,0.4685,0.0,0.0,0.0,0.0,0.0,0.0,0.0,0.0,Product 0456,TK,TK(30)G,CANDYLAND,Supplier 59
2026-05-01,SKU0457,Store A,1.66,1.3387,0.0,0.0,0.0,0.0,0.0,0.0,0.0,0.0,Product 0457,TK,TK(30)G,CANDYLAND,Supplier 59
2026-05-01,SKU0471,Store C,1.494,1.2048,0.0,0.0,0.0,0.0,0.0,0.0,0.0,0.0,Product 0471,TK,TK(40)G,CANDYLAND,Supplier 59
2026-05-01,SKU0486,Store B,1.245,1.0041,0.0,0.0,0.0,0.0,0.0,0.0,0.0,0.0,Product 0486,TK,TK(100)G,CANDYLAND,Supplier 59
2026-05-01,SKU0494,Store C,2.656,2.1419,0.0,0.0,0.0,0.0,0.0,0.0,0.0,0.0,Product 0494,TK,TK(152)G,CANDYLAND,Supplier 59
2026-05-01,SKU0500,Store C,1.66,1.3387,0.0,0.0,0.0,0.0,0.0,0.0,0.0,0.0,Product 0500,TK,TK(5)G,CANDYLAND,Supplier 59
2026-05-01,SKU0503,Store B,1.66,1.3387,0.0,0.0,0.0,0.0,0.0,0.0,0.0,0.0,Product 0503,TK,TK(114)G,CANDYLAND,Supplier 59
2026-05-01,SKU0506,Store B,1.577,1.2718,0.0,0.0,0.0,0.0,0.0,0.0,0.0,0.0,Product 0506,TK,TK(150)G,CANDYLAND,Supplier 59
2026-05-01,SKU0508,Warehouse,1.328,1.0709,0.0,0.0,0.0,0.0,0.0,0.0,0.0,0.0,Product 0508,TK,TK(100)G,CANDYLAND,Supplier 59
2026-05-01,SKU0515,Warehouse,0.996,0.8032,0.0,0.0,0.0,0.0,0.0,0.0,0.0,0.0,Product 0515,TK,TK(80)G,CANDYLAND,Supplier 59
2026-05-01,SKU0516,Store B,0.996,0.8032,0.0,0.0,0.0,0.0,0.0,0.0,0.0,0.0,Product 0516,TK,TK(80)G,CANDYLAND,Supplier 59
2026-05-01,SKU0524,Store C,1.328,1.0709,0.0,0.0,0.0,0.0,0.0,0.0,0.0,0.0,Product 0524,TK,TK(56)G,CANDYLAND,Supplier 59
2026-05-01,SKU0525,Store B,1.494,1.2048,0.0,0.0,0.0,0.0,0.0,0.0,0.0,0.0,Product 0525,TK,TK(60)G,CANDYLAND,Supplier 59
2026-05-01,SKU0527,Store C,2.324,1.8742,0.0,0.0,0.0,0.0,0.0,0.0,0.0,0.0,Product 0527,TK,TK(120)G,CANDYLAND,Supplier 59
2026-05-01,SKU0531,Store B,2.49,2.0081,0.0,0.0,0.0,0.0,0.0,0.0,0.0,0.0,Product 0531,TK,TK(125)G,CANDYLAND,Supplier 59
2026-05-01,SKU0535,Warehouse,1.162,0.9371,0.0,0.0,0.0,0.0,0.0,0.0,0.0,0.0,Product 0535,TK,TK(150)G,CANDYLAND,Supplier 59
2026-05-01,SKU0548,Store C,1.826,1.4726,3.419,1.0,5.0,0.0,0.0,0.0,0.5728,0.5728,Product 0548,TK,TK(150)G,CANDYLAND,Supplier 59
2026-05-01,SKU0550,Store A,1.328,1.0709,0.0,0.0,0.0,0.0,0.0,0.0,0.0,0.0,Product 0550,TK,TK(110)G,CANDYLAND,Supplier 59
2026-05-01,SKU0550,Store C,1.328,1.0709,0.0,0.0,0.0,0.0,0.0,0.0,0.0,0.0,Product 0550,TK,TK(110)G,CANDYLAND,Supplier 59
2026-05-01,SKU0558,Store A,1.992,1.6065,0.0,0.0,0.0,0.0,0.0,0.0,0.0,0.0,Product 0558,TK,TK(150)G,CANDYLAND,Supplier 26
2026-05-01,SKU0558,Store C,1.992,1.6065,0.0,0.0,0.0,0.0,0.0,0.0,0.0,0.0,Product 0558,TK,TK(150)G,CANDYLAND,Supplier 26
2026-05-01,SKU0558,Warehouse,1.992,1.6065,0.0,0.0,0.0,0.0,0.0,0.0,0.0,0.0,Product 0558,TK,TK(150)G,CANDYLAND,Supplier 26
2026-05-01,SKU0569,Warehouse,1.328,1.0709,363.483,252.0,738.0,0.0,0.0,0.0,0.0084,0.0084,Product 0569,TK,TK(10)G,CANDYLAND,Supplier 05
2026-05-01,SKU0574,Store C,8.217,6.6266,0.0,0.0,0.0,0.0,0.0,0.0,0.0,0.0,Product 0574,TK,TK(250)G,CANDYLAND,Supplier 54
2026-05-01,SKU0578,Warehouse,0.996,0.8032,0.0,0.0,0.0,0.0,0.0,0.0,0.0,0.0,Product 0578,TK,TK(40)G,CANDYLAND,Supplier 64
2026-05-01,SKU0579,Warehouse,1.577,1.2718,0.0,0.0,0.0,0.0,0.0,0.0,0.0,0.0,Product 0579,TK,TK(120)G,CANDYLAND,Supplier 17
2026-05-01,SKU0581,Warehouse,11.537,9.3041,0.0,0.0,0.0,0.0,0.0,0.0,0.0,0.0,Product 0581,TK,TK(200)G,CANDYLAND,Supplier 14
2026-05-01,SKU0608,Store B,1.162,0.9371,0.0,0.0,0.0,0.0,0.0,0.0,0.0,0.0,Product 0608,TK,TK(180)G,CANDYLAND,Supplier 17
2026-05-01,SKU0609,Store A,1.162,0.9371,0.0,0.0,0.0,0.0,0.0,0.0,0.0,0.0,Product 0609,TK,TK(180)G,CANDYLAND,Supplier 17
2026-05-01,SKU0612,Warehouse,1.162,0.9371,16.0,16.0,16.0,0.0,0.0,0.0,0.5395,0.5395,Product 0612,TK,TK(150)G,CANDYLAND,Supplier 17
2026-05-01,SKU0613,Store B,1.162,0.9371,0.0,0.0,0.0,0.0,0.0,0.0,0.0,0.0,Product 0613,TK,TK(150)G,CANDYLAND,Multiple suppliers
2026-05-01,SKU0616,Store C,1.162,0.9371,8.483,4.0,12.0,1.0,1.162,0.5395,0.5396,0.5396,Product 0616,TK,TK(150)G,CANDYLAND,Supplier 17
2026-05-01,SKU0618,Store A,3.984,3.2129,0.0,0.0,0.0,0.0,0.0,0.0,0.0,0.0,Product 0618,TK,TK(350)G,CANDYLAND,Supplier 17
2026-05-01,SKU0631,Store C,0.83,0.6694,31.967,31.0,32.0,15.0,12.45,4.2367,0.2824,0.2824,Product 0631,TK,TK(23)G,CANDYLAND,Supplier 16
2026-05-01,SKU0637,Store B,1.494,1.2048,0.0,0.0,0.0,0.0,0.0,0.0,0.0,0.0,Product 0637,TK,TK(10)G,CANDYLAND,Supplier 02
2026-05-01,SKU0638,Store A,1.66,1.3387,0.0,0.0,0.0,0.0,0.0,0.0,0.0,0.0,Product 0638,TK,TK(5)G,CANDYLAND,Supplier 02
2026-05-01,SKU0642,Store C,2.905,2.3428,0.0,0.0,0.0,0.0,0.0,0.0,0.0,0.0,Product 0642,TK,TK(72)G,CANDYLAND,Supplier 16
2026-05-01,SKU0646,Store A,2.49,2.0081,0.0,0.0,0.0,0.0,0.0,0.0,0.0,0.0,Product 0646,TK,TK(99)G,CANDYLAND,Supplier 16
2026-05-01,SKU0651,Store C,1.162,0.9371,0.0,0.0,0.0,0.0,0.0,0.0,0.0,0.0,Product 0651,TK,TK(10)G,CANDYLAND,Supplier 02
2026-05-01,SKU0655,Store A,1.66,1.3387,43.225,31.0,53.0,3.0,4.98,1.2973,0.4324,0.4324,Product 0655,TK,TK(20)G,CANDYLAND,Supplier 02
2026-05-01,SKU0662,Store B,1.577,1.2718,0.0,0.0,0.0,0.0,0.0,0.0,0.0,0.0,Product 0662,TK,TK(35)G,CANDYLAND,Supplier 16
2026-05-01,SKU0663,Store C,2.075,1.6734,0.0,0.0,0.0,0.0,0.0,0.0,0.0,0.0,Product 0663,TK,TK(90)G,CANDYLAND,Supplier 16
2026-05-01,SKU0665,Store C,4.233,3.4137,0.0,0.0,0.0,0.0,0.0,0.0,0.0,0.0,Product 0665,TK,TK(100)G,CANDYLAND,Supplier 61
2026-05-01,SKU0665,Warehouse,4.233,3.4137,0.0,0.0,0.0,0.0,0.0,0.0,0.0,0.0,Product 0665,TK,TK(100)G,CANDYLAND,Supplier 61
2026-05-01,SKU0667,Store A,4.233,3.4137,0.0,0.0,0.0,0.0,0.0,0.0,0.0,0.0,Product 0667,TK,TK(100)G,CANDYLAND,Supplier 61
2026-05-01,SKU0670,Store B,4.98,4.0161,0.0,0.0,0.0,0.0,0.0,0.0,0.0,0.0,Product 0670,TK,TK(72)ML,CANDYLAND,Supplier 16
2026-05-01,SKU0670,Warehouse,4.98,4.0161,0.0,0.0,0.0,0.0,0.0,0.0,0.0,0.0,Product 0670,TK,TK(72)ML,CANDYLAND,Supplier 16
2026-05-01,SKU0672,Store C,0.083,0.0669,0.0,0.0,0.0,0.0,0.0,0.0,0.0,0.0,Product 0672,TK,TK(10)G,CANDYLAND,Supplier 42
2026-05-01,SKU0675,Store A,2.3987,1.9344,0.0,0.0,0.0,0.0,0.0,0.0,0.0,0.0,Product 0675,TK,TK(102)G,CANDYLAND,Supplier 74
2026-05-01,SKU0677,Store A,0.415,0.3347,0.0,0.0,0.0,0.0,0.0,0.0,0.0,0.0,Product 0677,TK,TK(16)G,CANDYLAND,Supplier 74
2026-05-01,SKU0677,Store B,0.415,0.3347,0.0,0.0,0.0,0.0,0.0,0.0,0.0,0.0,Product 0677,TK,TK(16)G,CANDYLAND,Supplier 74
2026-05-01,SKU0689,Store C,1.245,1.0041,0.0,0.0,0.0,0.0,0.0,0.0,0.0,0.0,Product 0689,TK,TK(102)G,CANDYLAND,Supplier 02
2026-05-01,SKU0691,Warehouse,0.996,0.8032,0.0,0.0,0.0,0.0,0.0,0.0,0.0,0.0,Product 0691,TK,TK(40)ML,CANDYLAND,Supplier 02
2026-05-01,SKU0692,Store C,0.498,0.4016,33.516,22.0,40.0,31.0,15.438,6.5097,0.21,0.21,Product 0692,TK,TK(30)G,CANDYLAND,Supplier 02
2026-05-01,SKU0715,Store B,1.992,1.6065,12.0,12.0,12.0,20.0,39.84,14.774,0.7387,0.7387,Product 0715,TK,TK(10)G,CANDYLAND,Supplier 05
2026-05-01,SKU0718,Warehouse,1.992,1.6065,0.0,0.0,0.0,0.0,0.0,0.0,0.0,0.0,Product 0718,TK,TK(175)G,CANDYLAND,Supplier 49
2026-05-01,SKU0731,Store B,4.15,3.3468,0.0,0.0,0.0,0.0,0.0,0.0,0.0,0.0,Product 0731,TK,TK(215)G,CANDYLAND,Supplier 37
2026-05-01,SKU0738,Warehouse,1.494,1.2048,0.0,0.0,0.0,330.0,493.02,210.903,0.0,0.0,Product 0738,TK,TK(5)G,CANDYLAND,Supplier 69
2026-05-01,SKU0749,Store C,2.158,1.7403,0.0,0.0,0.0,0.0,0.0,0.0,0.0,0.0,Product 0749,TK,TK(150)G,CANDYLAND,Supplier 49
2026-05-01,SKU0753,Warehouse,0.996,0.8032,0.0,0.0,0.0,0.0,0.0,0.0,0.0,0.0,Product 0753,TK,TK(40)G,CANDYLAND,Supplier 26
2026-05-01,SKU0755,Store C,0.249,0.2008,0.0,0.0,0.0,0.0,0.0,0.0,0.0,0.0,Product 0755,TK,"TK(13,9)G",CANDYLAND,Multiple suppliers
2026-05-01,SKU0761,Store B,1.494,1.2048,0.387,0.0,3.0,0.0,0.0,0.0,0.5978,0.5978,Product 0761,TK,TK(300)G,CANDYLAND,Multiple suppliers
2026-05-01,SKU0765,Store A,0.083,0.0669,0.0,0.0,0.0,0.0,0.0,0.0,0.0,0.0,Product 0765,TK,TK(5)G,CANDYLAND,Supplier 48
2026-05-01,SKU0786,Store C,0.7055,0.569,0.741,0.0,2.0,0.0,0.0,0.0,0.2907,0.2907,Product 0786,TK,TK(100)G,CANDYLAND,Supplier 11
2026-05-01,SKU0789,Store A,1.2035,0.9706,0.774,0.0,8.0,1.0,1.2035,0.747,0.7471,0.7471,Product 0789,TK,TK(330)ML,CANDYLAND,Supplier 10
2026-05-01,SKU0793,Store A,1.2035,0.9706,0.774,0.0,8.0,4.0,4.814,2.988,0.7471,0.7471,Product 0793,TK,TK(330)ML,CANDYLAND,Supplier 10
2026-05-01,SKU0803,Warehouse,1.328,1.0709,11.29,0.0,50.0,0.0,0.0,0.0,0.2407,0.2407,Product 0803,TK,TK(8)G,CANDYLAND,Supplier 66
2026-05-01,SKU0804,Warehouse,1.328,1.0709,36.29,25.0,75.0,25.0,33.2,6.8475,0.2739,0.2739,Product 0804,TK,TK(8)G,CANDYLAND,Supplier 66
2026-05-01,SKU0808,Store B,0.996,0.8032,0.0,0.0,0.0,0.0,0.0,0.0,0.0,0.0,Product 0808,TK,TK(40)G,CANDYLAND,Supplier 64
2026-05-01,SKU0810,Store B,0.249,0.2008,0.0,0.0,0.0,0.0,0.0,0.0,0.0,0.0,Product 0810,TK,TK(12)G,CANDYLAND,Multiple suppliers
2026-05-01,SKU0816,Warehouse,0.415,0.3347,0.0,0.0,0.0,0.0,0.0,0.0,0.0,0.0,Product 0816,TK,TK(20)G,CANDYLAND,Supplier 69
2026-05-01,SKU0817,Store B,2.075,1.6734,0.0,0.0,0.0,0.0,0.0,0.0,0.0,0.0,Product 0817,TK,TK(390)ML,CANDYLAND,Supplier 03
2026-05-01,SKU0818,Store B,2.075,1.6734,0.0,0.0,0.0,0.0,0.0,0.0,0.0,0.0,Product 0818,TK,TK(390)ML,CANDYLAND,Supplier 03
2026-05-01,SKU0823,Store A,3.735,3.0121,0.0,0.0,0.0,8.0,29.88,14.5416,0.0,0.0,Product 0823,TK,TK(100)G,CANDYLAND,Supplier 44
2026-05-01,SKU0825,Store B,3.735,3.0121,0.0,0.0,0.0,11.0,41.085,18.1687,0.0,0.0,Product 0825,TK,TK(100)G,CANDYLAND,Supplier 44
2026-05-01,SKU0829,Warehouse,1.245,1.0041,0.0,0.0,0.0,0.0,0.0,0.0,0.0,0.0,Product 0829,TK,TK(150)G,CANDYLAND,Supplier 48
2026-05-01,SKU0831,Store C,0.498,0.4016,139.225,132.0,146.0,45.0,22.41,7.6568,0.1701,0.1701,Product 0831,TK,TK(200)ML,CANDYLAND,Supplier 70
2026-05-01,SKU0839,Store C,0.249,0.2008,0.0,0.0,0.0,135.0,33.615,12.5496,0.0,0.0,Product 0839,TK,TK(18)G,CANDYLAND,Supplier 02
2026-05-01,SKU0848,Store C,0.996,0.8032,0.0,0.0,0.0,0.0,0.0,0.0,0.0,0.0,Product 0848,TK,TK(320)ML,CANDYLAND,Supplier 03
2026-05-01,SKU0853,Store A,8.217,6.6266,0.0,0.0,0.0,0.0,0.0,0.0,0.0,0.0,Product 0853,TK,TK(200)G,CANDYLAND,Supplier 58
2026-05-01,SKU0856,Store C,8.217,6.6266,0.0,0.0,0.0,0.0,0.0,0.0,0.0,0.0,Product 0856,TK,TK(200)G,CANDYLAND,Supplier 58
2026-05-01,SKU0860,Store C,3.237,2.6105,0.0,0.0,0.0,0.0,0.0,0.0,0.0,0.0,Product 0860,TK,TK(98)G,CANDYLAND,Supplier 23
2026-05-01,SKU0868,Store B,1.909,1.5395,1.709,0.0,18.0,11.0,20.999,13.0559,1.1873,1.1873,Product 0868,TK,TK(375)G,CANDYLAND,Supplier 19
2026-05-01,SKU0868,Warehouse,1.909,1.5395,1.548,0.0,24.0,0.0,0.0,0.0,1.1871,1.1871,Product 0868,TK,TK(375)G,CANDYLAND,Supplier 19
2026-05-01,SKU0882,Store A,0.249,0.2008,258.935,245.0,278.0,229.0,57.021,17.9426,0.0784,0.0784,Product 0882,TK,TK(15)G,CANDYLAND,Supplier 69
2026-05-01,SKU0882,Store B,0.249,0.2008,136.903,99.0,185.0,86.0,21.414,6.7383,0.0784,0.0784,Product 0882,TK,TK(15)G,CANDYLAND,Supplier 69
2026-05-01,SKU0883,Warehouse,0.166,0.1339,8222.58,8100.0,8300.0,0.0,0.0,0.0,0.0706,0.0706,Product 0883,TK,TK(13)G,CANDYLAND,Multiple suppliers
2026-05-01,SKU0891,Store A,1.162,0.9371,0.0,0.0,0.0,21.0,24.402,7.6518,0.0,0.0,Product 0891,TK,TK(57)G,CANDYLAND,Supplier 02
2026-05-01,SKU0899,Store A,0.498,0.4016,49.225,43.0,56.0,22.0,10.956,3.4694,0.1577,0.1577,Product 0899,TK,TK(16)G,CANDYLAND,Supplier 02
2026-05-01,SKU0899,Warehouse,0.498,0.4016,120.0,120.0,120.0,60.0,29.88,9.462,0.1577,0.1577,Product 0899,TK,TK(16)G,CANDYLAND,Supplier 02
2026-05-01,SKU0901,Store B,0.664,0.5355,16.58,10.0,25.0,1.0,0.664,0.2548,0.2548,0.2548,Product 0901,TK,TK(45)G,CANDYLAND,Supplier 02
2026-05-01,SKU0907,Store A,13.197,10.6428,0.0,0.0,0.0,0.0,0.0,0.0,0.0,0.0,Product 0907,TK,TK(200)G,CANDYLAND,Supplier 29
2026-05-01,SKU0907,Store B,13.197,10.6428,0.0,0.0,0.0,0.0,0.0,0.0,0.0,0.0,Product 0907,TK,TK(200)G,CANDYLAND,Supplier 29
2026-05-01,SKU0913,Warehouse,2.49,2.0081,0.0,0.0,0.0,0.0,0.0,0.0,0.0,0.0,Product 0913,TK,TK(144)G,CANDYLAND,Supplier 06
2026-05-01,SKU0921,Store B,1.162,0.9371,0.0,0.0,0.0,0.0,0.0,0.0,0.0,0.0,Product 0921,TK,TK(80)G,CANDYLAND,Supplier 64
2026-05-01,SKU0931,Store A,2.4485,1.9746,0.0,0.0,0.0,0.0,0.0,0.0,0.0,0.0,Product 0931,TK,"TK(13,2)G",CANDYLAND,Supplier 62
2026-05-01,SKU0931,Store C,2.4485,1.9746,2.29,1.0,5.0,0.0,0.0,0.0,1.1788,1.1788,Product 0931,TK,"TK(13,2)G",CANDYLAND,Supplier 62
2026-05-01,SKU0937,Warehouse,18.2185,14.6923,0.0,0.0,0.0,0.0,0.0,0.0,0.0,0.0,Product 0937,TK,"TK(118,8)G",CANDYLAND,Supplier 62
2026-05-01,SKU0942,Warehouse,2.075,1.6734,0.0,0.0,0.0,0.0,0.0,0.0,0.0,0.0,Product 0942,TK,TK(144)G,CANDYLAND,Supplier 59
2026-05-01,SKU0962,Store C,4.9385,3.9827,0.0,0.0,0.0,0.0,0.0,0.0,0.0,0.0,Product 0962,TK,TK(210)G,CANDYLAND,Supplier 55
2026-05-01,SKU0967,Store C,4.15,3.3468,0.0,0.0,0.0,0.0,0.0,0.0,0.0,0.0,Product 0967,TK,TK(185)G,CANDYLAND,Supplier 71
2026-05-01,SKU0968,Store C,3.154,2.5435,0.0,0.0,0.0,0.0,0.0,0.0,0.0,0.0,Product 0968,TK,TK(190)G,CANDYLAND,Supplier 71
2026-05-01,SKU0969,Store C,2.905,2.3428,0.0,0.0,0.0,0.0,0.0,0.0,0.0,0.0,Product 0969,TK,TK(197)G,CANDYLAND,Supplier 71
2026-05-01,SKU0978,Warehouse,2.656,2.1419,0.0,0.0,0.0,0.0,0.0,0.0,0.0,0.0,Product 0978,TK,TK(190)G,CANDYLAND,Supplier 71
2026-05-01,SKU0988,Store C,1.328,1.0709,24.258,24.0,25.0,16.0,21.248,7.968,0.498,0.498,Product 0988,TK,TK(128)G,CANDYLAND,Supplier 69
2026-05-01,SKU0990,Store C,1.328,1.0709,0.0,0.0,0.0,0.0,0.0,0.0,0.0,0.0,Product 0990,TK,TK(125)G,CANDYLAND,Supplier 46
2026-05-01,SKU0996,Store C,9.96,8.0322,0.0,0.0,0.0,6.0,59.76,26.4936,0.0,0.0,Product 0996,KG,TK(1000)G,CANDYLAND,Multiple suppliers
2026-05-01,SKU1000,Warehouse,0.664,0.5355,25.161,0.0,40.0,0.0,0.0,0.0,0.249,0.249,Product 1000,TK,TK(100)G,CANDYLAND,Supplier 22
2026-05-01,SKU1003,Store B,1.577,1.2718,0.0,0.0,0.0,0.0,0.0,0.0,0.0,0.0,Product 1003,TK,TK(57)G,CANDYLAND,Supplier 19
2026-05-01,SKU1006,Store B,0.996,0.8032,0.0,0.0,0.0,0.0,0.0,0.0,0.0,0.0,Product 1006,TK,TK(450)ML,CANDYLAND,Supplier 03
2026-05-01,SKU1009,Store A,1.328,1.0709,2.258,0.0,24.0,40.0,53.12,18.592,0.4648,0.4648,Product 1009,TK,TK(500)ML,CANDYLAND,Supplier 03
2026-05-01,SKU1015,Warehouse,0.996,0.8032,0.0,0.0,0.0,0.0,0.0,0.0,0.0,0.0,Product 1015,TK,TK(500)ML,CANDYLAND,Supplier 03
2026-05-01,SKU1016,Warehouse,0.747,0.6024,0.0,0.0,0.0,0.0,0.0,0.0,0.0,0.0,Product 1016,TK,TK(330)ML,CANDYLAND,Supplier 03
2026-05-01,SKU1018,Store A,0.664,0.5355,0.0,0.0,0.0,0.0,0.0,0.0,0.0,0.0,Product 1018,TK,TK(330)ML,CANDYLAND,Supplier 03
2026-05-01,SKU1018,Store B,0.664,0.5355,0.0,0.0,0.0,0.0,0.0,0.0,0.0,0.0,Product 1018,TK,TK(330)ML,CANDYLAND,Supplier 03
2026-05-01,SKU1020,Store B,0.747,0.6024,0.0,0.0,0.0,0.0,0.0,0.0,0.0,0.0,Product 1020,TK,TK(330)ML,CANDYLAND,Supplier 03
2026-05-01,SKU1026,Warehouse,0.747,0.6024,21.87,18.0,24.0,13.0,9.711,4.316,0.332,0.332,Product 1026,TK,TK(100)G,CANDYLAND,Supplier 11
2026-05-01,SKU1045,Store A,2.656,2.1419,0.0,0.0,0.0,0.0,0.0,0.0,0.0,0.0,Product 1045,TK,TK(750)ML,CANDYLAND,Supplier 03
2026-05-01,SKU1050,Warehouse,1.245,1.0041,72.0,72.0,72.0,24.0,29.88,7.3704,0.3071,0.3071,Product 1050,TK,TK(40)ML,CANDYLAND,Supplier 05
2026-05-01,SKU1058,Warehouse,0.415,0.3347,0.0,0.0,0.0,0.0,0.0,0.0,0.0,0.0,Product 1058,TK,TK(200)ML,CANDYLAND,Supplier 77
2026-05-01,SKU1068,Warehouse,1.328,1.0709,0.0,0.0,0.0,345.0,458.16,150.9064,0.0,0.0,Product 1068,TK,TK(100)G,CANDYLAND,Supplier 02
2026-05-01,SKU1079,Store B,1.577,1.2718,23.322,22.0,25.0,41.0,64.657,15.4836,0.3776,0.3776,Product 1079,TK,TK(40)G,CANDYLAND,Supplier 02
2026-05-01,SKU1082,Store B,1.245,1.0041,0.0,0.0,0.0,0.0,0.0,0.0,0.0,0.0,Product 1082,TK,TK(50)G,CANDYLAND,Supplier 02
2026-05-01,SKU1096,Store C,1.494,1.2048,12.774,0.0,24.0,10.0,14.94,4.15,0.415,0.415,Product 1096,TK,TK(40)G,CANDYLAND,Supplier 09
2026-05-01,SKU1102,Store B,2.988,2.4097,0.0,0.0,0.0,0.0,0.0,0.0,0.0,0.0,Product 1102,TK,TK(10)G,CANDYLAND,Supplier 51
2026-05-01,SKU1110,Store A,0.747,0.6024,0.0,0.0,0.0,0.0,0.0,0.0,0.0,0.0,Product 1110,TK,TK(75)G,CANDYLAND,Supplier 41
2026-05-01,SKU1110,Store B,0.747,0.6024,0.0,0.0,0.0,0.0,0.0,0.0,0.0,0.0,Product 1110,TK,TK(75)G,CANDYLAND,Supplier 41
2026-05-01,SKU1116,Store A,1.328,1.0709,0.0,0.0,0.0,0.0,0.0,0.0,0.0,0.0,Product 1116,TK,TK(150)G,CANDYLAND,Supplier 41
2026-05-01,SKU1120,Warehouse,3.237,2.6105,0.0,0.0,0.0,0.0,0.0,0.0,0.0,0.0,Product 1120,TK,TK(125)G,CANDYLAND,Supplier 26
2026-05-01,SKU1140,Store B,13.28,10.7097,0.0,0.0,0.0,0.0,0.0,0.0,0.0,0.0,Product 1140,TK,TK(400)G,CANDYLAND,Supplier 26
2026-05-01,SKU1142,Store C,1.66,1.3387,0.0,0.0,0.0,0.0,0.0,0.0,0.0,0.0,Product 1142,TK,TK(225)G,CANDYLAND,Supplier 26
2026-05-01,SKU1148,Store B,2.656,2.1419,0.0,0.0,0.0,0.0,0.0,0.0,0.0,0.0,Product 1148,TK,TK(150)G,CANDYLAND,Supplier 26
2026-05-01,SKU1161,Store A,2.656,2.1419,0.0,0.0,0.0,0.0,0.0,0.0,0.0,0.0,Product 1161,TK,TK(125)G,CANDYLAND,Supplier 26
2026-05-01,SKU1162,Warehouse,3.237,2.6105,0.0,0.0,0.0,0.0,0.0,0.0,0.0,0.0,Product 1162,TK,TK(125)G,CANDYLAND,Supplier 26
2026-05-01,SKU1164,Warehouse,3.237,2.6105,0.0,0.0,0.0,0.0,0.0,0.0,0.0,0.0,Product 1164,TK,TK(125)G,CANDYLAND,Supplier 26
2026-05-01,SKU1170,Store B,2.075,1.6734,0.0,0.0,0.0,0.0,0.0,0.0,0.0,0.0,Product 1170,TK,TK(100)G,CANDYLAND,Supplier 26
2026-05-01,SKU1171,Store C,2.075,1.6734,0.0,0.0,0.0,0.0,0.0,0.0,0.0,0.0,Product 1171,TK,TK(100)G,CANDYLAND,Supplier 26
2026-05-01,SKU1176,Warehouse,3.237,2.6105,0.0,0.0,0.0,0.0,0.0,0.0,0.0,0.0,Product 1176,TK,TK(150)G,CANDYLAND,Supplier 34
2026-05-01,SKU1183,Store C,1.494,1.2048,0.0,0.0,0.0,0.0,0.0,0.0,0.0,0.0,Product 1183,TK,TK(100)G,CANDYLAND,Supplier 26
2026-05-01,SKU1198,Store B,0.913,0.7363,0.0,0.0,0.0,0.0,0.0,0.0,0.0,0.0,Product 1198,TK,TK(75)G,CANDYLAND,Supplier 41
2026-05-01,SKU1207,Warehouse,2.324,1.8742,6.58,4.0,8.0,0.0,0.0,0.0,1.0459,1.0459,Product 1207,TK,TK(180)G,CANDYLAND,Supplier 39
2026-05-01,SKU1208,Store B,2.324,1.8742,6.193,5.0,7.0,2.0,4.648,2.0916,1.0459,1.0459,Product 1208,TK,TK(180)G,CANDYLAND,Multiple suppliers
2026-05-01,SKU1210,Store C,2.241,1.8072,1.516,0.0,16.0,0.0,0.0,0.0,1.1538,1.1538,Product 1210,TK,"TK(38,5)G",CANDYLAND,Supplier 43
2026-05-01,SKU1221,Store B,1.992,1.6065,0.0,0.0,0.0,0.0,0.0,0.0,0.0,0.0,Product 1221,TK,TK(126)G,CANDYLAND,Supplier 21
2026-05-01,SKU1224,Warehouse,1.992,1.6065,0.0,0.0,0.0,0.0,0.0,0.0,0.0,0.0,Product 1224,TK,TK(120)G,CANDYLAND,Supplier 17
2026-05-01,SKU1225,Store A,1.577,1.2718,0.0,0.0,0.0,0.0,0.0,0.0,0.0,0.0,Product 1225,TK,TK(120)G,CANDYLAND,Supplier 21
2026-05-01,SKU1234,Store A,1.909,1.5395,0.0,0.0,0.0,6.0,11.454,3.0876,0.0,0.0,Product 1234,TK,TK(100)G,CANDYLAND,Supplier 24
2026-05-01,SKU1241,Warehouse,0.747,0.6024,0.0,0.0,0.0,0.0,0.0,0.0,0.0,0.0,Product 1241,TK,TK(100)G,CANDYLAND,Supplier 30
2026-05-01,SKU1243,Store B,0.747,0.6024,0.0,0.0,0.0,0.0,0.0,0.0,0.0,0.0,Product 1243,TK,TK(100)G,CANDYLAND,Supplier 30
2026-05-01,SKU1245,Store C,2.49,2.0081,3.741,0.0,4.0,0.0,0.0,0.0,1.0958,1.0958,Product 1245,TK,TK(400)G,CANDYLAND,Supplier 24
2026-05-01,SKU1249,Warehouse,0.83,0.6694,0.0,0.0,0.0,0.0,0.0,0.0,0.0,0.0,Product 1249,TK,TK(70)G,CANDYLAND,Supplier 24
2026-05-01,SKU1254,Store A,1.494,1.2048,0.0,0.0,0.0,0.0,0.0,0.0,0.0,0.0,Product 1254,TK,TK(180)G,CANDYLAND,Supplier 24
2026-05-01,SKU1259,Store A,3.071,2.4766,0.0,0.0,0.0,1.0,3.071,1.3529,0.0,0.0,Product 1259,TK,TK(400)G,CANDYLAND,Supplier 24
2026-05-01,SKU1273,Store A,1.245,1.0041,0.0,0.0,0.0,0.0,0.0,0.0,0.0,0.0,Product 1273,TK,TK(75)G,CANDYLAND,Supplier 24
2026-05-01,SKU1273,Warehouse,1.245,1.0041,0.0,0.0,0.0,0.0,0.0,0.0,0.0,0.0,Product 1273,TK,TK(75)G,CANDYLAND,Supplier 24
2026-05-01,SKU1280,Store B,1.494,1.2048,0.0,0.0,0.0,0.0,0.0,0.0,0.0,0.0,Product 1280,TK,TK(150)G,CANDYLAND,Supplier 24
2026-05-01,SKU1284,Store C,1.411,1.1379,0.0,0.0,0.0,0.0,0.0,0.0,0.0,0.0,Product 1284,TK,TK(250)G,CANDYLAND,Supplier 24
2026-05-01,SKU1287,Store A,3.32,2.6774,0.0,0.0,0.0,0.0,0.0,0.0,0.0,0.0,Product 1287,TK,TK(300)G,CANDYLAND,Supplier 24
2026-05-01,SKU1288,Store A,1.494,1.2048,0.0,0.0,0.0,0.0,0.0,0.0,0.0,0.0,Product 1288,TK,TK(100)G,CANDYLAND,Supplier 24
2026-05-01,SKU1304,Store B,4.15,3.3468,12.0,12.0,12.0,11.0,45.65,20.999,1.909,1.909,Product 1304,TK,TK(250)G,CANDYLAND,Supplier 12
2026-05-01,SKU1305,Store B,2.075,1.6734,9.322,3.0,17.0,8.0,16.6,4.98,0.6225,0.6225,Product 1305,TK,TK(100)G,CANDYLAND,Multiple suppliers
2026-05-01,SKU1308,Warehouse,3.071,2.4766,0.0,0.0,0.0,0.0,0.0,0.0,0.0,0.0,Product 1308,TK,TK(300)G,CANDYLAND,Supplier 24
2026-05-01,SKU1316,Warehouse,1.494,1.2048,0.0,0.0,0.0,0.0,0.0,0.0,0.0,0.0,Product 1316,TK,TK(120)G,CANDYLAND,Supplier 24
2026-05-01,SKU1321,Warehouse,1.411,1.1379,12.903,0.0,40.0,0.0,0.0,0.0,0.6225,0.6225,Product 1321,TK,TK(150)ML,CANDYLAND,Supplier 03
2026-05-01,SKU1340,Store C,0.996,0.8032,0.0,0.0,0.0,0.0,0.0,0.0,0.0,0.0,Product 1340,TK,TK(500)ML,CANDYLAND,Supplier 03
2026-05-01,SKU1344,Warehouse,1.494,1.2048,0.0,0.0,0.0,0.0,0.0,0.0,0.0,0.0,Product 1344,TK,TK(125)G,CANDYLAND,Supplier 24
2026-05-01,SKU1363,Store A,2.241,1.8072,0.0,0.0,0.0,0.0,0.0,0.0,0.0,0.0,Product 1363,TK,TK(180)G,CANDYLAND,Supplier 24
2026-05-01,SKU1372,Warehouse,4.15,3.3468,0.0,0.0,0.0,0.0,0.0,0.0,0.0,0.0,Product 1372,TK,TK(6)G,CANDYLAND,Supplier 17
2026-05-01,SKU1376,Store B,5.81,4.6855,3.0,3.0,3.0,3.0,17.43,8.6901,2.8967,2.8967,Product 1376,TK,TK(119)G,CANDYLAND,Supplier 28
2026-05-01,SKU1376,Warehouse,5.81,4.6855,1.0,1.0,1.0,0.0,0.0,0.0,2.8967,2.8967,Product 1376,TK,TK(119)G,CANDYLAND,Supplier 28
2026-05-01,SKU1378,Warehouse,9.96,8.0322,0.0,0.0,0.0,0.0,0.0,0.0,0.0,0.0,Product 1378,TK,TK(205)G,CANDYLAND,Supplier 28
2026-05-01,SKU1381,Warehouse,1.577,1.2718,0.0,0.0,0.0,0.0,0.0,0.0,0.0,0.0,Product 1381,TK,TK(10)G,CANDYLAND,Supplier 17
2026-05-01,SKU1401,Store A,2.656,2.1419,1.032,0.0,4.0,6.0,15.936,7.47,1.2452,1.2452,Product 1401,TK,TK(300)G,CANDYLAND,Supplier 24
2026-05-01,SKU1409,Store B,1.66,1.3387,0.0,0.0,0.0,0.0,0.0,0.0,0.0,0.0,Product 1409,TK,TK(250)G,CANDYLAND,Supplier 24
2026-05-01,SKU1409,Store C,1.66,1.3387,0.0,0.0,0.0,0.0,0.0,0.0,0.0,0.0,Product 1409,TK,TK(250)G,CANDYLAND,Supplier 24
2026-05-01,SKU1412,Store B,1.66,1.3387,0.0,0.0,0.0,0.0,0.0,0.0,0.0,0.0,Product 1412,TK,TK(50)G,CANDYLAND,Supplier 24
2026-05-01,SKU1414,Store A,1.66,1.3387,0.0,0.0,0.0,0.0,0.0,0.0,0.0,0.0,Product 1414,TK,TK(180)G,CANDYLAND,Supplier 24
2026-05-01,SKU1419,Store A,0.664,0.5355,35.709,32.0,40.0,30.0,19.92,8.964,0.299,0.299,Product 1419,TK,"TK(21,5)G",CANDYLAND,Supplier 24
2026-05-01,SKU1424,Store A,0.249,0.2008,231.29,193.0,259.0,206.0,51.294,15.3027,0.0743,0.0743,Product 1424,TK,TK(11)G,CANDYLAND,Multiple suppliers
2026-05-01,SKU1440,Store C,3.486,2.8113,0.0,0.0,0.0,0.0,0.0,0.0,0.0,0.0,Product 1440,TK,TK(140)G,CANDYLAND,Supplier 24
2026-05-01,SKU1460,Store B,1.162,0.9371,0.0,0.0,0.0,0.0,0.0,0.0,0.0,0.0,Product 1460,TK,TK(210)ML,CANDYLAND,Supplier 24
2026-05-01,SKU1462,Store C,0.996,0.8032,7.129,6.0,9.0,3.0,2.988,1.2699,0.4233,0.4233,Product 1462,TK,TK(80)G,CANDYLAND,Supplier 24
2026-05-01,SKU1464,Warehouse,2.905,2.3428,0.0,0.0,0.0,0.0,0.0,0.0,0.0,0.0,Product 1464,TK,TK(400)G,CANDYLAND,Supplier 24
2026-05-01,SKU1485,Store C,0.332,0.2678,122.935,52.0,202.0,0.0,0.0,0.0,0.1278,0.1278,Product 1485,TK,TK(5)G,CANDYLAND,Multiple suppliers
2026-05-01,SKU1495,Store C,2.075,1.6734,0.0,0.0,0.0,0.0,0.0,0.0,0.0,0.0,Product 1495,TK,TK(120)G,CANDYLAND,Supplier 24
2026-05-01,SKU1498,Store B,2.49,2.0081,0.0,0.0,0.0,0.0,0.0,0.0,0.0,0.0,Product 1498,TK,TK(145)G,CANDYLAND,Supplier 24
2026-05-01,SKU1503,Store C,1.66,1.3387,0.0,0.0,0.0,0.0,0.0,0.0,0.0,0.0,Product 1503,TK,TK(125)G,CANDYLAND,Supplier 24
2026-05-01,SKU1510,Store A,0.83,0.6694,0.0,0.0,0.0,22.0,18.26,8.3996,0.0,0.0,Product 1510,TK,TK(200)ML,CANDYLAND,Supplier 24
2026-05-01,SKU1517,Store A,2.49,2.0081,0.0,0.0,0.0,0.0,0.0,0.0,0.0,0.0,Product 1517,TK,TK(170)G,CANDYLAND,Supplier 24
2026-05-01,SKU1518,Store C,0.83,0.6694,0.0,0.0,0.0,7.0,5.81,2.6726,0.0,0.0,Product 1518,TK,TK(200)ML,CANDYLAND,Supplier 24
2026-05-01,SKU1530,Warehouse,1.162,0.9371,0.0,0.0,0.0,0.0,0.0,0.0,0.0,0.0,Product 1530,TK,TK(25)G,CANDYLAND,Supplier 24
2026-05-01,SKU1544,Store B,1.66,1.3387,5.806,5.0,6.0,4.0,6.64,3.2204,0.8052,0.8052,Product 1544,TK,TK(84)G,CANDYLAND,Supplier 24
2026-05-01,SKU1552,Store A,1.826,1.4726,0.0,0.0,0.0,0.0,0.0,0.0,0.0,0.0,Product 1552,TK,TK(154)G,CANDYLAND,Supplier 24
2026-05-01,SKU1553,Warehouse,1.245,1.0041,0.0,0.0,0.0,0.0,0.0,0.0,0.0,0.0,Product 1553,TK,TK(8)G,CANDYLAND,Supplier 24
2026-05-01,SKU1560,Store B,0.913,0.7363,0.0,0.0,0.0,29.0,26.477,11.7943,0.0,0.0,Product 1560,TK,"TK(17,5)G",CANDYLAND,Supplier 24
2026-05-01,SKU1571,Store C,1.245,1.0041,0.0,0.0,0.0,3.0,3.735,1.6434,0.0,0.0,Product 1571,TK,TK(70)G,CANDYLAND,Supplier 24
2026-05-01,SKU1582,Store B,4.067,3.2798,0.0,0.0,0.0,0.0,0.0,0.0,0.0,0.0,Product 1582,TK,TK(200)G,CANDYLAND,Supplier 13
2026-05-01,SKU1597,Store C,2.656,2.1419,1.806,-1.0,6.0,9.0,23.904,12.3255,1.3698,1.3698,Product 1597,TK,TK(360)ML,CANDYLAND,Supplier 07
2026-05-01,SKU1612,Store A,1.411,1.1379,0.0,0.0,0.0,0.0,0.0,0.0,0.0,0.0,Product 1612,TK,TK(330)ML,CANDYLAND,Supplier 07
2026-05-01,SKU1617,Store A,0.996,0.8032,6.225,4.0,9.0,1.0,0.996,0.498,0.4981,0.4981,Product 1617,TK,TK(250)ML,CANDYLAND,Supplier 07
2026-05-01,SKU1617,Store B,0.996,0.8032,0.0,0.0,0.0,0.0,0.0,0.0,0.0,0.0,Product 1617,TK,TK(250)ML,CANDYLAND,Supplier 07
2026-05-01,SKU1629,Store B,0.083,0.083,154.58,127.0,194.0,75.0,6.225,6.225,0.083,0.083,Product 1629,TK,TK,CANDYLAND,Supplier 07
2026-05-01,SKU1634,Store A,3.652,2.9452,0.0,0.0,0.0,0.0,0.0,0.0,0.0,0.0,Product 1634,TK,TK(150)G,CANDYLAND,Supplier 75
2026-05-01,SKU1640,Store B,4.897,3.9492,0.0,0.0,0.0,0.0,0.0,0.0,0.0,0.0,Product 1640,TK,TK(140)G,CANDYLAND,Supplier 75
2026-05-01,SKU1642,Store C,1.245,1.0041,0.0,0.0,0.0,0.0,0.0,0.0,0.0,0.0,Product 1642,TK,TK(50)G,CANDYLAND,Supplier 75
2026-05-01,SKU1643,Store B,1.245,1.0041,0.0,0.0,0.0,0.0,0.0,0.0,0.0,0.0,Product 1643,TK,TK(50)G,CANDYLAND,Supplier 75
2026-05-01,SKU1650,Store A,4.565,3.6815,31.741,31.0,34.0,31.0,141.515,60.7228,1.9589,1.9589,Product 1650,TK,TK(150)G,CANDYLAND,Supplier 75
2026-05-01,SKU1660,Store B,0.747,0.6024,0.0,0.0,0.0,0.0,0.0,0.0,0.0,0.0,Product 1660,TK,TK(83)ML,CANDYLAND,Supplier 18
2026-05-01,SKU1662,Store C,0.996,0.8032,0.0,0.0,0.0,0.0,0.0,0.0,0.0,0.0,Product 1662,TK,TK(330)ML,CANDYLAND,Multiple suppliers
2026-05-01,SKU1664,Store C,2.407,1.9411,0.0,0.0,0.0,0.0,0.0,0.0,0.0,0.0,Product 1664,TK,TK(100)G,CANDYLAND,Supplier 29
2026-05-01,SKU1665,Warehouse,1.245,1.0041,0.0,0.0,0.0,0.0,0.0,0.0,0.0,0.0,Product 1665,TK,TK(150)G,CANDYLAND,Supplier 76
2026-05-01,SKU1671,Warehouse,1.743,1.4056,0.0,0.0,0.0,0.0,0.0,0.0,0.0,0.0,Product 1671,TK,TK(180)G,CANDYLAND,Supplier 76
2026-05-01,SKU1672,Warehouse,1.245,1.0041,0.0,0.0,0.0,0.0,0.0,0.0,0.0,0.0,Product 1672,TK,TK(86)G,CANDYLAND,Supplier 76
2026-05-01,SKU1684,Store B,0.913,0.7363,0.0,0.0,0.0,0.0,0.0,0.0,0.0,0.0,Product 1684,TK,TK(85)G,CANDYLAND,Supplier 42
2026-05-01,SKU1687,Store B,0.913,0.7363,37.483,16.0,58.0,0.0,0.0,0.0,0.3486,0.3486,Product 1687,TK,TK(85)G,CANDYLAND,Supplier 42
2026-05-01,SKU1691,Store C,2.49,2.0081,0.0,0.0,0.0,0.0,0.0,0.0,0.0,0.0,Product 1691,TK,TK(120)G,CANDYLAND,Supplier 18
2026-05-01,SKU1700,Warehouse,1.079,0.8702,0.0,0.0,0.0,0.0,0.0,0.0,0.0,0.0,Product 1700,TK,TK(37)G,CANDYLAND,Supplier 74
2026-05-01,SKU1705,Warehouse,2.49,2.0081,0.0,0.0,0.0,0.0,0.0,0.0,0.0,0.0,Product 1705,TK,TK(120)G,CANDYLAND,Supplier 74
2026-05-01,SKU1706,Store C,2.49,2.0081,0.0,0.0,0.0,0.0,0.0,0.0,0.0,0.0,Product 1706,TK,TK(141)G,CANDYLAND,Multiple suppliers
2026-05-01,SKU1712,Store C,1.328,1.0709,0.0,0.0,0.0,0.0,0.0,0.0,0.0,0.0,Product 1712,TK,TK(128)G,CANDYLAND,Supplier 46
2026-05-01,SKU1713,Store A,1.328,1.0709,25.096,25.0,26.0,18.0,23.904,9.2628,0.5146,0.5146,Product 1713,TK,TK(128)G,CANDYLAND,Supplier 46
2026-05-01,SKU1715,Warehouse,1.328,1.0709,2.032,0.0,9.0,0.0,0.0,0.0,0.5063,0.5063,Product 1715,TK,TK(128)G,CANDYLAND,Supplier 46
2026-05-01,SKU1716,Store B,1.328,1.0709,15.451,11.0,20.0,0.0,0.0,0.0,0.498,0.498,Product 1716,TK,TK(128)G,CANDYLAND,Supplier 46
2026-05-01,SKU1718,Store B,1.577,1.2718,0.0,0.0,0.0,0.0,0.0,0.0,0.0,0.0,Product 1718,TK,"TK(119,6)G",CANDYLAND,Supplier 74
2026-05-01,SKU1719,Store C,3.154,2.5435,2.225,0.0,7.0,0.0,0.0,0.0,1.453,1.453,Product 1719,TK,TK(227)G,CANDYLAND,Multiple suppliers
2026-05-01,SKU1723,Store B,3.32,2.6774,2.612,2.0,5.0,0.0,0.0,0.0,1.5692,1.5692,Product 1723,TK,TK(120)G,CANDYLAND,Supplier 09
2026-05-01,SKU1726,Store A,2.905,2.3428,0.0,0.0,0.0,0.0,0.0,0.0,0.0,0.0,Product 1726,TK,TK(120)G,CANDYLAND,Supplier 09
2026-05-01,SKU1729,Warehouse,3.32,2.6774,199.741,144.0,264.0,23.0,76.36,27.4896,1.1952,1.1952,Product 1729,TK,TK(120)G,CANDYLAND,Supplier 09
2026-05-01,SKU1730,Warehouse,3.32,2.6774,127.354,108.0,144.0,0.0,0.0,0.0,1.0707,1.0707,Product 1730,TK,TK(120)G,CANDYLAND,Supplier 09
2026-05-01,SKU1733,Warehouse,1.826,1.4726,0.0,0.0,0.0,0.0,0.0,0.0,0.0,0.0,Product 1733,TK,TK(39)G,CANDYLAND,Supplier 09
2026-05-01,SKU1735,Store A,1.494,1.2048,22.29,11.0,35.0,5.0,7.47,2.075,0.415,0.415,Product 1735,TK,TK(40)G,CANDYLAND,Supplier 09
2026-05-01,SKU1737,Warehouse,0.747,0.6024,0.0,0.0,0.0,0.0,0.0,0.0,0.0,0.0,Product 1737,TK,"TK(13,8)G",CANDYLAND,Supplier 09
2026-05-01,SKU1739,Store A,0.747,0.6024,0.0,0.0,0.0,0.0,0.0,0.0,0.0,0.0,Product 1739,TK,"TK(13,8)G",CANDYLAND,Supplier 09
2026-05-01,SKU1740,Store B,6.64,5.3548,1.0,1.0,1.0,0.0,0.0,0.0,3.3117,3.3117,Product 1740,TK,TK(230)G,CANDYLAND,Multiple suppliers
2026-05-01,SKU1745,Store C,0.083,0.083,3.096,0.0,32.0,4.0,0.332,0.332,0.083,0.083,Product 1745,TK,TK,CANDYLAND,Supplier 10
2026-05-01,SKU1752,Store A,1.411,1.1379,0.0,0.0,0.0,0.0,0.0,0.0,0.0,0.0,Product 1752,TK,TK(135)G,CANDYLAND,Supplier 46
2026-05-01,SKU1752,Store C,1.411,1.1379,0.0,0.0,0.0,0.0,0.0,0.0,0.0,0.0,Product 1752,TK,TK(135)G,CANDYLAND,Supplier 46
2026-05-01,SKU1753,Store A,1.411,1.1379,0.0,0.0,0.0,0.0,0.0,0.0,0.0,0.0,Product 1753,TK,TK(135)G,CANDYLAND,Supplier 46
2026-05-01,SKU1755,Warehouse,2.49,2.0081,0.0,0.0,0.0,0.0,0.0,0.0,0.0,0.0,Product 1755,TK,TK(50)G,CANDYLAND,Supplier 74
2026-05-01,SKU1757,Store A,2.49,2.0081,0.0,0.0,0.0,0.0,0.0,0.0,0.0,0.0,Product 1757,TK,TK(142)G,CANDYLAND,Supplier 74
2026-05-01,SKU1758,Store C,2.49,2.0081,0.0,0.0,0.0,0.0,0.0,0.0,0.0,0.0,Product 1758,TK,TK(142)G,CANDYLAND,Supplier 74
2026-05-01,SKU1765,Store B,2.158,1.7403,0.0,0.0,0.0,0.0,0.0,0.0,0.0,0.0,Product 1765,TK,TK(42)G,CANDYLAND,Supplier 74
2026-05-01,SKU1767,Store C,2.158,1.7403,0.0,0.0,0.0,0.0,0.0,0.0,0.0,0.0,Product 1767,TK,TK(42)G,CANDYLAND,Multiple suppliers
2026-05-01,SKU1770,Store C,1.411,1.1379,0.0,0.0,0.0,0.0,0.0,0.0,0.0,0.0,Product 1770,TK,TK(335)ML,CANDYLAND,Supplier 74
2026-05-01,SKU1772,Warehouse,2.3987,1.9344,0.0,0.0,0.0,0.0,0.0,0.0,0.0,0.0,Product 1772,TK,TK(102)G,CANDYLAND,Supplier 74
2026-05-01,SKU1778,Store C,1.66,1.3387,0.0,0.0,0.0,0.0,0.0,0.0,0.0,0.0,Product 1778,TK,TK(330)ML,CANDYLAND,Supplier 74
2026-05-01,SKU1779,Store A,2.324,1.8742,0.0,0.0,0.0,0.0,0.0,0.0,0.0,0.0,Product 1779,TK,TK(175)G,CANDYLAND,Supplier 42
2026-05-01,SKU1782,Store B,2.324,1.8742,0.0,0.0,0.0,0.0,0.0,0.0,0.0,0.0,Product 1782,TK,TK(175)G,CANDYLAND,Supplier 42
2026-05-01,SKU1794,Store A,0.913,0.7363,4.645,0.0,48.0,28.0,25.564,8.3664,0.2988,0.2988,Product 1794,TK,TK(35)G,CANDYLAND,Supplier 42
2026-05-01,SKU1795,Store A,8.715,7.0282,8.387,3.0,13.0,0.0,0.0,0.0,3.984,3.984,Product 1795,TK,TK(189)G,CANDYLAND,Multiple suppliers
2026-06-01,SKU0002,Store A,0.332,0.2678,0.0,0.0,0.0,0.0,0.0,0.0,0.0,0.0,Product 0002,TK,TK(14)G,CANDYLAND,Supplier 64
2026-06-01,SKU0003,Store B,0.332,0.2678,0.0,0.0,0.0,0.0,0.0,0.0,0.0,0.0,Product 0003,TK,TK(14)G,CANDYLAND,Supplier 64
2026-06-01,SKU0004,Store B,0.415,0.3347,0.0,0.0,0.0,0.0,0.0,0.0,0.0,0.0,Product 0004,TK,TK(19)G,CANDYLAND,Supplier 64
2026-06-01,SKU0008,Store C,0.581,0.4685,-0.033,-1.0,0.0,0.0,0.0,0.0,0.2112,0.2112,Product 0008,TK,TK(35)G,CANDYLAND,Supplier 64
2026-06-01,SKU0025,Store B,1.245,1.0041,0.0,0.0,0.0,0.0,0.0,0.0,0.0,0.0,Product 0025,TK,TK(105)ML,CANDYLAND,Supplier 64
2026-06-01,SKU0026,Warehouse,0.913,0.7363,0.0,0.0,0.0,0.0,0.0,0.0,0.0,0.0,Product 0026,TK,TK(50)ML,CANDYLAND,Supplier 64
2026-06-01,SKU0043,Store C,3.735,3.0121,0.0,0.0,0.0,0.0,0.0,0.0,0.0,0.0,Product 0043,TK,TK(20)G,CANDYLAND,Supplier 66
2026-06-01,SKU0047,Store A,1.494,1.2048,0.0,0.0,0.0,0.0,0.0,0.0,0.0,0.0,Product 0047,TK,TK(10)G,CANDYLAND,Supplier 66
2026-06-01,SKU0051,Store A,2.988,2.4097,0.0,0.0,0.0,0.0,0.0,0.0,0.0,0.0,Product 0051,TK,TK(40)G,CANDYLAND,Supplier 66
2026-06-01,SKU0054,Store C,1.0375,0.8367,0.0,0.0,0.0,0.0,0.0,0.0,0.0,0.0,Product 0054,TK,TK(100)G,CANDYLAND,Supplier 59
2026-06-01,SKU0065,Store A,0.913,0.7363,0.0,0.0,0.0,0.0,0.0,0.0,0.0,0.0,Product 0065,TK,TK(90)G,CANDYLAND,Supplier 68
2026-06-01,SKU0065,Store C,0.913,0.7363,0.0,0.0,0.0,0.0,0.0,0.0,0.0,0.0,Product 0065,TK,TK(90)G,CANDYLAND,Supplier 68
2026-06-01,SKU0070,Store C,1.577,1.2718,31.3,13.0,49.0,39.0,61.503,24.2775,0.6225,0.6225,Product 0070,TK,TK(30)G,CANDYLAND,Supplier 66
2026-06-01,SKU0071,Store B,1.245,1.0041,0.0,0.0,0.0,0.0,0.0,0.0,0.0,0.0,Product 0071,TK,TK(30)G,CANDYLAND,Supplier 66
2026-06-01,SKU0073,Warehouse,1.411,1.1379,0.0,0.0,0.0,0.0,0.0,0.0,0.0,0.0,Product 0073,TK,TK(50)G,CANDYLAND,Supplier 66
2026-06-01,SKU0085,Store A,0.332,0.2678,0.0,0.0,0.0,0.0,0.0,0.0,0.0,0.0,Product 0085,TK,TK(10)G,CANDYLAND,Supplier 64
2026-06-01,SKU0089,Warehouse,0.913,0.7363,0.0,0.0,0.0,0.0,0.0,0.0,0.0,0.0,Product 0089,TK,TK(90)G,CANDYLAND,Supplier 68
2026-06-01,SKU0093,Warehouse,1.826,1.4726,0.0,0.0,0.0,0.0,0.0,0.0,0.0,0.0,Product 0093,TK,TK(200)G,CANDYLAND,Supplier 59
2026-06-01,SKU0103,Store B,10.707,8.6347,0.0,0.0,0.0,0.0,0.0,0.0,0.0,0.0,Product 0103,TK,TK(150)G,CANDYLAND,Supplier 73
2026-06-01,SKU0103,Store C,10.707,8.6347,0.0,0.0,0.0,0.0,0.0,0.0,0.0,0.0,Product 0103,TK,TK(150)G,CANDYLAND,Supplier 73
2026-06-01,SKU0111,Store C,4.482,3.6145,0.0,0.0,0.0,0.0,0.0,0.0,0.0,0.0,Product 0111,TK,TK(454)G,CANDYLAND,Supplier 31
2026-06-01,SKU0113,Store C,4.565,3.6815,0.0,0.0,0.0,0.0,0.0,0.0,0.0,0.0,Product 0113,TK,TK(97)G,CANDYLAND,Supplier 73
2026-06-01,SKU0126,Store A,1.826,1.4726,21.066,20.0,23.0,17.0,31.042,10.8407,0.6377,0.6377,Product 0126,TK,TK(16)G,CANDYLAND,Supplier 05
2026-06-01,SKU0126,Warehouse,1.826,1.4726,12.0,12.0,12.0,0.0,0.0,0.0,0.6377,0.6377,Product 0126,TK,TK(16)G,CANDYLAND,Supplier 05
2026-06-01,SKU0127,Store A,2.988,2.4097,0.0,0.0,0.0,0.0,0.0,0.0,0.0,0.0,Product 0127,TK,TK(66)G,CANDYLAND,Supplier 05
2026-06-01,SKU0128,Warehouse,2.988,2.4097,0.0,0.0,0.0,0.0,0.0,0.0,0.0,0.0,Product 0128,TK,TK(70)G,CANDYLAND,Supplier 05
2026-06-01,SKU0134,Store A,0.249,0.2008,0.0,0.0,0.0,0.0,0.0,0.0,0.0,0.0,Product 0134,TK,TK(8)G,CANDYLAND,Supplier 36
2026-06-01,SKU0139,Warehouse,1.66,1.3387,0.0,0.0,0.0,0.0,0.0,0.0,0.0,0.0,Product 0139,TK,TK(100)G,CANDYLAND,Supplier 59
2026-06-01,SKU0144,Store B,0.3735,0.3012,29.9,19.0,41.0,87.0,32.4945,10.7087,0.1231,0.1231,Product 0144,TK,TK(19)G,CANDYLAND,Supplier 68
2026-06-01,SKU0153,Store C,0.3735,0.3012,16.333,13.0,23.0,14.0,5.229,2.5564,0.1826,0.1826,Product 0153,TK,TK(19)G,CANDYLAND,Multiple suppliers
2026-06-01,SKU0154,Store C,1.162,0.9371,54.366,48.0,60.0,32.0,37.184,10.624,0.332,0.332,Product 0154,TK,TK(15)G,CANDYLAND,Supplier 66
2026-06-01,SKU0156,Store C,0.913,0.7363,21.233,11.0,25.0,9.0,8.217,3.0627,0.3403,0.3403,Product 0156,TK,TK(90)G,CANDYLAND,Supplier 68
2026-06-01,SKU0162,Warehouse,0.332,0.2678,0.0,0.0,0.0,0.0,0.0,0.0,0.0,0.0,Product 0162,TK,TK(15)G,CANDYLAND,Supplier 64
2026-06-01,SKU0163,Warehouse,1.494,1.2048,0.0,0.0,0.0,0.0,0.0,0.0,0.0,0.0,Product 0163,TK,TK(200)G,CANDYLAND,Supplier 59
2026-06-01,SKU0166,Store A,1.66,1.3387,11.833,8.0,12.0,0.0,0.0,0.0,0.415,0.415,Product 0166,TK,TK(360)ML,CANDYLAND,Multiple suppliers
2026-06-01,SKU0166,Store B,1.66,1.3387,1.033,0.0,11.0,0.0,0.0,0.0,0.4151,0.4151,Product 0166,TK,TK(360)ML,CANDYLAND,Multiple suppliers
2026-06-01,SKU0170,Store C,1.245,1.0041,0.0,0.0,0.0,0.0,0.0,0.0,0.0,0.0,Product 0170,TK,TK(60)G,CANDYLAND,Supplier 64
2026-06-01,SKU0177,Warehouse,1.245,1.0041,0.0,0.0,0.0,0.0,0.0,0.0,0.0,0.0,Product 0177,TK,TK(120)G,CANDYLAND,Supplier 59
2026-06-01,SKU0180,Warehouse,0.83,0.6694,0.0,0.0,0.0,0.0,0.0,0.0,0.0,0.0,Product 0180,TK,TK(330)ML,CANDYLAND,Supplier 59
2026-06-01,SKU0184,Store C,0.2407,0.1941,0.0,0.0,0.0,0.0,0.0,0.0,0.0,0.0,Product 0184,TK,TK(80)G,CANDYLAND,Supplier 59
2026-06-01,SKU0192,Store B,1.328,1.0709,0.0,0.0,0.0,0.0,0.0,0.0,0.0,0.0,Product 0192,TK,TK(80)G,CANDYLAND,Supplier 59
2026-06-01,SKU0192,Store C,1.328,1.0709,0.0,0.0,0.0,0.0,0.0,0.0,0.0,0.0,Product 0192,TK,TK(80)G,CANDYLAND,Supplier 59
2026-06-01,SKU0196,Store C,1.162,0.9371,0.0,0.0,0.0,0.0,0.0,0.0,0.0,0.0,Product 0196,TK,TK(80)G,CANDYLAND,Supplier 59
2026-06-01,SKU0200,Warehouse,1.494,1.2048,0.0,0.0,0.0,0.0,0.0,0.0,0.0,0.0,Product 0200,TK,TK(85)G,CANDYLAND,Supplier 59
2026-06-01,SKU0202,Store C,1.494,1.2048,0.0,0.0,0.0,0.0,0.0,0.0,0.0,0.0,Product 0202,TK,TK(100)G,CANDYLAND,Supplier 59
2026-06-01,SKU0204,Store C,0.747,0.6024,0.0,0.0,0.0,0.0,0.0,0.0,0.0,0.0,Product 0204,TK,TK(330)ML,CANDYLAND,Supplier 59
2026-06-01,SKU0213,Store C,1.66,1.3387,0.0,0.0,0.0,0.0,0.0,0.0,0.0,0.0,Product 0213,TK,TK(200)G,CANDYLAND,Supplier 59
2026-06-01,SKU0219,Store B,2.241,1.8072,0.0,0.0,0.0,0.0,0.0,0.0,0.0,0.0,Product 0219,TK,TK(200)G,CANDYLAND,Supplier 59
2026-06-01,SKU0220,Store C,1.162,0.9371,0.0,0.0,0.0,0.0,0.0,0.0,0.0,0.0,Product 0220,TK,TK(30)G,CANDYLAND,Supplier 59
2026-06-01,SKU0222,Store A,1.162,0.9371,0.0,0.0,0.0,0.0,0.0,0.0,0.0,0.0,Product 0222,TK,TK(27)G,CANDYLAND,Supplier 59
2026-06-01,SKU0225,Store B,3.818,3.0791,0.0,0.0,0.0,0.0,0.0,0.0,0.0,0.0,Product 0225,TK,TK(200)G,CANDYLAND,Supplier 59
2026-06-01,SKU0233,Warehouse,1.245,1.0041,0.0,0.0,0.0,0.0,0.0,0.0,0.0,0.0,Product 0233,TK,TK(200)G,CANDYLAND,Supplier 59
2026-06-01,SKU0234,Store B,1.328,1.0709,0.0,0.0,0.0,0.0,0.0,0.0,0.0,0.0,Product 0234,TK,TK(100)G,CANDYLAND,Supplier 59
2026-06-01,SKU0242,Store C,0.83,0.6694,0.0,0.0,0.0,0.0,0.0,0.0,0.0,0.0,Product 0242,TK,TK(20)G,CANDYLAND,Supplier 59
2026-06-01,SKU0249,Warehouse,1.328,1.0709,0.0,0.0,0.0,0.0,0.0,0.0,0.0,0.0,Product 0249,TK,TK(40)ML,CANDYLAND,Supplier 59
2026-06-01,SKU0252,Store A,0.83,0.6694,0.0,0.0,0.0,0.0,0.0,0.0,0.0,0.0,Product 0252,TK,TK(9)ML,CANDYLAND,Supplier 59
2026-06-01,SKU0253,Store A,1.66,1.3387,0.0,0.0,0.0,0.0,0.0,0.0,0.0,0.0,Product 0253,TK,TK(114)G,CANDYLAND,Supplier 59
2026-06-01,SKU0262,Warehouse,1.245,1.0041,0.0,0.0,0.0,0.0,0.0,0.0,0.0,0.0,Product 0262,TK,TK(160)G,CANDYLAND,Supplier 59
2026-06-01,SKU0276,Store B,0.8715,0.7028,0.0,0.0,0.0,0.0,0.0,0.0,0.0,0.0,Product 0276,TK,TK(33)G,CANDYLAND,Supplier 59
2026-06-01,SKU0280,Store A,0.249,0.2008,0.0,0.0,0.0,0.0,0.0,0.0,0.0,0.0,Product 0280,TK,TK(12)G,CANDYLAND,Supplier 59
2026-06-01,SKU0306,Warehouse,1.494,1.2048,0.0,0.0,0.0,0.0,0.0,0.0,0.0,0.0,Product 0306,TK,TK(70)G,CANDYLAND,Supplier 59
2026-06-01,SKU0307,Store B,0.996,0.8032,0.0,0.0,0.0,0.0,0.0,0.0,0.0,0.0,Product 0307,TK,TK(26)G,CANDYLAND,Supplier 59
2026-06-01,SKU0307,Warehouse,0.996,0.8032,0.0,0.0,0.0,0.0,0.0,0.0,0.0,0.0,Product 0307,TK,TK(26)G,CANDYLAND,Supplier 59
2026-06-01,SKU0314,Warehouse,1.328,1.0709,0.0,0.0,0.0,0.0,0.0,0.0,0.0,0.0,Product 0314,TK,TK(28)G,CANDYLAND,Supplier 59
2026-06-01,SKU0325,Store C,1.411,1.1379,0.0,0.0,0.0,0.0,0.0,0.0,0.0,0.0,Product 0325,TK,TK(150)G,CANDYLAND,Supplier 33
2026-06-01,SKU0332,Store C,1.162,0.9371,0.0,0.0,0.0,0.0,0.0,0.0,0.0,0.0,Product 0332,TK,TK(50)G,CANDYLAND,Supplier 59
2026-06-01,SKU0336,Store A,1.245,1.0041,0.0,0.0,0.0,0.0,0.0,0.0,0.0,0.0,Product 0336,TK,TK(200)G,CANDYLAND,Supplier 59
2026-06-01,SKU0340,Store C,1.328,1.0709,0.0,0.0,0.0,0.0,0.0,0.0,0.0,0.0,Product 0340,TK,TK(80)G,CANDYLAND,Supplier 59
2026-06-01,SKU0347,Warehouse,1.245,1.0041,0.0,0.0,0.0,0.0,0.0,0.0,0.0,0.0,Product 0347,TK,TK(200)G,CANDYLAND,Supplier 59
2026-06-01,SKU0350,Store C,1.328,1.0709,0.0,0.0,0.0,0.0,0.0,0.0,0.0,0.0,Product 0350,TK,TK(50)G,CANDYLAND,Supplier 59
2026-06-01,SKU0354,Store A,0.332,0.2678,0.0,0.0,0.0,0.0,0.0,0.0,0.0,0.0,Product 0354,TK,TK(10)G,CANDYLAND,Unknown supplier
2026-06-01,SKU0357,Store B,2.49,2.0081,0.0,0.0,0.0,0.0,0.0,0.0,0.0,0.0,Product 0357,TK,TK(350)ML,CANDYLAND,Supplier 59
2026-06-01,SKU0359,Warehouse,2.49,2.0081,0.0,0.0,0.0,0.0,0.0,0.0,0.0,0.0,Product 0359,TK,TK(350)ML,CANDYLAND,Supplier 59
2026-06-01,SKU0361,Store C,2.49,2.0081,0.0,0.0,0.0,0.0,0.0,0.0,0.0,0.0,Product 0361,TK,TK(99)G,CANDYLAND,Multiple suppliers
2026-06-01,SKU0362,Store C,2.49,2.0081,0.0,0.0,0.0,0.0,0.0,0.0,0.0,0.0,Product 0362,TK,TK(85)G,CANDYLAND,Supplier 59
2026-06-01,SKU0366,Store B,1.079,0.8702,0.0,0.0,0.0,0.0,0.0,0.0,0.0,0.0,Product 0366,TK,TK(85)G,CANDYLAND,Supplier 59
2026-06-01,SKU0369,Store B,1.66,1.3387,0.0,0.0,0.0,0.0,0.0,0.0,0.0,0.0,Product 0369,TK,"TK(112,5)G",CANDYLAND,Supplier 59
2026-06-01,SKU0374,Store A,0.83,0.6694,0.0,0.0,0.0,0.0,0.0,0.0,0.0,0.0,Product 0374,TK,TK(80)G,CANDYLAND,Supplier 59
2026-06-01,SKU0375,Store A,2.49,2.0081,0.0,0.0,0.0,0.0,0.0,0.0,0.0,0.0,Product 0375,TK,TK(99)G,CANDYLAND,Multiple suppliers
2026-06-01,SKU0382,Store B,0.83,0.6694,0.0,0.0,0.0,0.0,0.0,0.0,0.0,0.0,Product 0382,TK,TK(80)G,CANDYLAND,Supplier 59
2026-06-01,SKU0385,Store B,1.826,1.4726,0.0,0.0,0.0,0.0,0.0,0.0,0.0,0.0,Product 0385,TK,TK(80)G,CANDYLAND,Supplier 59
2026-06-01,SKU0390,Store B,1.411,1.1379,0.0,0.0,0.0,0.0,0.0,0.0,0.0,0.0,Product 0390,TK,TK(140)G,CANDYLAND,Supplier 59
2026-06-01,SKU0392,Store A,1.909,1.5395,0.0,0.0,0.0,0.0,0.0,0.0,0.0,0.0,Product 0392,TK,TK(500)ML,CANDYLAND,Supplier 59
2026-06-01,SKU0394,Store C,0.415,0.3347,0.0,0.0,0.0,0.0,0.0,0.0,0.0,0.0,Product 0394,TK,TK(35)G,CANDYLAND,Supplier 59
2026-06-01,SKU0398,Store C,2.407,1.9411,16.766,15.0,19.0,0.0,0.0,0.0,0.996,0.996,Product 0398,TK,TK(80)G,CANDYLAND,Supplier 59
2026-06-01,SKU0399,Store B,1.245,1.0041,0.0,0.0,0.0,0.0,0.0,0.0,0.0,0.0,Product 0399,TK,TK(160)G,CANDYLAND,Supplier 59
2026-06-01,SKU0399,Warehouse,1.245,1.0041,0.0,0.0,0.0,0.0,0.0,0.0,0.0,0.0,Product 0399,TK,TK(160)G,CANDYLAND,Supplier 59
2026-06-01,SKU0405,Store C,1.494,1.2048,0.0,0.0,0.0,0.0,0.0,0.0,0.0,0.0,Product 0405,TK,TK(160)G,CANDYLAND,Supplier 59
2026-06-01,SKU0413,Store A,1.494,1.2048,0.0,0.0,0.0,0.0,0.0,0.0,0.0,0.0,Product 0413,TK,TK(160)G,CANDYLAND,Supplier 59
2026-06-01,SKU0417,Store A,2.49,2.0081,0.0,0.0,0.0,0.0,0.0,0.0,0.0,0.0,Product 0417,TK,TK(132)G,CANDYLAND,Multiple suppliers
2026-06-01,SKU0418,Warehouse,1.577,1.2718,0.0,0.0,0.0,0.0,0.0,0.0,0.0,0.0,Product 0418,TK,"TK(61,3)G",CANDYLAND,Supplier 59
2026-06-01,SKU0424,Store C,0.9545,0.7697,0.0,0.0,0.0,0.0,0.0,0.0,0.0,0.0,Product 0424,TK,TK(240)ML,CANDYLAND,Supplier 59
2026-06-01,SKU0436,Store C,0.249,0.2008,0.0,0.0,0.0,0.0,0.0,0.0,0.0,0.0,Product 0436,TK,TK(4)G,CANDYLAND,Supplier 02
2026-06-01,SKU0438,Warehouse,0.249,0.2008,0.0,0.0,0.0,0.0,0.0,0.0,0.0,0.0,Product 0438,TK,TK(5)G,CANDYLAND,Multiple suppliers
2026-06-01,SKU0439,Store C,1.162,0.9371,0.0,0.0,0.0,0.0,0.0,0.0,0.0,0.0,Product 0439,TK,TK(14)G,CANDYLAND,Supplier 59
2026-06-01,SKU0446,Store A,2.241,1.8072,0.0,0.0,0.0,0.0,0.0,0.0,0.0,0.0,Product 0446,TK,TK(180)G,CANDYLAND,Supplier 59
2026-06-01,SKU0450,Store A,1.66,1.3387,0.0,0.0,0.0,0.0,0.0,0.0,0.0,0.0,Product 0450,TK,TK(115)G,CANDYLAND,Supplier 59
2026-06-01,SKU0451,Store A,1.66,1.3387,0.166,0.0,1.0,0.0,0.0,0.0,0.4605,0.4605,Product 0451,TK,TK(5)G,CANDYLAND,Supplier 02
2026-06-01,SKU0454,Store A,1.66,1.3387,0.0,0.0,0.0,0.0,0.0,0.0,0.0,0.0,Product 0454,TK,TK(72)G,CANDYLAND,Supplier 59
2026-06-01,SKU0457,Store B,1.66,1.3387,0.0,0.0,0.0,0.0,0.0,0.0,0.0,0.0,Product 0457,TK,TK(30)G,CANDYLAND,Supplier 59
2026-06-01,SKU0468,Warehouse,5.727,4.6185,0.0,0.0,0.0,0.0,0.0,0.0,0.0,0.0,Product 0468,TK,TK(484)G,CANDYLAND,Supplier 59
2026-06-01,SKU0470,Warehouse,1.494,1.2048,0.0,0.0,0.0,0.0,0.0,0.0,0.0,0.0,Product 0470,TK,TK(18)G,CANDYLAND,Supplier 59
2026-06-01,SKU0476,Store A,1.162,0.9371,0.966,0.0,1.0,0.0,0.0,0.0,0.5149,0.5149,Product 0476,TK,TK(30)G,CANDYLAND,Supplier 59
2026-06-01,SKU0481,Store B,2.49,2.0081,0.0,0.0,0.0,0.0,0.0,0.0,0.0,0.0,Product 0481,TK,TK(141)G,CANDYLAND,Multiple suppliers
2026-06-01,SKU0486,Store B,1.245,1.0041,0.0,0.0,0.0,0.0,0.0,0.0,0.0,0.0,Product 0486,TK,TK(100)G,CANDYLAND,Supplier 59
2026-06-01,SKU0487,Warehouse,1.245,1.0041,0.0,0.0,0.0,0.0,0.0,0.0,0.0,0.0,Product 0487,TK,TK(40)G,CANDYLAND,Supplier 59
2026-06-01,SKU0490,Store B,1.66,1.3387,0.0,0.0,0.0,0.0,0.0,0.0,0.0,0.0,Product 0490,TK,TK(30)G,CANDYLAND,Supplier 59
2026-06-01,SKU0502,Store C,1.66,1.3387,0.0,0.0,0.0,0.0,0.0,0.0,0.0,0.0,Product 0502,TK,TK(114)G,CANDYLAND,Supplier 59
2026-06-01,SKU0503,Store A,1.66,1.3387,0.0,0.0,0.0,0.0,0.0,0.0,0.0,0.0,Product 0503,TK,TK(114)G,CANDYLAND,Supplier 59
2026-06-01,SKU0516,Store B,0.996,0.8032,0.0,0.0,0.0,0.0,0.0,0.0,0.0,0.0,Product 0516,TK,TK(80)G,CANDYLAND,Supplier 59
2026-06-01,SKU0533,Warehouse,2.49,2.0081,0.0,0.0,0.0,0.0,0.0,0.0,0.0,0.0,Product 0533,TK,TK(132)G,CANDYLAND,Supplier 59
2026-06-01,SKU0539,Store A,1.328,1.0709,0.0,0.0,0.0,0.0,0.0,0.0,0.0,0.0,Product 0539,TK,TK(110)G,CANDYLAND,Supplier 59
2026-06-01,SKU0540,Store A,1.328,1.0709,0.0,0.0,0.0,0.0,0.0,0.0,0.0,0.0,Product 0540,TK,TK(35)G,CANDYLAND,Supplier 59
2026-06-01,SKU0540,Store B,1.328,1.0709,0.0,0.0,0.0,0.0,0.0,0.0,0.0,0.0,Product 0540,TK,TK(35)G,CANDYLAND,Supplier 59
2026-06-01,SKU0544,Warehouse,1.494,1.2048,0.0,0.0,0.0,0.0,0.0,0.0,0.0,0.0,Product 0544,TK,TK(12)G,CANDYLAND,Supplier 59
2026-06-01,SKU0550,Store C,1.328,1.0709,0.0,0.0,0.0,0.0,0.0,0.0,0.0,0.0,Product 0550,TK,TK(110)G,CANDYLAND,Supplier 59
2026-06-01,SKU0554,Store B,2.656,2.1419,0.0,0.0,0.0,0.0,0.0,0.0,0.0,0.0,Product 0554,TK,TK(136)G,CANDYLAND,Supplier 59
2026-06-01,SKU0555,Warehouse,15.687,12.6508,0.0,0.0,0.0,0.0,0.0,0.0,0.0,0.0,Product 0555,TK,TK(200)G,CANDYLAND,Supplier 29
2026-06-01,SKU0558,Store C,1.992,1.6065,0.0,0.0,0.0,0.0,0.0,0.0,0.0,0.0,Product 0558,TK,TK(150)G,CANDYLAND,Supplier 26
2026-06-01,SKU0559,Store C,1.66,1.3387,0.0,0.0,0.0,0.0,0.0,0.0,0.0,0.0,Product 0559,TK,TK(150)G,CANDYLAND,Supplier 26
2026-06-01,SKU0571,Warehouse,2.49,2.0081,0.0,0.0,0.0,0.0,0.0,0.0,0.0,0.0,Product 0571,TK,TK(99)G,CANDYLAND,Multiple suppliers
2026-06-01,SKU0573,Store A,3.2785,2.644,0.0,0.0,0.0,0.0,0.0,0.0,0.0,0.0,Product 0573,TK,TK(43)G,CANDYLAND,Unknown supplier
2026-06-01,SKU0575,Store B,2.49,2.0081,0.0,0.0,0.0,0.0,0.0,0.0,0.0,0.0,Product 0575,TK,"TK(141,7)G",CANDYLAND,Supplier 59
2026-06-01,SKU0585,Store A,1.66,1.3387,7.133,6.0,10.0,0.0,0.0,0.0,0.7885,0.7885,Product 0585,TK,TK(60)G,CANDYLAND,Supplier 17
2026-06-01,SKU0594,Store C,2.49,2.0081,0.0,0.0,0.0,0.0,0.0,0.0,0.0,0.0,Product 0594,TK,TK(141)G,CANDYLAND,Supplier 17
2026-06-01,SKU0599,Store A,1.162,0.9371,1.033,0.0,4.0,0.0,0.0,0.0,0.5396,0.5396,Product 0599,TK,TK(130)G,CANDYLAND,Supplier 17
2026-06-01,SKU0616,Store A,1.162,0.9371,5.766,5.0,7.0,2.0,2.324,1.079,0.5396,0.5396,Product 0616,TK,TK(150)G,CANDYLAND,Supplier 17
2026-06-01,SKU0616,Store C,1.162,0.9371,3.7,1.0,12.0,1.0,1.162,0.5395,0.5395,0.5395,Product 0616,TK,TK(150)G,CANDYLAND,Supplier 17
2026-06-01,SKU0622,Store C,0.83,0.6694,0.0,0.0,0.0,0.0,0.0,0.0,0.0,0.0,Product 0622,TK,TK(145)G,CANDYLAND,Supplier 17
2026-06-01,SKU0622,Warehouse,0.83,0.6694,0.0,0.0,0.0,0.0,0.0,0.0,0.0,0.0,Product 0622,TK,TK(145)G,CANDYLAND,Supplier 17
2026-06-01,SKU0628,Store C,0.166,0.1339,0.0,0.0,0.0,0.0,0.0,0.0,0.0,0.0,Product 0628,TK,TK(11)G,CANDYLAND,Supplier 59
2026-06-01,SKU0643,Store B,2.905,2.3428,0.0,0.0,0.0,0.0,0.0,0.0,0.0,0.0,Product 0643,TK,TK(72)G,CANDYLAND,Supplier 16
2026-06-01,SKU0651,Store C,1.162,0.9371,0.0,0.0,0.0,0.0,0.0,0.0,0.0,0.0,Product 0651,TK,TK(10)G,CANDYLAND,Supplier 02
2026-06-01,SKU0662,Store A,1.577,1.2718,0.0,0.0,0.0,0.0,0.0,0.0,0.0,0.0,Product 0662,TK,TK(35)G,CANDYLAND,Supplier 16
2026-06-01,SKU0666,Warehouse,4.233,3.4137,59.666,0.0,115.0,0.0,0.0,0.0,1.9123,1.9123,Product 0666,TK,TK(100)G,CANDYLAND,Supplier 61
2026-06-01,SKU0668,Store B,4.233,3.4137,35.033,23.0,52.0,11.0,46.563,21.0355,1.9123,1.9123,Product 0668,TK,TK(100)G,CANDYLAND,Supplier 61
2026-06-01,SKU0673,Store C,2.49,2.0081,0.0,0.0,0.0,0.0,0.0,0.0,0.0,0.0,Product 0673,TK,TK(94)G,CANDYLAND,Supplier 69
2026-06-01,SKU0679,Warehouse,1.245,1.0041,36.5,15.0,60.0,0.0,0.0,0.0,0.498,0.498,Product 0679,TK,TK(5)G,CANDYLAND,Supplier 02
2026-06-01,SKU0691,Store B,0.996,0.8032,0.0,0.0,0.0,0.0,0.0,0.0,0.0,0.0,Product 0691,TK,TK(40)ML,CANDYLAND,Supplier 02
2026-06-01,SKU0693,Store B,1.162,0.9371,0.0,0.0,0.0,7.0,8.134,2.4692,0.0,0.0,Product 0693,TK,TK(64)G,CANDYLAND,Supplier 02
2026-06-01,SKU0697,Store B,1.079,0.8702,0.0,0.0,0.0,0.0,0.0,0.0,0.0,0.0,Product 0697,TK,TK(15)G,CANDYLAND,Supplier 64
2026-06-01,SKU0699,Store C,0.996,0.8032,0.0,0.0,0.0,0.0,0.0,0.0,0.0,0.0,Product 0699,TK,TK(23)G,CANDYLAND,Supplier 64
2026-06-01,SKU0713,Store C,1.245,1.0041,9.6,3.0,18.0,0.0,0.0,0.0,0.3071,0.3071,Product 0713,TK,TK(60)ML,CANDYLAND,Supplier 02
2026-06-01,SKU0718,Warehouse,1.992,1.6065,0.0,0.0,0.0,0.0,0.0,0.0,0.0,0.0,Product 0718,TK,TK(175)G,CANDYLAND,Supplier 49
2026-06-01,SKU0721,Store C,4.897,3.9492,0.0,0.0,0.0,0.0,0.0,0.0,0.0,0.0,Product 0721,TK,TK(300)G,CANDYLAND,Supplier 49
2026-06-01,SKU0723,Store B,4.897,3.9492,0.0,0.0,0.0,0.0,0.0,0.0,0.0,0.0,Product 0723,TK,TK(300)G,CANDYLAND,Supplier 49
2026-06-01,SKU0732,Store B,3.32,2.6774,0.0,0.0,0.0,0.0,0.0,0.0,0.0,0.0,Product 0732,TK,TK(125)G,CANDYLAND,Supplier 37
2026-06-01,SKU0744,Store A,3.735,3.0121,0.0,0.0,0.0,0.0,0.0,0.0,0.0,0.0,Product 0744,TK,TK(250)G,CANDYLAND,Supplier 38
2026-06-01,SKU0761,Store C,1.494,1.2048,1.833,0.0,6.0,0.0,0.0,0.0,0.5977,0.5977,Product 0761,TK,TK(300)G,CANDYLAND,Multiple suppliers
2026-06-01,SKU0762,Store B,5.395,4.3508,0.0,0.0,0.0,0.0,0.0,0.0,0.0,0.0,Product 0762,TK,TK(300)G,CANDYLAND,Supplier 26
2026-06-01,SKU0764,Store A,1.494,1.2048,0.0,0.0,0.0,0.0,0.0,0.0,0.0,0.0,Product 0764,TK,TK(300)G,CANDYLAND,Multiple suppliers
2026-06-01,SKU0769,Store B,1.328,1.0709,0.0,0.0,0.0,0.0,0.0,0.0,0.0,0.0,Product 0769,TK,TK(150)G,CANDYLAND,Supplier 32
2026-06-01,SKU0771,Store B,1.245,1.0041,0.0,0.0,0.0,0.0,0.0,0.0,0.0,0.0,Product 0771,TK,TK(150)G,CANDYLAND,Supplier 32
2026-06-01,SKU0779,Store C,0.747,0.6024,0.0,0.0,0.0,0.0,0.0,0.0,0.0,0.0,Product 0779,TK,TK(56)G,CANDYLAND,Supplier 21
2026-06-01,SKU0782,Store B,0.7055,0.569,0.0,0.0,0.0,0.0,0.0,0.0,0.0,0.0,Product 0782,TK,TK(100)G,CANDYLAND,Supplier 11
2026-06-01,SKU0782,Store C,0.7055,0.569,0.0,0.0,0.0,0.0,0.0,0.0,0.0,0.0,Product 0782,TK,TK(100)G,CANDYLAND,Supplier 11
2026-06-01,SKU0783,Store A,0.83,0.6694,0.0,0.0,0.0,0.0,0.0,0.0,0.0,0.0,Product 0783,TK,TK(100)G,CANDYLAND,Supplier 11
2026-06-01,SKU0793,Store C,1.2035,0.9706,6.866,6.0,8.0,2.0,2.407,1.494,0.7471,0.7471,Product 0793,TK,TK(330)ML,CANDYLAND,Supplier 10
2026-06-01,SKU0794,Store A,1.328,1.0709,0.0,0.0,0.0,0.0,0.0,0.0,0.0,0.0,Product 0794,TK,TK(90)G,CANDYLAND,Supplier 32
2026-06-01,SKU0797,Store A,1.328,1.0709,0.0,0.0,0.0,0.0,0.0,0.0,0.0,0.0,Product 0797,TK,TK(250)G,CANDYLAND,Supplier 32
2026-06-01,SKU0806,Store C,1.328,1.0709,0.0,0.0,0.0,0.0,0.0,0.0,0.0,0.0,Product 0806,TK,TK(8)G,CANDYLAND,Supplier 66
2026-06-01,SKU0812,Warehouse,0.415,0.3347,0.0,0.0,0.0,0.0,0.0,0.0,0.0,0.0,Product 0812,TK,Tükk,CANDYLAND,Multiple suppliers
2026-06-01,SKU0815,Warehouse,8.3,6.6935,0.0,0.0,0.0,0.0,0.0,0.0,0.0,0.0,Product 0815,TK,TK(209)G,CANDYLAND,Supplier 23
2026-06-01,SKU0816,Store A,0.415,0.3347,0.0,0.0,0.0,0.0,0.0,0.0,0.0,0.0,Product 0816,TK,TK(20)G,CANDYLAND,Supplier 69
2026-06-01,SKU0819,Store C,2.075,1.6734,0.0,0.0,0.0,0.0,0.0,0.0,0.0,0.0,Product 0819,TK,TK(390)ML,CANDYLAND,Supplier 03
2026-06-01,SKU0823,Store B,3.735,3.0121,11.6,0.0,12.0,12.0,44.82,21.8124,1.8177,1.8177,Product 0823,TK,TK(100)G,CANDYLAND,Supplier 44
2026-06-01,SKU0826,Store A,2.49,2.0081,11.6,0.0,12.0,5.0,12.45,5.3535,1.0707,1.0707,Product 0826,TK,TK(50)G,CANDYLAND,Supplier 44
2026-06-01,SKU0829,Store B,1.245,1.0041,0.0,0.0,0.0,0.0,0.0,0.0,0.0,0.0,Product 0829,TK,TK(150)G,CANDYLAND,Supplier 48
2026-06-01,SKU0829,Warehouse,1.245,1.0041,0.0,0.0,0.0,0.0,0.0,0.0,0.0,0.0,Product 0829,TK,TK(150)G,CANDYLAND,Supplier 48
2026-06-01,SKU0830,Store B,0.083,0.0669,0.0,0.0,0.0,0.0,0.0,0.0,0.0,0.0,Product 0830,TK,TK(6)G,CANDYLAND,Supplier 69
2026-06-01,SKU0831,Store C,0.498,0.4016,121.733,106.0,132.0,45.0,22.41,7.6568,0.1701,0.1701,Product 0831,TK,TK(200)ML,CANDYLAND,Supplier 70
2026-06-01,SKU0836,Warehouse,4.1085,3.3133,0.0,0.0,0.0,0.0,0.0,0.0,0.0,0.0,Product 0836,KG,KG(160)G,CANDYLAND,Supplier 69
2026-06-01,SKU0840,Store A,0.913,0.7363,0.0,0.0,0.0,0.0,0.0,0.0,0.0,0.0,Product 0840,TK,TK(50)G,CANDYLAND,Supplier 51
2026-06-01,SKU0842,Store C,1.411,1.1379,0.0,0.0,0.0,0.0,0.0,0.0,0.0,0.0,Product 0842,TK,TK(315)ML,CANDYLAND,Supplier 03
2026-06-01,SKU0848,Store B,0.996,0.8032,0.0,0.0,0.0,0.0,0.0,0.0,0.0,0.0,Product 0848,TK,TK(320)ML,CANDYLAND,Supplier 03
2026-06-01,SKU0859,Store B,3.237,2.6105,0.0,0.0,0.0,0.0,0.0,0.0,0.0,0.0,Product 0859,TK,TK(98)G,CANDYLAND,Supplier 23
2026-06-01,SKU0863,Store A,1.245,1.0041,39.0,39.0,39.0,0.0,0.0,0.0,0.4316,0.4316,Product 0863,TK,TK(140)G,CANDYLAND,Supplier 69
2026-06-01,SKU0870,Store A,1.909,1.5395,5.433,5.0,6.0,3.0,5.727,3.5607,1.187,1.187,Product 0870,TK,TK(375)G,CANDYLAND,Supplier 19
2026-06-01,SKU0872,Warehouse,6.225,5.0202,0.0,0.0,0.0,0.0,0.0,0.0,0.0,0.0,Product 0872,KG,KG(1000)G,CANDYLAND,Supplier 19
2026-06-01,SKU0873,Warehouse,0.415,0.3347,0.0,0.0,0.0,0.0,0.0,0.0,0.0,0.0,Product 0873,TK,TK(15)G,CANDYLAND,Supplier 19
2026-06-01,SKU0874,Store C,0.332,0.2678,21.366,15.0,27.0,20.0,6.64,2.49,0.1245,0.1245,Product 0874,TK,TK(33)G,CANDYLAND,Supplier 19
2026-06-01,SKU0877,Store A,1.411,1.1379,4.8,4.0,8.0,0.0,0.0,0.0,0.7138,0.7138,Product 0877,TK,TK(150)G,CANDYLAND,Supplier 19
2026-06-01,SKU0879,Store A,0.1245,0.1004,245.966,0.0,738.0,80.0,9.96,2.49,0.0311,0.0311,Product 0879,TK,"TK(12,5)G",CANDYLAND,Supplier 69
2026-06-01,SKU0882,Warehouse,0.249,0.2008,315.0,315.0,315.0,268.0,66.732,20.9983,0.0784,0.0784,Product 0882,TK,TK(15)G,CANDYLAND,Supplier 69
2026-06-01,SKU0884,Warehouse,1.328,1.0709,211.2,0.0,576.0,396.0,525.888,202.4669,0.5113,0.5113,Product 0884,TK,TK(120)G,CANDYLAND,Supplier 02
2026-06-01,SKU0892,Warehouse,1.328,1.0709,35.2,0.0,96.0,0.0,0.0,0.0,0.396,0.396,Product 0892,TK,TK(160)G,CANDYLAND,Supplier 02
2026-06-01,SKU0893,Store A,5.727,4.6185,0.0,0.0,0.0,0.0,0.0,0.0,0.0,0.0,Product 0893,TK,TK(920)G,CANDYLAND,Unknown supplier
2026-06-01,SKU0909,Store B,4.067,3.2798,0.0,0.0,0.0,0.0,0.0,0.0,0.0,0.0,Product 0909,TK,TK(350)G,CANDYLAND,Supplier 08
2026-06-01,SKU0911,Store A,4.067,3.2798,0.0,0.0,0.0,0.0,0.0,0.0,0.0,0.0,Product 0911,TK,TK(350)G,CANDYLAND,Supplier 08
2026-06-01,SKU0912,Store C,4.067,3.2798,0.0,0.0,0.0,0.0,0.0,0.0,0.0,0.0,Product 0912,TK,TK(350)G,CANDYLAND,Supplier 08
2026-06-01,SKU0919,Warehouse,1.245,1.0041,0.0,0.0,0.0,0.0,0.0,0.0,0.0,0.0,Product 0919,TK,TK(105)ML,CANDYLAND,Supplier 64
2026-06-01,SKU0921,Store B,1.162,0.9371,0.0,0.0,0.0,0.0,0.0,0.0,0.0,0.0,Product 0921,TK,TK(80)G,CANDYLAND,Supplier 64
2026-06-01,SKU0923,Store C,1.162,0.9371,0.0,0.0,0.0,0.0,0.0,0.0,0.0,0.0,Product 0923,TK,TK(60)G,CANDYLAND,Supplier 02
2026-06-01,SKU0929,Warehouse,2.4485,1.9746,0.0,0.0,0.0,0.0,0.0,0.0,0.0,0.0,Product 0929,TK,"TK(13,2)G",CANDYLAND,Supplier 62
2026-06-01,SKU0930,Store C,2.4485,1.9746,0.0,0.0,0.0,0.0,0.0,0.0,0.0,0.0,Product 0930,TK,"TK(13,2)G",CANDYLAND,Supplier 62
2026-06-01,SKU0942,Store A,2.075,1.6734,0.0,0.0,0.0,0.0,0.0,0.0,0.0,0.0,Product 0942,TK,TK(144)G,CANDYLAND,Supplier 59
2026-06-01,SKU0948,Warehouse,0.2075,0.1673,165.0,165.0,165.0,165.0,34.2375,5.5328,0.0335,0.0335,Product 0948,TK,TK(1)TK,CANDYLAND,Supplier 47
2026-06-01,SKU0954,Store C,13.197,10.6428,1.866,1.0,3.0,1.0,13.197,5.6349,5.6369,5.6369,Product 0954,TK,TK(160)G,CANDYLAND,Supplier 29
2026-06-01,SKU0963,Store A,4.648,3.7484,0.633,0.0,1.0,0.0,0.0,0.0,1.9432,1.9432,Product 0963,TK,TK(400)G,CANDYLAND,Supplier 31
2026-06-01,SKU0965,Store B,0.4067,0.328,0.0,0.0,0.0,0.0,0.0,0.0,0.0,0.0,Product 0965,TK,TK(20)G,CANDYLAND,Supplier 15
2026-06-01,SKU0966,Store C,3.32,2.6774,0.0,0.0,0.0,0.0,0.0,0.0,0.0,0.0,Product 0966,TK,TK(225)G,CANDYLAND,Supplier 71
2026-06-01,SKU0972,Warehouse,3.154,2.5435,0.0,0.0,0.0,0.0,0.0,0.0,0.0,0.0,Product 0972,TK,TK(190)G,CANDYLAND,Supplier 71
2026-06-01,SKU0982,Store B,1.328,1.0709,11.5,6.0,17.0,0.0,0.0,0.0,0.5063,0.5063,Product 0982,TK,TK(128)G,CANDYLAND,Supplier 46
2026-06-01,SKU0986,Warehouse,1.494,1.2048,46.2,45.0,48.0,18.0,26.892,10.9062,0.6059,0.6059,Product 0986,TK,TK(128)G,CANDYLAND,Supplier 46
2026-06-01,SKU1006,Warehouse,0.996,0.8032,0.0,0.0,0.0,0.0,0.0,0.0,0.0,0.0,Product 1006,TK,TK(450)ML,CANDYLAND,Supplier 03
2026-06-01,SKU1008,Store C,0.996,0.8032,0.0,0.0,0.0,0.0,0.0,0.0,0.0,0.0,Product 1008,TK,TK(450)ML,CANDYLAND,Supplier 03
2026-06-01,SKU1009,Warehouse,1.328,1.0709,478.4,456.0,504.0,300.0,398.4,139.44,0.4648,0.4648,Product 1009,TK,TK(500)ML,CANDYLAND,Supplier 03
2026-06-01,SKU1013,Store C,1.328,1.0709,22.666,10.0,34.0,28.0,37.184,13.0144,0.4648,0.4648,Product 1013,TK,TK(500)ML,CANDYLAND,Supplier 03
2026-06-01,SKU1027,Store C,0.747,0.6024,0.0,0.0,0.0,0.0,0.0,0.0,0.0,0.0,Product 1027,TK,TK(100)G,CANDYLAND,Supplier 11
2026-06-01,SKU1032,Store C,5.395,4.3508,0.0,0.0,0.0,0.0,0.0,0.0,0.0,0.0,Product 1032,TK,TK(120)G,CANDYLAND,Supplier 42
2026-06-01,SKU1045,Store C,2.656,2.1419,0.0,0.0,0.0,0.0,0.0,0.0,0.0,0.0,Product 1045,TK,TK(750)ML,CANDYLAND,Supplier 03
2026-06-01,SKU1049,Store B,1.245,1.0041,17.933,8.0,25.0,0.0,0.0,0.0,0.3584,0.3584,Product 1049,TK,TK(60)ML,CANDYLAND,Supplier 05
2026-06-01,SKU1049,Store C,1.245,1.0041,15.033,8.0,20.0,0.0,0.0,0.0,0.3583,0.3583,Product 1049,TK,TK(60)ML,CANDYLAND,Supplier 05
2026-06-01,SKU1068,Warehouse,1.328,1.0709,198.0,0.0,540.0,345.0,458.16,150.9064,0.4374,0.4374,Product 1068,TK,TK(100)G,CANDYLAND,Supplier 02
2026-06-01,SKU1069,Store B,1.328,1.0709,0.0,0.0,0.0,26.0,34.528,10.5569,0.0,0.0,Product 1069,TK,TK(75)G,CANDYLAND,Supplier 02
2026-06-01,SKU1070,Store A,1.328,1.0709,0.0,0.0,0.0,37.0,49.136,15.0233,0.0,0.0,Product 1070,TK,TK(75)G,CANDYLAND,Supplier 02
2026-06-01,SKU1081,Store B,1.245,1.0041,0.0,0.0,0.0,0.0,0.0,0.0,0.0,0.0,Product 1081,TK,TK(50)G,CANDYLAND,Supplier 02
2026-06-01,SKU1089,Store B,0.996,0.8032,0.0,0.0,0.0,0.0,0.0,0.0,0.0,0.0,Product 1089,TK,TK(10)G,CANDYLAND,Supplier 51
2026-06-01,SKU1101,Warehouse,0.83,0.6694,0.0,0.0,0.0,0.0,0.0,0.0,0.0,0.0,Product 1101,TK,TK(80)G,CANDYLAND,Supplier 18
2026-06-01,SKU1108,Warehouse,16.517,13.3202,0.0,0.0,0.0,0.0,0.0,0.0,0.0,0.0,Product 1108,TK,TK(380)G,CANDYLAND,Supplier 29
2026-06-01,SKU1114,Warehouse,0.747,0.6024,0.0,0.0,0.0,0.0,0.0,0.0,0.0,0.0,Product 1114,TK,TK(75)G,CANDYLAND,Supplier 41
2026-06-01,SKU1145,Warehouse,2.656,2.1419,0.0,0.0,0.0,0.0,0.0,0.0,0.0,0.0,Product 1145,TK,TK(150)G,CANDYLAND,Supplier 26
2026-06-01,SKU1151,Store C,2.075,1.6734,0.0,0.0,0.0,0.0,0.0,0.0,0.0,0.0,Product 1151,TK,TK(180)G,CANDYLAND,Supplier 26
2026-06-01,SKU1157,Warehouse,2.656,2.1419,0.0,0.0,0.0,0.0,0.0,0.0,0.0,0.0,Product 1157,TK,TK(125)G,CANDYLAND,Supplier 26
2026-06-01,SKU1159,Store C,2.656,2.1419,0.0,0.0,0.0,0.0,0.0,0.0,0.0,0.0,Product 1159,TK,TK(125)G,CANDYLAND,Supplier 26
2026-06-01,SKU1165,Store C,3.32,2.6774,0.0,0.0,0.0,0.0,0.0,0.0,0.0,0.0,Product 1165,TK,TK(150)G,CANDYLAND,Supplier 26
2026-06-01,SKU1170,Store C,2.075,1.6734,0.0,0.0,0.0,0.0,0.0,0.0,0.0,0.0,Product 1170,TK,TK(100)G,CANDYLAND,Supplier 26
2026-06-01,SKU1176,Store A,3.237,2.6105,0.0,0.0,0.0,0.0,0.0,0.0,0.0,0.0,Product 1176,TK,TK(150)G,CANDYLAND,Supplier 34
2026-06-01,SKU1179,Store C,2.656,2.1419,1.5,1.0,2.0,0.0,0.0,0.0,1.245,1.245,Product 1179,TK,TK(175)G,CANDYLAND,Supplier 34
2026-06-01,SKU1179,Warehouse,2.656,2.1419,0.0,0.0,0.0,0.0,0.0,0.0,0.0,0.0,Product 1179,TK,TK(175)G,CANDYLAND,Supplier 34
2026-06-01,SKU1182,Warehouse,2.075,1.6734,0.0,0.0,0.0,0.0,0.0,0.0,0.0,0.0,Product 1182,TK,TK(107)G,CANDYLAND,Supplier 26
2026-06-01,SKU1188,Warehouse,1.66,1.3387,0.0,0.0,0.0,0.0,0.0,0.0,0.0,0.0,Product 1188,TK,TK(60)G,CANDYLAND,Supplier 26
2026-06-01,SKU1204,Warehouse,2.324,1.8742,0.0,0.0,0.0,0.0,0.0,0.0,0.0,0.0,Product 1204,TK,TK(180)G,CANDYLAND,Supplier 39
2026-06-01,SKU1207,Store B,2.324,1.8742,3.366,2.0,5.0,2.0,4.648,2.0916,1.046,1.046,Product 1207,TK,TK(180)G,CANDYLAND,Supplier 39
2026-06-01,SKU1210,Store A,2.241,1.8072,11.666,9.0,16.0,7.0,15.687,8.0759,1.1538,1.1538,Product 1210,TK,"TK(38,5)G",CANDYLAND,Supplier 43
2026-06-01,SKU1214,Store A,1.245,1.0041,0.0,0.0,0.0,0.0,0.0,0.0,0.0,0.0,Product 1214,TK,TK(8)G,CANDYLAND,Supplier 64
2026-06-01,SKU1218,Store C,1.494,1.2048,0.0,0.0,0.0,0.0,0.0,0.0,0.0,0.0,Product 1218,TK,TK(125)G,CANDYLAND,Supplier 24
2026-06-01,SKU1218,Warehouse,1.494,1.2048,3.333,0.0,20.0,0.0,0.0,0.0,0.6309,0.6309,Product 1218,TK,TK(125)G,CANDYLAND,Supplier 24
2026-06-01,SKU1219,Warehouse,0.747,0.6024,0.0,0.0,0.0,0.0,0.0,0.0,0.0,0.0,Product 1219,TK,TK(75)G,CANDYLAND,Supplier 41
2026-06-01,SKU1221,Warehouse,1.992,1.6065,0.0,0.0,0.0,0.0,0.0,0.0,0.0,0.0,Product 1221,TK,TK(126)G,CANDYLAND,Supplier 21
2026-06-01,SKU1239,Store B,1.162,0.9371,0.0,0.0,0.0,0.0,0.0,0.0,0.0,0.0,Product 1239,TK,TK(15)G,CANDYLAND,Supplier 04
2026-06-01,SKU1247,Store B,2.49,2.0081,2.166,2.0,3.0,1.0,2.49,1.0956,1.0959,1.0959,Product 1247,TK,TK(400)G,CANDYLAND,Supplier 24
2026-06-01,SKU1251,Store B,2.075,1.6734,0.0,0.0,0.0,0.0,0.0,0.0,0.0,0.0,Product 1251,TK,TK(150)G,CANDYLAND,Supplier 24
2026-06-01,SKU1252,Warehouse,1.494,1.2048,6.666,0.0,40.0,7.0,10.458,4.2994,0.6143,0.6143,Product 1252,TK,TK(125)G,CANDYLAND,Supplier 24
2026-06-01,SKU1256,Warehouse,1.494,1.2048,35.2,0.0,96.0,24.0,35.856,11.454,0.4772,0.4772,Product 1256,TK,TK(120)G,CANDYLAND,Supplier 02
2026-06-01,SKU1262,Store B,2.324,1.8742,0.0,0.0,0.0,0.0,0.0,0.0,0.0,0.0,Product 1262,TK,TK(200)G,CANDYLAND,Supplier 24
2026-06-01,SKU1265,Store C,1.66,1.3387,0.0,0.0,0.0,0.0,0.0,0.0,0.0,0.0,Product 1265,TK,TK(100)G,CANDYLAND,Supplier 48
2026-06-01,SKU1269,Warehouse,1.494,1.2048,3.333,0.0,20.0,0.0,0.0,0.0,0.6392,0.6392,Product 1269,TK,TK(125)G,CANDYLAND,Supplier 24
2026-06-01,SKU1274,Store B,1.66,1.3387,3.1,2.0,4.0,0.0,0.0,0.0,0.8217,0.8217,Product 1274,TK,TK(75)G,CANDYLAND,Supplier 24
2026-06-01,SKU1278,Store C,1.66,1.3387,0.0,0.0,0.0,3.0,4.98,2.5398,0.0,0.0,Product 1278,TK,TK(200)G,CANDYLAND,Supplier 24
2026-06-01,SKU1292,Store C,0.996,0.8032,0.0,0.0,0.0,0.0,0.0,0.0,0.0,0.0,Product 1292,TK,TK(35)G,CANDYLAND,Supplier 77
2026-06-01,SKU1296,Store A,1.494,1.2048,0.0,0.0,0.0,0.0,0.0,0.0,0.0,0.0,Product 1296,TK,TK(75)G,CANDYLAND,Supplier 24
2026-06-01,SKU1297,Store A,2.324,1.8742,0.0,0.0,0.0,0.0,0.0,0.0,0.0,0.0,Product 1297,TK,TK(154)G,CANDYLAND,Supplier 06
2026-06-01,SKU1299,Store B,1.162,0.9371,5.333,3.0,8.0,0.0,0.0,0.0,0.5395,0.5395,Product 1299,TK,TK(200)G,CANDYLAND,Supplier 17
2026-06-01,SKU1303,Store A,2.075,1.6734,8.4,8.0,9.0,0.0,0.0,0.0,0.6225,0.6225,Product 1303,TK,TK(100)G,CANDYLAND,Multiple suppliers
2026-06-01,SKU1305,Store C,2.075,1.6734,12.566,3.0,17.0,0.0,0.0,0.0,0.6225,0.6225,Product 1305,TK,TK(100)G,CANDYLAND,Multiple suppliers
2026-06-01,SKU1314,Store A,1.66,1.3387,0.0,0.0,0.0,0.0,0.0,0.0,0.0,0.0,Product 1314,TK,TK(200)G,CANDYLAND,Supplier 24
2026-06-01,SKU1323,Warehouse,1.411,1.1379,20.0,0.0,60.0,0.0,0.0,0.0,0.6225,0.6225,Product 1323,TK,TK(150)ML,CANDYLAND,Supplier 03
2026-06-01,SKU1329,Warehouse,1.577,1.2718,0.0,0.0,0.0,0.0,0.0,0.0,0.0,0.0,Product 1329,TK,TK(45)G,CANDYLAND,Supplier 24
2026-06-01,SKU1330,Store B,1.577,1.2718,0.0,0.0,0.0,0.0,0.0,0.0,0.0,0.0,Product 1330,TK,TK(50)G,CANDYLAND,Supplier 24
2026-06-01,SKU1330,Store C,1.577,1.2718,0.0,0.0,0.0,0.0,0.0,0.0,0.0,0.0,Product 1330,TK,TK(50)G,CANDYLAND,Supplier 24
2026-06-01,SKU1335,Store A,0.996,0.8032,0.0,0.0,0.0,0.0,0.0,0.0,0.0,0.0,Product 1335,TK,TK(500)ML,CANDYLAND,Supplier 03
2026-06-01,SKU1337,Warehouse,0.747,0.6024,0.0,0.0,0.0,0.0,0.0,0.0,0.0,0.0,Product 1337,TK,TK(240)ML,CANDYLAND,Supplier 03
2026-06-01,SKU1350,Store B,1.328,1.0709,0.0,0.0,0.0,0.0,0.0,0.0,0.0,0.0,Product 1350,TK,TK(50)G,CANDYLAND,Supplier 24
2026-06-01,SKU1354,Store B,1.079,0.8702,0.0,0.0,0.0,0.0,0.0,0.0,0.0,0.0,Product 1354,TK,TK(100)G,CANDYLAND,Supplier 24
2026-06-01,SKU1357,Store C,2.241,1.8072,0.0,0.0,0.0,0.0,0.0,0.0,0.0,0.0,Product 1357,TK,TK(200)G,CANDYLAND,Supplier 24
2026-06-01,SKU1364,Store C,2.075,1.6734,0.3,0.0,1.0,26.0,53.95,20.501,0.7885,0.7885,Product 1364,TK,TK(75)G,CANDYLAND,Supplier 24
2026-06-01,SKU1389,Store A,1.66,1.3387,11.333,10.0,12.0,10.0,16.6,8.466,0.8466,0.8466,Product 1389,TK,TK(200)G,CANDYLAND,Supplier 24
2026-06-01,SKU1389,Store C,1.66,1.3387,0.466,0.0,2.0,2.0,3.32,1.6932,0.8478,0.8478,Product 1389,TK,TK(200)G,CANDYLAND,Supplier 24
2026-06-01,SKU1394,Store A,2.075,1.6734,0.0,0.0,0.0,3.0,6.225,2.1414,0.0,0.0,Product 1394,TK,TK(40)G,CANDYLAND,Supplier 24
2026-06-01,SKU1403,Store A,1.577,1.2718,0.0,0.0,0.0,0.0,0.0,0.0,0.0,0.0,Product 1403,TK,TK(85)G,CANDYLAND,Supplier 24
2026-06-01,SKU1405,Store C,0.7387,0.5957,0.0,0.0,0.0,0.0,0.0,0.0,0.0,0.0,Product 1405,TK,TK(25)G,CANDYLAND,Supplier 21
2026-06-01,SKU1406,Store C,1.577,1.2718,0.0,0.0,0.0,0.0,0.0,0.0,0.0,0.0,Product 1406,TK,TK(85)G,CANDYLAND,Supplier 24
2026-06-01,SKU1408,Store C,1.66,1.3387,0.0,0.0,0.0,11.0,18.26,8.1257,0.0,0.0,Product 1408,TK,TK(250)G,CANDYLAND,Supplier 24
2026-06-01,SKU1409,Store B,1.66,1.3387,0.0,0.0,0.0,0.0,0.0,0.0,0.0,0.0,Product 1409,TK,TK(250)G,CANDYLAND,Supplier 24
2026-06-01,SKU1415,Store B,1.66,1.3387,0.0,0.0,0.0,0.0,0.0,0.0,0.0,0.0,Product 1415,TK,TK(180)G,CANDYLAND,Supplier 24
2026-06-01,SKU1416,Store B,1.079,0.8702,36.9,26.0,50.0,6.0,6.474,2.866,0.4777,0.4777,Product 1416,TK,TK(66)G,CANDYLAND,Multiple suppliers
2026-06-01,SKU1423,Store A,0.996,0.8032,0.0,0.0,0.0,0.0,0.0,0.0,0.0,0.0,Product 1423,TK,TK(230)ML,CANDYLAND,Supplier 24
2026-06-01,SKU1425,Warehouse,1.66,1.3387,10.666,0.0,64.0,0.0,0.0,0.0,0.7388,0.7388,Product 1425,TK,TK(250)G,CANDYLAND,Supplier 24
2026-06-01,SKU1427,Warehouse,0.913,0.7363,0.0,0.0,0.0,0.0,0.0,0.0,0.0,0.0,Product 1427,TK,TK(20)G,CANDYLAND,Supplier 24
2026-06-01,SKU1439,Store B,4.482,3.6145,0.0,0.0,0.0,0.0,0.0,0.0,0.0,0.0,Product 1439,TK,TK(400)G,CANDYLAND,Supplier 17
2026-06-01,SKU1444,Store B,0.913,0.7363,11.833,10.0,14.0,30.0,27.39,13.446,0.4482,0.4482,Product 1444,TK,TK(20)G,CANDYLAND,Supplier 24
2026-06-01,SKU1445,Store A,0.913,0.7363,0.0,0.0,0.0,0.0,0.0,0.0,0.0,0.0,Product 1445,TK,TK(20)G,CANDYLAND,Supplier 24
2026-06-01,SKU1449,Store A,1.494,1.2048,0.0,0.0,0.0,0.0,0.0,0.0,0.0,0.0,Product 1449,TK,TK(125)G,CANDYLAND,Supplier 24
2026-06-01,SKU1449,Warehouse,1.494,1.2048,0.0,0.0,0.0,0.0,0.0,0.0,0.0,0.0,Product 1449,TK,TK(125)G,CANDYLAND,Supplier 24
2026-06-01,SKU1451,Store A,2.324,1.8742,0.0,0.0,0.0,0.0,0.0,0.0,0.0,0.0,Product 1451,TK,TK(75)G,CANDYLAND,Supplier 24
2026-06-01,SKU1464,Store A,2.905,2.3428,0.0,0.0,0.0,0.0,0.0,0.0,0.0,0.0,Product 1464,TK,TK(400)G,CANDYLAND,Supplier 24
2026-06-01,SKU1464,Warehouse,2.905,2.3428,0.0,0.0,0.0,0.0,0.0,0.0,0.0,0.0,Product 1464,TK,TK(400)G,CANDYLAND,Supplier 24
2026-06-01,SKU1466,Store A,3.154,2.5435,7.366,3.0,11.0,0.0,0.0,0.0,1.2866,1.2866,Product 1466,TK,TK(120)G,CANDYLAND,Supplier 66
2026-06-01,SKU1474,Warehouse,1.245,1.0041,0.0,0.0,0.0,0.0,0.0,0.0,0.0,0.0,Product 1474,TK,TK(750)ML,CANDYLAND,Supplier 24
2026-06-01,SKU1479,Store B,1.245,1.0041,0.0,0.0,0.0,12.0,14.94,6.3744,0.0,0.0,Product 1479,TK,TK(160)G,CANDYLAND,Supplier 24
2026-06-01,SKU1485,Store C,0.332,0.2678,68.533,0.0,242.0,0.0,0.0,0.0,0.1278,0.1278,Product 1485,TK,TK(5)G,CANDYLAND,Multiple suppliers
2026-06-01,SKU1489,Store B,1.245,1.0041,0.0,0.0,0.0,0.0,0.0,0.0,0.0,0.0,Product 1489,TK,TK(8)G,CANDYLAND,Supplier 24
2026-06-01,SKU1491,Store A,1.245,1.0041,0.0,0.0,0.0,0.0,0.0,0.0,0.0,0.0,Product 1491,TK,TK(110)G,CANDYLAND,Supplier 24
2026-06-01,SKU1495,Warehouse,2.075,1.6734,0.0,0.0,0.0,0.0,0.0,0.0,0.0,0.0,Product 1495,TK,TK(120)G,CANDYLAND,Supplier 24
2026-06-01,SKU1502,Store C,0.83,0.6694,-0.5,-4.0,1.0,67.0,55.61,15.4318,0.2297,0.2297,Product 1502,TK,"TK(37,5)G",CANDYLAND,Multiple suppliers
2026-06-01,SKU1503,Warehouse,1.66,1.3387,0.0,0.0,0.0,0.0,0.0,0.0,0.0,0.0,Product 1503,TK,TK(125)G,CANDYLAND,Supplier 24
2026-06-01,SKU1521,Store A,1.66,1.3387,0.0,0.0,0.0,5.0,8.3,3.6935,0.0,0.0,Product 1521,TK,TK(250)G,CANDYLAND,Supplier 24
2026-06-01,SKU1531,Store B,1.66,1.3387,0.0,0.0,0.0,0.0,0.0,0.0,0.0,0.0,Product 1531,TK,TK(17)G,CANDYLAND,Supplier 24
2026-06-01,SKU1532,Warehouse,1.66,1.3387,0.0,0.0,0.0,0.0,0.0,0.0,0.0,0.0,Product 1532,TK,TK(17)G,CANDYLAND,Supplier 24
2026-06-01,SKU1534,Store B,1.577,1.2718,0.0,0.0,0.0,0.0,0.0,0.0,0.0,0.0,Product 1534,TK,TK(84)G,CANDYLAND,Supplier 24
2026-06-01,SKU1541,Store C,1.66,1.3387,0.0,0.0,0.0,0.0,0.0,0.0,0.0,0.0,Product 1541,TK,TK(84)G,CANDYLAND,Supplier 24
2026-06-01,SKU1543,Store B,1.66,1.3387,0.0,0.0,0.0,11.0,18.26,8.3996,0.0,0.0,Product 1543,TK,TK(85)G,CANDYLAND,Supplier 24
2026-06-01,SKU1544,Store B,1.66,1.3387,5.866,4.0,8.0,4.0,6.64,3.2204,0.8052,0.8052,Product 1544,TK,TK(84)G,CANDYLAND,Supplier 24
2026-06-01,SKU1559,Store C,0.83,0.6694,6.0,3.0,10.0,7.0,5.81,2.6726,0.3818,0.3818,Product 1559,TK,TK(200)ML,CANDYLAND,Supplier 24
2026-06-01,SKU1559,Warehouse,0.83,0.6694,16.0,0.0,96.0,24.0,19.92,9.1632,0.3818,0.3818,Product 1559,TK,TK(200)ML,CANDYLAND,Supplier 24
2026-06-01,SKU1562,Store B,0.913,0.7363,0.033,0.0,1.0,15.0,13.695,6.1005,0.4099,0.4099,Product 1562,TK,"TK(17,5)G",CANDYLAND,Supplier 24
2026-06-01,SKU1564,Store C,0.747,0.6024,0.0,0.0,0.0,1.0,0.747,0.2905,0.0,0.0,Product 1564,TK,TK(22)G,CANDYLAND,Supplier 24
2026-06-01,SKU1573,Store B,2.988,2.4097,0.366,0.0,2.0,0.0,0.0,0.0,1.4634,1.4634,Product 1573,TK,"TK(46,8)G",CANDYLAND,Supplier 24
2026-06-01,SKU1576,Store B,4.067,3.2798,0.0,0.0,0.0,0.0,0.0,0.0,0.0,0.0,Product 1576,TK,TK(200)G,CANDYLAND,Supplier 13
2026-06-01,SKU1603,Store B,1.328,1.0709,0.0,0.0,0.0,0.0,0.0,0.0,0.0,0.0,Product 1603,TK,TK(85)G,CANDYLAND,Supplier 07
2026-06-01,SKU1611,Warehouse,1.411,1.1379,0.0,0.0,0.0,8.0,11.288,5.312,0.0,0.0,Product 1611,TK,TK(330)ML,CANDYLAND,Supplier 07
2026-06-01,SKU1615,Store A,1.411,1.1379,15.7,9.0,24.0,13.0,18.343,8.632,0.664,0.664,Product 1615,TK,TK(330)ML,CANDYLAND,Supplier 07
2026-06-01,SKU1620,Store B,0.996,0.8032,0.0,0.0,0.0,0.0,0.0,0.0,0.0,0.0,Product 1620,TK,TK(250)ML,CANDYLAND,Supplier 07
2026-06-01,SKU1620,Warehouse,0.996,0.8032,0.0,0.0,0.0,0.0,0.0,0.0,0.0,0.0,Product 1620,TK,TK(250)ML,CANDYLAND,Supplier 07
2026-06-01,SKU1621,Store B,2.656,2.1419,7.033,0.0,9.0,0.0,0.0,0.0,1.3696,1.3696,Product 1621,TK,TK(360)ML,CANDYLAND,Supplier 07
2026-06-01,SKU1621,Warehouse,2.656,2.1419,1.2,0.0,9.0,0.0,0.0,0.0,1.3695,1.3695,Product 1621,TK,TK(360)ML,CANDYLAND,Supplier 07
2026-06-01,SKU1626,Store A,1.411,1.1379,0.0,0.0,0.0,0.0,0.0,0.0,0.0,0.0,Product 1626,TK,TK(330)ML,CANDYLAND,Supplier 07
2026-06-01,SKU1629,Store B,0.083,0.083,106.466,65.0,150.0,75.0,6.225,6.225,0.083,0.083,Product 1629,TK,TK,CANDYLAND,Supplier 07
2026-06-01,SKU1632,Store B,4.897,3.9492,0.0,0.0,0.0,0.0,0.0,0.0,0.0,0.0,Product 1632,TK,TK(200)G,CANDYLAND,Supplier 75
2026-06-01,SKU1655,Store B,0.415,0.3347,0.0,0.0,0.0,0.0,0.0,0.0,0.0,0.0,Product 1655,TK,TK(500)ML,CANDYLAND,Supplier 53
2026-06-01,SKU1671,Warehouse,1.743,1.4056,0.0,0.0,0.0,0.0,0.0,0.0,0.0,0.0,Product 1671,TK,TK(180)G,CANDYLAND,Supplier 76
2026-06-01,SKU1672,Store C,1.245,1.0041,0.0,0.0,0.0,0.0,0.0,0.0,0.0,0.0,Product 1672,TK,TK(86)G,CANDYLAND,Supplier 76
2026-06-01,SKU1682,Store B,1.66,1.3387,0.0,0.0,0.0,0.0,0.0,0.0,0.0,0.0,Product 1682,TK,TK(8)G,CANDYLAND,Supplier 18
2026-06-01,SKU1682,Warehouse,1.66,1.3387,0.0,0.0,0.0,0.0,0.0,0.0,0.0,0.0,Product 1682,TK,TK(8)G,CANDYLAND,Supplier 18
2026-06-01,SKU1702,Store C,1.411,1.1379,0.0,0.0,0.0,0.0,0.0,0.0,0.0,0.0,Product 1702,TK,"TK(55,2)G",CANDYLAND,Supplier 74
2026-06-01,SKU1705,Store A,2.49,2.0081,0.0,0.0,0.0,0.0,0.0,0.0,0.0,0.0,Product 1705,TK,TK(120)G,CANDYLAND,Supplier 74
2026-06-01,SKU1711,Store A,1.328,1.0709,16.433,11.0,20.0,9.0,11.952,4.5567,0.5063,0.5063,Product 1711,TK,TK(128)G,CANDYLAND,Supplier 46
2026-06-01,SKU1712,Store B,1.328,1.0709,0.0,0.0,0.0,0.0,0.0,0.0,0.0,0.0,Product 1712,TK,TK(128)G,CANDYLAND,Supplier 46
2026-06-01,SKU1712,Warehouse,1.328,1.0709,0.0,0.0,0.0,0.0,0.0,0.0,0.0,0.0,Product 1712,TK,TK(128)G,CANDYLAND,Supplier 46
2026-06-01,SKU1717,Store A,1.328,1.0709,0.0,0.0,0.0,0.0,0.0,0.0,0.0,0.0,Product 1717,TK,TK(128)G,CANDYLAND,Supplier 46
2026-06-01,SKU1719,Store A,3.154,2.5435,0.0,0.0,0.0,0.0,0.0,0.0,0.0,0.0,Product 1719,TK,TK(227)G,CANDYLAND,Multiple suppliers
2026-06-01,SKU1720,Store A,0.332,0.2678,0.0,0.0,0.0,0.0,0.0,0.0,0.0,0.0,Product 1720,TK,TK(16)G,CANDYLAND,Supplier 20
2026-06-01,SKU1726,Warehouse,2.905,2.3428,0.0,0.0,0.0,0.0,0.0,0.0,0.0,0.0,Product 1726,TK,TK(120)G,CANDYLAND,Supplier 09
2026-06-01,SKU1728,Warehouse,3.32,2.6774,0.0,0.0,0.0,0.0,0.0,0.0,0.0,0.0,Product 1728,TK,TK(120)G,CANDYLAND,Supplier 09
2026-06-01,SKU1745,Store A,0.083,0.083,25.133,21.0,31.0,10.0,0.83,0.83,0.083,0.083,Product 1745,TK,TK,CANDYLAND,Supplier 10
2026-06-01,SKU1745,Store B,0.083,0.083,23.166,17.0,32.0,4.0,0.332,0.332,0.083,0.083,Product 1745,TK,TK,CANDYLAND,Supplier 10
2026-06-01,SKU1749,Store B,4.1085,3.3133,0.0,0.0,0.0,0.0,0.0,0.0,0.0,0.0,Product 1749,TK,TK(500)ML,CANDYLAND,Supplier 74
2026-06-01,SKU1749,Warehouse,4.1085,3.3133,0.0,0.0,0.0,0.0,0.0,0.0,0.0,0.0,Product 1749,TK,TK(500)ML,CANDYLAND,Supplier 74
2026-06-01,SKU1753,Store C,1.411,1.1379,0.0,0.0,0.0,0.0,0.0,0.0,0.0,0.0,Product 1753,TK,TK(135)G,CANDYLAND,Supplier 46
2026-06-01,SKU1755,Store B,2.49,2.0081,0.0,0.0,0.0,0.0,0.0,0.0,0.0,0.0,Product 1755,TK,TK(50)G,CANDYLAND,Supplier 74
2026-06-01,SKU1757,Warehouse,2.49,2.0081,0.0,0.0,0.0,0.0,0.0,0.0,0.0,0.0,Product 1757,TK,TK(142)G,CANDYLAND,Supplier 74
2026-06-01,SKU1777,Store A,1.66,1.3387,0.0,0.0,0.0,0.0,0.0,0.0,0.0,0.0,Product 1777,TK,TK(335)ML,CANDYLAND,Supplier 74
2026-06-01,SKU1782,Warehouse,2.324,1.8742,0.0,0.0,0.0,0.0,0.0,0.0,0.0,0.0,Product 1782,TK,TK(175)G,CANDYLAND,Supplier 42
2026-06-01,SKU1787,Store A,2.905,2.3428,31.033,23.0,43.0,0.0,0.0,0.0,1.2367,1.2367,Product 1787,TK,TK(70)G,CANDYLAND,Supplier 42
2026-06-01,SKU1787,Store C,2.905,2.3428,35.266,11.0,56.0,0.0,0.0,0.0,1.2977,1.2977,Product 1787,TK,TK(70)G,CANDYLAND,Supplier 42
2026-06-01,SKU1788,Warehouse,2.49,2.0081,0.0,0.0,0.0,0.0,0.0,0.0,0.0,0.0,Product 1788,TK,TK(70)G,CANDYLAND,Supplier 42
2026-06-01,SKU1789,Store A,2.49,2.0081,51.933,47.0,60.0,0.0,0.0,0.0,1.328,1.328,Product 1789,TK,TK(70)G,CANDYLAND,Supplier 42
2026-06-01,SKU1791,Store B,1.826,1.4726,44.0,43.0,46.0,34.0,62.084,27.3734,0.8051,0.8051,Product 1791,TK,TK(70)G,CANDYLAND,Supplier 42
2026-06-01,SKU1795,Store C,8.715,7.0282,0.933,0.0,2.0,0.0,0.0,0.0,3.9854,3.9854,Product 1795,TK,TK(189)G,CANDYLAND,Multiple suppliers
2026-06-01,SKU1795,Warehouse,8.715,7.0282,0.0,0.0,0.0,0.0,0.0,0.0,0.0,0.0,Product 1795,TK,TK(189)G,CANDYLAND,Multiple suppliers
2026-07-01,SKU0011,Store B,1.494,1.2048,0.0,0.0,0.0,0.0,0.0,0.0,0.0,0.0,Product 0011,TK,TK(10)G,CANDYLAND,Supplier 64
2026-07-01,SKU0021,Store B,22.327,18.0056,0.0,0.0,0.0,0.0,0.0,0.0,0.0,0.0,Product 0021,TK,TK(430)G,CANDYLAND,Supplier 29
2026-07-01,SKU0027,Store B,0.996,0.8032,0.0,0.0,0.0,0.0,0.0,0.0,0.0,0.0,Product 0027,TK,TK(30)ML,CANDYLAND,Supplier 64
2026-07-01,SKU0029,Warehouse,0.415,0.3347,0.0,0.0,0.0,0.0,0.0,0.0,0.0,0.0,Product 0029,TK,TK(20)ML,CANDYLAND,Supplier 64
2026-07-01,SKU0035,Warehouse,0.498,0.4016,0.0,0.0,0.0,0.0,0.0,0.0,0.0,0.0,Product 0035,PK,PK(14)G,CANDYLAND,Supplier 58
2026-07-01,SKU0047,Warehouse,1.494,1.2048,0.0,0.0,0.0,0.0,0.0,0.0,0.0,0.0,Product 0047,TK,TK(10)G,CANDYLAND,Supplier 66
2026-07-01,SKU0052,Store C,1.245,1.0041,0.0,0.0,0.0,0.0,0.0,0.0,0.0,0.0,Product 0052,TK,TK(50)G,CANDYLAND,Supplier 26
2026-07-01,SKU0059,Store A,2.905,2.3428,0.0,0.0,0.0,0.0,0.0,0.0,0.0,0.0,Product 0059,TK,TK(120)G,CANDYLAND,Supplier 66
2026-07-01,SKU0062,Store A,4.897,3.9492,0.0,0.0,0.0,0.0,0.0,0.0,0.0,0.0,Product 0062,TK,TK(97)G,CANDYLAND,Supplier 73
2026-07-01,SKU0070,Store C,1.577,1.2718,29.483,9.0,50.0,39.0,61.503,24.2775,0.6225,0.6225,Product 0070,TK,TK(30)G,CANDYLAND,Supplier 66
2026-07-01,SKU0071,Warehouse,1.245,1.0041,0.0,0.0,0.0,0.0,0.0,0.0,0.0,0.0,Product 0071,TK,TK(30)G,CANDYLAND,Supplier 66
2026-07-01,SKU0078,Store B,2.905,2.3428,0.0,0.0,0.0,0.0,0.0,0.0,0.0,0.0,Product 0078,TK,TK(120)G,CANDYLAND,Supplier 66
2026-07-01,SKU0083,Store A,1.66,1.3387,0.0,0.0,0.0,0.0,0.0,0.0,0.0,0.0,Product 0083,TK,TK(200)G,CANDYLAND,Supplier 59
2026-07-01,SKU0083,Warehouse,1.66,1.3387,0.0,0.0,0.0,0.0,0.0,0.0,0.0,0.0,Product 0083,TK,TK(200)G,CANDYLAND,Supplier 59
2026-07-01,SKU0084,Store A,1.826,1.4726,0.0,0.0,0.0,0.0,0.0,0.0,0.0,0.0,Product 0084,TK,TK(100)G,CANDYLAND,Supplier 59
2026-07-01,SKU0093,Store B,1.826,1.4726,0.0,0.0,0.0,0.0,0.0,0.0,0.0,0.0,Product 0093,TK,TK(200)G,CANDYLAND,Supplier 59
2026-07-01,SKU0098,Warehouse,0.249,0.2008,0.0,0.0,0.0,0.0,0.0,0.0,0.0,0.0,Product 0098,TK,TK(11)G,CANDYLAND,Supplier 68
2026-07-01,SKU0110,Warehouse,3.154,2.5435,0.0,0.0,0.0,0.0,0.0,0.0,0.0,0.0,Product 0110,TK,TK(325)G,CANDYLAND,Supplier 59
2026-07-01,SKU0118,Store C,4.15,3.3468,0.0,0.0,0.0,0.0,0.0,0.0,0.0,0.0,Product 0118,TK,TK(400)G,CANDYLAND,Supplier 31
2026-07-01,SKU0126,Store B,1.826,1.4726,25.387,21.0,27.0,20.0,36.52,12.7538,0.6377,0.6377,Product 0126,TK,TK(16)G,CANDYLAND,Supplier 05
2026-07-01,SKU0140,Store C,1.826,1.4726,1.451,0.0,10.0,0.0,0.0,0.0,0.9133,0.9133,Product 0140,TK,TK(90)G,CANDYLAND,Supplier 59
2026-07-01,SKU0143,Store B,4.067,3.2798,0.0,0.0,0.0,0.0,0.0,0.0,0.0,0.0,Product 0143,TK,TK(250)G,CANDYLAND,Supplier 34
2026-07-01,SKU0146,Store C,0.913,0.7363,16.741,9.0,37.0,33.0,30.129,11.2299,0.3403,0.3403,Product 0146,TK,TK(90)G,CANDYLAND,Supplier 68
2026-07-01,SKU0147,Store B,0.913,0.7363,12.612,7.0,21.0,19.0,17.347,6.4657,0.3403,0.3403,Product 0147,TK,TK(85)G,CANDYLAND,Supplier 68
2026-07-01,SKU0151,Store A,1.245,1.0041,0.0,0.0,0.0,0.0,0.0,0.0,0.0,0.0,Product 0151,TK,TK(90)ML,CANDYLAND,Supplier 59
2026-07-01,SKU0156,Store C,0.913,0.7363,15.87,13.0,19.0,9.0,8.217,3.0627,0.3403,0.3403,Product 0156,TK,TK(90)G,CANDYLAND,Supplier 68
2026-07-01,SKU0158,Store C,1.66,1.3387,0.0,0.0,0.0,0.0,0.0,0.0,0.0,0.0,Product 0158,TK,TK(200)G,CANDYLAND,Supplier 59
2026-07-01,SKU0161,Warehouse,1.245,1.0041,0.0,0.0,0.0,0.0,0.0,0.0,0.0,0.0,Product 0161,TK,TK(250)G,CANDYLAND,Supplier 59
2026-07-01,SKU0162,Store C,0.332,0.2678,0.0,0.0,0.0,0.0,0.0,0.0,0.0,0.0,Product 0162,TK,TK(15)G,CANDYLAND,Supplier 64
2026-07-01,SKU0164,Store A,1.494,1.2048,0.0,0.0,0.0,0.0,0.0,0.0,0.0,0.0,Product 0164,TK,TK(200)G,CANDYLAND,Supplier 59
2026-07-01,SKU0167,Store C,0.996,0.8032,0.0,0.0,0.0,0.0,0.0,0.0,0.0,0.0,Product 0167,TK,TK(30)G,CANDYLAND,Supplier 64
2026-07-01,SKU0177,Store B,1.245,1.0041,0.0,0.0,0.0,0.0,0.0,0.0,0.0,0.0,Product 0177,TK,TK(120)G,CANDYLAND,Supplier 59
2026-07-01,SKU0181,Store B,1.66,1.3387,0.0,0.0,0.0,0.0,0.0,0.0,0.0,0.0,Product 0181,TK,TK(72)G,CANDYLAND,Supplier 59
2026-07-01,SKU0193,Warehouse,1.494,1.2048,0.0,0.0,0.0,0.0,0.0,0.0,0.0,0.0,Product 0193,TK,TK(132)G,CANDYLAND,Supplier 59
2026-07-01,SKU0201,Store B,1.66,1.3387,0.0,0.0,0.0,0.0,0.0,0.0,0.0,0.0,Product 0201,TK,TK(150)G,CANDYLAND,Supplier 59
2026-07-01,SKU0208,Warehouse,0.83,0.6694,0.0,0.0,0.0,0.0,0.0,0.0,0.0,0.0,Product 0208,TK,TK(330)ML,CANDYLAND,Supplier 59
2026-07-01,SKU0210,Warehouse,1.245,1.0041,0.0,0.0,0.0,0.0,0.0,0.0,0.0,0.0,Product 0210,TK,TK(30)G,CANDYLAND,Supplier 59
2026-07-01,SKU0211,Store A,2.324,1.8742,0.0,0.0,0.0,0.0,0.0,0.0,0.0,0.0,Product 0211,TK,TK(750)ML,CANDYLAND,Supplier 59
2026-07-01,SKU0214,Store B,0.581,0.4685,0.0,0.0,0.0,0.0,0.0,0.0,0.0,0.0,Product 0214,TK,TK(11)G,CANDYLAND,Supplier 59
2026-07-01,SKU0217,Store B,1.328,1.0709,0.0,0.0,0.0,0.0,0.0,0.0,0.0,0.0,Product 0217,TK,TK(130)G,CANDYLAND,Supplier 59
2026-07-01,SKU0218,Store B,1.66,1.3387,0.0,0.0,0.0,0.0,0.0,0.0,0.0,0.0,Product 0218,TK,TK(150)G,CANDYLAND,Supplier 59
2026-07-01,SKU0219,Store C,2.241,1.8072,0.0,0.0,0.0,0.0,0.0,0.0,0.0,0.0,Product 0219,TK,TK(200)G,CANDYLAND,Supplier 59
2026-07-01,SKU0229,Warehouse,2.324,1.8742,0.0,0.0,0.0,0.0,0.0,0.0,0.0,0.0,Product 0229,TK,TK(216)G,CANDYLAND,Supplier 59
2026-07-01,SKU0232,Store C,0.664,0.5355,61.838,37.0,80.0,15.0,9.96,1.992,0.1328,0.1328,Product 0232,TK,TK(28)G,CANDYLAND,Supplier 02
2026-07-01,SKU0238,Store A,1.245,1.0041,0.0,0.0,0.0,0.0,0.0,0.0,0.0,0.0,Product 0238,TK,TK(200)G,CANDYLAND,Supplier 59
2026-07-01,SKU0251,Warehouse,1.577,1.2718,0.0,0.0,0.0,0.0,0.0,0.0,0.0,0.0,Product 0251,TK,TK(45)G,CANDYLAND,Supplier 59
2026-07-01,SKU0258,Store B,1.245,1.0041,0.0,0.0,0.0,0.0,0.0,0.0,0.0,0.0,Product 0258,TK,TK(200)G,CANDYLAND,Supplier 59
2026-07-01,SKU0259,Store B,1.328,1.0709,0.0,0.0,0.0,0.0,0.0,0.0,0.0,0.0,Product 0259,TK,TK(80)G,CANDYLAND,Supplier 59
2026-07-01,SKU0259,Store C,1.328,1.0709,0.0,0.0,0.0,0.0,0.0,0.0,0.0,0.0,Product 0259,TK,TK(80)G,CANDYLAND,Supplier 59
2026-07-01,SKU0260,Store A,1.826,1.4726,22.87,20.0,27.0,12.0,21.912,8.6054,0.7171,0.7171,Product 0260,TK,TK(6)G,CANDYLAND,Supplier 02
2026-07-01,SKU0263,Warehouse,1.245,1.0041,0.0,0.0,0.0,0.0,0.0,0.0,0.0,0.0,Product 0263,TK,TK(160)G,CANDYLAND,Supplier 59
2026-07-01,SKU0267,Warehouse,1.826,1.4726,0.0,0.0,0.0,0.0,0.0,0.0,0.0,0.0,Product 0267,TK,TK(114)G,CANDYLAND,Multiple suppliers
2026-07-01,SKU0268,Warehouse,2.49,2.0081,0.0,0.0,0.0,0.0,0.0,0.0,0.0,0.0,Product 0268,TK,TK(113)G,CANDYLAND,Multiple suppliers
2026-07-01,SKU0272,Warehouse,1.66,1.3387,0.0,0.0,0.0,0.0,0.0,0.0,0.0,0.0,Product 0272,TK,TK(150)G,CANDYLAND,Supplier 59
2026-07-01,SKU0311,Store A,1.162,0.9371,0.0,0.0,0.0,0.0,0.0,0.0,0.0,0.0,Product 0311,TK,TK(70)ML,CANDYLAND,Supplier 59
2026-07-01,SKU0319,Store C,1.411,1.1379,0.0,0.0,0.0,0.0,0.0,0.0,0.0,0.0,Product 0319,TK,TK(150)G,CANDYLAND,Supplier 33
2026-07-01,SKU0333,Store B,1.826,1.4726,0.0,0.0,0.0,0.0,0.0,0.0,0.0,0.0,Product 0333,TK,TK(114)G,CANDYLAND,Multiple suppliers
2026-07-01,SKU0338,Store B,1.494,1.2048,0.0,0.0,0.0,0.0,0.0,0.0,0.0,0.0,Product 0338,TK,TK(135)G,CANDYLAND,Supplier 59
2026-07-01,SKU0341,Store C,1.411,1.1379,0.0,0.0,0.0,0.0,0.0,0.0,0.0,0.0,Product 0341,TK,TK(114)G,CANDYLAND,Supplier 59
2026-07-01,SKU0345,Store A,0.996,0.8032,0.0,0.0,0.0,0.0,0.0,0.0,0.0,0.0,Product 0345,TK,TK(30)G,CANDYLAND,Supplier 59
2026-07-01,SKU0363,Store C,1.245,1.0041,0.0,0.0,0.0,0.0,0.0,0.0,0.0,0.0,Product 0363,TK,TK(160)G,CANDYLAND,Supplier 59
2026-07-01,SKU0368,Warehouse,1.079,0.8702,0.0,0.0,0.0,0.0,0.0,0.0,0.0,0.0,Product 0368,TK,TK(85)G,CANDYLAND,Supplier 59
2026-07-01,SKU0369,Store C,1.66,1.3387,0.0,0.0,0.0,0.0,0.0,0.0,0.0,0.0,Product 0369,TK,"TK(112,5)G",CANDYLAND,Supplier 59
2026-07-01,SKU0372,Store A,2.407,1.9411,0.0,0.0,0.0,0.0,0.0,0.0,0.0,0.0,Product 0372,TK,TK(102)G,CANDYLAND,Multiple suppliers
2026-07-01,SKU0374,Store A,0.83,0.6694,0.0,0.0,0.0,0.0,0.0,0.0,0.0,0.0,Product 0374,TK,TK(80)G,CANDYLAND,Supplier 59
2026-07-01,SKU0374,Store B,0.83,0.6694,0.0,0.0,0.0,0.0,0.0,0.0,0.0,0.0,Product 0374,TK,TK(80)G,CANDYLAND,Supplier 59
2026-07-01,SKU0376,Store A,2.3987,1.9344,0.0,0.0,0.0,0.0,0.0,0.0,0.0,0.0,Product 0376,TK,TK(102)G,CANDYLAND,Multiple suppliers
2026-07-01,SKU0379,Store B,0.581,0.4685,0.0,0.0,0.0,0.0,0.0,0.0,0.0,0.0,Product 0379,TK,TK(23)G,CANDYLAND,Supplier 59
2026-07-01,SKU0381,Store B,1.494,1.2048,0.0,0.0,0.0,0.0,0.0,0.0,0.0,0.0,Product 0381,TK,TK(100)G,CANDYLAND,Supplier 59
2026-07-01,SKU0383,Store A,0.83,0.6694,0.0,0.0,0.0,0.0,0.0,0.0,0.0,0.0,Product 0383,TK,TK(80)G,CANDYLAND,Supplier 59
2026-07-01,SKU0384,Warehouse,4.565,3.6815,0.0,0.0,0.0,0.0,0.0,0.0,0.0,0.0,Product 0384,TK,TK(300)G,CANDYLAND,Supplier 59
2026-07-01,SKU0386,Store A,3.071,2.4766,0.0,0.0,0.0,0.0,0.0,0.0,0.0,0.0,Product 0386,TK,TK(72)G,CANDYLAND,Supplier 26
2026-07-01,SKU0389,Store C,1.245,1.0041,0.0,0.0,0.0,0.0,0.0,0.0,0.0,0.0,Product 0389,TK,TK(48)G,CANDYLAND,Supplier 59
2026-07-01,SKU0393,Warehouse,0.415,0.3347,0.0,0.0,0.0,0.0,0.0,0.0,0.0,0.0,Product 0393,TK,TK(40)G,CANDYLAND,Supplier 59
2026-07-01,SKU0396,Store C,0.415,0.3347,0.0,0.0,0.0,0.0,0.0,0.0,0.0,0.0,Product 0396,TK,TK(40)G,CANDYLAND,Supplier 59
2026-07-01,SKU0402,Store A,1.909,1.5395,0.0,0.0,0.0,0.0,0.0,0.0,0.0,0.0,Product 0402,TK,TK(500)ML,CANDYLAND,Supplier 59
2026-07-01,SKU0404,Warehouse,0.83,0.6694,0.0,0.0,0.0,0.0,0.0,0.0,0.0,0.0,Product 0404,TK,TK(80)G,CANDYLAND,Supplier 59
2026-07-01,SKU0409,Store B,1.245,1.0041,0.0,0.0,0.0,0.0,0.0,0.0,0.0,0.0,Product 0409,TK,TK(160)G,CANDYLAND,Supplier 59
2026-07-01,SKU0410,Warehouse,1.494,1.2048,0.0,0.0,0.0,0.0,0.0,0.0,0.0,0.0,Product 0410,TK,TK(100)G,CANDYLAND,Supplier 59
2026-07-01,SKU0412,Store C,1.494,1.2048,0.0,0.0,0.0,0.0,0.0,0.0,0.0,0.0,Product 0412,TK,TK(100)G,CANDYLAND,Supplier 59
2026-07-01,SKU0422,Store C,2.656,2.1419,0.0,0.0,0.0,0.0,0.0,0.0,0.0,0.0,Product 0422,TK,TK(152)G,CANDYLAND,Supplier 59
2026-07-01,SKU0425,Warehouse,0.9545,0.7697,0.0,0.0,0.0,0.0,0.0,0.0,0.0,0.0,Product 0425,TK,TK(240)ML,CANDYLAND,Supplier 59
2026-07-01,SKU0426,Store A,2.49,2.0081,0.0,0.0,0.0,0.0,0.0,0.0,0.0,0.0,Product 0426,TK,TK(132)G,CANDYLAND,Multiple suppliers
2026-07-01,SKU0426,Warehouse,2.49,2.0081,0.0,0.0,0.0,0.0,0.0,0.0,0.0,0.0,Product 0426,TK,TK(132)G,CANDYLAND,Multiple suppliers
2026-07-01,SKU0434,Store C,2.905,2.3428,0.0,0.0,0.0,0.0,0.0,0.0,0.0,0.0,Product 0434,TK,TK(110)G,CANDYLAND,Supplier 59
2026-07-01,SKU0438,Store C,0.249,0.2008,3.677,1.0,14.0,1.0,0.249,0.0264,0.0265,0.0265,Product 0438,TK,TK(5)G,CANDYLAND,Multiple suppliers
