row_id,transaction_id,date,time,sku,location,channel,quantity,gross_revenue,net_revenue,vat,cost,gross_profit,discount_amount,discount_pct,is_return
ROW00000007,TXN0000003,2025-05-01,11:55:28,SKU1610,Store A,Retail,1.0,1.411,1.1565,0.2545,0.664,0.4925,0.0,0.0,False
ROW00000029,TXN0000014,2025-05-01,13:40:47,SKU0634,Store A,Retail,2.0,3.652,2.9935,0.6585,1.4576,1.5358,0.0,0.0,False
ROW00000058,TXN0000023,2025-05-01,14:16:42,SKU0477,Store A,Retail,1.0,0.83,0.6804,0.1496,0.2739,0.4065,0.0,0.0,False
ROW00000063,TXN0000025,2025-05-01,14:21:40,SKU0455,Store A,Retail,2.0,0.996,0.8164,0.1796,0.332,0.4844,0.0,0.0,False
ROW00000071,TXN0000029,2025-05-01,14:51:58,SKU0441,Store A,Retail,1.0,0.249,0.2041,0.0449,0.0243,0.1798,0.0,0.0,False
ROW00000164,TXN0000068,2025-05-01,19:15:16,SKU1787,Store A,Retail,1.0,2.656,2.1771,0.4789,1.4027,0.7744,0.0,0.0,False
ROW00000212,TXN0000089,2025-05-01,11:23:10,SKU0436,Store B,Retail,1.0,0.249,0.2041,0.0449,0.0249,0.1792,0.0,0.0,False
ROW00000216,TXN0000089,2025-05-01,11:23:10,SKU0540,Store B,Retail,1.0,1.328,1.0885,0.2395,0.6059,0.4826,0.0,0.0,False
ROW00000225,TXN0000091,2025-05-01,11:39:31,SKU0900,Store B,Retail,1.0,0.498,0.4082,0.0898,0.2548,0.1534,0.166,0.25,False
ROW00000298,TXN0000129,2025-05-01,16:30:27,SKU1617,Store B,Retail,1.0,1.2699,1.0409,0.229,0.664,0.3769,0.1411,0.1,False
ROW00000329,TXN0000143,2025-05-01,19:12:52,SKU1610,Store B,Retail,1.0,1.411,1.1565,0.2545,0.664,0.4925,0.0,0.0,False
ROW00000341,TXN0000147,2025-05-01,10:12:27,SKU1629,Store C,Retail,2.0,0.166,0.166,0.0,0.166,0.0,0.0,0.0,False
ROW00000342,TXN0000148,2025-05-01,10:16:12,SKU0509,Store C,Retail,1.0,1.826,1.4967,0.3293,0.6432,0.8535,0.0,0.0,False
ROW00000357,TXN0000152,2025-05-01,10:43:27,SKU0754,Store C,Retail,2.0,0.83,0.6804,0.1496,0.4748,0.2056,0.0,0.0,False
ROW00000389,TXN0000170,2025-05-01,11:57:21,SKU0664,Store C,Retail,1.0,4.233,3.4696,0.7634,2.0451,1.4245,0.0,0.0,False
ROW00000393,TXN0000173,2025-05-01,12:03:50,SKU1598,Store C,Retail,1.0,2.075,1.7008,0.3742,1.2284,0.4724,0.0,0.0,False
ROW00000528,TXN0000246,2025-05-02,16:13:41,SKU0438,Store A,Retail,1.0,0.249,0.2041,0.0449,0.0264,0.1777,0.0,0.0,False
ROW00000534,TXN0000248,2025-05-02,16:15:35,SKU0008,Store A,Retail,1.0,0.415,0.3401,0.0749,0.2094,0.1307,0.166,0.2857,False
ROW00000561,TXN0000265,2025-05-02,10:25:38,SKU1144,Store B,Retail,1.0,2.656,2.1771,0.4789,1.3525,0.8246,0.0,0.0,False
ROW00000583,TXN0000274,2025-05-02,13:25:04,SKU1062,Store B,Retail,5.0,0.83,0.6804,0.1496,0.2561,0.4243,0.415,0.3333,False
ROW00000629,TXN0000292,2025-05-02,17:57:25,SKU0247,Store B,Retail,1.0,1.411,1.1565,0.2545,0.7719,0.3846,0.0,0.0,False
ROW00000649,TXN0000303,2025-05-02,18:31:11,SKU1294,Store B,Retail,2.0,0.498,0.4082,0.0898,0.1494,0.2588,0.0,0.0,False
ROW00000735,TXN0000339,2025-05-02,12:26:49,SKU0499,Store C,Retail,1.0,0.83,0.6804,0.1496,0.2075,0.4729,0.83,0.5,False
ROW00000786,TXN0000357,2025-05-02,14:21:15,SKU1716,Store C,Retail,1.0,1.162,0.9524,0.2096,0.4814,0.471,0.0,0.0,False
ROW00000793,TXN0000360,2025-05-02,14:48:24,SKU1610,Store C,Retail,1.0,1.411,1.1565,0.2545,0.664,0.4925,0.0,0.0,False
ROW00000818,TXN0000370,2025-05-02,15:43:46,SKU1575,Store C,Retail,1.0,1.328,1.0885,0.2395,0.5877,0.5008,0.166,0.1111,False
ROW00000845,TXN0000384,2025-05-02,18:16:29,SKU0278,Store C,Retail,2.0,2.324,1.9049,0.4191,0.6487,1.2562,0.0,0.0,False
ROW00000858,TXN0000387,2025-05-02,18:31:57,SKU1629,Store C,Retail,1.0,0.083,0.083,0.0,0.083,0.0,0.0,0.0,False
ROW00000873,TXN0000396,2025-05-03,10:55:04,SKU0460,Store A,Retail,1.0,2.324,1.9049,0.4191,0.747,1.1579,0.0,0.0,False
ROW00000912,TXN0000408,2025-05-03,13:03:07,SKU1454,Store A,Retail,1.0,0.913,0.7483,0.1647,0.3818,0.3665,0.0,0.0,False
ROW00000943,TXN0000415,2025-05-03,13:45:13,SKU0030,Store A,Retail,1.0,0.498,0.4082,0.0898,0.083,0.3252,0.0,0.0,False
ROW00000980,TXN0000434,2025-05-03,15:27:22,SKU1677,Store A,Retail,2.0,1.162,0.9524,0.2096,0.581,0.3714,0.498,0.3,False
ROW00001022,TXN0000453,2025-05-03,16:43:21,SKU1787,Store A,Retail,1.0,2.656,2.1771,0.4789,1.4027,0.7744,0.0,0.0,False
ROW00001050,TXN0000465,2025-05-03,17:51:29,SKU0010,Store A,Retail,2.0,0.332,0.2722,0.0598,0.03,0.2421,0.0,0.0,False
ROW00001066,TXN0000475,2025-05-03,19:36:54,SKU0636,Store A,Retail,1.0,1.1952,0.9796,0.2156,0.5602,0.4194,0.2988,0.2,False
ROW00001116,TXN0000493,2025-05-03,13:14:59,SKU0692,Store B,Retail,1.0,0.498,0.4082,0.0898,0.21,0.1982,0.0,0.0,False
ROW00001132,TXN0000500,2025-05-03,14:21:47,SKU0837,Store B,Retail,2.0,0.166,0.136,0.03,0.0963,0.0398,0.166,0.5,False
ROW00001148,TXN0000509,2025-05-03,15:17:39,SKU1272,Store B,Retail,1.0,5.81,4.7623,1.0477,2.7722,1.9901,0.0,0.0,False
ROW00001164,TXN0000519,2025-05-03,17:24:56,SKU0837,Store B,Retail,1.0,0.083,0.0681,0.0149,0.0481,0.0199,0.083,0.5,False
ROW00001228,TXN0000542,2025-05-03,11:49:05,SKU0148,Store C,Retail,1.0,0.913,0.7483,0.1647,0.3569,0.3914,0.0,0.0,False
ROW00001253,TXN0000554,2025-05-03,12:19:57,SKU0156,Store C,Retail,1.0,0.913,0.7483,0.1647,0.3403,0.408,0.0,0.0,False
ROW00001255,TXN0000554,2025-05-03,12:19:57,SKU0443,Store C,Retail,1.0,1.66,1.3606,0.2994,1.2948,0.0658,0.996,0.375,False
ROW00001258,TXN0000555,2025-05-03,12:20:31,SKU1741,Store C,Retail,1.0,0.083,0.083,0.0,0.083,0.0,0.0,0.0,False
ROW00001341,TXN0000586,2025-05-03,15:22:14,SKU1629,Store C,Retail,1.0,0.083,0.083,0.0,0.083,0.0,0.0,0.0,False
ROW00001378,TXN0000595,2025-05-03,16:10:47,SKU1678,Store C,Retail,1.0,0.415,0.3401,0.0749,0.2863,0.0538,0.415,0.5,False
ROW00001382,TXN0000598,2025-05-03,16:22:10,SKU1501,Store C,Retail,3.0,3.735,3.0615,0.6735,1.4691,1.5924,0.0,0.0,False
ROW00001389,TXN0000601,2025-05-03,16:29:07,SKU0004,Store C,Retail,1.0,0.415,0.3401,0.0749,0.0709,0.2693,0.0,0.0,False
ROW00001400,TXN0000603,2025-05-03,16:34:55,SKU1787,Store C,Retail,1.0,2.656,2.1771,0.4789,1.4027,0.7744,0.0,0.0,False
ROW00001505,TXN0000649,2025-05-04,12:46:17,SKU1520,Store A,Retail,1.0,1.3446,1.1022,0.2424,0.7221,0.3801,0.1494,0.1,False
ROW00001516,TXN0000651,2025-05-04,12:51:43,SKU1678,Store A,Retail,2.0,0.83,0.6804,0.1496,0.5727,0.1077,0.83,0.5,False
ROW00001581,TXN0000679,2025-05-04,15:18:43,SKU1077,Store A,Retail,1.0,1.66,1.3606,0.2994,0.4755,0.8851,0.0,0.0,False
ROW00001602,TXN0000686,2025-05-04,15:49:30,SKU1616,Store A,Retail,1.0,1.2699,1.0409,0.229,0.664,0.3769,0.1411,0.1,False
ROW00001622,TXN0000694,2025-05-04,16:44:02,SKU0095,Store A,Retail,1.0,0.913,0.7483,0.1647,0.3735,0.3748,0.0,0.0,False
ROW00001626,TXN0000695,2025-05-04,16:46:16,SKU0636,Store A,Retail,1.0,1.494,1.2246,0.2694,0.5602,0.6643,0.0,0.0,False
ROW00001696,TXN0000725,2025-05-04,13:59:46,SKU0636,Store B,Retail,1.0,1.3446,1.1022,0.2424,0.5602,0.5419,0.1494,0.1,False
ROW00001738,TXN0000747,2025-05-04,18:22:40,SKU1752,Store B,Retail,1.0,1.411,1.1565,0.2545,0.6225,0.534,0.0,0.0,False
ROW00001739,TXN0000748,2025-05-04,18:32:14,SKU1592,Store B,Retail,1.0,1.162,0.9524,0.2096,0.5727,0.3797,0.0,0.0,False
ROW00001753,TXN0000754,2025-05-04,10:22:07,SKU0408,Store C,Retail,2.0,2.988,2.4492,0.5388,1.2616,1.1876,0.0,0.0,False
ROW00001759,TXN0000757,2025-05-04,11:14:30,SKU0688,Store C,Retail,1.0,1.245,1.0205,0.2245,0.3586,0.6619,0.0,0.0,False
ROW00001791,TXN0000770,2025-05-04,12:49:37,SKU0477,Store C,Retail,1.0,0.83,0.6804,0.1496,0.2739,0.4065,0.0,0.0,False
ROW00001834,TXN0000788,2025-05-04,14:11:11,SKU0022,Store C,Retail,1.0,0.996,0.8164,0.1796,0.3845,0.4318,0.0,0.0,False
ROW00001889,TXN0000815,2025-05-04,17:51:26,SKU1787,Store C,Retail,1.0,2.656,2.1771,0.4789,1.4027,0.7744,0.0,0.0,False
ROW00001907,TXN0000826,2025-05-05,14:18:41,SKU0583,Store A,Retail,3.0,0.498,0.4082,0.0898,0.0747,0.3335,0.0,0.0,False
ROW00001935,TXN0000841,2025-05-05,20:27:40,SKU1790,Store A,Retail,1.0,2.656,2.1771,0.4789,1.4027,0.7744,0.0,0.0,False
ROW00001954,TXN0000851,2025-05-05,14:32:24,SKU1677,Store B,Retail,2.0,1.162,0.9524,0.2096,0.581,0.3714,0.498,0.3,False
ROW00001973,TXN0000860,2025-05-05,16:22:03,SKU1599,Store B,Retail,1.0,2.075,1.7008,0.3742,1.2284,0.4724,0.0,0.0,False
ROW00001981,TXN0000865,2025-05-05,17:33:59,SKU0712,Store B,Retail,1.0,1.245,1.0205,0.2245,0.3071,0.7134,0.0,0.0,False
ROW00002049,TXN0000889,2025-05-05,10:13:39,SKU0047,Store C,Retail,1.0,1.494,1.2246,0.2694,0.7055,0.5191,0.0,0.0,False
ROW00002072,TXN0000897,2025-05-05,13:25:09,SKU1208,Store C,Retail,1.0,2.075,1.7008,0.3742,0.9047,0.7961,0.0,0.0,False
ROW00002085,TXN0000901,2025-05-05,14:43:04,SKU0526,Store C,Retail,1.0,1.494,1.2246,0.2694,0.6224,0.6022,0.0,0.0,False
ROW00002184,TXN0000940,2025-05-06,17:35:47,SKU1741,Store A,Retail,1.0,0.083,0.083,0.0,0.083,0.0,0.0,0.0,False
ROW00002196,TXN0000944,2025-05-06,18:19:34,SKU1629,Store A,Retail,1.0,0.083,0.083,0.0,0.083,0.0,0.0,0.0,False
ROW00002232,TXN0000968,2025-05-06,15:24:47,SKU0157,Store B,Retail,2.0,1.826,1.4967,0.3293,0.7138,0.7829,0.0,0.0,False
ROW00002259,TXN0000976,2025-05-06,17:25:02,SKU0734,Store B,Retail,1.0,2.0916,1.7144,0.3772,1.0375,0.6769,0.2324,0.1,False
ROW00002295,TXN0000993,2025-05-06,14:32:07,SKU1432,Store C,Retail,1.0,1.494,1.2246,0.2694,0.6723,0.5523,0.0,0.0,False
ROW00002304,TXN0000997,2025-05-06,14:54:06,SKU0520,Store C,Retail,1.0,1.494,1.2246,0.2694,0.6059,0.6187,0.0,0.0,False
ROW00002340,TXN0001009,2025-05-06,10:14:18,SKU1790,Warehouse,Wholesale,24.0,36.9396,30.2784,6.6612,33.6648,-3.3864,26.8044,0.4205,False
ROW00002350,TXN0001014,2025-05-07,14:03:07,SKU1482,Store A,Retail,1.0,1.245,1.0205,0.2245,0.5312,0.4893,0.0,0.0,False
ROW00002375,TXN0001026,2025-05-07,16:56:10,SKU0519,Store A,Retail,2.0,0.332,0.2722,0.0598,0.249,0.0232,0.332,0.5,False
ROW00002418,TXN0001043,2025-05-07,20:04:23,SKU1746,Store A,Retail,1.0,1.494,1.2246,0.2694,0.5395,0.6851,0.0,0.0,False
ROW00002441,TXN0001051,2025-05-07,12:28:49,SKU1228,Store B,Retail,1.0,1.328,1.0885,0.2395,0.5976,0.4909,0.0,0.0,False
ROW00002488,TXN0001074,2025-05-07,15:01:38,SKU1790,Store B,Retail,1.0,2.1248,1.7417,0.3831,1.4027,0.339,0.5312,0.2,False
ROW00002501,TXN0001078,2025-05-07,16:06:22,SKU0519,Store B,Retail,1.0,0.166,0.136,0.03,0.1194,0.0166,0.166,0.5,False
ROW00002544,TXN0001101,2025-05-07,13:54:07,SKU0438,Store C,Retail,1.0,0.249,0.2041,0.0449,0.0264,0.1777,0.0,0.0,False
ROW00002555,TXN0001107,2025-05-07,14:36:53,SKU1618,Store C,Retail,1.0,1.411,1.1565,0.2545,0.664,0.4925,0.0,0.0,False
ROW00002630,TXN0001140,2025-05-08,17:16:26,SKU1512,Store A,Retail,1.0,0.664,0.5442,0.1198,0.3403,0.2039,0.0,0.0,False
ROW00002644,TXN0001146,2025-05-08,18:11:07,SKU0708,Store A,Retail,1.0,0.996,0.8164,0.1796,0.366,0.4504,0.0,0.0,False
ROW00002655,TXN0001150,2025-05-08,18:35:21,SKU1228,Store A,Retail,2.0,2.3904,1.9594,0.431,1.1952,0.7642,0.2656,0.1,False
ROW00002764,TXN0001194,2025-05-08,18:13:44,SKU0735,Store B,Retail,1.0,2.324,1.9049,0.4191,1.0375,0.8674,0.0,0.0,False
ROW00002774,TXN0001199,2025-05-08,19:23:07,SKU1261,Store B,Retail,2.0,2.158,1.7688,0.3892,1.1288,0.64,0.0,0.0,False
ROW00002781,TXN0001203,2025-05-08,19:48:51,SKU0462,Store B,Retail,1.0,0.332,0.2722,0.0598,0.1909,0.0813,0.083,0.2,False
ROW00002813,TXN0001219,2025-05-08,15:04:53,SKU1509,Store C,Retail,3.0,1.245,1.0205,0.2245,1.0209,-0.0004,0.747,0.375,False
ROW00002826,TXN0001227,2025-05-08,15:16:26,SKU0408,Store C,Retail,1.0,1.494,1.2246,0.2694,0.6308,0.5938,0.0,0.0,False
ROW00002872,TXN0001248,2025-05-08,20:05:11,SKU1671,Store C,Retail,1.0,1.3944,1.1429,0.2515,0.8466,0.2963,0.3486,0.2,False
ROW00002881,TXN0001251,2025-05-09,10:45:58,SKU1629,Store A,Retail,1.0,0.083,0.083,0.0,0.083,0.0,0.0,0.0,False
ROW00002887,TXN0001254,2025-05-09,12:46:20,SKU1404,Store A,Retail,1.0,0.996,0.8164,0.1796,0.4565,0.3599,0.0,0.0,False
ROW00002931,TXN0001264,2025-05-09,15:44:44,SKU1596,Store A,Retail,1.0,1.0458,0.8572,0.1886,0.5727,0.2845,0.1162,0.1,False
ROW00002953,TXN0001271,2025-05-09,17:36:18,SKU1621,Store A,Retail,1.0,2.075,1.7008,0.3742,1.3695,0.3313,0.0,0.0,False
ROW00002975,TXN0001281,2025-05-09,19:34:38,SKU1790,Store A,Retail,2.0,4.7808,3.9187,0.8621,2.8054,1.1133,0.5312,0.1,False
ROW00003044,TXN0001307,2025-05-09,12:36:06,SKU0134,Store B,Retail,1.0,0.249,0.2041,0.0449,0.0664,0.1377,0.0,0.0,False
ROW00003082,TXN0001322,2025-05-09,15:23:18,SKU1080,Store B,Retail,1.0,1.826,1.4967,0.3293,0.5004,0.9963,0.0,0.0,False
ROW00003096,TXN0001328,2025-05-09,16:17:35,SKU0837,Store B,Retail,1.0,0.083,0.0681,0.0149,0.0481,0.0199,0.083,0.5,False
ROW00003108,TXN0001332,2025-05-09,16:51:51,SKU0633,Store B,Retail,1.0,1.992,1.6328,0.3592,0.7968,0.836,0.0,0.0,False
ROW00003194,TXN0001366,2025-05-09,13:50:43,SKU0919,Store C,Retail,1.0,1.245,1.0205,0.2245,0.359,0.6615,0.0,0.0,False
ROW00003230,TXN0001381,2025-05-09,17:15:58,SKU0486,Store C,Retail,1.0,1.245,1.0205,0.2245,0.5312,0.4893,0.0,0.0,False
ROW00003250,TXN0001391,2025-05-09,18:28:06,SKU0280,Store C,Retail,1.0,0.249,0.2041,0.0449,0.1245,0.0796,0.0,0.0,False
ROW00003300,TXN0001408,2025-05-10,11:47:57,SKU0630,Store A,Retail,1.0,0.83,0.6804,0.1496,0.3604,0.32,0.0,0.0,False
ROW00003301,TXN0001409,2025-05-10,11:49:33,SKU1062,Store A,Retail,5.0,0.83,0.6804,0.1496,0.2561,0.4243,0.415,0.3333,False
ROW00003328,TXN0001419,2025-05-10,13:18:13,SKU0519,Store A,Retail,1.0,0.166,0.136,0.03,0.1245,0.0115,0.166,0.5,False
ROW00003332,TXN0001419,2025-05-10,13:18:13,SKU1678,Store A,Retail,1.0,0.415,0.3401,0.0749,0.2863,0.0538,0.415,0.5,False
ROW00003366,TXN0001433,2025-05-10,15:29:48,SKU1420,Store A,Retail,1.0,0.913,0.7483,0.1647,0.4067,0.3416,0.0,0.0,False
ROW00003382,TXN0001439,2025-05-10,16:54:38,SKU0280,Store A,Retail,1.0,0.249,0.2041,0.0449,0.1245,0.0796,0.0,0.0,False
ROW00003429,TXN0001456,2025-05-10,18:00:24,SKU0455,Store A,Retail,1.0,0.498,0.4082,0.0898,0.2158,0.1924,0.0,0.0,False
ROW00003545,TXN0001503,2025-05-10,15:11:42,SKU0307,Store B,Retail,2.0,1.7928,1.4695,0.3233,0.7968,0.6727,0.1992,0.1,False
ROW00003587,TXN0001514,2025-05-10,15:58:04,SKU1091,Store B,Retail,120.0,4.15,3.4017,0.7483,5.7768,-2.3751,15.77,0.7917,False
ROW00003615,TXN0001533,2025-05-10,18:40:39,SKU0339,Store B,Retail,1.0,2.49,2.041,0.449,1.2201,0.8209,0.0,0.0,False
ROW00003621,TXN0001536,2025-05-10,18:48:20,SKU1631,Store B,Retail,1.0,5.1543,4.2249,0.9294,2.8469,1.378,0.5727,0.1,False
ROW00003627,TXN0001537,2025-05-10,18:55:58,SKU1066,Store B,Retail,1.0,1.245,1.0205,0.2245,0.5071,0.5134,0.0,0.0,False
ROW00003674,TXN0001563,2025-05-10,13:55:27,SKU1606,Store C,Retail,1.0,1.411,1.1565,0.2545,0.664,0.4925,0.0,0.0,False
ROW00003695,TXN0001576,2025-05-10,14:15:34,SKU1236,Store C,Retail,1.0,1.245,1.0205,0.2245,0.4897,0.5308,0.0,0.0,False
ROW00003731,TXN0001590,2025-05-10,15:06:54,SKU1629,Store C,Retail,9.0,0.747,0.747,0.0,0.747,0.0,0.0,0.0,False
ROW00003741,TXN0001596,2025-05-10,15:43:30,SKU1600,Store C,Retail,1.0,2.075,1.7008,0.3742,0.83,0.8708,0.0,0.0,False
ROW00003765,TXN0001609,2025-05-10,15:51:28,SKU0531,Store C,Retail,1.0,2.49,2.041,0.449,1.1952,0.8458,0.0,0.0,False
ROW00003769,TXN0001610,2025-05-10,15:52:08,SKU1485,Store C,Retail,5.0,1.245,1.0205,0.2245,0.6391,0.3814,0.0,0.0,False
ROW00003788,TXN0001619,2025-05-10,15:59:44,SKU0028,Store C,Retail,1.0,1.162,0.9524,0.2096,0.343,0.6094,0.0,0.0,False
ROW00003870,TXN0001659,2025-05-11,12:05:51,SKU1394,Store A,Retail,1.0,1.909,1.5647,0.3443,0.7138,0.8509,0.0,0.0,False
ROW00003881,TXN0001665,2025-05-11,13:09:18,SKU1621,Store A,Retail,1.0,2.075,1.7008,0.3742,1.3695,0.3313,0.0,0.0,False
ROW00003886,TXN0001667,2025-05-11,13:24:52,SKU1609,Store A,Retail,1.0,1.411,1.1565,0.2545,0.664,0.4925,0.0,0.0,False
ROW00003897,TXN0001671,2025-05-11,13:38:32,SKU0649,Store A,Retail,1.0,2.075,1.7008,0.3742,0.996,0.7048,0.0,0.0,False
ROW00004018,TXN0001724,2025-05-11,18:30:24,SKU1294,Store A,Retail,1.0,0.249,0.2041,0.0449,0.0747,0.1294,0.0,0.0,False
ROW00004044,TXN0001735,2025-05-11,11:26:00,SKU0841,Store B,Retail,1.0,0.2905,0.2381,0.0524,0.2241,0.014,0.0,0.0,False
ROW00004078,TXN0001750,2025-05-11,13:48:29,SKU0837,Store B,Retail,4.0,0.332,0.2722,0.0598,0.1926,0.0796,0.332,0.5,False
ROW00004111,TXN0001767,2025-05-11,17:06:11,SKU1608,Store B,Retail,1.0,1.411,1.1565,0.2545,0.664,0.4925,0.0,0.0,False
ROW00004125,TXN0001770,2025-05-11,17:29:44,SKU0688,Store B,Retail,1.0,1.245,1.0205,0.2245,0.3586,0.6619,0.0,0.0,False
ROW00004157,TXN0001791,2025-05-11,12:36:41,SKU1689,Store C,Retail,1.0,1.411,1.1565,0.2545,0.6806,0.4759,0.0,0.0,False
ROW00004198,TXN0001806,2025-05-11,14:16:15,SKU1228,Store C,Retail,1.0,1.328,1.0885,0.2395,0.5976,0.4909,0.0,0.0,False
ROW00004225,TXN0001819,2025-05-11,15:43:07,SKU1068,Store C,Retail,1.0,1.162,0.9524,0.2096,0.4374,0.515,0.0,0.0,False
ROW00004239,TXN0001827,2025-05-12,10:18:57,SKU0462,Store A,Retail,1.0,0.332,0.2722,0.0598,0.1909,0.0813,0.083,0.2,False
ROW00004301,TXN0001854,2025-05-12,16:07:13,SKU0564,Store A,Retail,1.0,1.245,1.0205,0.2245,0.4897,0.5308,0.0,0.0,False
ROW00004334,TXN0001864,2025-05-12,16:45:20,SKU1598,Store A,Retail,1.0,2.075,1.7008,0.3742,1.3695,0.3313,0.0,0.0,False
ROW00004356,TXN0001877,2025-05-12,18:44:36,SKU1492,Store A,Retail,1.0,0.996,0.8164,0.1796,0.4897,0.3267,0.0,0.0,False
ROW00004385,TXN0001886,2025-05-12,11:42:39,SKU0735,Store B,Retail,1.0,2.324,1.9049,0.4191,1.0375,0.8674,0.0,0.0,False
ROW00004458,TXN0001926,2025-05-12,18:35:01,SKU0707,Store B,Retail,2.0,0.83,0.6804,0.1496,0.3486,0.3318,0.0,0.0,False
ROW00004463,TXN0001930,2025-05-12,18:53:12,SKU0001,Store B,Retail,2.0,0.332,0.2722,0.0598,0.0867,0.1855,0.0,0.0,False
ROW00004501,TXN0001943,2025-05-12,13:44:10,SKU1678,Store C,Retail,3.0,1.245,1.0205,0.2245,0.859,0.1614,1.245,0.5,False
ROW00004535,TXN0001956,2025-05-12,15:51:44,SKU0344,Store C,Retail,1.0,0.498,0.4082,0.0898,0.2739,0.1343,0.498,0.5,False
ROW00004554,TXN0001971,2025-05-12,19:51:06,SKU1366,Store C,Retail,1.0,0.83,0.6804,0.1496,0.5644,0.116,0.415,0.3333,False
ROW00004569,TXN0001976,2025-05-13,13:33:59,SKU1641,Store A,Retail,1.0,1.1205,0.9185,0.202,0.6391,0.2794,0.1245,0.1,False
ROW00004592,TXN0001985,2025-05-13,16:22:56,SKU1520,Store A,Retail,1.0,1.3446,1.1022,0.2424,0.7221,0.3801,0.1494,0.1,False
ROW00004598,TXN0001990,2025-05-13,17:59:38,SKU1013,Store A,Retail,1.0,1.494,1.2246,0.2694,0.415,0.8096,0.0,0.0,False
ROW00004655,TXN0002010,2025-05-13,13:01:44,SKU0477,Store B,Retail,1.0,0.83,0.6804,0.1496,0.2739,0.4065,0.0,0.0,False
ROW00004690,TXN0002027,2025-05-13,16:32:10,SKU1720,Store B,Retail,1.0,0.2988,0.2449,0.0539,0.1106,0.1343,0.0332,0.1,False
ROW00004693,TXN0002028,2025-05-13,16:38:20,SKU0838,Store B,Retail,1.0,0.2241,0.1837,0.0404,0.0687,0.115,0.0249,0.1,False
ROW00004732,TXN0002048,2025-05-13,10:07:23,SKU0841,Store C,Retail,1.0,0.2905,0.2381,0.0524,0.2241,0.014,0.0,0.0,False
ROW00004765,TXN0002059,2025-05-13,15:38:04,SKU1790,Store C,Retail,1.0,2.656,2.1771,0.4789,1.4027,0.7744,0.0,0.0,False
ROW00004796,TXN0002069,2025-05-13,18:39:39,SKU1091,Store C,Retail,7.0,0.581,0.4763,0.1047,0.337,0.1393,0.581,0.5,False
ROW00004816,TXN0002078,2025-05-13,08:56:47,SKU0741,Warehouse,Wholesale,12.0,35.2385,28.884,6.3545,21.1152,7.7688,9.5815,0.2138,False
ROW00004837,TXN0002085,2025-05-14,14:57:32,SKU0688,Store A,Retail,1.0,1.245,1.0205,0.2245,0.3586,0.6619,0.0,0.0,False
ROW00004888,TXN0002109,2025-05-14,19:57:13,SKU1617,Store A,Retail,1.0,1.2699,1.0409,0.229,0.664,0.3769,0.1411,0.1,False
ROW00004937,TXN0002133,2025-05-14,14:40:47,SKU1764,Store B,Retail,1.0,2.158,1.7688,0.3892,0.9406,0.8282,0.0,0.0,False
ROW00004979,TXN0002148,2025-05-14,17:35:21,SKU1159,Store B,Retail,1.0,2.2576,1.8505,0.4071,1.3486,0.5019,0.3984,0.15,False
ROW00004980,TXN0002148,2025-05-14,17:35:21,SKU1404,Store B,Retail,3.0,2.5398,2.0818,0.458,1.3695,0.7123,0.4482,0.15,False
ROW00005025,TXN0002177,2025-05-14,14:24:01,SKU0344,Store C,Retail,1.0,0.498,0.4082,0.0898,0.2739,0.1343,0.498,0.5,False
ROW00005031,TXN0002180,2025-05-14,15:04:28,SKU0713,Store C,Retail,1.0,1.245,1.0205,0.2245,0.3071,0.7134,0.0,0.0,False
ROW00005070,TXN0002201,2025-05-14,16:48:54,SKU0582,Store C,Retail,1.0,0.415,0.3401,0.0749,0.0913,0.2488,0.0,0.0,False
ROW00005083,TXN0002208,2025-05-14,17:01:00,SKU1610,Store C,Retail,1.0,1.411,1.1565,0.2545,0.664,0.4925,0.0,0.0,False
ROW00005141,TXN0002234,2025-05-15,15:14:49,SKU1764,Store A,Retail,1.0,2.158,1.7688,0.3892,0.9406,0.8282,0.0,0.0,False
ROW00005168,TXN0002244,2025-05-15,17:49:51,SKU0518,Store A,Retail,1.0,0.498,0.4082,0.0898,0.2229,0.1853,0.083,0.1429,False
ROW00005190,TXN0002249,2025-05-15,19:38:07,SKU0841,Store A,Retail,1.0,0.2905,0.2381,0.0524,0.2241,0.014,0.0,0.0,False
ROW00005205,TXN0002255,2025-05-15,10:23:42,SKU0664,Store B,Retail,2.0,7.6194,6.2454,1.374,4.0902,2.1552,0.8466,0.1,False
ROW00005272,TXN0002293,2025-05-15,18:43:02,SKU0653,Store B,Retail,1.0,1.6434,1.3471,0.2963,0.4067,0.9404,0.1826,0.1,False
ROW00005321,TXN0002311,2025-05-15,17:00:42,SKU1790,Store C,Retail,1.0,2.656,2.1771,0.4789,1.4027,0.7744,0.0,0.0,False
ROW00005342,TXN0002323,2025-05-15,19:43:25,SKU0169,Store C,Retail,1.0,0.166,0.136,0.03,0.1162,0.0198,0.166,0.5,False
ROW00005352,TXN0002329,2025-05-16,12:02:54,SKU1645,Store A,Retail,1.0,1.8675,1.5308,0.3367,0.7636,0.7672,0.2075,0.1,False
ROW00005364,TXN0002335,2025-05-16,15:24:58,SKU1368,Store A,Retail,1.0,0.83,0.6804,0.1496,0.6059,0.0745,0.415,0.3333,False
ROW00005460,TXN0002385,2025-05-16,14:38:33,SKU1759,Store B,Retail,1.0,1.0458,0.8572,0.1886,0.4399,0.4173,0.1162,0.1,False
ROW00005517,TXN0002412,2025-05-16,19:05:10,SKU0512,Store B,Retail,1.0,0.83,0.6804,0.1496,0.3278,0.3525,0.0,0.0,False
ROW00005520,TXN0002413,2025-05-16,19:16:10,SKU1322,Store B,Retail,2.0,2.822,2.3131,0.5089,1.245,1.0681,0.0,0.0,False
ROW00005526,TXN0002417,2025-05-16,19:53:32,SKU1323,Store B,Retail,1.0,1.411,1.1565,0.2545,0.6225,0.534,0.0,0.0,False
ROW00005541,TXN0002419,2025-05-16,10:15:11,SKU1091,Store C,Retail,4.0,0.332,0.2722,0.0598,0.1926,0.0796,0.332,0.5,False
ROW00005547,TXN0002423,2025-05-16,11:25:29,SKU1790,Store C,Retail,1.0,2.656,2.1771,0.4789,1.4027,0.7744,0.0,0.0,False
ROW00005548,TXN0002424,2025-05-16,11:37:07,SKU0307,Store C,Retail,1.0,0.996,0.8164,0.1796,0.3984,0.418,0.0,0.0,False
ROW00005588,TXN0002441,2025-05-16,14:30:41,SKU1720,Store C,Retail,1.0,0.332,0.2722,0.0598,0.1106,0.1615,0.0,0.0,False
ROW00005605,TXN0002448,2025-05-16,15:03:08,SKU1252,Store C,Retail,1.0,1.245,1.0205,0.2245,0.6142,0.4063,0.249,0.1667,False
ROW00005672,TXN0002476,2025-05-16,18:40:00,SKU0029,Store C,Retail,1.0,0.415,0.3401,0.0749,0.0913,0.2488,0.0,0.0,False
ROW00005721,TXN0002493,2025-05-16,14:01:26,SKU1664,Warehouse,Wholesale,150.0,189.24,189.24,0.0,169.818,19.422,106.7048,0.3606,False
ROW00005739,TXN0002499,2025-05-17,11:25:18,SKU1535,Store A,Retail,1.0,1.162,0.9524,0.2096,0.4897,0.4627,0.0,0.0,False
ROW00005754,TXN0002506,2025-05-17,13:07:42,SKU0734,Store A,Retail,1.0,2.324,1.9049,0.4191,1.0375,0.8674,0.0,0.0,False
ROW00005858,TXN0002543,2025-05-17,16:08:13,SKU0088,Store A,Retail,1.0,0.8217,0.6735,0.1482,0.3735,0.3,0.0913,0.1,False
ROW00005890,TXN0002553,2025-05-17,16:38:37,SKU0533,Store A,Retail,1.0,2.49,2.041,0.449,1.1952,0.8458,0.0,0.0,False
ROW00005916,TXN0002562,2025-05-17,18:06:25,SKU1369,Store A,Retail,1.0,0.83,0.6804,0.1496,0.5644,0.116,0.415,0.3333,False
ROW00005918,TXN0002563,2025-05-17,18:07:48,SKU0487,Store A,Retail,1.0,1.245,1.0205,0.2245,0.498,0.5225,0.0,0.0,False
ROW00005930,TXN0002569,2025-05-17,18:40:44,SKU0023,Store A,Retail,1.0,0.664,0.5442,0.1198,0.3555,0.1887,0.332,0.3333,False
ROW00005995,TXN0002593,2025-05-17,13:11:22,SKU1764,Store B,Retail,1.0,2.158,1.7688,0.3892,0.9406,0.8282,0.0,0.0,False
ROW00006020,TXN0002606,2025-05-17,14:28:55,SKU1485,Store B,Retail,1.0,0.249,0.2041,0.0449,0.1278,0.0763,0.0,0.0,False
ROW00006074,TXN0002631,2025-05-17,17:13:50,SKU1617,Store B,Retail,1.0,1.411,1.1565,0.2545,0.664,0.4925,0.0,0.0,False
ROW00006088,TXN0002633,2025-05-17,17:20:15,SKU0534,Store B,Retail,1.0,1.0458,0.8572,0.1886,0.5561,0.3011,0.1162,0.1,False
ROW00006093,TXN0002635,2025-05-17,17:30:06,SKU1089,Store B,Retail,1.0,0.996,0.8164,0.1796,0.4482,0.3682,0.0,0.0,False
ROW00006108,TXN0002637,2025-05-17,17:36:22,SKU1790,Store B,Retail,2.0,4.7808,3.9187,0.8621,2.8054,1.1133,0.5312,0.1,False
ROW00006228,TXN0002682,2025-05-17,14:07:57,SKU0843,Store C,Retail,1.0,0.996,0.8164,0.1796,0.5395,0.2769,0.415,0.2941,False
ROW00006234,TXN0002682,2025-05-17,14:07:57,SKU1741,Store C,Retail,1.0,0.083,0.083,0.0,0.083,0.0,0.0,0.0,False
ROW00006285,TXN0002702,2025-05-17,15:43:15,SKU1326,Store C,Retail,1.0,1.411,1.1565,0.2545,0.6225,0.534,0.0,0.0,False
ROW00006317,TXN0002712,2025-05-17,16:01:56,SKU1159,Store C,Retail,1.0,2.656,2.1771,0.4789,1.3486,0.8285,0.0,0.0,False
ROW00006330,TXN0002716,2025-05-17,16:11:25,SKU0532,Store C,Retail,1.0,2.905,2.3812,0.5238,1.162,1.2192,0.0,0.0,False
ROW00006342,TXN0002724,2025-05-17,16:33:37,SKU1485,Store C,Retail,5.0,1.245,1.0205,0.2245,0.6391,0.3814,0.0,0.0,False
ROW00006350,TXN0002728,2025-05-17,16:53:24,SKU0008,Store C,Retail,1.0,0.415,0.3401,0.0749,0.2094,0.1307,0.166,0.2857,False
ROW00006357,TXN0002728,2025-05-17,16:53:24,SKU0841,Store C,Retail,1.0,0.2905,0.2381,0.0524,0.2241,0.014,0.0,0.0,False
ROW00006390,TXN0002741,2025-05-17,17:22:06,SKU1384,Store C,Retail,2.0,1.826,1.4967,0.3293,0.9296,0.5671,0.0,0.0,False
ROW00006402,TXN0002745,2025-05-17,17:24:30,SKU1418,Store C,Retail,2.0,0.996,0.8164,0.1796,0.4648,0.3516,0.0,0.0,False
ROW00006448,TXN0002760,2025-05-18,11:49:57,SKU0408,Store A,Retail,1.0,1.494,1.2246,0.2694,0.6308,0.5938,0.0,0.0,False
ROW00006455,TXN0002764,2025-05-18,12:05:08,SKU0843,Store A,Retail,2.0,1.992,1.6328,0.3592,1.079,0.5538,0.83,0.2941,False
ROW00006468,TXN0002771,2025-05-18,14:00:17,SKU0919,Store A,Retail,1.0,1.245,1.0205,0.2245,0.359,0.6615,0.0,0.0,False
ROW00006471,TXN0002772,2025-05-18,14:17:38,SKU0533,Store A,Retail,1.0,2.49,2.041,0.449,1.1952,0.8458,0.0,0.0,False
ROW00006562,TXN0002806,2025-05-18,10:37:17,SKU0353,Store B,Retail,1.0,0.747,0.6123,0.1347,0.5395,0.0728,0.415,0.3571,False
ROW00006603,TXN0002821,2025-05-18,14:33:13,SKU0518,Store B,Retail,1.0,0.498,0.4082,0.0898,0.249,0.1592,0.083,0.1429,False
ROW00006630,TXN0002832,2025-05-18,15:09:30,SKU0084,Store B,Retail,1.0,1.826,1.4967,0.3293,0.8798,0.6169,0.0,0.0,False
ROW00006635,TXN0002834,2025-05-18,15:24:37,SKU0422,Store B,Retail,1.0,2.656,2.1771,0.4789,1.1952,0.9819,0.0,0.0,False
ROW00006690,TXN0002851,2025-05-18,10:15:33,SKU1404,Store C,Retail,2.0,1.992,1.6328,0.3592,0.913,0.7198,0.0,0.0,False
ROW00006703,TXN0002859,2025-05-18,10:35:19,SKU0169,Store C,Retail,3.0,0.498,0.4082,0.0898,0.3486,0.0596,0.498,0.5,False
ROW00006717,TXN0002868,2025-05-18,11:15:07,SKU0797,Store C,Retail,1.0,1.328,1.0885,0.2395,0.6225,0.466,0.0,0.0,False
ROW00006721,TXN0002870,2025-05-18,11:31:37,SKU1476,Store C,Retail,1.0,1.245,1.0205,0.2245,0.5312,0.4893,0.0,0.0,False
ROW00006723,TXN0002870,2025-05-18,11:31:37,SKU1483,Store C,Retail,1.0,1.245,1.0205,0.2245,0.5312,0.4893,0.0,0.0,False
ROW00006799,TXN0002899,2025-05-18,12:27:16,SKU0475,Store C,Retail,1.0,1.328,1.0885,0.2395,0.5976,0.4909,0.0,0.0,False
ROW00006804,TXN0002901,2025-05-18,12:34:23,SKU1619,Store C,Retail,1.0,1.411,1.1565,0.2545,0.664,0.4925,0.0,0.0,False
ROW00006856,TXN0002926,2025-05-18,14:02:58,SKU0148,Store C,Retail,1.0,0.913,0.7483,0.1647,0.3569,0.3914,0.0,0.0,False
ROW00006950,TXN0002971,2025-05-18,17:09:20,SKU0248,Store C,Retail,1.0,1.411,1.1565,0.2545,0.7719,0.3846,0.0,0.0,False
ROW00007006,TXN0002994,2025-05-19,16:41:32,SKU0841,Store A,Retail,1.0,0.2905,0.2381,0.0524,0.2241,0.014,0.0,0.0,False
ROW00007011,TXN0002995,2025-05-19,17:14:58,SKU1720,Store A,Retail,3.0,0.7968,0.6531,0.1437,0.3319,0.3212,0.1992,0.2,False
ROW00007077,TXN0003021,2025-05-19,14:44:04,SKU0173,Store B,Retail,1.0,1.245,1.0205,0.2245,0.4372,0.5833,0.0,0.0,False
ROW00007098,TXN0003025,2025-05-19,15:30:13,SKU1677,Store B,Retail,1.0,0.581,0.4763,0.1047,0.2905,0.1858,0.249,0.3,False
ROW00007165,TXN0003050,2025-05-19,18:39:18,SKU0755,Store B,Retail,1.0,0.249,0.2041,0.0449,0.0838,0.1203,0.0,0.0,False
ROW00007168,TXN0003053,2025-05-19,18:51:40,SKU0004,Store B,Retail,1.0,0.415,0.3401,0.0749,0.0709,0.2693,0.0,0.0,False
ROW00007203,TXN0003063,2025-05-19,12:39:14,SKU1678,Store C,Retail,1.0,0.415,0.3401,0.0749,0.2863,0.0538,0.415,0.5,False
ROW00007232,TXN0003078,2025-05-19,14:18:25,SKU0475,Store C,Retail,1.0,1.328,1.0885,0.2395,0.5976,0.4909,0.0,0.0,False
ROW00007272,TXN0003102,2025-05-19,18:05:47,SKU0008,Store C,Retail,1.0,0.415,0.3401,0.0749,0.2094,0.1307,0.166,0.2857,False
ROW00007275,TXN0003102,2025-05-19,18:05:47,SKU0656,Store C,Retail,1.0,0.747,0.6123,0.1347,0.3165,0.2958,0.0,0.0,False
ROW00007318,TXN0003121,2025-05-20,15:06:44,SKU0248,Store A,Retail,1.0,1.411,1.1565,0.2545,0.7719,0.3846,0.0,0.0,False
ROW00007346,TXN0003136,2025-05-20,18:22:42,SKU1664,Store A,Retail,1.0,2.407,1.9729,0.4341,1.1321,0.8408,0.0,0.0,False
ROW00007371,TXN0003146,2025-05-20,11:29:36,SKU1629,Store B,Retail,1.0,0.083,0.083,0.0,0.083,0.0,0.0,0.0,False
ROW00007414,TXN0003167,2025-05-20,17:06:29,SKU0476,Store B,Retail,1.0,1.162,0.9524,0.2096,0.5146,0.4378,0.0,0.0,False
ROW00007443,TXN0003180,2025-05-20,18:25:34,SKU0540,Store B,Retail,1.0,1.328,1.0885,0.2395,0.6059,0.4826,0.0,0.0,False
ROW00007509,TXN0003211,2025-05-20,18:27:43,SKU0384,Store C,Retail,1.0,4.565,3.7418,0.8232,1.7015,2.0403,0.0,0.0,False
ROW00007518,TXN0003215,2025-05-20,19:24:21,SKU0692,Store C,Retail,1.0,0.498,0.4082,0.0898,0.21,0.1982,0.0,0.0,False
ROW00007535,TXN0003221,2025-05-20,11:27:08,SKU1664,Warehouse,Wholesale,40.0,84.6534,69.388,15.2654,45.2848,24.1032,11.6266,0.1208,False
ROW00007543,TXN0003227,2025-05-21,13:37:11,SKU1620,Store A,Retail,1.0,1.411,1.1565,0.2545,0.664,0.4925,0.0,0.0,False
ROW00007596,TXN0003251,2025-05-21,19:27:23,SKU1208,Store A,Retail,1.0,2.075,1.7008,0.3742,0.9047,0.7961,0.0,0.0,False
ROW00007622,TXN0003257,2025-05-21,11:31:56,SKU1238,Store B,Retail,1.0,1.162,0.9524,0.2096,0.415,0.5374,0.0,0.0,False
ROW00007632,TXN0003260,2025-05-21,12:34:19,SKU0247,Store B,Retail,1.0,1.411,1.1565,0.2545,0.7719,0.3846,0.0,0.0,False
ROW00007634,TXN0003260,2025-05-21,12:34:19,SKU1068,Store B,Retail,1.0,1.162,0.9524,0.2096,0.4374,0.515,0.0,0.0,False
ROW00007693,TXN0003286,2025-05-21,17:09:44,SKU0436,Store B,Retail,1.0,0.249,0.2041,0.0449,0.0249,0.1792,0.0,0.0,False
ROW00007710,TXN0003296,2025-05-21,18:07:04,SKU0044,Store B,Retail,8.0,29.88,24.4918,5.3882,13.28,11.2118,0.0,0.0,False
ROW00007799,TXN0003336,2025-05-21,13:37:48,SKU1384,Store C,Retail,1.0,0.913,0.7483,0.1647,0.4648,0.2835,0.0,0.0,False
ROW00007800,TXN0003336,2025-05-21,13:37:48,SKU1744,Store C,Retail,1.0,0.083,0.083,0.0,0.083,0.0,0.0,0.0,False
ROW00007814,TXN0003344,2025-05-21,14:31:54,SKU1144,Store C,Retail,1.0,2.407,1.9729,0.4341,1.3525,0.6204,0.249,0.0938,False
ROW00007888,TXN0003379,2025-05-21,18:58:35,SKU0063,Store C,Retail,1.0,1.66,1.3606,0.2994,0.6536,0.707,0.0,0.0,False
ROW00007898,TXN0003384,2025-05-22,13:09:29,SKU1744,Store A,Retail,1.0,0.083,0.083,0.0,0.083,0.0,0.0,0.0,False
ROW00007918,TXN0003393,2025-05-22,16:08:38,SKU0638,Store A,Retail,1.0,0.996,0.8164,0.1796,0.5627,0.2536,0.664,0.4,False
ROW00007966,TXN0003416,2025-05-22,15:39:54,SKU1253,Store B,Retail,1.0,1.494,1.2246,0.2694,0.5976,0.627,0.0,0.0,False
ROW00007978,TXN0003420,2025-05-22,15:48:53,SKU1629,Store B,Retail,1.0,0.083,0.083,0.0,0.083,0.0,0.0,0.0,False
ROW00007997,TXN0003432,2025-05-22,17:26:53,SKU0462,Store B,Retail,1.0,0.332,0.2722,0.0598,0.1909,0.0813,0.083,0.2,False
ROW00008059,TXN0003456,2025-05-22,10:47:51,SKU1013,Store C,Retail,1.0,1.494,1.2246,0.2694,0.415,0.8096,0.0,0.0,False
ROW00008073,TXN0003465,2025-05-22,14:29:04,SKU1249,Store C,Retail,1.0,0.747,0.6123,0.1347,0.3403,0.272,0.0,0.0,False
ROW00008104,TXN0003477,2025-05-22,14:50:20,SKU1367,Warehouse,Wholesale,12.0,2.988,2.4492,0.5388,6.7728,-4.3236,11.952,0.8,False
ROW00008118,TXN0003482,2025-05-23,15:15:35,SKU1609,Store A,Retail,1.0,1.411,1.1565,0.2545,0.664,0.4925,0.0,0.0,False
ROW00008162,TXN0003501,2025-05-23,19:45:28,SKU1216,Store A,Retail,1.0,1.162,0.9524,0.2096,0.3619,0.5905,0.0,0.0,False
ROW00008176,TXN0003505,2025-05-23,20:18:09,SKU0189,Store A,Retail,2.0,0.498,0.4082,0.0898,0.0528,0.3554,0.0,0.0,False
ROW00008193,TXN0003510,2025-05-23,11:52:17,SKU1686,Store B,Retail,1.0,1.245,1.0205,0.2245,0.5644,0.4561,0.0,0.0,False
ROW00008256,TXN0003533,2025-05-23,17:12:10,SKU0352,Store B,Retail,1.0,1.494,1.2246,0.2694,0.5976,0.627,0.0,0.0,False
ROW00008270,TXN0003539,2025-05-23,17:44:06,SKU0444,Store B,Retail,2.0,0.664,0.5442,0.1198,0.161,0.3832,0.0,0.0,False
ROW00008294,TXN0003552,2025-05-23,19:25:02,SKU1649,Store B,Retail,1.0,1.7928,1.4695,0.3233,0.9296,0.5399,0.1992,0.1,False
ROW00008304,TXN0003557,2025-05-23,10:25:27,SKU0650,Store C,Retail,1.0,0.996,0.8164,0.1796,0.3436,0.4728,0.0,0.0,False
ROW00008314,TXN0003559,2025-05-23,10:56:42,SKU0564,Store C,Retail,1.0,1.245,1.0205,0.2245,0.4897,0.5308,0.0,0.0,False
ROW00008399,TXN0003614,2025-05-23,18:53:36,SKU1686,Store C,Retail,1.0,1.245,1.0205,0.2245,0.5644,0.4561,0.0,0.0,False
ROW00008432,TXN0003634,2025-05-24,12:33:47,SKU0486,Store A,Retail,1.0,1.245,1.0205,0.2245,0.5312,0.4893,0.0,0.0,False
ROW00008441,TXN0003635,2025-05-24,12:43:25,SKU1744,Store A,Retail,1.0,0.083,0.083,0.0,0.083,0.0,0.0,0.0,False
ROW00008463,TXN0003645,2025-05-24,14:20:03,SKU1234,Store A,Retail,1.0,1.909,1.5647,0.3443,0.5146,1.0501,0.0,0.0,False
ROW00008527,TXN0003674,2025-05-24,11:29:29,SKU1532,Store B,Retail,1.0,1.66,1.3606,0.2994,0.6557,0.7049,0.0,0.0,False
ROW00008566,TXN0003699,2025-05-24,14:19:52,SKU0001,Store B,Retail,5.0,0.83,0.6804,0.1496,0.2166,0.4637,0.0,0.0,False
ROW00008614,TXN0003717,2025-05-24,16:17:51,SKU1294,Store B,Retail,3.0,0.747,0.6123,0.1347,0.2241,0.3882,0.0,0.0,False
ROW00008635,TXN0003730,2025-05-24,18:09:08,SKU0656,Store B,Retail,1.0,0.6723,0.551,0.1213,0.3165,0.2346,0.0747,0.1,False
ROW00008636,TXN0003730,2025-05-24,18:09:08,SKU0702,Store B,Retail,1.0,1.0458,0.8572,0.1886,0.3503,0.507,0.1162,0.1,False
ROW00008658,TXN0003744,2025-05-24,10:12:31,SKU0653,Store C,Retail,1.0,1.826,1.4967,0.3293,0.4067,1.09,0.0,0.0,False
ROW00008741,TXN0003779,2025-05-24,12:59:46,SKU0756,Store C,Retail,2.0,0.498,0.4082,0.0898,0.1677,0.2405,0.0,0.0,False
ROW00008792,TXN0003798,2025-05-24,14:35:54,SKU0063,Store C,Retail,1.0,1.66,1.3606,0.2994,0.6536,0.707,0.0,0.0,False
ROW00008803,TXN0003802,2025-05-24,14:57:47,SKU0837,Store C,Retail,8.0,0.664,0.5442,0.1198,0.3851,0.1591,0.664,0.5,False
ROW00008851,TXN0003826,2025-05-24,16:28:03,SKU0474,Store C,Retail,1.0,0.415,0.3401,0.0749,0.1411,0.199,0.0,0.0,False
ROW00008856,TXN0003827,2025-05-24,16:30:58,SKU1067,Store C,Retail,1.0,1.245,1.0205,0.2245,0.4872,0.5333,0.0,0.0,False
ROW00008873,TXN0003833,2025-05-24,17:10:09,SKU0630,Store C,Retail,3.0,2.49,2.041,0.449,1.0812,0.9598,0.0,0.0,False
ROW00008889,TXN0003836,2025-05-24,17:14:34,SKU0168,Store C,Retail,1.0,1.245,1.0205,0.2245,0.2739,0.7466,0.0,0.0,False
ROW00008906,TXN0003846,2025-05-24,18:00:18,SKU1684,Store C,Retail,1.0,0.747,0.6123,0.1347,0.3444,0.2678,0.0,0.0,False
ROW00008953,TXN0003868,2025-05-25,13:04:55,SKU1790,Store A,Retail,1.0,2.656,2.1771,0.4789,1.4027,0.7744,0.0,0.0,False
ROW00008958,TXN0003871,2025-05-25,14:46:58,SKU1620,Store A,Retail,1.0,1.411,1.1565,0.2545,0.664,0.4925,0.0,0.0,False
ROW00008961,TXN0003872,2025-05-25,14:49:24,SKU1629,Store A,Retail,1.0,0.083,0.083,0.0,0.083,0.0,0.0,0.0,False
ROW00008971,TXN0003874,2025-05-25,14:55:47,SKU1629,Store A,Retail,1.0,0.083,0.083,0.0,0.083,0.0,0.0,0.0,False
ROW00009070,TXN0003902,2025-05-25,11:03:37,SKU1080,Store B,Retail,1.0,1.826,1.4967,0.3293,0.5004,0.9963,0.0,0.0,False
ROW00009072,TXN0003902,2025-05-25,11:03:37,SKU1629,Store B,Retail,1.0,0.083,0.083,0.0,0.083,0.0,0.0,0.0,False
ROW00009073,TXN0003902,2025-05-25,11:03:37,SKU1677,Store B,Retail,1.0,0.581,0.4763,0.1047,0.2905,0.1858,0.249,0.3,False
ROW00009138,TXN0003935,2025-05-25,16:14:48,SKU0444,Store B,Retail,1.0,0.332,0.2722,0.0598,0.0805,0.1916,0.0,0.0,False
ROW00009196,TXN0003956,2025-05-25,18:39:35,SKU1326,Store B,Retail,1.0,1.411,1.1565,0.2545,0.6225,0.534,0.0,0.0,False
ROW00009228,TXN0003974,2025-05-25,10:42:59,SKU1076,Store C,Retail,1.0,1.245,1.0205,0.2245,0.3669,0.6536,0.0,0.0,False
ROW00009234,TXN0003976,2025-05-25,10:46:18,SKU1678,Store C,Retail,1.0,0.415,0.3401,0.0749,0.2863,0.0538,0.415,0.5,False
ROW00009240,TXN0003979,2025-05-25,10:51:17,SKU0711,Store C,Retail,4.0,2.988,2.4492,0.5388,1.162,1.2872,0.0,0.0,False
ROW00009279,TXN0004002,2025-05-25,11:27:49,SKU1697,Store C,Retail,1.0,1.162,0.9524,0.2096,0.4897,0.4627,0.0,0.0,False
ROW00009294,TXN0004011,2025-05-25,12:00:33,SKU1481,Store C,Retail,1.0,1.245,1.0205,0.2245,0.5312,0.4893,0.0,0.0,False
ROW00009443,TXN0004076,2025-05-25,15:08:35,SKU1768,Store C,Retail,1.0,2.158,1.7688,0.3892,0.9406,0.8282,0.0,0.0,False
ROW00009456,TXN0004085,2025-05-25,15:57:32,SKU1384,Store C,Retail,1.0,0.913,0.7483,0.1647,0.4648,0.2835,0.0,0.0,False
ROW00009459,TXN0004087,2025-05-25,16:08:16,SKU0462,Store C,Retail,1.0,0.332,0.2722,0.0598,0.1909,0.0813,0.083,0.2,False
ROW00009470,TXN0004089,2025-05-25,16:12:44,SKU0408,Store C,Retail,1.0,1.494,1.2246,0.2694,0.6308,0.5938,0.0,0.0,False
ROW00009498,TXN0004109,2025-05-25,16:49:08,SKU1401,Store C,Retail,1.0,2.656,2.1771,0.4789,1.245,0.9321,0.0,0.0,False
ROW00009503,TXN0004112,2025-05-25,16:53:45,SKU1787,Store C,Retail,1.0,2.656,2.1771,0.4789,1.4027,0.7744,0.0,0.0,False
ROW00009535,TXN0004126,2025-05-26,10:58:04,SKU1645,Store A,Retail,1.0,1.8675,1.5308,0.3367,0.7636,0.7672,0.2075,0.1,False
ROW00009574,TXN0004147,2025-05-26,17:20:37,SKU1463,Store A,Retail,1.0,0.996,0.8164,0.1796,0.4897,0.3267,0.0,0.0,False
ROW00009598,TXN0004160,2025-05-26,11:12:04,SKU0344,Store B,Retail,1.0,0.498,0.4082,0.0898,0.2739,0.1343,0.498,0.5,False
ROW00009618,TXN0004170,2025-05-26,14:29:02,SKU0494,Store B,Retail,1.0,2.656,2.1771,0.4789,0.9877,1.1894,0.0,0.0,False
ROW00009648,TXN0004184,2025-05-26,15:56:11,SKU0707,Store B,Retail,1.0,0.415,0.3401,0.0749,0.1743,0.1658,0.0,0.0,False
ROW00009651,TXN0004185,2025-05-26,16:21:31,SKU0942,Store B,Retail,1.0,2.075,1.7008,0.3742,0.6059,1.0949,0.0,0.0,False
ROW00009691,TXN0004198,2025-05-26,18:04:19,SKU0841,Store B,Retail,1.0,0.2905,0.2381,0.0524,0.2241,0.014,0.0,0.0,False
ROW00009739,TXN0004220,2025-05-26,11:08:06,SKU1614,Store C,Retail,1.0,1.411,1.1565,0.2545,0.664,0.4925,0.0,0.0,False
ROW00009782,TXN0004236,2025-05-26,14:41:48,SKU1077,Store C,Retail,1.0,1.66,1.3606,0.2994,0.4755,0.8851,0.0,0.0,False
ROW00009808,TXN0004248,2025-05-26,17:16:04,SKU0529,Store C,Retail,1.0,0.996,0.8164,0.1796,0.3735,0.4429,0.0,0.0,False
ROW00009893,TXN0004284,2025-05-27,19:40:34,SKU1366,Store A,Retail,1.0,0.83,0.6804,0.1496,0.5644,0.116,0.415,0.3333,False
ROW00009899,TXN0004286,2025-05-27,20:20:04,SKU0018,Store A,Retail,1.0,1.494,1.2246,0.2694,0.6557,0.5689,0.0,0.0,False
ROW00009927,TXN0004302,2025-05-27,14:18:57,SKU1643,Store B,Retail,1.0,1.245,1.0205,0.2245,0.6391,0.3814,0.0,0.0,False
ROW00009934,TXN0004307,2025-05-27,15:25:28,SKU1091,Store B,Retail,1.0,0.083,0.0681,0.0149,0.0481,0.0199,0.083,0.5,False
ROW00009941,TXN0004310,2025-05-27,15:39:34,SKU0509,Store B,Retail,1.0,1.6434,1.3471,0.2963,0.6432,0.7038,0.1826,0.1,False
ROW00009986,TXN0004323,2025-05-27,17:40:42,SKU1686,Store B,Retail,7.0,8.715,7.1435,1.5715,3.9508,3.1927,0.0,0.0,False
ROW00010045,TXN0004350,2025-05-27,14:27:54,SKU1593,Store C,Retail,1.0,1.162,0.9524,0.2096,0.5727,0.3797,0.0,0.0,False
ROW00010055,TXN0004357,2025-05-27,14:39:47,SKU1629,Store C,Retail,1.0,0.083,0.083,0.0,0.083,0.0,0.0,0.0,False
ROW00010106,TXN0004383,2025-05-27,18:08:20,SKU1384,Store C,Retail,2.0,1.826,1.4967,0.3293,0.9296,0.5671,0.0,0.0,False
ROW00010114,TXN0004388,2025-05-27,14:39:32,SKU1108,Warehouse,Wholesale,72.0,621.504,621.504,0.0,516.8642,104.6398,257.7482,0.2931,False
ROW00010139,TXN0004395,2025-05-28,13:17:20,SKU0540,Store A,Retail,1.0,1.328,1.0885,0.2395,0.6059,0.4826,0.0,0.0,False
ROW00010173,TXN0004408,2025-05-28,18:12:41,SKU0254,Store A,Retail,2.0,2.241,1.8369,0.4041,1.162,0.6749,0.249,0.1,False
ROW00010208,TXN0004419,2025-05-28,20:27:20,SKU0708,Store A,Retail,1.0,0.996,0.8164,0.1796,0.366,0.4504,0.0,0.0,False
ROW00010232,TXN0004432,2025-05-28,15:06:43,SKU0030,Store B,Retail,1.0,0.498,0.4082,0.0898,0.083,0.3252,0.0,0.0,False
ROW00010290,TXN0004457,2025-05-28,17:31:21,SKU1033,Store B,Retail,1.0,1.162,0.9524,0.2096,0.5229,0.4295,0.0,0.0,False
ROW00010294,TXN0004459,2025-05-28,17:53:25,SKU1546,Store B,Retail,1.0,0.664,0.5442,0.1198,0.3403,0.2039,0.0,0.0,False
ROW00010331,TXN0004478,2025-05-28,18:34:07,SKU1606,Store B,Retail,1.0,1.411,1.1565,0.2545,0.664,0.4925,0.0,0.0,False
ROW00010345,TXN0004487,2025-05-28,11:09:36,SKU1660,Store C,Retail,1.0,1.245,1.0205,0.2245,0.8466,0.1739,0.415,0.25,False
ROW00010402,TXN0004509,2025-05-28,17:41:46,SKU1326,Store C,Retail,1.0,1.411,1.1565,0.2545,0.6225,0.534,0.0,0.0,False
ROW00010423,TXN0004516,2025-05-28,18:44:39,SKU1688,Store C,Retail,2.0,1.494,1.2246,0.2694,0.6142,0.6104,0.0,0.0,False
ROW00010428,TXN0004519,2025-05-28,16:50:30,SKU0665,Warehouse,Wholesale,45.0,152.6536,125.1259,27.5277,92.0304,33.0955,37.8314,0.1986,False
ROW00010436,TXN0004520,2025-05-29,10:38:25,SKU1424,Store A,Retail,2.0,0.498,0.4082,0.0898,0.1486,0.2596,0.0,0.0,False
ROW00010466,TXN0004535,2025-05-29,16:29:00,SKU0636,Store A,Retail,1.0,1.3446,1.1022,0.2424,0.5602,0.5419,0.1494,0.1,False
ROW00010505,TXN0004555,2025-05-29,11:46:12,SKU1616,Store B,Retail,1.0,1.2699,1.0409,0.229,0.664,0.3769,0.1411,0.1,False
ROW00010516,TXN0004559,2025-05-29,12:56:02,SKU0441,Store B,Retail,1.0,0.249,0.2041,0.0449,0.0249,0.1792,0.0,0.0,False
ROW00010522,TXN0004562,2025-05-29,13:12:07,SKU1679,Store B,Retail,1.0,1.245,1.0205,0.2245,0.6723,0.3482,0.0,0.0,False
ROW00010553,TXN0004574,2025-05-29,15:37:20,SKU1091,Store B,Retail,0.0,0.0,0.0,0.0,0.0,0.0,0.0,0.0,False
ROW00010616,TXN0004605,2025-05-29,10:50:35,SKU0518,Store C,Retail,2.0,0.996,0.8164,0.1796,0.4459,0.3705,0.166,0.1429,False
ROW00010639,TXN0004616,2025-05-29,12:40:01,SKU1686,Store C,Retail,1.0,1.245,1.0205,0.2245,0.5644,0.4561,0.0,0.0,False
ROW00010661,TXN0004620,2025-05-29,13:01:17,SKU1237,Store C,Retail,2.0,2.49,2.041,0.449,0.9794,1.0616,0.0,0.0,False
ROW00010671,TXN0004626,2025-05-29,13:08:31,SKU0169,Store C,Retail,1.0,0.166,0.136,0.03,0.1162,0.0198,0.166,0.5,False
ROW00010688,TXN0004631,2025-05-29,14:00:20,SKU0375,Store C,Retail,1.0,2.49,2.041,0.449,1.2056,0.8354,0.0,0.0,False
ROW00010693,TXN0004633,2025-05-29,14:10:12,SKU0841,Store C,Retail,1.0,0.2905,0.2381,0.0524,0.2241,0.014,0.0,0.0,False
ROW00010711,TXN0004638,2025-05-29,14:45:31,SKU0486,Store C,Retail,1.0,1.245,1.0205,0.2245,0.5312,0.4893,0.0,0.0,False
ROW00010845,TXN0004692,2025-05-30,17:10:00,SKU1616,Store A,Retail,1.0,1.411,1.1565,0.2545,0.664,0.4925,0.0,0.0,False
ROW00010876,TXN0004708,2025-05-30,19:03:17,SKU1322,Store A,Retail,1.0,1.2699,1.0409,0.229,0.6225,0.4184,0.1411,0.1,False
ROW00010897,TXN0004718,2025-05-30,19:48:02,SKU0182,Store A,Retail,4.0,0.664,0.5442,0.1198,0.077,0.4672,0.0,0.0,False
ROW00010913,TXN0004728,2025-05-30,11:57:14,SKU1155,Store B,Retail,1.0,2.656,2.1771,0.4789,1.3486,0.8285,0.0,0.0,False
ROW00010937,TXN0004737,2025-05-30,13:15:57,SKU1327,Store B,Retail,1.0,1.411,1.1565,0.2545,0.6225,0.534,0.0,0.0,False
ROW00010987,TXN0004756,2025-05-30,15:54:30,SKU0088,Store B,Retail,1.0,0.913,0.7483,0.1647,0.3735,0.3748,0.0,0.0,False
ROW00011046,TXN0004782,2025-05-30,19:43:29,SKU1154,Store B,Retail,1.0,2.656,2.1771,0.4789,1.3486,0.8285,0.0,0.0,False
ROW00011062,TXN0004789,2025-05-30,11:13:49,SKU1606,Store C,Retail,1.0,1.411,1.1565,0.2545,0.664,0.4925,0.0,0.0,False
ROW00011063,TXN0004789,2025-05-30,11:13:49,SKU1629,Store C,Retail,1.0,0.083,0.083,0.0,0.083,0.0,0.0,0.0,False
ROW00011066,TXN0004790,2025-05-30,11:18:01,SKU0182,Store C,Retail,3.0,0.498,0.4082,0.0898,0.0578,0.3504,0.0,0.0,False
ROW00011082,TXN0004796,2025-05-30,11:46:12,SKU1645,Store C,Retail,1.0,2.075,1.7008,0.3742,0.7636,0.9372,0.0,0.0,False
ROW00011198,TXN0004857,2025-05-31,13:23:07,SKU0352,Store A,Retail,1.0,1.494,1.2246,0.2694,0.6391,0.5855,0.0,0.0,False
ROW00011212,TXN0004861,2025-05-31,13:35:53,SKU0700,Store A,Retail,1.0,0.083,0.0681,0.0149,0.0581,0.01,0.166,0.6667,False
ROW00011228,TXN0004868,2025-05-31,15:02:35,SKU0148,Store A,Retail,2.0,1.826,1.4967,0.3293,0.7138,0.7829,0.0,0.0,False
ROW00011231,TXN0004868,2025-05-31,15:02:35,SKU0543,Store A,Retail,2.0,2.988,2.4492,0.5388,1.3778,1.0714,0.0,0.0,False
ROW00011300,TXN0004893,2025-05-31,18:36:07,SKU1741,Store A,Retail,1.0,0.083,0.083,0.0,0.083,0.0,0.0,0.0,False
ROW00011313,TXN0004898,2025-05-31,12:27:01,SKU0169,Store A,Retail,1.0,0.332,0.2722,0.0598,0.1162,0.156,0.0,0.0,False
ROW00011349,TXN0004898,2025-05-31,12:27:01,SKU0755,Store A,Retail,1.0,0.249,0.2041,0.0449,0.0838,0.1203,0.0,0.0,False
ROW00011442,TXN0004919,2025-05-31,14:21:29,SKU0248,Store B,Retail,1.0,1.411,1.1565,0.2545,0.7719,0.3846,0.0,0.0,False
ROW00011457,TXN0004926,2025-05-31,14:39:35,SKU1366,Store B,Retail,1.0,0.83,0.6804,0.1496,0.5644,0.116,0.415,0.3333,False
ROW00011477,TXN0004935,2025-05-31,16:28:31,SKU0900,Store B,Retail,1.0,0.498,0.4082,0.0898,0.2548,0.1534,0.166,0.25,False
ROW00011519,TXN0004950,2025-05-31,19:52:52,SKU0518,Store B,Retail,1.0,0.498,0.4082,0.0898,0.2229,0.1853,0.083,0.1429,False
ROW00011533,TXN0004957,2025-05-31,11:31:02,SKU0634,Store C,Retail,1.0,1.826,1.4967,0.3293,0.7288,0.7679,0.0,0.0,False
ROW00011543,TXN0004962,2025-05-31,12:38:22,SKU1327,Store C,Retail,1.0,1.411,1.1565,0.2545,0.6225,0.534,0.0,0.0,False
ROW00011584,TXN0004981,2025-05-31,15:09:15,SKU1330,Store C,Retail,1.0,1.245,1.0205,0.2245,0.5478,0.4727,0.0,0.0,False
ROW00011628,TXN0005006,2025-05-31,16:55:38,SKU0046,Store C,Retail,1.0,1.494,1.2246,0.2694,0.7055,0.5191,0.0,0.0,False
ROW00011645,TXN0005011,2025-05-31,17:38:49,SKU1720,Store C,Retail,1.0,0.332,0.2722,0.0598,0.1106,0.1615,0.0,0.0,False
ROW00011673,TXN0005028,2025-06-01,10:31:06,SKU0293,Store A,Retail,1.0,2.075,1.7008,0.3742,0.996,0.7048,0.0,0.0,False
ROW00011678,TXN0005029,2025-06-01,10:32:27,SKU1387,Store A,Retail,1.0,2.407,1.9729,0.4341,0.6225,1.3504,0.0,0.0,False
ROW00011708,TXN0005046,2025-06-01,14:29:47,SKU0061,Store A,Retail,1.0,0.747,0.6123,0.1347,0.3403,0.272,0.0,0.0,False
ROW00011779,TXN0005074,2025-06-01,10:53:44,SKU0523,Store A,Retail,1.0,2.158,1.7688,0.3892,1.0624,0.7064,0.0,0.0,False
ROW00011815,TXN0005079,2025-06-01,11:54:10,SKU1712,Store B,Retail,1.0,1.162,0.9524,0.2096,0.4814,0.471,0.0,0.0,False
ROW00011841,TXN0005091,2025-06-01,13:02:47,SKU0519,Store B,Retail,3.0,0.498,0.4082,0.0898,0.3583,0.0499,0.498,0.5,False
ROW00011880,TXN0005106,2025-06-01,18:09:59,SKU1323,Store B,Retail,1.0,1.411,1.1565,0.2545,0.6225,0.534,0.0,0.0,False
ROW00011938,TXN0005132,2025-06-01,12:10:02,SKU0313,Store C,Retail,1.0,1.328,1.0885,0.2395,0.5395,0.549,0.0,0.0,False
ROW00011964,TXN0005142,2025-06-01,13:19:23,SKU1787,Store C,Retail,1.0,2.656,2.1771,0.4789,1.4027,0.7744,0.0,0.0,False
ROW00012006,TXN0005162,2025-06-01,16:10:27,SKU1235,Store C,Retail,1.0,1.245,1.0205,0.2245,0.4897,0.5308,0.0,0.0,False
ROW00012010,TXN0005163,2025-06-01,16:21:08,SKU1424,Store C,Retail,2.0,0.4482,0.3674,0.0808,0.1486,0.2188,0.0498,0.1,False
ROW00012038,TXN0005175,2025-06-01,17:20:57,SKU1795,Store C,Retail,1.0,9.047,7.4156,1.6314,4.4405,2.9751,0.0,0.0,False
ROW00012051,TXN0005180,2025-06-02,11:02:01,SKU1014,Store A,Retail,1.0,1.494,1.2246,0.2694,0.415,0.8096,0.0,0.0,False
ROW00012059,TXN0005183,2025-06-02,13:59:51,SKU0169,Store A,Retail,1.0,0.332,0.2722,0.0598,0.1162,0.156,0.0,0.0,False
ROW00012064,TXN0005187,2025-06-02,14:38:32,SKU0010,Store A,Retail,2.0,0.332,0.2722,0.0598,0.03,0.2421,0.0,0.0,False
ROW00012121,TXN0005207,2025-06-02,18:50:36,SKU0024,Store A,Retail,1.0,1.162,0.9524,0.2096,0.2053,0.7472,0.0,0.0,False
ROW00012181,TXN0005219,2025-06-02,11:43:36,SKU0684,Store B,Retail,1.0,1.66,1.3606,0.2994,0.5215,0.8391,0.0,0.0,False
ROW00012210,TXN0005227,2025-06-02,14:10:23,SKU0030,Store B,Retail,1.0,0.498,0.4082,0.0898,0.083,0.3252,0.0,0.0,False
ROW00012266,TXN0005251,2025-06-02,16:49:58,SKU0169,Store B,Retail,1.0,0.332,0.2722,0.0598,0.1162,0.156,0.0,0.0,False
ROW00012311,TXN0005272,2025-06-02,18:54:21,SKU1629,Store B,Retail,3.0,0.249,0.249,0.0,0.249,0.0,0.0,0.0,False
ROW00012321,TXN0005277,2025-06-02,19:49:04,SKU0473,Store B,Retail,1.0,0.83,0.6804,0.1496,0.664,0.0164,0.664,0.4444,False
ROW00012332,TXN0005280,2025-06-02,10:14:30,SKU1258,Store C,Retail,1.0,1.909,1.5647,0.3443,1.0375,0.5272,0.0,0.0,False
ROW00012354,TXN0005286,2025-06-02,10:25:24,SKU0156,Store C,Retail,1.0,0.913,0.7483,0.1647,0.3403,0.408,0.0,0.0,False
ROW00012359,TXN0005288,2025-06-02,10:28:26,SKU1787,Store C,Retail,1.0,2.656,2.1771,0.4789,1.4027,0.7744,0.0,0.0,False
ROW00012400,TXN0005299,2025-06-02,11:10:40,SKU0313,Store C,Retail,1.0,1.328,1.0885,0.2395,0.5395,0.549,0.0,0.0,False
ROW00012432,TXN0005311,2025-06-02,13:43:10,SKU1779,Store C,Retail,1.0,2.324,1.9049,0.4191,1.1495,0.7554,0.0,0.0,False
ROW00012463,TXN0005325,2025-06-02,14:47:22,SKU1513,Store C,Retail,1.0,0.664,0.5442,0.1198,0.3403,0.2039,0.0,0.0,False
ROW00012513,TXN0005355,2025-06-02,15:32:27,SKU0742,Warehouse,Wholesale,12.0,37.0595,30.3767,6.6828,21.1152,9.2615,7.7605,0.1731,False
ROW00012519,TXN0005356,2025-06-03,10:37:20,SKU0583,Store A,Retail,1.0,0.166,0.136,0.03,0.0249,0.1111,0.0,0.0,False
ROW00012540,TXN0005366,2025-06-03,15:32:31,SKU1629,Store A,Retail,1.0,0.083,0.083,0.0,0.083,0.0,0.0,0.0,False
ROW00012559,TXN0005374,2025-06-03,17:43:13,SKU0519,Store A,Retail,1.0,0.166,0.136,0.03,0.1194,0.0166,0.166,0.5,False
ROW00012607,TXN0005397,2025-06-03,13:08:14,SKU0153,Store B,Retail,1.0,0.332,0.2722,0.0598,0.1231,0.1491,0.0,0.0,False
ROW00012625,TXN0005400,2025-06-03,14:00:50,SKU0455,Store B,Retail,2.0,0.996,0.8164,0.1796,0.4316,0.3848,0.0,0.0,False
ROW00012639,TXN0005406,2025-06-03,15:19:15,SKU0148,Store B,Retail,1.0,0.913,0.7483,0.1647,0.3569,0.3914,0.0,0.0,False
ROW00012717,TXN0005442,2025-06-03,13:06:16,SKU0486,Store C,Retail,1.0,1.245,1.0205,0.2245,0.5312,0.4893,0.0,0.0,False
ROW00012719,TXN0005443,2025-06-03,13:07:10,SKU1687,Store C,Retail,1.0,0.747,0.6123,0.1347,0.3486,0.2637,0.0,0.0,False
ROW00012723,TXN0005446,2025-06-03,13:47:07,SKU1787,Store C,Retail,1.0,2.656,2.1771,0.4789,1.4027,0.7744,0.0,0.0,False
ROW00012738,TXN0005454,2025-06-03,14:48:00,SKU0841,Store C,Retail,1.0,0.2905,0.2381,0.0524,0.2241,0.014,0.0,0.0,False
ROW00012782,TXN0005467,2025-06-03,16:31:16,SKU1033,Store C,Retail,1.0,1.162,0.9524,0.2096,0.5229,0.4295,0.0,0.0,False
ROW00012827,TXN0005484,2025-06-03,10:04:21,SKU1366,Warehouse,Wholesale,12.0,13.6093,11.1552,2.4541,6.7728,4.3824,1.3307,0.0891,False
ROW00012839,TXN0005485,2025-06-04,10:31:07,SKU1384,Store A,Retail,1.0,0.913,0.7483,0.1647,0.4482,0.3001,0.0,0.0,False
ROW00012878,TXN0005502,2025-06-04,15:58:28,SKU1398,Store A,Retail,1.0,0.249,0.2041,0.0449,0.0743,0.1298,0.0,0.0,False
ROW00012918,TXN0005515,2025-06-04,17:39:58,SKU1599,Store A,Retail,1.0,2.075,1.7008,0.3742,0.83,0.8708,0.0,0.0,False
ROW00012938,TXN0005524,2025-06-04,19:10:21,SKU1686,Store A,Retail,1.0,1.245,1.0205,0.2245,0.5644,0.4561,0.0,0.0,False
ROW00013004,TXN0005536,2025-06-04,11:16:48,SKU0523,Store A,Retail,1.0,2.158,1.7688,0.3892,1.0624,0.7064,0.0,0.0,False
ROW00013021,TXN0005536,2025-06-04,11:16:48,SKU1261,Store A,Retail,4.0,4.316,3.5377,0.7783,2.2576,1.2801,0.0,0.0,False
ROW00013060,TXN0005547,2025-06-04,13:29:18,SKU1327,Store B,Retail,1.0,1.411,1.1565,0.2545,0.6225,0.534,0.0,0.0,False
ROW00013073,TXN0005554,2025-06-04,14:28:35,SKU0147,Store B,Retail,1.0,0.913,0.7483,0.1647,0.3403,0.408,0.0,0.0,False
ROW00013096,TXN0005565,2025-06-04,15:36:37,SKU0582,Store B,Retail,1.0,0.415,0.3401,0.0749,0.0996,0.2405,0.0,0.0,False
ROW00013101,TXN0005565,2025-06-04,15:36:37,SKU1678,Store B,Retail,1.0,0.415,0.3401,0.0749,0.2863,0.0538,0.415,0.5,False
ROW00013130,TXN0005573,2025-06-04,17:06:30,SKU0248,Store B,Retail,1.0,1.411,1.1565,0.2545,0.7719,0.3846,0.0,0.0,False
ROW00013204,TXN0005597,2025-06-04,10:53:49,SKU1418,Store C,Retail,4.0,1.992,1.6328,0.3592,0.9296,0.7032,0.0,0.0,False
ROW00013246,TXN0005612,2025-06-04,13:20:09,SKU1643,Store C,Retail,1.0,1.245,1.0205,0.2245,0.6391,0.3814,0.0,0.0,False
ROW00013251,TXN0005614,2025-06-04,13:36:42,SKU0428,Store C,Retail,2.0,2.49,2.041,0.449,1.0956,0.9454,0.0,0.0,False
ROW00013284,TXN0005630,2025-06-04,15:27:25,SKU0487,Store C,Retail,1.0,1.245,1.0205,0.2245,0.498,0.5225,0.0,0.0,False
ROW00013312,TXN0005640,2025-06-04,16:07:17,SKU1787,Store C,Retail,1.0,2.656,2.1771,0.4789,1.4027,0.7744,0.0,0.0,False
ROW00013315,TXN0005642,2025-06-04,16:08:11,SKU0841,Store C,Retail,1.0,0.2905,0.2381,0.0524,0.2241,0.014,0.0,0.0,False
ROW00013379,TXN0005674,2025-06-05,11:51:49,SKU0182,Store A,Retail,1.0,0.166,0.136,0.03,0.0193,0.1168,0.0,0.0,False
ROW00013422,TXN0005689,2025-06-05,15:08:11,SKU0707,Store A,Retail,1.0,0.415,0.3401,0.0749,0.1743,0.1658,0.0,0.0,False
ROW00013430,TXN0005693,2025-06-05,16:05:26,SKU0564,Store A,Retail,1.0,1.245,1.0205,0.2245,0.4897,0.5308,0.0,0.0,False
ROW00013431,TXN0005693,2025-06-05,16:05:26,SKU1366,Store A,Retail,1.0,0.415,0.3401,0.0749,0.5644,-0.2243,0.83,0.6667,False
ROW00013451,TXN0005699,2025-06-05,16:43:22,SKU1323,Store A,Retail,1.0,1.411,1.1565,0.2545,0.6225,0.534,0.0,0.0,False
ROW00013541,TXN0005728,2025-06-05,06:00:57,SKU1523,Store A,Retail,2.0,1.992,1.6328,0.3592,0.8632,0.7696,0.498,0.2,False
ROW00013562,TXN0005732,2025-06-05,11:23:02,SKU1629,Store B,Retail,1.0,0.083,0.083,0.0,0.083,0.0,0.0,0.0,False
ROW00013616,TXN0005757,2025-06-05,15:14:34,SKU1370,Store B,Retail,1.0,0.83,0.6804,0.1496,0.4067,0.2737,0.0,0.0,False
ROW00013629,TXN0005762,2025-06-05,15:25:27,SKU1368,Store B,Retail,1.0,0.415,0.3401,0.0749,0.6059,-0.2658,0.83,0.6667,False
ROW00013634,TXN0005763,2025-06-05,15:27:41,SKU1621,Store B,Retail,1.0,1.8675,1.5308,0.3367,1.3695,0.1613,0.2075,0.1,False
ROW00013647,TXN0005768,2025-06-05,16:06:31,SKU0152,Store B,Retail,1.0,0.2988,0.2449,0.0539,0.1232,0.1218,0.0332,0.1,False
ROW00013709,TXN0005793,2025-06-05,18:16:36,SKU0841,Store B,Retail,1.0,0.2905,0.2381,0.0524,0.2241,0.014,0.0,0.0,False
ROW00013745,TXN0005810,2025-06-05,11:35:55,SKU1678,Store C,Retail,1.0,0.415,0.3401,0.0749,0.2863,0.0538,0.415,0.5,False
ROW00013822,TXN0005849,2025-06-05,15:48:51,SKU1663,Store C,Retail,2.0,4.814,3.9459,0.8681,2.0481,1.8978,0.0,0.0,False
ROW00013840,TXN0005865,2025-06-05,17:25:57,SKU0507,Store C,Retail,1.0,1.577,1.2926,0.2844,0.7138,0.5788,0.0,0.0,False
ROW00013868,TXN0005882,2025-06-05,18:53:42,SKU1404,Store C,Retail,3.0,2.988,2.4492,0.5388,1.1178,1.3314,0.0,0.0,False
ROW00013875,TXN0005885,2025-06-05,19:13:03,SKU1326,Store C,Retail,1.0,1.411,1.1565,0.2545,0.6225,0.534,0.0,0.0,False
ROW00013888,TXN0005890,2025-06-06,11:56:39,SKU0003,Store A,Retail,1.0,0.332,0.2722,0.0598,0.0586,0.2136,0.0,0.0,False
ROW00013908,TXN0005898,2025-06-06,12:19:14,SKU0635,Store A,Retail,1.0,1.992,1.6328,0.3592,0.7138,0.919,0.0,0.0,False
ROW00013924,TXN0005902,2025-06-06,13:21:42,SKU0157,Store A,Retail,2.0,1.826,1.4967,0.3293,0.7138,0.7829,0.0,0.0,False
ROW00013945,TXN0005905,2025-06-06,13:59:30,SKU1383,Store A,Retail,2.0,5.6772,4.6535,1.0237,2.8386,1.8149,0.6308,0.1,False
ROW00013946,TXN0005905,2025-06-06,13:59:30,SKU1677,Store A,Retail,1.0,0.581,0.4763,0.1047,0.2905,0.1858,0.249,0.3,False
ROW00014027,TXN0005934,2025-06-06,17:45:43,SKU1489,Store A,Retail,1.0,1.245,1.0205,0.2245,0.4648,0.5557,0.0,0.0,False
ROW00014092,TXN0005962,2025-06-06,12:56:10,SKU1629,Store B,Retail,1.0,0.083,0.083,0.0,0.083,0.0,0.0,0.0,False
ROW00014145,TXN0005989,2025-06-06,14:56:34,SKU1485,Store B,Retail,5.0,1.245,1.0205,0.2245,0.6391,0.3814,0.0,0.0,False
ROW00014153,TXN0005992,2025-06-06,15:29:33,SKU1418,Store B,Retail,29.0,12.9978,10.654,2.3438,6.7396,3.9144,1.4442,0.1,False
ROW00014176,TXN0006006,2025-06-06,16:18:06,SKU0901,Store B,Retail,1.0,0.498,0.4082,0.0898,0.2548,0.1534,0.166,0.25,False
ROW00014217,TXN0006022,2025-06-06,17:12:35,SKU0722,Store B,Retail,1.0,3.9176,3.2112,0.7064,2.4028,0.8083,0.9794,0.2,False
ROW00014251,TXN0006035,2025-06-06,18:23:04,SKU0455,Store B,Retail,1.0,0.4482,0.3674,0.0808,0.2158,0.1516,0.0498,0.1,False
ROW00014266,TXN0006039,2025-06-06,18:34:53,SKU1592,Store B,Retail,1.0,1.162,0.9524,0.2096,0.5727,0.3797,0.0,0.0,False
ROW00014311,TXN0006064,2025-06-06,14:15:30,SKU1787,Store C,Retail,1.0,2.656,2.1771,0.4789,1.4027,0.7744,0.0,0.0,False
ROW00014380,TXN0006100,2025-06-06,17:19:39,SKU1787,Store C,Retail,1.0,2.656,2.1771,0.4789,1.4027,0.7744,0.0,0.0,False
ROW00014393,TXN0006111,2025-06-06,18:44:11,SKU0428,Store C,Retail,1.0,1.245,1.0205,0.2245,0.5478,0.4727,0.0,0.0,False
ROW00014412,TXN0006120,2025-06-06,19:43:10,SKU0098,Store C,Retail,2.0,0.332,0.2722,0.0598,0.1486,0.1236,0.166,0.3333,False
ROW00014429,TXN0006124,2025-06-06,19:54:01,SKU0462,Store C,Retail,1.0,0.332,0.2722,0.0598,0.1079,0.1643,0.083,0.2,False
ROW00014430,TXN0006125,2025-06-06,15:59:22,SKU0653,Warehouse,Wholesale,84.0,134.9746,110.6349,24.3397,34.1628,76.4721,18.4094,0.12,False
ROW00014432,TXN0006126,2025-06-07,10:12:16,SKU1081,Store A,Retail,1.0,1.245,1.0205,0.2245,0.3818,0.6387,0.0,0.0,False
ROW00014443,TXN0006131,2025-06-07,10:50:43,SKU1368,Store A,Retail,6.0,2.49,2.041,0.449,3.6354,-1.5944,4.98,0.6667,False
ROW00014497,TXN0006152,2025-06-07,15:04:01,SKU1767,Store A,Retail,1.0,2.158,1.7688,0.3892,0.9406,0.8282,0.0,0.0,False
ROW00014543,TXN0006168,2025-06-07,17:54:50,SKU0919,Store A,Retail,1.0,1.245,1.0205,0.2245,0.359,0.6615,0.0,0.0,False
ROW00014565,TXN0006171,2025-06-07,18:33:17,SKU1410,Store A,Retail,1.0,1.66,1.3606,0.2994,0.7968,0.5638,0.0,0.0,False
ROW00014725,TXN0006235,2025-06-07,16:58:31,SKU1366,Store B,Retail,1.0,0.415,0.3401,0.0749,0.5644,-0.2243,0.83,0.6667,False
ROW00014759,TXN0006250,2025-06-07,19:32:00,SKU0540,Store B,Retail,1.0,1.328,1.0885,0.2395,0.6059,0.4826,0.0,0.0,False
ROW00014763,TXN0006251,2025-06-07,19:32:29,SKU0588,Store B,Retail,1.0,2.49,2.041,0.449,1.245,0.796,0.0,0.0,False
ROW00014772,TXN0006255,2025-06-07,19:42:31,SKU1321,Store B,Retail,1.0,1.411,1.1565,0.2545,0.6225,0.534,0.0,0.0,False
ROW00014776,TXN0006258,2025-06-07,19:54:58,SKU0950,Store B,Retail,1.0,0.498,0.4082,0.0898,0.1743,0.2339,0.0,0.0,False
ROW00014777,TXN0006258,2025-06-07,19:54:58,SKU1401,Store B,Retail,1.0,2.656,2.1771,0.4789,1.245,0.9321,0.0,0.0,False
ROW00014813,TXN0006276,2025-06-07,11:53:35,SKU0189,Store C,Retail,2.0,0.498,0.4082,0.0898,0.0528,0.3554,0.0,0.0,False
ROW00014841,TXN0006287,2025-06-07,13:34:44,SKU0023,Store C,Retail,2.0,0.996,0.8164,0.1796,0.711,0.1054,0.996,0.5,False
ROW00014878,TXN0006303,2025-06-07,14:59:41,SKU0247,Store C,Retail,1.0,1.411,1.1565,0.2545,0.7719,0.3846,0.0,0.0,False
ROW00014931,TXN0006323,2025-06-07,16:53:12,SKU1366,Store C,Retail,1.0,0.415,0.3401,0.0749,0.5644,-0.2243,0.83,0.6667,False
ROW00014938,TXN0006324,2025-06-07,16:54:59,SKU0528,Store C,Retail,1.0,0.8964,0.7347,0.1617,0.3735,0.3612,0.0996,0.1,False
ROW00014947,TXN0006324,2025-06-07,16:54:59,SKU1424,Store C,Retail,3.0,0.6723,0.551,0.1213,0.2229,0.3282,0.0747,0.1,False
ROW00014964,TXN0006330,2025-06-07,17:04:21,SKU1687,Store C,Retail,1.0,0.747,0.6123,0.1347,0.3486,0.2637,0.0,0.0,False
ROW00014998,TXN0006341,2025-06-07,17:56:14,SKU1795,Store C,Retail,1.0,9.047,7.4156,1.6314,4.4405,2.9751,0.0,0.0,False
ROW00015037,TXN0006358,2025-06-07,19:46:18,SKU1643,Store C,Retail,2.0,2.49,2.041,0.449,1.2782,0.7628,0.0,0.0,False
ROW00015094,TXN0006386,2025-06-08,15:13:40,SKU0633,Store A,Retail,1.0,1.992,1.6328,0.3592,0.7968,0.836,0.0,0.0,False
ROW00015096,TXN0006386,2025-06-08,15:13:40,SKU1631,Store A,Retail,1.0,5.727,4.6942,1.0328,2.8469,1.8473,0.0,0.0,False
ROW00015107,TXN0006394,2025-06-08,17:12:52,SKU1369,Store A,Retail,1.0,0.415,0.3401,0.0749,0.5644,-0.2243,0.83,0.6667,False
ROW00015176,TXN0006421,2025-06-08,13:15:01,SKU0532,Store B,Retail,1.0,2.905,2.3812,0.5238,0.9794,1.4018,0.0,0.0,False
ROW00015190,TXN0006424,2025-06-08,14:07:00,SKU1485,Store B,Retail,1.0,0.249,0.2041,0.0449,0.1278,0.0763,0.0,0.0,False
ROW00015209,TXN0006432,2025-06-08,15:42:12,SKU1744,Store B,Retail,1.0,0.083,0.083,0.0,0.083,0.0,0.0,0.0,False
ROW00015228,TXN0006439,2025-06-08,16:30:46,SKU0001,Store B,Retail,1.0,0.166,0.136,0.03,0.0433,0.0927,0.0,0.0,False
ROW00015291,TXN0006475,2025-06-08,12:11:54,SKU1787,Store C,Retail,2.0,5.312,4.3541,0.9579,2.8054,1.5487,0.0,0.0,False
ROW00015303,TXN0006481,2025-06-08,13:28:25,SKU1687,Store C,Retail,1.0,0.747,0.6123,0.1347,0.3486,0.2637,0.0,0.0,False
ROW00015308,TXN0006484,2025-06-08,13:35:19,SKU0444,Store C,Retail,1.0,0.332,0.2722,0.0598,0.0805,0.1916,0.0,0.0,False
ROW00015356,TXN0006510,2025-06-08,15:31:21,SKU1432,Store C,Retail,1.0,1.494,1.2246,0.2694,0.6723,0.5523,0.0,0.0,False
ROW00015366,TXN0006513,2025-06-08,15:40:47,SKU0841,Store C,Retail,1.0,0.2905,0.2381,0.0524,0.2241,0.014,0.0,0.0,False
ROW00015402,TXN0006535,2025-06-09,10:38:00,SKU1367,Store A,Retail,1.0,0.415,0.3401,0.0749,0.5644,-0.2243,0.83,0.6667,False
ROW00015475,TXN0006558,2025-06-09,15:12:37,SKU1629,Store A,Retail,1.0,0.083,0.083,0.0,0.083,0.0,0.0,0.0,False
ROW00015479,TXN0006561,2025-06-09,15:22:51,SKU0540,Store A,Retail,1.0,1.328,1.0885,0.2395,0.6059,0.4826,0.0,0.0,False
ROW00015505,TXN0006574,2025-06-09,17:21:53,SKU0544,Store A,Retail,5.0,7.47,6.1229,1.3471,3.4445,2.6784,0.0,0.0,False
ROW00015589,TXN0006611,2025-06-09,13:17:06,SKU1367,Store B,Retail,1.0,0.415,0.3401,0.0749,0.5644,-0.2243,0.83,0.6667,False
ROW00015618,TXN0006625,2025-06-09,15:28:36,SKU0455,Store B,Retail,1.0,0.498,0.4082,0.0898,0.2158,0.1924,0.0,0.0,False
ROW00015646,TXN0006634,2025-06-09,16:10:26,SKU0455,Store B,Retail,1.0,0.498,0.4082,0.0898,0.2158,0.1924,0.0,0.0,False
ROW00015655,TXN0006640,2025-06-09,16:15:48,SKU0950,Store B,Retail,1.0,0.498,0.4082,0.0898,0.1743,0.2339,0.0,0.0,False
ROW00015684,TXN0006657,2025-06-09,19:46:52,SKU1321,Store B,Retail,1.0,1.411,1.1565,0.2545,0.6225,0.534,0.0,0.0,False
ROW00015718,TXN0006671,2025-06-09,12:34:00,SKU1370,Store C,Retail,2.0,1.66,1.3606,0.2994,0.8134,0.5472,0.0,0.0,False
ROW00015747,TXN0006688,2025-06-09,14:35:17,SKU0169,Store C,Retail,1.0,0.332,0.2722,0.0598,0.1162,0.156,0.0,0.0,False
ROW00015756,TXN0006694,2025-06-09,15:00:59,SKU0688,Store C,Retail,1.0,1.245,1.0205,0.2245,0.3586,0.6619,0.0,0.0,False
ROW00015777,TXN0006707,2025-06-09,16:04:48,SKU0099,Store C,Retail,1.0,0.913,0.7483,0.1647,0.3735,0.3748,0.0,0.0,False
ROW00015873,TXN0006746,2025-06-10,15:16:18,SKU1629,Store A,Retail,1.0,0.083,0.083,0.0,0.083,0.0,0.0,0.0,False
ROW00015907,TXN0006756,2025-06-10,17:44:50,SKU0637,Store A,Retail,1.0,1.494,1.2246,0.2694,0.3984,0.8262,0.0,0.0,False
ROW00015914,TXN0006758,2025-06-10,18:06:09,SKU1581,Store A,Retail,1.0,2.075,1.7008,0.3742,2.0501,-0.3493,1.992,0.4898,False
ROW00015928,TXN0006765,2025-06-10,19:25:19,SKU1427,Store A,Retail,2.0,1.826,1.4967,0.3293,0.8134,0.6833,0.0,0.0,False
ROW00015950,TXN0006775,2025-06-10,12:43:04,SKU0664,Store B,Retail,1.0,4.233,3.4696,0.7634,2.0451,1.4245,0.0,0.0,False
ROW00015972,TXN0006788,2025-06-10,14:47:50,SKU0182,Store B,Retail,2.0,0.332,0.2722,0.0598,0.0385,0.2336,0.0,0.0,False
ROW00016001,TXN0006792,2025-06-10,15:19:56,SKU1416,Store B,Retail,1.0,0.9711,0.796,0.1751,0.4777,0.3183,0.1079,0.1,False
ROW00016060,TXN0006811,2025-06-10,17:06:59,SKU0140,Store B,Retail,1.0,1.494,1.2246,0.2694,0.7387,0.4859,0.166,0.1,False
ROW00016097,TXN0006824,2025-06-10,18:47:51,SKU1062,Store B,Retail,1.0,0.166,0.136,0.03,0.0512,0.0848,0.083,0.3333,False
ROW00016098,TXN0006824,2025-06-10,18:47:51,SKU1283,Store B,Retail,1.0,0.4482,0.3674,0.0808,0.2324,0.135,0.0498,0.1,False
ROW00016153,TXN0006839,2025-06-10,11:29:53,SKU0282,Store C,Retail,1.0,1.826,1.4967,0.3293,0.83,0.6667,0.0,0.0,False
ROW00016190,TXN0006862,2025-06-10,13:46:30,SKU1366,Store C,Retail,1.0,0.415,0.3401,0.0749,0.5644,-0.2243,0.83,0.6667,False
ROW00016215,TXN0006869,2025-06-10,14:17:38,SKU1629,Store C,Retail,1.0,0.083,0.083,0.0,0.083,0.0,0.0,0.0,False
ROW00016288,TXN0006897,2025-06-10,16:35:15,SKU0200,Store C,Retail,2.0,2.988,2.4492,0.5388,1.2782,1.171,0.0,0.0,False
ROW00016292,TXN0006897,2025-06-10,16:35:15,SKU1501,Store C,Retail,2.0,2.49,2.041,0.449,0.581,1.46,0.0,0.0,False
ROW00016302,TXN0006902,2025-06-10,17:02:39,SKU0223,Store C,Retail,1.0,1.162,0.9524,0.2096,0.415,0.5374,0.0,0.0,False
ROW00016322,TXN0006910,2025-06-10,17:46:04,SKU0008,Store C,Retail,1.0,0.415,0.3401,0.0749,0.2094,0.1307,0.166,0.2857,False
ROW00016339,TXN0006918,2025-06-10,18:33:20,SKU1323,Store C,Retail,1.0,1.2699,1.0409,0.229,0.6225,0.4184,0.1411,0.1,False
ROW00016377,TXN0006932,2025-06-10,10:14:44,SKU0731,Warehouse,Wholesale,8.0,28.5148,23.3728,5.142,17.6624,5.7104,4.6852,0.1411,False
ROW00016401,TXN0006939,2025-06-11,13:35:26,SKU1768,Store A,Retail,1.0,2.158,1.7688,0.3892,0.9406,0.8282,0.0,0.0,False
ROW00016408,TXN0006941,2025-06-11,13:46:12,SKU0709,Store A,Retail,1.0,0.83,0.6804,0.1496,0.2,0.4803,0.0,0.0,False
ROW00016411,TXN0006943,2025-06-11,13:50:15,SKU0635,Store A,Retail,1.0,1.992,1.6328,0.3592,0.7138,0.919,0.0,0.0,False
ROW00016479,TXN0006974,2025-06-11,11:28:04,SKU1678,Store B,Retail,2.0,0.83,0.6804,0.1496,0.5727,0.1077,0.83,0.5,False
ROW00016484,TXN0006977,2025-06-11,11:42:20,SKU0692,Store B,Retail,1.0,0.498,0.4082,0.0898,0.21,0.1982,0.0,0.0,False
ROW00016491,TXN0006981,2025-06-11,12:35:31,SKU1610,Store B,Retail,1.0,1.411,1.1565,0.2545,0.664,0.4925,0.0,0.0,False
ROW00016535,TXN0007001,2025-06-11,15:48:18,SKU1091,Store B,Retail,1.0,0.083,0.0681,0.0149,0.0481,0.0199,0.083,0.5,False
ROW00016594,TXN0007022,2025-06-11,17:53:35,SKU1107,Store B,Retail,1.0,0.249,0.2041,0.0449,0.0996,0.1045,0.0,0.0,False
ROW00016666,TXN0007060,2025-06-11,12:56:24,SKU1629,Store C,Retail,1.0,0.083,0.083,0.0,0.083,0.0,0.0,0.0,False
ROW00016723,TXN0007084,2025-06-11,15:07:14,SKU1107,Store C,Retail,3.0,0.747,0.6123,0.1347,0.2988,0.3135,0.0,0.0,False
ROW00016733,TXN0007090,2025-06-11,15:48:42,SKU0053,Store C,Retail,1.0,1.577,1.2926,0.2844,0.8051,0.4875,0.0,0.0,False
ROW00016764,TXN0007103,2025-06-11,17:13:32,SKU0145,Store C,Retail,2.0,0.664,0.5442,0.1198,0.2462,0.2981,0.0,0.0,False
ROW00016778,TXN0007107,2025-06-11,17:59:48,SKU0540,Store C,Retail,1.0,1.328,1.0885,0.2395,0.6059,0.4826,0.0,0.0,False
ROW00016795,TXN0007113,2025-06-11,18:27:27,SKU1629,Store C,Retail,1.0,0.083,0.083,0.0,0.083,0.0,0.0,0.0,False
ROW00016800,TXN0007116,2025-06-11,18:42:39,SKU1744,Store C,Retail,1.0,0.083,0.083,0.0,0.083,0.0,0.0,0.0,False
ROW00016876,TXN0007150,2025-06-12,17:57:46,SKU0004,Store A,Retail,1.0,0.3735,0.3062,0.0673,0.0709,0.2353,0.0415,0.1,False
ROW00016878,TXN0007150,2025-06-12,17:57:46,SKU1237,Store A,Retail,1.0,1.1205,0.9185,0.202,0.4897,0.4288,0.1245,0.1,False
ROW00016890,TXN0007154,2025-06-12,18:51:47,SKU1294,Store A,Retail,1.0,0.249,0.2041,0.0449,0.0747,0.1294,0.0,0.0,False
ROW00016913,TXN0007161,2025-06-12,10:50:53,SKU0153,Store B,Retail,2.0,0.664,0.5442,0.1198,0.2462,0.2981,0.0,0.0,False
ROW00016939,TXN0007176,2025-06-12,14:37:25,SKU0414,Store B,Retail,2.0,2.988,2.4492,0.5388,1.245,1.2042,0.0,0.0,False
ROW00016949,TXN0007179,2025-06-12,14:51:56,SKU0541,Store B,Retail,1.0,2.075,1.7008,0.3742,0.9877,0.7131,0.0,0.0,False
ROW00016974,TXN0007191,2025-06-12,15:45:41,SKU1781,Store B,Retail,1.0,2.324,1.9049,0.4191,1.1246,0.7803,0.0,0.0,False
ROW00017020,TXN0007201,2025-06-12,17:03:56,SKU0526,Store B,Retail,1.0,1.3446,1.1022,0.2424,0.6224,0.4797,0.1494,0.1,False
ROW00017066,TXN0007215,2025-06-12,10:45:02,SKU1370,Store C,Retail,2.0,1.66,1.3606,0.2994,0.8134,0.5472,0.0,0.0,False
ROW00017099,TXN0007231,2025-06-12,13:43:50,SKU1369,Store C,Retail,1.0,0.415,0.3401,0.0749,0.5644,-0.2243,0.83,0.6667,False
ROW00017110,TXN0007235,2025-06-12,13:53:02,SKU1321,Store C,Retail,1.0,1.411,1.1565,0.2545,0.6225,0.534,0.0,0.0,False
ROW00017172,TXN0007263,2025-06-12,16:15:33,SKU1323,Store C,Retail,1.0,1.411,1.1565,0.2545,0.6225,0.534,0.0,0.0,False
ROW00017186,TXN0007272,2025-06-12,17:00:19,SKU0841,Store C,Retail,1.0,0.2905,0.2381,0.0524,0.2241,0.014,0.0,0.0,False
ROW00017245,TXN0007297,2025-06-13,12:48:44,SKU1592,Store A,Retail,1.0,1.162,0.9524,0.2096,0.5727,0.3797,0.0,0.0,False
ROW00017248,TXN0007299,2025-06-13,13:15:50,SKU1228,Store A,Retail,1.0,1.162,0.9524,0.2096,0.5976,0.3548,0.166,0.125,False
ROW00017277,TXN0007313,2025-06-13,15:36:20,SKU0540,Store A,Retail,1.0,1.328,1.0885,0.2395,0.6059,0.4826,0.0,0.0,False
ROW00017330,TXN0007329,2025-06-13,19:36:44,SKU1234,Store A,Retail,1.0,1.909,1.5647,0.3443,0.5146,1.0501,0.0,0.0,False
ROW00017410,TXN0007368,2025-06-13,15:17:16,SKU1082,Store B,Retail,1.0,1.245,1.0205,0.2245,0.3735,0.647,0.0,0.0,False
ROW00017418,TXN0007371,2025-06-13,15:34:32,SKU0408,Store B,Retail,1.0,1.494,1.2246,0.2694,0.6308,0.5938,0.0,0.0,False
ROW00017436,TXN0007383,2025-06-13,17:50:03,SKU1081,Store B,Retail,1.0,1.245,1.0205,0.2245,0.3818,0.6387,0.0,0.0,False
ROW00017453,TXN0007393,2025-06-13,19:41:34,SKU0247,Store B,Retail,4.0,5.644,4.6263,1.0177,3.0876,1.5387,0.0,0.0,False
ROW00017546,TXN0007426,2025-06-13,15:07:29,SKU1664,Store C,Retail,1.0,2.407,1.9729,0.4341,1.1321,0.8408,0.0,0.0,False
ROW00017578,TXN0007438,2025-06-13,17:30:18,SKU0438,Store C,Retail,1.0,0.249,0.2041,0.0449,0.0264,0.1777,0.0,0.0,False
ROW00017594,TXN0007445,2025-06-13,17:41:30,SKU1613,Store C,Retail,1.0,1.411,1.1565,0.2545,0.664,0.4925,0.0,0.0,False
ROW00017608,TXN0007451,2025-06-13,18:10:42,SKU1510,Store C,Retail,1.0,0.664,0.5442,0.1198,0.3403,0.2039,0.0,0.0,False
ROW00017617,TXN0007456,2025-06-13,18:28:04,SKU0444,Store C,Retail,1.0,0.332,0.2722,0.0598,0.0805,0.1916,0.0,0.0,False
ROW00017621,TXN0007458,2025-06-13,18:49:57,SKU0477,Store C,Retail,1.0,0.83,0.6804,0.1496,0.2739,0.4065,0.0,0.0,False
ROW00017678,TXN0007480,2025-06-14,14:40:04,SKU1416,Store A,Retail,1.0,1.079,0.8844,0.1946,0.4777,0.4068,0.0,0.0,False
ROW00017747,TXN0007504,2025-06-14,17:43:24,SKU1787,Store A,Retail,5.0,11.952,9.7967,2.1553,7.0135,2.7832,1.328,0.1,False
ROW00017752,TXN0007506,2025-06-14,17:47:58,SKU0169,Store A,Retail,1.0,0.332,0.2722,0.0598,0.1162,0.156,0.0,0.0,False
ROW00017759,TXN0007512,2025-06-14,17:50:53,SKU0540,Store A,Retail,1.0,1.328,1.0885,0.2395,0.6059,0.4826,0.0,0.0,False
ROW00017778,TXN0007523,2025-06-14,19:18:51,SKU0477,Store A,Retail,1.0,0.83,0.6804,0.1496,0.2739,0.4065,0.0,0.0,False
ROW00017818,TXN0007542,2025-06-14,14:37:19,SKU1615,Store B,Retail,2.0,2.822,2.3131,0.5089,1.328,0.9851,0.0,0.0,False
ROW00017820,TXN0007543,2025-06-14,14:46:05,SKU0152,Store B,Retail,1.0,0.332,0.2722,0.0598,0.1231,0.1491,0.0,0.0,False
ROW00017844,TXN0007558,2025-06-14,17:37:14,SKU1068,Store B,Retail,1.0,1.162,0.9524,0.2096,0.4374,0.515,0.0,0.0,False
ROW00017883,TXN0007571,2025-06-14,19:11:35,SKU0462,Store B,Retail,2.0,0.664,0.5441,0.1199,0.2988,0.2453,0.166,0.2,False
ROW00017939,TXN0007598,2025-06-14,12:28:14,SKU0841,Store C,Retail,1.0,0.2905,0.2381,0.0524,0.2241,0.014,0.0,0.0,False
ROW00018020,TXN0007633,2025-06-14,14:41:08,SKU1033,Store C,Retail,1.0,1.162,0.9524,0.2096,0.5229,0.4295,0.0,0.0,False
ROW00018022,TXN0007634,2025-06-14,14:41:35,SKU0689,Store C,Retail,1.0,1.245,1.0205,0.2245,0.3403,0.6802,0.0,0.0,False
ROW00018040,TXN0007643,2025-06-14,14:55:15,SKU1079,Store C,Retail,1.0,1.577,1.2926,0.2844,0.3776,0.915,0.0,0.0,False
ROW00018041,TXN0007643,2025-06-14,14:55:15,SKU1647,Store C,Retail,1.0,2.241,1.8369,0.4041,1.0624,0.7745,0.0,0.0,False
ROW00018046,TXN0007646,2025-06-14,15:11:04,SKU1238,Store C,Retail,1.0,1.162,0.9524,0.2096,0.415,0.5374,0.0,0.0,False
ROW00018125,TXN0007688,2025-06-14,18:01:35,SKU1686,Store C,Retail,1.0,1.245,1.0205,0.2245,0.5644,0.4561,0.0,0.0,False
ROW00018148,TXN0007695,2025-06-14,18:53:39,SKU1686,Store C,Retail,1.0,1.245,1.0205,0.2245,0.5644,0.4561,0.0,0.0,False
ROW00018166,TXN0007702,2025-06-14,19:55:24,SKU1678,Store C,Retail,1.0,0.415,0.3401,0.0749,0.2863,0.0538,0.415,0.5,False
ROW00018201,TXN0007717,2025-06-15,16:11:42,SKU1326,Store A,Retail,1.0,1.411,1.1565,0.2545,0.6225,0.534,0.0,0.0,False
ROW00018209,TXN0007720,2025-06-15,17:00:47,SKU0477,Store A,Retail,1.0,0.83,0.6804,0.1496,0.2739,0.4065,0.0,0.0,False
ROW00018254,TXN0007737,2025-06-15,12:38:53,SKU1366,Store B,Retail,1.0,0.415,0.3401,0.0749,0.5644,-0.2243,0.83,0.6667,False
ROW00018284,TXN0007747,2025-06-15,14:27:04,SKU0200,Store B,Retail,1.0,1.494,1.2246,0.2694,0.6391,0.5855,0.0,0.0,False
ROW00018313,TXN0007760,2025-06-15,16:36:02,SKU0352,Store B,Retail,1.0,1.3446,1.1022,0.2424,0.5976,0.5046,0.1494,0.1,False
ROW00018377,TXN0007786,2025-06-15,12:14:45,SKU0352,Store C,Retail,1.0,1.494,1.2246,0.2694,0.5976,0.627,0.0,0.0,False
ROW00018380,TXN0007787,2025-06-15,12:29:26,SKU1629,Store C,Retail,1.0,0.083,0.083,0.0,0.083,0.0,0.0,0.0,False
ROW00018381,TXN0007787,2025-06-15,12:29:26,SKU1686,Store C,Retail,1.0,1.245,1.0205,0.2245,0.5644,0.4561,0.0,0.0,False
ROW00018401,TXN0007795,2025-06-15,12:58:06,SKU1678,Store C,Retail,1.0,0.415,0.3401,0.0749,0.2863,0.0538,0.415,0.5,False
ROW00018440,TXN0007816,2025-06-15,14:32:29,SKU0428,Store C,Retail,1.0,1.245,1.0205,0.2245,0.5478,0.4727,0.0,0.0,False
ROW00018523,TXN0007847,2025-06-16,11:11:11,SKU1677,Store A,Retail,1.0,0.581,0.4763,0.1047,0.2905,0.1858,0.249,0.3,False
ROW00018561,TXN0007864,2025-06-16,13:56:46,SKU0063,Store A,Retail,1.0,1.66,1.3606,0.2994,0.6536,0.707,0.0,0.0,False
ROW00018591,TXN0007870,2025-06-16,16:45:05,SKU1033,Store A,Retail,1.0,1.162,0.9524,0.2096,0.5312,0.4212,0.0,0.0,False
ROW00018611,TXN0007877,2025-06-16,17:43:14,SKU0087,Store A,Retail,1.0,0.913,0.7483,0.1647,0.3735,0.3748,0.0,0.0,False
ROW00018613,TXN0007877,2025-06-16,17:43:14,SKU0156,Store A,Retail,1.0,0.913,0.7483,0.1647,0.3403,0.408,0.0,0.0,False
ROW00018662,TXN0007894,2025-06-16,13:12:17,SKU0519,Store B,Retail,1.0,0.166,0.136,0.03,0.1194,0.0166,0.166,0.5,False
ROW00018708,TXN0007918,2025-06-16,16:23:10,SKU0010,Store B,Retail,1.0,0.166,0.136,0.03,0.015,0.121,0.0,0.0,False
ROW00018714,TXN0007918,2025-06-16,16:23:10,SKU1436,Store B,Retail,1.0,0.249,0.2041,0.0449,0.083,0.1211,0.0,0.0,False
ROW00018724,TXN0007921,2025-06-16,16:31:58,SKU1234,Store B,Retail,1.0,1.909,1.5647,0.3443,0.5146,1.0501,0.0,0.0,False
ROW00018774,TXN0007936,2025-06-16,10:17:19,SKU1404,Store C,Retail,1.0,0.996,0.8164,0.1796,0.3726,0.4438,0.0,0.0,False
ROW00018821,TXN0007957,2025-06-16,13:15:34,SKU0224,Store C,Retail,1.0,2.075,1.7008,0.3742,0.83,0.8708,0.0,0.0,False
ROW00018868,TXN0007967,2025-06-16,13:50:34,SKU1615,Store C,Retail,1.0,1.411,1.1565,0.2545,0.664,0.4925,0.0,0.0,False
ROW00018876,TXN0007970,2025-06-16,14:08:14,SKU0564,Store C,Retail,2.0,2.49,2.041,0.449,0.9794,1.0616,0.0,0.0,False
ROW00018918,TXN0007990,2025-06-16,17:34:46,SKU1684,Store C,Retail,1.0,0.747,0.6123,0.1347,0.3444,0.2678,0.0,0.0,False
ROW00018947,TXN0008004,2025-06-16,19:17:58,SKU0444,Store C,Retail,1.0,0.332,0.2722,0.0598,0.0805,0.1916,0.0,0.0,False
ROW00019000,TXN0008032,2025-06-17,18:03:39,SKU1686,Store A,Retail,2.0,2.241,1.8369,0.4041,1.1288,0.7081,0.249,0.1,False
ROW00019013,TXN0008036,2025-06-17,19:01:28,SKU1323,Store A,Retail,1.0,1.411,1.1565,0.2545,0.6225,0.534,0.0,0.0,False
ROW00019025,TXN0008042,2025-06-17,19:21:38,SKU0496,Store A,Retail,1.0,2.49,2.041,0.449,1.245,0.796,0.0,0.0,False
ROW00019031,TXN0008047,2025-06-17,11:24:21,SKU0023,Store B,Retail,1.0,0.498,0.4082,0.0898,0.3555,0.0527,0.498,0.5,False
ROW00019106,TXN0008077,2025-06-17,16:57:27,SKU1384,Store B,Retail,1.0,0.913,0.7483,0.1647,0.4482,0.3001,0.0,0.0,False
ROW00019120,TXN0008081,2025-06-17,17:34:00,SKU1593,Store B,Retail,1.0,1.162,0.9524,0.2096,0.5727,0.3797,0.0,0.0,False
ROW00019129,TXN0008084,2025-06-17,17:56:54,SKU0455,Store B,Retail,1.0,0.498,0.4082,0.0898,0.2158,0.1924,0.0,0.0,False
ROW00019137,TXN0008087,2025-06-17,18:04:47,SKU1720,Store B,Retail,3.0,0.996,0.8164,0.1796,0.3319,0.4845,0.0,0.0,False
ROW00019237,TXN0008132,2025-06-17,13:44:17,SKU1081,Store C,Retail,1.0,1.245,1.0205,0.2245,0.3818,0.6387,0.0,0.0,False
ROW00019305,TXN0008164,2025-06-17,16:09:54,SKU0841,Store C,Retail,1.0,0.2905,0.2381,0.0524,0.2241,0.014,0.0,0.0,False
ROW00019318,TXN0008170,2025-06-17,17:46:29,SKU1596,Store C,Retail,1.0,1.162,0.9524,0.2096,0.5727,0.3797,0.0,0.0,False
ROW00019320,TXN0008171,2025-06-17,17:47:20,SKU0174,Store C,Retail,1.0,1.577,1.2926,0.2844,0.4067,0.8859,0.0,0.0,False
ROW00019335,TXN0008179,2025-06-17,18:38:03,SKU1389,Store C,Retail,1.0,1.66,1.3606,0.2994,0.8466,0.514,0.0,0.0,False
ROW00019352,TXN0008185,2025-06-17,09:50:35,SKU0904,Warehouse,Wholesale,24.0,158.9377,130.2768,28.6609,98.1857,32.0911,117.9503,0.426,False
ROW00019392,TXN0008201,2025-06-18,16:24:19,SKU0065,Store A,Retail,1.0,0.7304,0.5987,0.1317,0.3735,0.2252,0.1826,0.2,False
ROW00019413,TXN0008209,2025-06-18,17:59:46,SKU0222,Store A,Retail,1.0,1.162,0.9524,0.2096,0.5063,0.4461,0.0,0.0,False
ROW00019420,TXN0008212,2025-06-18,18:35:39,SKU0532,Store A,Retail,1.0,2.905,2.3812,0.5238,0.9794,1.4018,0.0,0.0,False
ROW00019449,TXN0008224,2025-06-18,10:32:11,SKU1366,Store B,Retail,2.0,0.83,0.6804,0.1496,1.1288,-0.4484,1.66,0.6667,False
ROW00019489,TXN0008241,2025-06-18,14:08:11,SKU1485,Store B,Retail,2.0,0.4482,0.3674,0.0808,0.2556,0.1117,0.0498,0.1,False
ROW00019495,TXN0008243,2025-06-18,14:50:45,SKU1629,Store B,Retail,1.0,0.083,0.083,0.0,0.083,0.0,0.0,0.0,False
ROW00019531,TXN0008261,2025-06-18,17:34:09,SKU0047,Store B,Retail,1.0,1.494,1.2246,0.2694,0.7055,0.5191,0.0,0.0,False
ROW00019571,TXN0008285,2025-06-18,10:24:36,SKU0543,Store C,Retail,1.0,1.494,1.2246,0.2694,0.6889,0.5357,0.0,0.0,False
ROW00019600,TXN0008297,2025-06-18,11:07:30,SKU0047,Store C,Retail,1.0,1.494,1.2246,0.2694,0.7055,0.5191,0.0,0.0,False
ROW00019623,TXN0008309,2025-06-18,11:47:12,SKU1369,Store C,Retail,2.0,0.83,0.6804,0.1496,1.1288,-0.4484,1.66,0.6667,False
ROW00019642,TXN0008318,2025-06-18,12:29:14,SKU0115,Store C,Retail,1.0,0.5976,0.4899,0.1077,0.3403,0.1496,0.1494,0.2,False
ROW00019759,TXN0008352,2025-06-18,15:41:54,SKU0639,Store C,Retail,2.0,3.984,3.2656,0.7184,1.1952,2.0704,0.0,0.0,False
ROW00019765,TXN0008354,2025-06-18,15:48:37,SKU1677,Store C,Retail,6.0,3.486,2.8574,0.6286,1.743,1.1144,1.494,0.3,False
ROW00019777,TXN0008359,2025-06-18,16:03:21,SKU0756,Store C,Retail,1.0,0.249,0.2041,0.0449,0.0838,0.1203,0.0,0.0,False
ROW00019797,TXN0008370,2025-06-18,17:20:11,SKU0452,Store C,Retail,1.0,1.245,1.0205,0.2245,0.6059,0.4146,0.0,0.0,False
ROW00019831,TXN0008386,2025-06-18,19:21:26,SKU1327,Store C,Retail,1.0,1.411,1.1565,0.2545,0.6225,0.534,0.0,0.0,False
ROW00019853,TXN0008399,2025-06-19,12:28:05,SKU0023,Store A,Retail,1.0,0.332,0.2722,0.0598,0.3555,-0.0833,0.664,0.6667,False
ROW00019859,TXN0008404,2025-06-19,13:57:04,SKU0422,Store A,Retail,1.0,2.3904,1.9594,0.431,1.1952,0.7642,0.2656,0.1,False
ROW00019895,TXN0008420,2025-06-19,16:19:35,SKU1606,Store A,Retail,1.0,1.411,1.1565,0.2545,0.664,0.4925,0.0,0.0,False
ROW00019950,TXN0008442,2025-06-19,10:32:04,SKU1649,Store B,Retail,2.0,3.5856,2.939,0.6466,1.8592,1.0798,0.3984,0.1,False
ROW00019977,TXN0008458,2025-06-19,13:58:10,SKU0169,Store B,Retail,2.0,0.664,0.5442,0.1198,0.2324,0.3118,0.0,0.0,False
ROW00019985,TXN0008461,2025-06-19,14:11:24,SKU1398,Store B,Retail,2.0,0.498,0.4082,0.0898,0.1486,0.2596,0.0,0.0,False
ROW00019992,TXN0008465,2025-06-19,14:31:29,SKU0375,Store B,Retail,1.0,1.577,1.2926,0.2844,1.2056,0.0871,0.913,0.3667,False
ROW00020116,TXN0008531,2025-06-19,13:27:40,SKU0085,Store C,Retail,1.0,0.332,0.2722,0.0598,0.0628,0.2093,0.0,0.0,False
ROW00020133,TXN0008541,2025-06-19,14:28:24,SKU0081,Store C,Retail,1.0,0.83,0.6804,0.1496,0.5395,0.1409,0.83,0.5,False
ROW00020145,TXN0008545,2025-06-19,14:56:26,SKU1606,Store C,Retail,1.0,1.411,1.1565,0.2545,0.664,0.4925,0.0,0.0,False
ROW00020148,TXN0008546,2025-06-19,14:57:14,SKU0810,Store C,Retail,1.0,0.249,0.2041,0.0449,0.0498,0.1543,0.0,0.0,False
ROW00020159,TXN0008551,2025-06-19,15:52:18,SKU1544,Store C,Retail,1.0,1.577,1.2926,0.2844,0.5478,0.7448,0.0,0.0,False
ROW00020178,TXN0008561,2025-06-19,16:28:21,SKU1323,Store C,Retail,1.0,1.411,1.1565,0.2545,0.6225,0.534,0.0,0.0,False
ROW00020277,TXN0008593,2025-06-20,16:39:40,SKU0260,Store A,Retail,1.0,1.826,1.4967,0.3293,0.7171,0.7796,0.0,0.0,False
ROW00020298,TXN0008600,2025-06-20,18:41:22,SKU1062,Store A,Retail,4.0,0.664,0.5442,0.1198,0.2048,0.3394,0.332,0.3333,False
ROW00020318,TXN0008607,2025-06-20,10:32:24,SKU1787,Store B,Retail,1.0,2.656,2.1771,0.4789,1.4027,0.7744,0.0,0.0,False
ROW00020326,TXN0008610,2025-06-20,11:44:47,SKU1659,Store B,Retail,1.0,1.162,0.9524,0.2096,0.4316,0.5208,0.0,0.0,False
ROW00020376,TXN0008634,2025-06-20,16:32:16,SKU1596,Store B,Retail,1.0,0.9877,0.8096,0.1781,0.5727,0.2369,0.1743,0.15,False
ROW00020412,TXN0008654,2025-06-20,10:15:37,SKU0010,Store C,Retail,1.0,0.166,0.136,0.03,0.015,0.121,0.0,0.0,False
ROW00020475,TXN0008687,2025-06-20,15:31:58,SKU0462,Store C,Retail,2.0,0.664,0.5442,0.1198,0.2158,0.3284,0.166,0.2,False
ROW00020501,TXN0008700,2025-06-20,17:11:20,SKU1485,Store C,Retail,5.0,1.245,1.0205,0.2245,0.6391,0.3814,0.0,0.0,False
ROW00020519,TXN0008711,2025-06-21,12:04:43,SKU0042,Store A,Retail,1.0,3.735,3.0615,0.6735,1.66,1.4015,0.0,0.0,False
ROW00020526,TXN0008713,2025-06-21,12:28:35,SKU1485,Store A,Retail,3.0,0.747,0.6123,0.1347,0.3835,0.2288,0.0,0.0,False
ROW00020566,TXN0008729,2025-06-21,14:36:28,SKU0261,Store A,Retail,1.0,2.241,1.8369,0.4041,1.0043,0.8326,0.0,0.0,False
ROW00020598,TXN0008745,2025-06-21,16:32:36,SKU0428,Store A,Retail,1.0,1.245,1.0205,0.2245,0.5478,0.4727,0.0,0.0,False
ROW00020649,TXN0008764,2025-06-21,11:55:23,SKU0678,Store B,Retail,1.0,1.826,1.4967,0.3293,0.4117,1.0851,0.0,0.0,False
ROW00020671,TXN0008769,2025-06-21,13:11:29,SKU0455,Store B,Retail,1.0,0.4482,0.3674,0.0808,0.2158,0.1516,0.0498,0.1,False
ROW00020677,TXN0008771,2025-06-21,13:22:07,SKU0846,Store B,Retail,1.0,1.411,1.1565,0.2545,0.5395,0.617,0.0,0.0,False
ROW00020736,TXN0008801,2025-06-21,10:28:55,SKU0474,Store C,Retail,1.0,0.415,0.3401,0.0749,0.1411,0.199,0.0,0.0,False
ROW00020763,TXN0008818,2025-06-21,11:21:20,SKU0498,Store C,Retail,1.0,1.162,0.9524,0.2096,0.2905,0.6619,0.0,0.0,False
ROW00020770,TXN0008821,2025-06-21,11:32:54,SKU1062,Store C,Retail,1.0,0.166,0.136,0.03,0.0512,0.0848,0.083,0.3333,False
ROW00020792,TXN0008828,2025-06-21,12:32:58,SKU0352,Store C,Retail,2.0,2.988,2.4492,0.5388,1.1952,1.254,0.0,0.0,False
ROW00020852,TXN0008846,2025-06-21,14:42:15,SKU0066,Store C,Retail,1.0,0.913,0.7483,0.1647,0.3735,0.3748,0.0,0.0,False
ROW00020890,TXN0008856,2025-06-21,15:07:10,SKU1787,Store C,Retail,1.0,2.656,2.1771,0.4789,1.4027,0.7744,0.0,0.0,False
ROW00020945,TXN0008882,2025-06-21,18:21:03,SKU1485,Store C,Retail,15.0,3.3615,2.7554,0.6061,1.9173,0.8381,0.3735,0.1,False
ROW00020965,TXN0008892,2025-06-22,12:18:58,SKU0023,Store A,Retail,1.0,0.332,0.2722,0.0598,0.3555,-0.0833,0.664,0.6667,False
ROW00021023,TXN0008913,2025-06-22,17:06:48,SKU1677,Store A,Retail,1.0,0.581,0.4763,0.1047,0.2905,0.1858,0.249,0.3,False
ROW00021036,TXN0008918,2025-06-22,17:30:54,SKU1066,Store A,Retail,1.0,1.245,1.0205,0.2245,0.5071,0.5134,0.0,0.0,False
ROW00021071,TXN0008933,2025-06-22,15:15:34,SKU1720,Store B,Retail,2.0,0.664,0.5442,0.1198,0.2213,0.323,0.0,0.0,False
ROW00021076,TXN0008936,2025-06-22,15:45:10,SKU1369,Store B,Retail,1.0,0.415,0.3401,0.0749,0.5644,-0.2243,0.83,0.6667,False
ROW00021103,TXN0008949,2025-06-22,17:05:09,SKU0023,Store B,Retail,1.0,0.332,0.2722,0.0598,0.3555,-0.0833,0.664,0.6667,False
ROW00021158,TXN0008977,2025-06-22,13:34:09,SKU1481,Store C,Retail,1.0,1.245,1.0205,0.2245,0.5312,0.4893,0.0,0.0,False
ROW00021170,TXN0008978,2025-06-22,13:41:45,SKU1686,Store C,Retail,1.0,1.245,1.0205,0.2245,0.5644,0.4561,0.0,0.0,False
ROW00021171,TXN0008978,2025-06-22,13:41:45,SKU1687,Store C,Retail,1.0,0.747,0.6123,0.1347,0.3486,0.2637,0.0,0.0,False
ROW00021208,TXN0008990,2025-06-22,14:28:35,SKU0444,Store C,Retail,1.0,0.332,0.2722,0.0598,0.0805,0.1916,0.0,0.0,False
ROW00021223,TXN0008993,2025-06-22,14:41:45,SKU0115,Store C,Retail,1.0,0.747,0.6123,0.1347,0.3403,0.272,0.0,0.0,False
ROW00021287,TXN0009025,2025-06-23,13:43:11,SKU1581,Store A,Retail,1.0,2.075,1.7008,0.3742,2.0501,-0.3493,1.992,0.4898,False
ROW00021315,TXN0009038,2025-06-23,10:36:01,SKU1746,Store B,Retail,3.0,3.5856,2.939,0.6466,1.6185,1.3205,0.8964,0.2,False
ROW00021319,TXN0009041,2025-06-23,10:56:26,SKU0167,Store C,Retail,1.0,0.415,0.3401,0.0749,0.4434,-0.1033,0.581,0.5833,False
ROW00021355,TXN0009057,2025-06-23,13:46:36,SKU0841,Store C,Retail,1.0,0.2905,0.2381,0.0524,0.2241,0.014,0.0,0.0,False
ROW00021389,TXN0009070,2025-06-23,16:03:37,SKU0030,Store C,Retail,1.0,0.498,0.4082,0.0898,0.083,0.3252,0.0,0.0,False
ROW00021399,TXN0009075,2025-06-24,14:04:02,SKU1161,Store A,Retail,2.0,5.312,4.3541,0.9579,2.6972,1.6569,0.0,0.0,False
ROW00021426,TXN0009086,2025-06-25,13:06:46,SKU1677,Store A,Retail,1.0,0.581,0.4763,0.1047,0.2905,0.1858,0.249,0.3,False
ROW00021451,TXN0009100,2025-06-25,16:31:28,SKU1261,Store A,Retail,1.0,1.079,0.8844,0.1946,0.5644,0.32,0.0,0.0,False
ROW00021492,TXN0009117,2025-06-25,19:09:35,SKU1615,Store A,Retail,1.0,1.411,1.1565,0.2545,0.664,0.4925,0.0,0.0,False
ROW00021518,TXN0009129,2025-06-25,13:21:32,SKU0200,Store B,Retail,2.0,2.988,2.4492,0.5388,1.2782,1.171,0.0,0.0,False
ROW00021525,TXN0009134,2025-06-25,13:42:57,SKU0540,Store B,Retail,1.0,1.328,1.0885,0.2395,0.6059,0.4826,0.0,0.0,False
ROW00021561,TXN0009151,2025-06-25,15:07:15,SKU0261,Store B,Retail,1.0,2.241,1.8369,0.4041,1.0043,0.8326,0.0,0.0,False
ROW00021650,TXN0009181,2025-06-25,18:49:40,SKU1647,Store B,Retail,1.0,2.241,1.8369,0.4041,1.0624,0.7745,0.0,0.0,False
ROW00021659,TXN0009183,2025-06-25,19:02:17,SKU0189,Store B,Retail,1.0,0.249,0.2041,0.0449,0.0264,0.1777,0.0,0.0,False
ROW00021675,TXN0009186,2025-06-25,19:17:12,SKU0152,Store B,Retail,2.0,0.664,0.5442,0.1198,0.2462,0.2981,0.0,0.0,False
ROW00021713,TXN0009200,2025-06-25,11:05:58,SKU1091,Store C,Retail,7.0,0.581,0.4763,0.1047,0.337,0.1393,0.581,0.5,False
ROW00021760,TXN0009219,2025-06-25,13:23:21,SKU0583,Store C,Retail,3.0,0.498,0.4082,0.0898,0.0747,0.3335,0.0,0.0,False
ROW00021827,TXN0009258,2025-06-25,16:53:32,SKU0157,Store C,Retail,1.0,0.913,0.7483,0.1647,0.3569,0.3914,0.0,0.0,False
ROW00021836,TXN0009262,2025-06-25,17:39:33,SKU0476,Store C,Retail,1.0,1.162,0.9524,0.2096,0.5146,0.4378,0.0,0.0,False
ROW00021858,TXN0009271,2025-06-25,19:04:56,SKU1485,Store C,Retail,10.0,2.49,2.041,0.449,1.2782,0.7628,0.0,0.0,False
ROW00021861,TXN0009273,2025-06-25,19:06:58,SKU0189,Store C,Retail,5.0,1.245,1.0205,0.2245,0.132,0.8885,0.0,0.0,False
ROW00021879,TXN0009282,2025-06-25,10:05:38,SKU0731,Warehouse,Wholesale,8.0,28.5148,23.3728,5.142,17.6624,5.7104,4.6852,0.1411,False
ROW00021932,TXN0009300,2025-06-26,16:34:34,SKU0063,Store A,Retail,1.0,1.494,1.2246,0.2694,0.6536,0.571,0.166,0.1,False
ROW00021942,TXN0009305,2025-06-26,16:58:19,SKU1327,Store A,Retail,1.0,1.411,1.1565,0.2545,0.6225,0.534,0.0,0.0,False
ROW00021956,TXN0009312,2025-06-26,17:57:31,SKU1787,Store A,Retail,1.0,2.656,2.1771,0.4789,1.4027,0.7744,0.0,0.0,False
ROW00022001,TXN0009327,2025-06-26,12:46:54,SKU1677,Store B,Retail,1.0,0.581,0.4763,0.1047,0.2905,0.1858,0.249,0.3,False
ROW00022040,TXN0009346,2025-06-26,17:48:16,SKU0529,Store B,Retail,1.0,0.996,0.8164,0.1796,0.3735,0.4429,0.0,0.0,False
ROW00022077,TXN0009357,2025-06-26,18:49:43,SKU1629,Store B,Retail,1.0,0.083,0.083,0.0,0.083,0.0,0.0,0.0,False
ROW00022096,TXN0009362,2025-06-26,10:12:05,SKU0152,Store C,Retail,2.0,0.664,0.5442,0.1198,0.2462,0.2981,0.0,0.0,False
ROW00022180,TXN0009392,2025-06-26,11:38:38,SKU1614,Store C,Retail,1.0,1.411,1.1565,0.2545,0.664,0.4925,0.0,0.0,False
ROW00022200,TXN0009405,2025-06-26,12:55:22,SKU1323,Store C,Retail,1.0,1.411,1.1565,0.2545,0.6225,0.534,0.0,0.0,False
ROW00022218,TXN0009413,2025-06-26,13:31:03,SKU0157,Store C,Retail,1.0,0.913,0.7483,0.1647,0.3569,0.3914,0.0,0.0,False
ROW00022222,TXN0009413,2025-06-26,13:31:03,SKU0639,Store C,Retail,1.0,1.992,1.6328,0.3592,0.5976,1.0352,0.0,0.0,False
ROW00022258,TXN0009431,2025-06-26,15:52:25,SKU0063,Store C,Retail,1.0,1.66,1.3606,0.2994,0.6536,0.707,0.0,0.0,False
ROW00022303,TXN0009456,2025-06-26,16:40:21,SKU1629,Store C,Retail,1.0,0.083,0.083,0.0,0.083,0.0,0.0,0.0,False
ROW00022310,TXN0009462,2025-06-26,17:07:31,SKU1416,Store C,Retail,1.0,1.079,0.8844,0.1946,0.4777,0.4068,0.0,0.0,False
ROW00022349,TXN0009481,2025-06-27,13:21:49,SKU0707,Store A,Retail,1.0,0.332,0.2722,0.0598,0.1743,0.0979,0.083,0.2,False
ROW00022370,TXN0009494,2025-06-27,16:02:53,SKU0023,Store A,Retail,1.0,0.332,0.2722,0.0598,0.3555,-0.0833,0.664,0.6667,False
ROW00022444,TXN0009527,2025-06-27,14:32:00,SKU1593,Store B,Retail,1.0,1.162,0.9524,0.2096,0.5727,0.3797,0.0,0.0,False
ROW00022497,TXN0009546,2025-06-27,16:59:40,SKU1369,Store B,Retail,1.0,0.415,0.3401,0.0749,0.5644,-0.2243,0.83,0.6667,False
ROW00022516,TXN0009551,2025-06-27,18:29:29,SKU1077,Store B,Retail,1.0,1.66,1.3606,0.2994,0.4756,0.885,0.0,0.0,False
ROW00022522,TXN0009555,2025-06-27,18:50:24,SKU0917,Store B,Retail,1.0,0.996,0.8164,0.1796,0.3832,0.4332,0.0,0.0,False
ROW00022579,TXN0009585,2025-06-27,12:35:48,SKU1158,Store C,Retail,1.0,2.656,2.1771,0.4789,1.3486,0.8285,0.0,0.0,False
ROW00022603,TXN0009593,2025-06-27,13:45:44,SKU0087,Store C,Retail,1.0,0.913,0.7483,0.1647,0.3735,0.3748,0.0,0.0,False
ROW00022667,TXN0009611,2025-06-27,15:52:59,SKU1424,Store C,Retail,2.0,0.498,0.4082,0.0898,0.1486,0.2596,0.0,0.0,False
ROW00022691,TXN0009620,2025-06-27,16:19:19,SKU1790,Store C,Retail,1.0,2.656,2.1771,0.4789,1.4027,0.7744,0.0,0.0,False
ROW00022700,TXN0009627,2025-06-27,17:16:34,SKU0095,Store C,Retail,1.0,0.913,0.7483,0.1647,0.3735,0.3748,0.0,0.0,False
ROW00022721,TXN0009638,2025-06-27,18:25:51,SKU0344,Store C,Retail,1.0,0.498,0.4082,0.0898,0.2739,0.1343,0.498,0.5,False
ROW00022740,TXN0009650,2025-06-27,19:34:00,SKU1678,Store C,Retail,1.0,0.415,0.3401,0.0749,0.2863,0.0538,0.415,0.5,False
ROW00022807,TXN0009676,2025-06-28,16:03:23,SKU0655,Store A,Retail,1.0,1.66,1.3606,0.2994,0.4325,0.9281,0.0,0.0,False
ROW00022809,TXN0009676,2025-06-28,16:03:23,SKU1677,Store A,Retail,1.0,0.581,0.4763,0.1047,0.2905,0.1858,0.249,0.3,False
ROW00022816,TXN0009678,2025-06-28,16:25:14,SKU1544,Store A,Retail,1.0,1.66,1.3606,0.2994,0.5478,0.8128,0.0,0.0,False
ROW00022899,TXN0009711,2025-06-28,16:09:33,SKU0707,Store B,Retail,1.0,0.415,0.3401,0.0749,0.1743,0.1658,0.0,0.0,False
ROW00022919,TXN0009725,2025-06-28,18:12:22,SKU0841,Store B,Retail,1.0,0.2905,0.2381,0.0524,0.2241,0.014,0.0,0.0,False
ROW00022937,TXN0009735,2025-06-28,19:57:46,SKU0452,Store B,Retail,1.0,1.245,1.0205,0.2245,0.6059,0.4146,0.0,0.0,False
ROW00022960,TXN0009743,2025-06-28,11:33:19,SKU1081,Store C,Retail,1.0,1.245,1.0205,0.2245,0.3818,0.6387,0.0,0.0,False
ROW00023000,TXN0009753,2025-06-28,12:35:07,SKU1063,Store C,Retail,1.0,0.249,0.2041,0.0449,0.0664,0.1377,0.0,0.0,False
ROW00023006,TXN0009758,2025-06-28,13:02:20,SKU1790,Store C,Retail,1.0,2.656,2.1771,0.4789,1.4027,0.7744,0.0,0.0,False
ROW00023009,TXN0009760,2025-06-28,13:18:26,SKU1416,Store C,Retail,1.0,1.079,0.8844,0.1946,0.4777,0.4068,0.0,0.0,False
ROW00023020,TXN0009764,2025-06-28,13:48:08,SKU1686,Store C,Retail,2.0,2.49,2.041,0.449,1.1288,0.9122,0.0,0.0,False
ROW00023053,TXN0009779,2025-06-28,14:59:45,SKU1686,Store C,Retail,1.0,1.245,1.0205,0.2245,0.5644,0.4561,0.0,0.0,False
ROW00023167,TXN0009831,2025-06-29,14:34:19,SKU0026,Store A,Retail,1.0,0.913,0.7483,0.1647,0.1716,0.5768,0.0,0.0,False
ROW00023195,TXN0009847,2025-06-29,17:30:13,SKU1629,Store A,Retail,2.0,0.166,0.166,0.0,0.166,0.0,0.0,0.0,False
ROW00023208,TXN0009853,2025-06-29,18:07:29,SKU0950,Store A,Retail,2.0,0.996,0.8164,0.1796,0.3486,0.4678,0.0,0.0,False
ROW00023260,TXN0009873,2025-06-29,15:02:42,SKU0248,Store B,Retail,1.0,1.411,1.1565,0.2545,0.7719,0.3846,0.0,0.0,False
ROW00023265,TXN0009876,2025-06-29,15:14:20,SKU1294,Store B,Retail,1.0,0.249,0.2041,0.0449,0.0747,0.1294,0.0,0.0,False
ROW00023295,TXN0009888,2025-06-29,17:02:34,SKU0529,Store B,Retail,1.0,0.996,0.8164,0.1796,0.3735,0.4429,0.0,0.0,False
ROW00023302,TXN0009892,2025-06-29,17:16:10,SKU1684,Store B,Retail,1.0,0.747,0.6123,0.1347,0.3444,0.2678,0.0,0.0,False
ROW00023340,TXN0009910,2025-06-29,10:32:38,SKU1592,Store C,Retail,1.0,1.162,0.9524,0.2096,0.5727,0.3797,0.0,0.0,False
ROW00023379,TXN0009927,2025-06-29,12:47:23,SKU0209,Store C,Retail,2.0,2.49,2.041,0.449,1.1454,0.8956,0.0,0.0,False
ROW00023387,TXN0009928,2025-06-29,12:52:28,SKU1688,Store C,Retail,1.0,0.747,0.6123,0.1347,0.3071,0.3052,0.0,0.0,False
ROW00023416,TXN0009938,2025-06-29,14:35:53,SKU1079,Store C,Retail,1.0,1.577,1.2926,0.2844,0.3776,0.915,0.0,0.0,False
ROW00023457,TXN0009949,2025-06-29,15:29:30,SKU1649,Store C,Retail,1.0,1.992,1.6328,0.3592,0.9296,0.7032,0.0,0.0,False
ROW00023459,TXN0009950,2025-06-29,15:34:25,SKU1323,Store C,Retail,1.0,1.411,1.1565,0.2545,0.6225,0.534,0.0,0.0,False
ROW00023558,TXN0009989,2025-06-30,13:48:04,SKU1593,Store A,Retail,1.0,1.162,0.9524,0.2096,0.5727,0.3797,0.0,0.0,False
ROW00023568,TXN0009992,2025-06-30,14:19:38,SKU0745,Store A,Retail,1.0,2.075,1.7008,0.3742,0.9462,0.7546,0.0,0.0,False
ROW00023570,TXN0009993,2025-06-30,15:03:54,SKU0027,Store A,Retail,1.0,0.996,0.8164,0.1796,0.3098,0.5065,0.0,0.0,False
ROW00023627,TXN0010014,2025-06-30,17:59:12,SKU0630,Store A,Retail,1.0,0.83,0.6804,0.1496,0.3604,0.32,0.0,0.0,False
ROW00023681,TXN0010040,2025-06-30,13:57:31,SKU1610,Store B,Retail,1.0,1.411,1.1565,0.2545,0.664,0.4925,0.0,0.0,False
ROW00023722,TXN0010062,2025-06-30,18:20:45,SKU1067,Store B,Retail,1.0,1.245,1.0205,0.2245,0.4872,0.5333,0.0,0.0,False
ROW00023735,TXN0010071,2025-06-30,19:36:35,SKU1082,Store B,Retail,1.0,1.245,1.0205,0.2245,0.3735,0.647,0.0,0.0,False
ROW00023740,TXN0010073,2025-06-30,10:00:42,SKU1367,Store C,Retail,1.0,0.415,0.3401,0.0749,0.5644,-0.2243,0.83,0.6667,False
ROW00023759,TXN0010082,2025-06-30,11:32:17,SKU0536,Store C,Retail,1.0,2.49,2.041,0.449,1.2056,0.8354,0.0,0.0,False
ROW00023786,TXN0010099,2025-06-30,12:37:44,SKU0473,Store C,Retail,1.0,0.664,0.5442,0.1198,0.664,-0.1198,0.83,0.5556,False
ROW00023808,TXN0010105,2025-06-30,13:01:59,SKU1416,Store C,Retail,4.0,4.316,3.5377,0.7783,1.9107,1.627,0.0,0.0,False
ROW00023870,TXN0010133,2025-06-30,14:58:35,SKU1416,Store C,Retail,1.0,1.079,0.8844,0.1946,0.4777,0.4068,0.0,0.0,False
ROW00023880,TXN0010137,2025-06-30,15:02:07,SKU0509,Store C,Retail,1.0,1.992,1.6328,0.3592,0.6432,0.9895,0.0,0.0,False
ROW00023963,TXN0010179,2025-06-30,19:07:26,SKU1404,Store C,Retail,2.0,1.992,1.6328,0.3592,0.7452,0.8876,0.0,0.0,False
ROW00023980,TXN0010182,2025-06-30,19:29:38,SKU1647,Store C,Retail,1.0,2.241,1.8369,0.4041,1.0624,0.7745,0.0,0.0,False
ROW00024020,TXN0010204,2025-07-01,15:14:08,SKU0053,Store A,Retail,1.0,1.494,1.2048,0.2892,0.8051,0.3997,0.166,0.1,False
ROW00024042,TXN0010211,2025-07-01,16:22:45,SKU1367,Store A,Retail,1.0,0.415,0.3347,0.0803,0.5644,-0.2297,0.83,0.6667,False
ROW00024082,TXN0010229,2025-07-01,20:30:07,SKU1643,Store A,Retail,1.0,0.996,0.8032,0.1928,0.6391,0.1641,0.249,0.2,False
ROW00024118,TXN0010243,2025-07-01,14:10:58,SKU0001,Store B,Retail,1.0,0.166,0.1339,0.0321,0.0433,0.0906,0.0,0.0,False
ROW00024150,TXN0010258,2025-07-01,16:29:29,SKU1686,Store B,Retail,1.0,1.245,1.0041,0.2409,0.5644,0.4397,0.0,0.0,False
ROW00024159,TXN0010265,2025-07-01,17:11:47,SKU1611,Store B,Retail,1.0,1.411,1.1379,0.2731,0.664,0.4739,0.0,0.0,False
ROW00024185,TXN0010277,2025-07-01,19:05:43,SKU1326,Store B,Retail,1.0,1.411,1.1379,0.2731,0.6225,0.5154,0.0,0.0,False
ROW00024312,TXN0010339,2025-07-01,14:55:54,SKU0532,Store C,Retail,1.0,2.905,2.3428,0.5622,0.9794,1.3634,0.0,0.0,False
ROW00024319,TXN0010343,2025-07-01,15:11:30,SKU0023,Store C,Retail,1.0,0.332,0.2678,0.0642,0.3555,-0.0877,0.664,0.6667,False
ROW00024323,TXN0010345,2025-07-01,15:14:33,SKU1607,Store C,Retail,1.0,1.411,1.1379,0.2731,0.664,0.4739,0.0,0.0,False
ROW00024363,TXN0010369,2025-07-01,16:28:18,SKU0087,Store C,Retail,2.0,1.826,1.4726,0.3534,0.747,0.7256,0.0,0.0,False
ROW00024374,TXN0010379,2025-07-01,17:08:39,SKU0001,Store C,Retail,1.0,0.166,0.1339,0.0321,0.0433,0.0906,0.0,0.0,False
ROW00024380,TXN0010381,2025-07-01,17:18:06,SKU1790,Store C,Retail,1.0,2.656,2.1419,0.5141,1.4027,0.7392,0.0,0.0,False
ROW00024400,TXN0010394,2025-07-01,18:50:12,SKU0428,Store C,Retail,1.0,1.245,1.0041,0.2409,0.5478,0.4563,0.0,0.0,False
ROW00024422,TXN0010408,2025-07-01,08:53:54,SKU0653,Warehouse,Wholesale,12.0,8.2748,6.6732,1.6016,4.8804,1.7928,13.6372,0.6224,False
ROW00024443,TXN0010412,2025-07-02,11:32:59,SKU1767,Store A,Retail,1.0,2.158,1.7403,0.4177,0.9406,0.7997,0.0,0.0,False
ROW00024469,TXN0010429,2025-07-02,15:52:18,SKU0455,Store A,Retail,1.0,0.4482,0.3615,0.0867,0.2158,0.1457,0.0498,0.1,False
ROW00024524,TXN0010455,2025-07-02,15:29:23,SKU1593,Store B,Retail,1.0,1.162,0.9371,0.2249,0.5727,0.3644,0.0,0.0,False
ROW00024547,TXN0010465,2025-07-02,17:29:42,SKU1609,Store B,Retail,1.0,1.411,1.1379,0.2731,0.664,0.4739,0.0,0.0,False
ROW00024697,TXN0010525,2025-07-02,13:13:47,SKU1066,Store C,Retail,1.0,1.245,1.0041,0.2409,0.5071,0.4969,0.0,0.0,False
ROW00024729,TXN0010539,2025-07-02,13:46:08,SKU0810,Store C,Retail,1.0,0.249,0.2008,0.0482,0.0498,0.151,0.0,0.0,False
ROW00024749,TXN0010548,2025-07-02,14:16:53,SKU1384,Store C,Retail,1.0,0.913,0.7363,0.1767,0.4648,0.2715,0.0,0.0,False
ROW00024761,TXN0010556,2025-07-02,14:34:21,SKU0007,Store C,Retail,1.0,0.581,0.4685,0.1125,0.2094,0.2591,0.0,0.0,False
ROW00024790,TXN0010572,2025-07-02,15:10:30,SKU1678,Store C,Retail,1.0,0.415,0.3347,0.0803,0.2863,0.0483,0.415,0.5,False
ROW00024815,TXN0010584,2025-07-02,15:35:37,SKU0023,Store C,Retail,1.0,0.332,0.2678,0.0642,0.3555,-0.0877,0.664,0.6667,False
ROW00024844,TXN0010601,2025-07-02,16:47:00,SKU1014,Store C,Retail,1.0,1.494,1.2048,0.2892,0.415,0.7898,0.0,0.0,False
ROW00024854,TXN0010604,2025-07-02,16:54:05,SKU1510,Store C,Retail,1.0,0.747,0.6024,0.1446,0.3818,0.2206,0.0,0.0,False
ROW00024856,TXN0010605,2025-07-02,16:54:54,SKU1418,Store C,Retail,1.0,0.664,0.5355,0.1285,0.2324,0.3031,0.0,0.0,False
ROW00024870,TXN0010613,2025-07-02,17:44:50,SKU1398,Store C,Retail,1.0,0.249,0.2008,0.0482,0.0743,0.1265,0.0,0.0,False
ROW00024912,TXN0010632,2025-07-02,19:36:51,SKU1629,Store C,Retail,1.0,0.083,0.083,0.0,0.083,0.0,0.0,0.0,False
ROW00024965,TXN0010657,2025-07-03,16:25:18,SKU1091,Store A,Retail,-1.0,-0.083,-0.0669,-0.0161,-0.0481,-0.0188,-0.083,0.5,True
ROW00024968,TXN0010659,2025-07-03,16:58:59,SKU1615,Store A,Retail,1.0,1.2699,1.0241,0.2458,0.664,0.3601,0.1411,0.1,False
ROW00024981,TXN0010667,2025-07-03,19:04:31,SKU0169,Store A,Retail,1.0,0.332,0.2678,0.0642,0.1162,0.1516,0.0,0.0,False
ROW00025038,TXN0010693,2025-07-03,16:01:18,SKU1404,Store B,Retail,1.0,0.8964,0.7229,0.1735,0.3726,0.3503,0.0996,0.1,False
ROW00025043,TXN0010694,2025-07-03,16:12:05,SKU1368,Store B,Retail,1.0,0.415,0.3347,0.0803,0.6059,-0.2712,0.83,0.6667,False
ROW00025141,TXN0010744,2025-07-03,11:39:51,SKU0209,Store C,Retail,1.0,1.245,1.0041,0.2409,0.5727,0.4314,0.0,0.0,False
ROW00025174,TXN0010759,2025-07-03,12:58:22,SKU1616,Store C,Retail,1.0,1.411,1.1379,0.2731,0.664,0.4739,0.0,0.0,False
ROW00025178,TXN0010761,2025-07-03,13:29:10,SKU0545,Store C,Retail,1.0,1.494,1.2048,0.2892,0.6889,0.5159,0.0,0.0,False
ROW00025190,TXN0010767,2025-07-03,14:14:48,SKU1460,Store C,Retail,1.0,1.079,0.8702,0.2088,0.5644,0.3058,0.0,0.0,False
ROW00025198,TXN0010771,2025-07-03,14:23:58,SKU0540,Store C,Retail,1.0,1.328,1.0709,0.2571,0.6059,0.465,0.0,0.0,False
ROW00025208,TXN0010776,2025-07-03,14:30:27,SKU0509,Store C,Retail,1.0,1.992,1.6065,0.3855,0.6432,0.9632,0.0,0.0,False
ROW00025241,TXN0010789,2025-07-03,15:34:07,SKU1679,Store C,Retail,1.0,1.245,1.0041,0.2409,0.6723,0.3318,0.0,0.0,False
ROW00025327,TXN0010831,2025-07-03,17:56:02,SKU0841,Store C,Retail,1.0,0.2905,0.2343,0.0562,0.2241,0.0102,0.0,0.0,False
ROW00025354,TXN0010845,2025-07-03,19:52:59,SKU0494,Store C,Retail,1.0,2.656,2.1419,0.5141,0.9877,1.1542,0.0,0.0,False
ROW00025380,TXN0010857,2025-07-04,13:41:48,SKU0540,Store A,Retail,1.0,1.328,1.0709,0.2571,0.6059,0.465,0.0,0.0,False
ROW00025404,TXN0010864,2025-07-04,14:55:26,SKU1366,Store A,Retail,1.0,0.415,0.3347,0.0803,0.5644,-0.2297,0.83,0.6667,False
ROW00025425,TXN0010870,2025-07-04,16:11:26,SKU1228,Store A,Retail,1.0,1.162,0.9371,0.2249,0.5976,0.3395,0.166,0.125,False
ROW00025427,TXN0010872,2025-07-04,17:02:22,SKU0703,Store A,Retail,1.0,0.7968,0.6426,0.1542,0.3403,0.3023,0.1992,0.2,False
ROW00025489,TXN0010903,2025-07-04,20:45:25,SKU0013,Store A,Retail,3.0,0.747,0.6024,0.1446,0.1494,0.453,0.0,0.0,False
ROW00025548,TXN0010929,2025-07-04,15:34:08,SKU0145,Store B,Retail,2.0,0.5976,0.4819,0.1157,0.2462,0.2357,0.0664,0.1,False
ROW00025561,TXN0010930,2025-07-04,15:37:11,SKU0646,Store B,Retail,1.0,2.49,2.0081,0.4819,1.245,0.7631,0.0,0.0,False
ROW00025578,TXN0010937,2025-07-04,16:15:16,SKU0247,Store B,Retail,1.0,1.2699,1.0241,0.2458,0.7719,0.2522,0.1411,0.1,False
ROW00025580,TXN0010937,2025-07-04,16:15:16,SKU0582,Store B,Retail,1.0,0.3735,0.3012,0.0723,0.0913,0.2099,0.0415,0.1,False
ROW00025595,TXN0010944,2025-07-04,16:35:44,SKU1077,Store B,Retail,1.0,1.66,1.3387,0.3213,0.4756,0.8631,0.0,0.0,False
ROW00025666,TXN0010980,2025-07-04,11:30:28,SKU0441,Store C,Retail,4.0,0.332,0.2678,0.0642,0.0973,0.1705,0.664,0.6667,False
ROW00025695,TXN0010995,2025-07-04,13:16:05,SKU1502,Store C,Retail,4.0,2.988,2.4097,0.5783,0.9213,1.4884,0.332,0.1,False
ROW00025733,TXN0011014,2025-07-04,16:02:27,SKU1326,Store C,Retail,1.0,1.411,1.1379,0.2731,0.6225,0.5154,0.0,0.0,False
ROW00025799,TXN0011045,2025-07-04,19:50:09,SKU0496,Store C,Retail,1.0,2.49,2.0081,0.4819,1.245,0.7631,0.0,0.0,False
ROW00025812,TXN0011052,2025-07-05,11:30:42,SKU1637,Store A,Retail,1.0,6.225,5.0202,1.2048,2.9631,2.0571,0.0,0.0,False
ROW00025814,TXN0011054,2025-07-05,11:53:26,SKU1766,Store A,Retail,1.0,2.158,1.7403,0.4177,0.9406,0.7997,0.0,0.0,False
ROW00025833,TXN0011060,2025-07-05,13:13:36,SKU0532,Store A,Retail,1.0,2.905,2.3428,0.5622,0.9794,1.3634,0.0,0.0,False
ROW00025875,TXN0011073,2025-07-05,15:33:33,SKU1677,Store A,Retail,1.0,0.581,0.4685,0.1125,0.2905,0.178,0.249,0.3,False
ROW00025942,TXN0011100,2025-07-05,18:08:21,SKU0317,Store A,Retail,1.0,1.411,1.1379,0.2731,0.7177,0.4202,0.0,0.0,False
ROW00025979,TXN0011115,2025-07-05,19:07:32,SKU0339,Store A,Retail,1.0,2.49,2.0081,0.4819,1.2201,0.788,0.0,0.0,False
ROW00026004,TXN0011125,2025-07-05,10:15:34,SKU0641,Store B,Retail,1.0,2.656,2.1419,0.5141,1.2284,0.9135,0.0,0.0,False
ROW00026027,TXN0011134,2025-07-05,13:09:38,SKU1629,Store B,Retail,2.0,0.166,0.166,0.0,0.166,0.0,0.0,0.0,False
ROW00026073,TXN0011147,2025-07-05,17:24:24,SKU1629,Store B,Retail,1.0,0.083,0.083,0.0,0.083,0.0,0.0,0.0,False
ROW00026121,TXN0011165,2025-07-05,19:01:15,SKU1366,Store B,Retail,1.0,0.415,0.3347,0.0803,0.5644,-0.2297,0.83,0.6667,False
ROW00026126,TXN0011167,2025-07-05,19:36:35,SKU1545,Store B,Retail,1.0,1.245,1.0041,0.2409,0.5561,0.448,0.0,0.0,False
ROW00026155,TXN0011176,2025-07-05,11:02:36,SKU0588,Store C,Retail,1.0,2.49,2.0081,0.4819,1.245,0.7631,0.0,0.0,False
ROW00026171,TXN0011182,2025-07-05,11:47:57,SKU0635,Store C,Retail,1.0,1.992,1.6065,0.3855,0.7138,0.8927,0.0,0.0,False
ROW00026189,TXN0011191,2025-07-05,12:57:20,SKU0587,Store C,Retail,3.0,7.47,6.0242,1.4458,3.735,2.2892,0.0,0.0,False
ROW00026206,TXN0011198,2025-07-05,13:45:52,SKU1228,Store C,Retail,1.0,1.162,0.9371,0.2249,0.5976,0.3395,0.166,0.125,False
ROW00026229,TXN0011209,2025-07-05,14:24:42,SKU1686,Store C,Retail,1.0,1.411,1.1379,0.2731,0.5644,0.5735,0.0,0.0,False
ROW00026254,TXN0011218,2025-07-05,15:00:17,SKU0841,Store C,Retail,1.0,0.2905,0.2343,0.0562,0.2241,0.0102,0.0,0.0,False
ROW00026264,TXN0011225,2025-07-05,15:35:45,SKU0655,Store C,Retail,1.0,1.66,1.3387,0.3213,0.4325,0.9062,0.0,0.0,False
ROW00026360,TXN0011266,2025-07-06,11:57:46,SKU1688,Store A,Retail,1.0,0.5976,0.4819,0.1157,0.3071,0.1748,0.1494,0.2,False
ROW00026403,TXN0011277,2025-07-06,16:17:58,SKU1633,Store A,Retail,1.0,4.897,3.9492,0.9478,2.3738,1.5754,0.0,0.0,False
ROW00026433,TXN0011292,2025-07-06,11:19:20,SKU1259,Store B,Retail,1.0,2.324,1.8742,0.4498,1.3529,0.5213,0.581,0.2,False
ROW00026486,TXN0011323,2025-07-06,17:28:51,SKU0248,Store B,Retail,2.0,2.822,2.2758,0.5462,1.5438,0.732,0.0,0.0,False
ROW00026497,TXN0011328,2025-07-06,18:25:30,SKU0174,Store B,Retail,1.0,1.577,1.2718,0.3052,0.4067,0.8651,0.0,0.0,False
ROW00026537,TXN0011346,2025-07-06,11:37:38,SKU0755,Store C,Retail,2.0,0.498,0.4016,0.0964,0.1677,0.2339,0.0,0.0,False
ROW00026553,TXN0011355,2025-07-06,12:21:36,SKU1629,Store C,Retail,1.0,0.083,0.083,0.0,0.083,0.0,0.0,0.0,False
ROW00026570,TXN0011363,2025-07-06,12:59:55,SKU1629,Store C,Retail,1.0,0.083,0.083,0.0,0.083,0.0,0.0,0.0,False
ROW00026586,TXN0011372,2025-07-06,13:47:11,SKU1401,Store C,Retail,1.0,2.656,2.1419,0.5141,1.245,0.8969,0.0,0.0,False
ROW00026587,TXN0011373,2025-07-06,13:49:01,SKU0655,Store C,Retail,1.0,1.66,1.3387,0.3213,0.4325,0.9062,0.0,0.0,False
ROW00026625,TXN0011392,2025-07-06,15:01:04,SKU1629,Store C,Retail,1.0,0.083,0.083,0.0,0.083,0.0,0.0,0.0,False
ROW00026637,TXN0011399,2025-07-06,15:24:27,SKU0008,Store C,Retail,1.0,0.581,0.4685,0.1125,0.2094,0.2591,0.0,0.0,False
ROW00026665,TXN0011412,2025-07-06,15:33:57,SKU1294,Store C,Retail,1.0,0.249,0.2008,0.0482,0.0747,0.1261,0.0,0.0,False
ROW00026723,TXN0011439,2025-07-06,15:59:09,SKU1629,Store C,Retail,1.0,0.083,0.083,0.0,0.083,0.0,0.0,0.0,False
ROW00026865,TXN0011511,2025-07-07,17:15:20,SKU1787,Store A,Retail,4.0,10.956,8.8355,2.1205,5.6108,3.2247,0.0,0.0,False
ROW00026886,TXN0011515,2025-07-07,17:40:34,SKU1062,Store A,Retail,3.0,0.498,0.4016,0.0964,0.1536,0.248,0.249,0.3333,False
ROW00026902,TXN0011522,2025-07-07,18:52:46,SKU1384,Store A,Retail,2.0,1.826,1.4726,0.3534,0.8964,0.5762,0.0,0.0,False
ROW00026904,TXN0011522,2025-07-07,18:52:46,SKU1606,Store A,Retail,1.0,1.411,1.1379,0.2731,0.664,0.4739,0.0,0.0,False
ROW00026922,TXN0011529,2025-07-07,19:40:59,SKU1077,Store A,Retail,1.0,1.66,1.3387,0.3213,0.4756,0.8631,0.0,0.0,False
ROW00026990,TXN0011557,2025-07-07,15:09:34,SKU1502,Store B,Retail,1.0,0.83,0.6694,0.1606,0.2303,0.4391,0.0,0.0,False
ROW00027011,TXN0011567,2025-07-07,17:52:34,SKU1366,Store B,Retail,1.0,0.415,0.3347,0.0803,0.5644,-0.2297,0.83,0.6667,False
ROW00027046,TXN0011579,2025-07-07,19:20:29,SKU1322,Store B,Retail,3.0,4.233,3.4137,0.8193,1.8675,1.5462,0.0,0.0,False
ROW00027062,TXN0011587,2025-07-07,19:36:17,SKU0010,Store B,Retail,1.0,0.166,0.1339,0.0321,0.015,0.1189,0.0,0.0,False
ROW00027078,TXN0011593,2025-07-07,11:23:45,SKU1680,Store C,Retail,1.0,1.328,1.0709,0.2571,0.5976,0.4733,0.332,0.2,False
ROW00027088,TXN0011596,2025-07-07,11:39:53,SKU1384,Store C,Retail,2.0,1.826,1.4726,0.3534,0.9296,0.543,0.0,0.0,False
ROW00027141,TXN0011619,2025-07-07,13:56:54,SKU1077,Store C,Retail,2.0,3.32,2.6774,0.6426,0.9512,1.7262,0.0,0.0,False
ROW00027208,TXN0011655,2025-07-07,16:29:18,SKU1062,Store C,Retail,3.0,0.498,0.4016,0.0964,0.1536,0.248,0.249,0.3333,False
ROW00027219,TXN0011662,2025-07-07,16:51:08,SKU0140,Store C,Retail,1.0,1.66,1.3387,0.3213,0.913,0.4257,0.0,0.0,False
ROW00027221,TXN0011664,2025-07-07,16:55:14,SKU1618,Store C,Retail,2.0,2.822,2.2758,0.5462,1.328,0.9478,0.0,0.0,False
ROW00027252,TXN0011681,2025-07-07,17:40:45,SKU1787,Store C,Retail,1.0,2.739,2.2089,0.5301,1.4027,0.8062,0.0,0.0,False
ROW00027304,TXN0011701,2025-07-08,11:28:11,SKU1485,Store A,Retail,1.0,0.249,0.2008,0.0482,0.1278,0.073,0.0,0.0,False
ROW00027337,TXN0011716,2025-07-08,13:25:10,SKU1512,Store A,Retail,2.0,1.494,1.2048,0.2892,0.7636,0.4412,0.0,0.0,False
ROW00027338,TXN0011717,2025-07-08,13:28:22,SKU0546,Store A,Retail,1.0,8.217,6.6266,1.5904,4.565,2.0616,0.0,0.0,False
ROW00027351,TXN0011720,2025-07-08,14:40:04,SKU1249,Store A,Retail,1.0,0.747,0.6024,0.1446,0.3403,0.2621,0.0,0.0,False
ROW00027444,TXN0011754,2025-07-08,20:29:21,SKU0441,Store A,Retail,3.0,0.249,0.2008,0.0482,0.073,0.1278,0.498,0.6667,False
ROW00027453,TXN0011759,2025-07-08,12:38:02,SKU1322,Store A,Retail,1.0,1.411,1.1379,0.2731,0.6225,0.5154,0.0,0.0,False
ROW00027476,TXN0011771,2025-07-08,12:38:36,SKU0200,Store B,Retail,1.0,1.494,1.2048,0.2892,0.6391,0.5657,0.0,0.0,False
ROW00027497,TXN0011782,2025-07-08,14:42:56,SKU1720,Store B,Retail,1.0,0.332,0.2678,0.0642,0.1106,0.1571,0.0,0.0,False
ROW00027501,TXN0011784,2025-07-08,14:45:51,SKU1460,Store B,Retail,1.0,1.079,0.8702,0.2088,0.5644,0.3058,0.0,0.0,False
ROW00027518,TXN0011792,2025-07-08,15:52:43,SKU1619,Store B,Retail,1.0,1.411,1.1379,0.2731,0.664,0.4739,0.0,0.0,False
ROW00027598,TXN0011829,2025-07-08,19:19:30,SKU1270,Store B,Retail,1.0,1.494,1.2048,0.2892,0.6142,0.5906,0.0,0.0,False
ROW00027618,TXN0011838,2025-07-08,10:27:53,SKU0413,Store C,Retail,1.0,1.494,1.2048,0.2892,0.6308,0.574,0.0,0.0,False
ROW00027658,TXN0011858,2025-07-08,13:29:56,SKU0098,Store C,Retail,2.0,0.332,0.2678,0.0642,0.1486,0.1192,0.166,0.3333,False
ROW00027692,TXN0011875,2025-07-08,14:53:45,SKU1271,Store C,Retail,1.0,1.66,1.3387,0.3213,0.9047,0.434,0.0,0.0,False
ROW00027722,TXN0011890,2025-07-08,15:42:29,SKU0315,Store C,Retail,1.0,2.49,2.0081,0.4819,1.2201,0.788,0.0,0.0,False
ROW00027733,TXN0011893,2025-07-08,15:46:36,SKU0678,Store C,Retail,2.0,3.652,2.9452,0.7068,0.8234,2.1218,0.0,0.0,False
ROW00027738,TXN0011896,2025-07-08,15:50:45,SKU0841,Store C,Retail,1.0,0.2905,0.2343,0.0562,0.2241,0.0102,0.0,0.0,False
ROW00027770,TXN0011910,2025-07-08,16:47:14,SKU1744,Store C,Retail,1.0,0.083,0.083,0.0,0.083,0.0,0.0,0.0,False
ROW00027794,TXN0011917,2025-07-08,17:14:19,SKU1678,Store C,Retail,1.0,0.415,0.3347,0.0803,0.2863,0.0483,0.415,0.5,False
ROW00027871,TXN0011945,2025-07-08,15:34:40,SKU0639,Warehouse,Wholesale,12.0,11.7329,9.462,2.2709,7.1712,2.2908,12.1711,0.5092,False
ROW00027939,TXN0011967,2025-07-09,14:04:59,SKU1502,Store A,Retail,1.0,0.83,0.6694,0.1606,0.2303,0.4391,0.0,0.0,False
ROW00027952,TXN0011972,2025-07-09,14:32:19,SKU1067,Store A,Retail,1.0,1.245,1.0041,0.2409,0.4872,0.5168,0.0,0.0,False
ROW00027953,TXN0011972,2025-07-09,14:32:19,SKU1401,Store A,Retail,1.0,2.656,2.1419,0.5141,1.245,0.8969,0.0,0.0,False
ROW00027996,TXN0011988,2025-07-09,16:16:04,SKU1270,Store A,Retail,1.0,1.494,1.2048,0.2892,0.6142,0.5906,0.0,0.0,False
ROW00028035,TXN0012006,2025-07-09,11:30:00,SKU1274,Store B,Retail,1.0,1.66,1.3387,0.3213,0.8549,0.4838,0.0,0.0,False
ROW00028076,TXN0012030,2025-07-09,15:13:44,SKU0950,Store B,Retail,1.0,0.498,0.4016,0.0964,0.1743,0.2273,0.0,0.0,False
ROW00028084,TXN0012036,2025-07-09,16:09:10,SKU0428,Store B,Retail,1.0,1.245,1.0041,0.2409,0.5478,0.4563,0.0,0.0,False
ROW00028167,TXN0012064,2025-07-09,18:53:25,SKU1330,Store B,Retail,1.0,1.494,1.2048,0.2892,0.5478,0.657,0.0,0.0,False
ROW00028177,TXN0012068,2025-07-09,19:07:38,SKU1546,Store B,Retail,1.0,0.747,0.6024,0.1446,0.3818,0.2206,0.0,0.0,False
ROW00028186,TXN0012072,2025-07-09,19:20:45,SKU1677,Store B,Retail,1.0,0.581,0.4685,0.1125,0.2905,0.178,0.249,0.3,False
ROW00028218,TXN0012084,2025-07-09,11:25:07,SKU1629,Store C,Retail,2.0,0.166,0.166,0.0,0.166,0.0,0.0,0.0,False
ROW00028224,TXN0012087,2025-07-09,11:40:08,SKU0941,Store C,Retail,1.0,13.197,10.6428,2.5542,6.1495,4.4933,0.0,0.0,False
ROW00028246,TXN0012097,2025-07-09,13:01:54,SKU0061,Store C,Retail,1.0,0.747,0.6024,0.1446,0.3403,0.2621,0.0,0.0,False
ROW00028260,TXN0012101,2025-07-09,13:29:25,SKU1234,Store C,Retail,1.0,1.909,1.5395,0.3695,0.5146,1.0249,0.0,0.0,False
ROW00028264,TXN0012103,2025-07-09,13:38:04,SKU0564,Store C,Retail,1.0,1.245,1.0041,0.2409,0.4897,0.5144,0.0,0.0,False
ROW00028289,TXN0012108,2025-07-09,13:51:53,SKU1592,Store C,Retail,1.0,1.162,0.9371,0.2249,0.5727,0.3644,0.0,0.0,False
ROW00028303,TXN0012117,2025-07-09,14:09:33,SKU0545,Store C,Retail,1.0,1.494,1.2048,0.2892,0.6889,0.5159,0.0,0.0,False
ROW00028324,TXN0012123,2025-07-09,14:18:25,SKU1418,Store C,Retail,1.0,0.664,0.5355,0.1285,0.2324,0.3031,0.0,0.0,False
ROW00028405,TXN0012150,2025-07-09,15:43:58,SKU1502,Store C,Retail,2.0,1.66,1.3387,0.3213,0.4606,0.8781,0.0,0.0,False
ROW00028466,TXN0012181,2025-07-09,18:04:27,SKU1593,Store C,Retail,1.0,1.162,0.9371,0.2249,0.5727,0.3644,0.0,0.0,False
ROW00028538,TXN0012219,2025-07-10,15:13:28,SKU0145,Store A,Retail,1.0,0.332,0.2678,0.0642,0.1231,0.1447,0.0,0.0,False
ROW00028549,TXN0012223,2025-07-10,15:44:52,SKU0222,Store A,Retail,1.0,1.162,0.9371,0.2249,0.5063,0.4308,0.0,0.0,False
ROW00028580,TXN0012233,2025-07-10,17:43:07,SKU0039,Store A,Retail,1.0,1.494,1.2048,0.2892,0.5208,0.684,0.0,0.0,False
ROW00028585,TXN0012235,2025-07-10,17:58:11,SKU1512,Store A,Retail,1.0,0.747,0.6024,0.1446,0.3818,0.2206,0.0,0.0,False
ROW00028619,TXN0012247,2025-07-10,19:28:49,SKU0084,Store A,Retail,1.0,1.826,1.4726,0.3534,0.8798,0.5928,0.0,0.0,False
ROW00028718,TXN0012291,2025-07-10,14:48:05,SKU0950,Store B,Retail,1.0,0.498,0.4016,0.0964,0.1743,0.2273,0.0,0.0,False
ROW00028726,TXN0012296,2025-07-10,15:03:16,SKU1513,Store B,Retail,2.0,1.494,1.2048,0.2892,0.7636,0.4412,0.0,0.0,False
ROW00028752,TXN0012308,2025-07-10,16:59:51,SKU1009,Store B,Retail,1.0,1.494,1.2048,0.2892,0.4648,0.74,0.0,0.0,False
ROW00028768,TXN0012315,2025-07-10,17:14:13,SKU0428,Store B,Retail,1.0,1.245,1.0041,0.2409,0.5478,0.4563,0.0,0.0,False
ROW00028777,TXN0012318,2025-07-10,17:44:08,SKU0352,Store B,Retail,1.0,1.494,1.2048,0.2892,0.5976,0.6072,0.0,0.0,False
ROW00028825,TXN0012337,2025-07-10,19:55:01,SKU1767,Store B,Retail,2.0,4.316,3.4806,0.8354,1.8813,1.5993,0.0,0.0,False
ROW00028839,TXN0012347,2025-07-10,10:39:26,SKU0712,Store C,Retail,1.0,1.245,1.0041,0.2409,0.3071,0.697,0.0,0.0,False
ROW00028846,TXN0012352,2025-07-10,10:48:10,SKU0582,Store C,Retail,2.0,0.83,0.6694,0.1606,0.1826,0.4868,0.0,0.0,False
ROW00028867,TXN0012365,2025-07-10,11:25:33,SKU0315,Store C,Retail,1.0,2.49,2.0081,0.4819,1.2201,0.788,0.0,0.0,False
ROW00028954,TXN0012406,2025-07-10,14:38:57,SKU0200,Store C,Retail,1.0,1.494,1.2048,0.2892,0.6391,0.5657,0.0,0.0,False
ROW00028991,TXN0012426,2025-07-10,15:47:04,SKU1322,Store C,Retail,1.0,1.411,1.1379,0.2731,0.6225,0.5154,0.0,0.0,False
ROW00029047,TXN0012445,2025-07-10,16:18:47,SKU1485,Store C,Retail,5.0,1.245,1.0041,0.2409,0.6391,0.365,0.0,0.0,False
ROW00029050,TXN0012446,2025-07-10,16:19:34,SKU0688,Store C,Retail,1.0,1.245,1.0041,0.2409,0.3586,0.6455,0.0,0.0,False
ROW00029078,TXN0012463,2025-07-10,17:10:56,SKU1641,Store C,Retail,1.0,1.245,1.0041,0.2409,0.6391,0.365,0.0,0.0,False
ROW00029102,TXN0012472,2025-07-10,17:52:30,SKU0042,Store C,Retail,1.0,2.49,2.0081,0.4819,1.66,0.3481,1.245,0.3333,False
ROW00029132,TXN0012486,2025-07-10,19:17:28,SKU0046,Store C,Retail,3.0,3.735,3.0121,0.7229,2.1165,0.8956,0.747,0.1667,False
ROW00029135,TXN0012487,2025-07-10,19:21:58,SKU1404,Store C,Retail,1.0,0.996,0.8032,0.1928,0.3726,0.4306,0.0,0.0,False
ROW00029167,TXN0012495,2025-07-10,15:43:37,SKU0655,Warehouse,Wholesale,60.0,87.648,70.6839,16.9641,25.9508,44.7331,11.952,0.12,False
ROW00029174,TXN0012497,2025-07-11,11:39:20,SKU1790,Store A,Retail,2.0,4.9302,3.9759,0.9543,2.8054,1.1705,0.5478,0.1,False
ROW00029179,TXN0012500,2025-07-11,12:24:56,SKU1727,Store A,Retail,1.0,2.324,1.8742,0.4498,1.4276,0.4466,0.581,0.2,False
ROW00029213,TXN0012513,2025-07-11,15:41:05,SKU0318,Store A,Retail,2.0,2.822,2.2758,0.5462,1.4356,0.8402,0.0,0.0,False
ROW00029227,TXN0012513,2025-07-11,15:41:05,SKU1629,Store A,Retail,2.0,0.166,0.166,0.0,0.166,0.0,0.0,0.0,False
ROW00029237,TXN0012515,2025-07-11,15:47:30,SKU0209,Store A,Retail,1.0,1.245,1.0041,0.2409,0.5727,0.4314,0.0,0.0,False
ROW00029371,TXN0012573,2025-07-11,17:17:26,SKU0098,Store B,Retail,1.0,0.166,0.1339,0.0321,0.0743,0.0596,0.083,0.3333,False
ROW00029377,TXN0012575,2025-07-11,18:04:32,SKU0526,Store B,Retail,1.0,1.494,1.2048,0.2892,0.6224,0.5824,0.0,0.0,False
ROW00029394,TXN0012584,2025-07-11,19:50:21,SKU1686,Store B,Retail,1.0,1.411,1.1379,0.2731,0.5644,0.5735,0.0,0.0,False
ROW00029452,TXN0012597,2025-07-11,10:25:26,SKU1641,Store C,Retail,1.0,1.245,1.0041,0.2409,0.6391,0.365,0.0,0.0,False
ROW00029498,TXN0012617,2025-07-11,12:01:13,SKU1512,Store C,Retail,1.0,0.747,0.6024,0.1446,0.3818,0.2206,0.0,0.0,False
ROW00029548,TXN0012633,2025-07-11,14:35:15,SKU0422,Store C,Retail,1.0,2.656,2.1419,0.5141,1.1952,0.9467,0.0,0.0,False
ROW00029584,TXN0012650,2025-07-11,15:32:02,SKU1787,Store C,Retail,1.0,2.739,2.2089,0.5301,1.4027,0.8062,0.0,0.0,False
ROW00029615,TXN0012663,2025-07-11,16:00:47,SKU0247,Store C,Retail,1.0,1.411,1.1379,0.2731,0.7719,0.366,0.0,0.0,False
ROW00029629,TXN0012670,2025-07-11,16:24:16,SKU1634,Store C,Retail,1.0,3.652,2.9452,0.7068,1.9505,0.9947,0.0,0.0,False
ROW00029632,TXN0012672,2025-07-11,16:27:09,SKU1593,Store C,Retail,1.0,1.162,0.9371,0.2249,0.5727,0.3644,0.0,0.0,False
ROW00029646,TXN0012677,2025-07-11,16:58:40,SKU1502,Store C,Retail,1.0,0.664,0.5355,0.1285,0.2303,0.3052,0.166,0.2,False
ROW00029657,TXN0012682,2025-07-11,17:09:02,SKU1384,Store C,Retail,6.0,2.49,2.0081,0.4819,2.7888,-0.7807,2.988,0.5455,False
ROW00029705,TXN0012703,2025-07-11,18:53:56,SKU1208,Store C,Retail,1.0,2.075,1.6734,0.4016,0.9047,0.7687,0.0,0.0,False
ROW00029732,TXN0012713,2025-07-12,12:07:50,SKU1616,Store A,Retail,1.0,1.2699,1.0241,0.2458,0.664,0.3601,0.1411,0.1,False
ROW00029760,TXN0012728,2025-07-12,14:48:48,SKU0061,Store A,Retail,1.0,0.6723,0.5422,0.1301,0.3403,0.2019,0.0747,0.1,False
ROW00029761,TXN0012728,2025-07-12,14:48:48,SKU0092,Store A,Retail,1.0,0.747,0.6024,0.1446,0.3735,0.2289,0.166,0.1818,False
ROW00029804,TXN0012742,2025-07-12,18:32:21,SKU0518,Store A,Retail,1.0,0.581,0.4685,0.1125,0.2229,0.2456,0.0,0.0,False
ROW00029857,TXN0012766,2025-07-12,13:51:44,SKU1084,Store B,Retail,2.0,2.241,1.8072,0.4338,0.6391,1.1681,0.249,0.1,False
ROW00029879,TXN0012767,2025-07-12,13:53:43,SKU1629,Store B,Retail,4.0,0.332,0.332,0.0,0.332,0.0,0.0,0.0,False
ROW00029889,TXN0012772,2025-07-12,14:11:50,SKU1512,Store B,Retail,1.0,0.6723,0.5422,0.1301,0.3818,0.1604,0.0747,0.1,False
ROW00029999,TXN0012823,2025-07-12,14:01:04,SKU1688,Store C,Retail,2.0,1.494,1.2048,0.2892,0.6142,0.5906,0.0,0.0,False
ROW00030028,TXN0012836,2025-07-12,15:02:05,SKU0261,Store C,Retail,1.0,2.241,1.8072,0.4338,1.0043,0.8029,0.0,0.0,False
ROW00030052,TXN0012845,2025-07-12,15:34:02,SKU1666,Store C,Retail,1.0,1.245,1.0041,0.2409,0.3818,0.6223,0.0,0.0,False
ROW00030066,TXN0012853,2025-07-12,16:05:35,SKU1787,Store C,Retail,1.0,2.739,2.2089,0.5301,1.4027,0.8062,0.0,0.0,False
ROW00030095,TXN0012863,2025-07-12,17:07:10,SKU1492,Store C,Retail,1.0,0.996,0.8032,0.1928,0.4897,0.3135,0.0,0.0,False
ROW00030103,TXN0012868,2025-07-12,17:53:42,SKU0680,Store C,Retail,1.0,2.905,2.3428,0.5622,0.7619,1.5809,0.0,0.0,False
ROW00030120,TXN0012872,2025-07-12,18:23:47,SKU0462,Store C,Retail,1.0,0.332,0.2678,0.0642,0.1079,0.1599,0.083,0.2,False
ROW00030134,TXN0012881,2025-07-13,10:25:55,SKU1679,Store A,Retail,1.0,1.245,1.0041,0.2409,0.6723,0.3318,0.0,0.0,False
ROW00030188,TXN0012900,2025-07-13,16:56:48,SKU1367,Store A,Retail,1.0,0.415,0.3347,0.0803,0.5644,-0.2297,0.83,0.6667,False
ROW00030218,TXN0012913,2025-07-13,11:36:41,SKU1259,Store B,Retail,1.0,2.324,1.8742,0.4498,1.3529,0.5213,0.581,0.2,False
ROW00030239,TXN0012925,2025-07-13,14:36:13,SKU0510,Store B,Retail,2.0,4.316,3.4806,0.8354,2.1248,1.3558,0.0,0.0,False
ROW00030247,TXN0012930,2025-07-13,15:25:39,SKU0917,Store B,Retail,1.0,0.996,0.8032,0.1928,0.3832,0.42,0.0,0.0,False
ROW00030292,TXN0012953,2025-07-13,10:44:14,SKU0532,Store C,Retail,1.0,2.905,2.3428,0.5622,0.9794,1.3634,0.0,0.0,False
ROW00030321,TXN0012972,2025-07-13,13:13:58,SKU0841,Store C,Retail,1.0,0.2905,0.2343,0.0562,0.2241,0.0102,0.0,0.0,False
ROW00030374,TXN0012993,2025-07-13,15:01:52,SKU0841,Store C,Retail,1.0,0.2905,0.2343,0.0562,0.2241,0.0102,0.0,0.0,False
ROW00030395,TXN0013000,2025-07-13,16:36:45,SKU1513,Store C,Retail,1.0,0.747,0.6024,0.1446,0.3818,0.2206,0.0,0.0,False
ROW00030434,TXN0013017,2025-07-14,14:00:12,SKU0519,Store A,Retail,1.0,0.332,0.2678,0.0642,0.1194,0.1483,0.0,0.0,False
ROW00030469,TXN0013029,2025-07-14,15:25:44,SKU1482,Store A,Retail,1.0,1.245,1.0041,0.2409,0.5312,0.4729,0.0,0.0,False
ROW00030526,TXN0013045,2025-07-14,17:45:43,SKU0712,Store A,Retail,1.0,1.1205,0.9036,0.2169,0.3071,0.5965,0.1245,0.1,False
ROW00030539,TXN0013046,2025-07-14,17:47:30,SKU1677,Store A,Retail,1.0,0.581,0.4685,0.1125,0.2905,0.178,0.249,0.3,False
ROW00030559,TXN0013052,2025-07-14,18:51:34,SKU1062,Store A,Retail,2.0,0.332,0.2678,0.0642,0.1024,0.1653,0.166,0.3333,False
ROW00030589,TXN0013061,2025-07-14,20:47:18,SKU1513,Store A,Retail,1.0,0.747,0.6024,0.1446,0.3818,0.2206,0.0,0.0,False
ROW00030685,TXN0013099,2025-07-14,15:17:08,SKU1327,Store B,Retail,1.0,1.411,1.1379,0.2731,0.6225,0.5154,0.0,0.0,False
ROW00030706,TXN0013108,2025-07-14,15:45:36,SKU1294,Store B,Retail,1.0,0.166,0.1339,0.0321,0.0747,0.0592,0.083,0.3333,False
ROW00030720,TXN0013115,2025-07-14,16:36:25,SKU0145,Store B,Retail,1.0,0.332,0.2678,0.0642,0.1231,0.1447,0.0,0.0,False
ROW00030725,TXN0013118,2025-07-14,17:27:09,SKU0520,Store B,Retail,1.0,1.494,1.2048,0.2892,0.6059,0.5989,0.0,0.0,False
ROW00030752,TXN0013133,2025-07-14,18:38:45,SKU0707,Store B,Retail,1.0,0.332,0.2678,0.0642,0.1743,0.0935,0.083,0.2,False
ROW00030753,TXN0013134,2025-07-14,18:49:19,SKU0012,Store B,Retail,1.0,0.581,0.4685,0.1125,0.1636,0.3049,0.0,0.0,False
ROW00030799,TXN0013151,2025-07-14,10:37:38,SKU1541,Store C,Retail,1.0,1.66,1.3387,0.3213,0.8051,0.5336,0.0,0.0,False
ROW00030819,TXN0013160,2025-07-14,11:24:10,SKU1416,Store C,Retail,1.0,1.079,0.8702,0.2088,0.4777,0.3925,0.0,0.0,False
ROW00030838,TXN0013172,2025-07-14,12:06:17,SKU0534,Store C,Retail,1.0,1.162,0.9371,0.2249,0.5561,0.381,0.0,0.0,False
ROW00030854,TXN0013182,2025-07-14,12:49:47,SKU1513,Store C,Retail,1.0,0.747,0.6024,0.1446,0.3818,0.2206,0.0,0.0,False
ROW00030859,TXN0013185,2025-07-14,13:08:30,SKU0637,Store C,Retail,1.0,1.494,1.2048,0.2892,0.3984,0.8064,0.0,0.0,False
ROW00030926,TXN0013223,2025-07-14,17:58:03,SKU0462,Store C,Retail,2.0,0.664,0.5355,0.1285,0.2158,0.3197,0.166,0.2,False
ROW00030966,TXN0013242,2025-07-15,11:49:40,SKU0841,Store A,Retail,1.0,0.2905,0.2343,0.0562,0.2241,0.0102,0.0,0.0,False
ROW00030990,TXN0013252,2025-07-15,14:00:18,SKU1077,Store A,Retail,1.0,1.494,1.2048,0.2892,0.4756,0.7292,0.166,0.1,False
ROW00031071,TXN0013276,2025-07-15,17:53:10,SKU0152,Store A,Retail,1.0,0.332,0.2678,0.0642,0.1231,0.1447,0.0,0.0,False
ROW00031083,TXN0013279,2025-07-15,18:01:02,SKU1366,Store A,Retail,2.0,0.83,0.6694,0.1606,1.1288,-0.4594,1.66,0.6667,False
ROW00031114,TXN0013294,2025-07-15,20:40:56,SKU1727,Store A,Retail,1.0,2.324,1.8742,0.4498,1.4276,0.4466,0.581,0.2,False
ROW00031137,TXN0013304,2025-07-15,12:31:28,SKU1722,Store B,Retail,2.0,0.498,0.4016,0.0964,0.2427,0.1589,0.0,0.0,False
ROW00031147,TXN0013311,2025-07-15,13:48:47,SKU0667,Store B,Retail,1.0,4.233,3.4137,0.8193,2.0451,1.3686,0.0,0.0,False
ROW00031207,TXN0013339,2025-07-15,17:54:13,SKU1332,Store B,Retail,1.0,1.494,1.2048,0.2892,0.5229,0.6819,0.0,0.0,False
ROW00031219,TXN0013345,2025-07-15,19:08:48,SKU1326,Store B,Retail,1.0,1.2699,1.0241,0.2458,0.6225,0.4016,0.1411,0.1,False
ROW00031235,TXN0013351,2025-07-15,10:42:25,SKU1384,Store C,Retail,1.0,0.415,0.3347,0.0803,0.4648,-0.1301,0.498,0.5455,False
ROW00031275,TXN0013366,2025-07-15,11:58:56,SKU1084,Store C,Retail,1.0,1.245,1.0041,0.2409,0.3196,0.6845,0.0,0.0,False
ROW00031286,TXN0013370,2025-07-15,12:17:53,SKU0712,Store C,Retail,2.0,2.49,2.0081,0.4819,0.6142,1.3939,0.0,0.0,False
ROW00031288,TXN0013371,2025-07-15,12:18:26,SKU0613,Store C,Retail,1.0,1.162,0.9371,0.2249,0.5561,0.381,0.0,0.0,False
ROW00031306,TXN0013379,2025-07-15,13:33:23,SKU0707,Store C,Retail,1.0,0.332,0.2678,0.0642,0.1743,0.0935,0.083,0.2,False
ROW00031343,TXN0013394,2025-07-15,15:10:33,SKU1271,Store C,Retail,1.0,1.66,1.3387,0.3213,0.9047,0.434,0.0,0.0,False
ROW00031387,TXN0013413,2025-07-15,15:51:18,SKU1610,Store C,Retail,1.0,1.411,1.1379,0.2731,0.664,0.4739,0.0,0.0,False
ROW00031436,TXN0013431,2025-07-15,16:39:48,SKU1511,Store C,Retail,1.0,0.747,0.6024,0.1446,0.3818,0.2206,0.0,0.0,False
ROW00031464,TXN0013447,2025-07-15,17:53:24,SKU0261,Store C,Retail,1.0,2.241,1.8072,0.4338,1.0043,0.8029,0.0,0.0,False
ROW00031516,TXN0013470,2025-07-15,09:58:18,SKU1787,Warehouse,Wholesale,72.0,168.9535,136.2528,32.7007,100.9944,35.2584,28.2545,0.1433,False
ROW00031536,TXN0013480,2025-07-16,16:14:19,SKU1678,Store A,Retail,2.0,0.83,0.6694,0.1606,0.5727,0.0967,0.83,0.5,False
ROW00031563,TXN0013488,2025-07-16,18:56:25,SKU0519,Store A,Retail,1.0,0.332,0.2678,0.0642,0.1194,0.1483,0.0,0.0,False
ROW00031601,TXN0013507,2025-07-16,14:38:40,SKU1549,Store B,Retail,1.0,1.162,0.9371,0.2249,0.5395,0.3976,0.0,0.0,False
ROW00031632,TXN0013521,2025-07-16,16:38:30,SKU0010,Store B,Retail,3.0,0.498,0.4016,0.0964,0.0451,0.3566,0.0,0.0,False
ROW00031657,TXN0013534,2025-07-16,18:24:13,SKU0859,Store B,Retail,1.0,2.075,1.6734,0.4016,1.6019,0.0715,1.162,0.359,False
ROW00031735,TXN0013566,2025-07-16,11:06:04,SKU1084,Store C,Retail,2.0,2.49,2.0081,0.4819,0.6391,1.369,0.0,0.0,False
ROW00031740,TXN0013569,2025-07-16,11:20:39,SKU0541,Store C,Retail,1.0,2.075,1.6734,0.4016,0.9877,0.6857,0.0,0.0,False
ROW00031763,TXN0013580,2025-07-16,12:01:07,SKU1678,Store C,Retail,1.0,0.415,0.3347,0.0803,0.2863,0.0483,0.415,0.5,False
ROW00031790,TXN0013592,2025-07-16,12:45:06,SKU1077,Store C,Retail,1.0,1.66,1.3387,0.3213,0.4756,0.8631,0.0,0.0,False
ROW00031862,TXN0013619,2025-07-16,14:43:31,SKU1485,Store C,Retail,5.0,1.245,1.0041,0.2409,0.6391,0.365,0.0,0.0,False
ROW00031878,TXN0013625,2025-07-16,14:58:27,SKU1678,Store C,Retail,1.0,0.415,0.3347,0.0803,0.2863,0.0483,0.415,0.5,False
ROW00031899,TXN0013637,2025-07-16,15:25:59,SKU0532,Store C,Retail,1.0,2.905,2.3428,0.5622,0.9794,1.3634,0.0,0.0,False
ROW00031907,TXN0013638,2025-07-16,15:26:37,SKU0639,Store C,Retail,1.0,1.992,1.6065,0.3855,0.5976,1.0089,0.0,0.0,False
ROW00031913,TXN0013640,2025-07-16,15:32:17,SKU1610,Store C,Retail,1.0,1.411,1.1379,0.2731,0.664,0.4739,0.0,0.0,False
ROW00031926,TXN0013645,2025-07-16,15:36:46,SKU1787,Store C,Retail,1.0,2.739,2.2089,0.5301,1.4027,0.8062,0.0,0.0,False
ROW00031948,TXN0013657,2025-07-16,16:05:30,SKU0088,Store C,Retail,1.0,0.913,0.7363,0.1767,0.3735,0.3628,0.0,0.0,False
ROW00031972,TXN0013664,2025-07-16,16:45:44,SKU1629,Store C,Retail,1.0,0.083,0.083,0.0,0.083,0.0,0.0,0.0,False
ROW00032048,TXN0013703,2025-07-16,18:40:26,SKU1678,Store C,Retail,1.0,0.415,0.3347,0.0803,0.2863,0.0483,0.415,0.5,False
ROW00032082,TXN0013721,2025-07-17,13:31:15,SKU0441,Store A,Retail,1.0,0.083,0.0669,0.0161,0.0243,0.0426,0.166,0.6667,False
ROW00032109,TXN0013730,2025-07-17,16:33:45,SKU0157,Store A,Retail,1.0,0.8217,0.6627,0.159,0.3569,0.3058,0.0913,0.1,False
ROW00032194,TXN0013765,2025-07-17,15:42:25,SKU1712,Store B,Retail,1.0,0.9296,0.7497,0.1799,0.4814,0.2683,0.2324,0.2,False
ROW00032239,TXN0013786,2025-07-17,19:15:27,SKU0428,Store B,Retail,1.0,1.245,1.0041,0.2409,0.5478,0.4563,0.0,0.0,False
ROW00032242,TXN0013788,2025-07-17,19:27:36,SKU0001,Store B,Retail,1.0,0.166,0.1339,0.0321,0.0433,0.0906,0.0,0.0,False
ROW00032246,TXN0013791,2025-07-17,10:08:37,SKU0157,Store C,Retail,1.0,0.913,0.7363,0.1767,0.3569,0.3794,0.0,0.0,False
ROW00032321,TXN0013818,2025-07-17,12:00:32,SKU0546,Store C,Retail,1.0,8.217,6.6266,1.5904,4.565,2.0616,0.0,0.0,False
ROW00032381,TXN0013846,2025-07-17,14:55:40,SKU1384,Store C,Retail,6.0,2.49,2.0081,0.4819,2.7888,-0.7807,2.988,0.5455,False
ROW00032389,TXN0013849,2025-07-17,15:27:03,SKU1629,Store C,Retail,1.0,0.083,0.083,0.0,0.083,0.0,0.0,0.0,False
ROW00032397,TXN0013854,2025-07-17,15:33:13,SKU0041,Store C,Retail,1.0,2.49,2.0081,0.4819,1.66,0.3481,1.245,0.3333,False
ROW00032419,TXN0013864,2025-07-17,15:50:14,SKU0247,Store C,Retail,1.0,1.411,1.1379,0.2731,0.7719,0.366,0.0,0.0,False
ROW00032495,TXN0013893,2025-07-17,17:27:16,SKU1066,Store C,Retail,1.0,1.245,1.0041,0.2409,0.5071,0.4969,0.0,0.0,False
ROW00032504,TXN0013894,2025-07-17,17:30:02,SKU1084,Store C,Retail,1.0,1.245,1.0041,0.2409,0.3196,0.6845,0.0,0.0,False
ROW00032541,TXN0013911,2025-07-17,18:40:42,SKU0645,Store C,Retail,1.0,0.332,0.2678,0.0642,0.0752,0.1926,0.0,0.0,False
ROW00032545,TXN0013913,2025-07-17,18:54:28,SKU1578,Store C,Retail,1.0,2.075,1.6734,0.4016,2.0501,-0.3767,1.992,0.4898,False
ROW00032617,TXN0013945,2025-07-18,19:39:27,SKU1369,Store A,Retail,1.0,0.415,0.3347,0.0803,0.5644,-0.2297,0.83,0.6667,False
ROW00032621,TXN0013946,2025-07-18,06:01:39,SKU1322,Store A,Retail,1.0,1.411,1.1379,0.2731,0.6225,0.5154,0.0,0.0,False
ROW00032667,TXN0013969,2025-07-18,15:37:12,SKU1384,Store B,Retail,1.0,0.415,0.3347,0.0803,0.4648,-0.1301,0.498,0.5455,False
ROW00032669,TXN0013971,2025-07-18,16:01:27,SKU0428,Store B,Retail,1.0,1.245,1.0041,0.2409,0.5478,0.4563,0.0,0.0,False
ROW00032695,TXN0013985,2025-07-18,17:22:44,SKU1513,Store B,Retail,1.0,0.747,0.6024,0.1446,0.3818,0.2206,0.0,0.0,False
ROW00032722,TXN0013991,2025-07-18,18:38:55,SKU0756,Store B,Retail,1.0,0.249,0.2008,0.0482,0.0838,0.1169,0.0,0.0,False
ROW00032843,TXN0014049,2025-07-18,14:07:15,SKU0838,Store C,Retail,1.0,0.249,0.2008,0.0482,0.0687,0.1321,0.0,0.0,False
ROW00032866,TXN0014059,2025-07-18,14:53:28,SKU0248,Store C,Retail,1.0,1.411,1.1379,0.2731,0.7719,0.366,0.0,0.0,False
ROW00032869,TXN0014062,2025-07-18,15:11:04,SKU1366,Store C,Retail,1.0,0.415,0.3347,0.0803,0.5644,-0.2297,0.83,0.6667,False
ROW00032911,TXN0014076,2025-07-18,16:03:36,SKU1722,Store C,Retail,2.0,0.498,0.4016,0.0964,0.2427,0.1589,0.0,0.0,False
ROW00032940,TXN0014087,2025-07-18,16:35:19,SKU1091,Store C,Retail,4.0,0.332,0.2678,0.0642,0.1926,0.0752,0.332,0.5,False
ROW00032943,TXN0014088,2025-07-18,16:45:46,SKU1271,Store C,Retail,1.0,1.66,1.3387,0.3213,0.9047,0.434,0.0,0.0,False
ROW00032957,TXN0014092,2025-07-18,17:10:02,SKU0532,Store C,Retail,1.0,2.905,2.3428,0.5622,0.9794,1.3634,0.0,0.0,False
ROW00032980,TXN0014096,2025-07-18,17:33:52,SKU0527,Store C,Retail,1.0,2.324,1.8742,0.4498,1.1371,0.7371,0.0,0.0,False
ROW00033025,TXN0014111,2025-07-18,19:06:57,SKU0783,Store C,Retail,1.0,0.664,0.5355,0.1285,0.2818,0.2537,0.166,0.2,False
ROW00033039,TXN0014115,2025-07-18,19:47:29,SKU0917,Store C,Retail,1.0,0.996,0.8032,0.1928,0.3832,0.42,0.0,0.0,False
ROW00033048,TXN0014118,2025-07-19,11:08:03,SKU1416,Store A,Retail,1.0,1.079,0.8702,0.2088,0.4777,0.3925,0.0,0.0,False
ROW00033083,TXN0014128,2025-07-19,16:19:55,SKU1629,Store A,Retail,1.0,0.083,0.083,0.0,0.083,0.0,0.0,0.0,False
ROW00033158,TXN0014160,2025-07-19,17:03:58,SKU1544,Store B,Retail,1.0,1.66,1.3387,0.3213,0.5478,0.7909,0.0,0.0,False
ROW00033159,TXN0014160,2025-07-19,17:03:58,SKU1722,Store B,Retail,1.0,0.249,0.2008,0.0482,0.1213,0.0794,0.0,0.0,False
ROW00033170,TXN0014161,2025-07-19,17:24:50,SKU0811,Store B,Retail,1.0,0.83,0.6694,0.1606,0.2822,0.3872,0.0,0.0,False
ROW00033205,TXN0014176,2025-07-19,10:37:06,SKU0241,Store C,Retail,2.0,2.49,2.0081,0.4819,1.1786,0.8295,0.0,0.0,False
ROW00033234,TXN0014190,2025-07-19,12:30:43,SKU1384,Store C,Retail,1.0,0.415,0.3347,0.0803,0.4648,-0.1301,0.498,0.5455,False
ROW00033322,TXN0014227,2025-07-19,16:57:57,SKU0476,Store C,Retail,3.0,3.486,2.8113,0.6747,1.5438,1.2675,0.0,0.0,False
ROW00033362,TXN0014247,2025-07-19,18:11:49,SKU1408,Store C,Retail,1.0,1.66,1.3387,0.3213,0.7968,0.5419,0.0,0.0,False
ROW00033365,TXN0014249,2025-07-19,18:23:09,SKU0518,Store C,Retail,2.0,1.162,0.9371,0.2249,0.4459,0.4912,0.0,0.0,False
ROW00033398,TXN0014259,2025-07-19,19:05:15,SKU1629,Store C,Retail,2.0,0.166,0.166,0.0,0.166,0.0,0.0,0.0,False
ROW00033406,TXN0014261,2025-07-19,19:17:31,SKU1416,Store C,Retail,1.0,1.079,0.8702,0.2088,0.4777,0.3925,0.0,0.0,False
ROW00033419,TXN0014269,2025-07-20,12:02:01,SKU0919,Store A,Retail,2.0,2.241,1.8072,0.4338,0.718,1.0893,0.249,0.1,False
ROW00033443,TXN0014283,2025-07-20,16:30:26,SKU1369,Store A,Retail,2.0,0.83,0.6694,0.1606,1.1288,-0.4594,1.66,0.6667,False
ROW00033485,TXN0014299,2025-07-20,11:25:33,SKU1630,Store B,Retail,1.0,5.1543,4.1567,0.9976,2.8884,1.2683,0.5727,0.1,False
ROW00033515,TXN0014311,2025-07-20,14:54:16,SKU1369,Store B,Retail,1.0,0.415,0.3347,0.0803,0.5644,-0.2297,0.83,0.6667,False
ROW00033548,TXN0014332,2025-07-20,17:19:25,SKU1787,Store B,Retail,1.0,2.739,2.2089,0.5301,1.4027,0.8062,0.0,0.0,False
ROW00033582,TXN0014348,2025-07-20,11:09:41,SKU0536,Store C,Retail,1.0,2.49,2.0081,0.4819,1.2056,0.8025,0.0,0.0,False
ROW00033604,TXN0014355,2025-07-20,11:37:55,SKU1367,Store C,Retail,1.0,0.415,0.3347,0.0803,0.5644,-0.2297,0.83,0.6667,False
ROW00033615,TXN0014359,2025-07-20,11:49:33,SKU1787,Store C,Retail,1.0,2.739,2.2089,0.5301,1.4027,0.8062,0.0,0.0,False
ROW00033691,TXN0014392,2025-07-20,13:39:20,SKU1720,Store C,Retail,1.0,0.332,0.2678,0.0642,0.1106,0.1571,0.0,0.0,False
ROW00033695,TXN0014395,2025-07-20,13:48:21,SKU0086,Store C,Retail,1.0,0.913,0.7363,0.1767,0.3735,0.3628,0.0,0.0,False
ROW00033713,TXN0014399,2025-07-20,14:02:51,SKU1649,Store C,Retail,1.0,1.992,1.6065,0.3855,0.9296,0.6769,0.0,0.0,False
ROW00033763,TXN0014427,2025-07-20,15:55:46,SKU1249,Store C,Retail,1.0,0.747,0.6024,0.1446,0.3403,0.2621,0.0,0.0,False
ROW00033810,TXN0014447,2025-07-21,12:19:01,SKU1424,Store A,Retail,2.0,0.4482,0.3615,0.0867,0.1486,0.2129,0.0498,0.1,False
ROW00033843,TXN0014466,2025-07-21,14:51:04,SKU1237,Store A,Retail,1.0,0.996,0.8032,0.1928,0.4897,0.3135,0.249,0.2,False
ROW00033874,TXN0014481,2025-07-21,19:12:55,SKU1326,Store A,Retail,1.0,1.411,1.1379,0.2731,0.6225,0.5154,0.0,0.0,False
ROW00033910,TXN0014497,2025-07-21,12:48:40,SKU0254,Store B,Retail,1.0,1.245,1.0041,0.2409,0.581,0.4231,0.0,0.0,False
ROW00033958,TXN0014521,2025-07-21,14:46:37,SKU1426,Store B,Retail,1.0,1.66,1.3387,0.3213,0.5976,0.7411,0.0,0.0,False
ROW00033977,TXN0014535,2025-07-21,16:10:01,SKU1366,Store B,Retail,1.0,0.415,0.3347,0.0803,0.5644,-0.2297,0.83,0.6667,False
ROW00033992,TXN0014543,2025-07-21,16:42:41,SKU1155,Store B,Retail,1.0,2.075,1.6734,0.4016,1.3486,0.3248,0.581,0.2188,False
ROW00034011,TXN0014552,2025-07-21,17:19:00,SKU0182,Store B,Retail,1.0,0.083,0.0669,0.0161,0.0193,0.0476,0.083,0.5,False
ROW00034063,TXN0014580,2025-07-21,11:13:43,SKU1608,Store C,Retail,1.0,1.411,1.1379,0.2731,0.664,0.4739,0.0,0.0,False
ROW00034080,TXN0014588,2025-07-21,12:20:00,SKU0637,Store C,Retail,1.0,1.494,1.2048,0.2892,0.3984,0.8064,0.0,0.0,False
ROW00034086,TXN0014589,2025-07-21,12:23:42,SKU0153,Store C,Retail,1.0,0.332,0.2678,0.0642,0.1231,0.1447,0.0,0.0,False
ROW00034165,TXN0014626,2025-07-21,16:04:11,SKU1077,Store C,Retail,2.0,2.988,2.4097,0.5783,0.9512,1.4585,0.332,0.1,False
ROW00034207,TXN0014642,2025-07-21,16:52:56,SKU0486,Store C,Retail,1.0,1.245,1.0041,0.2409,0.5312,0.4729,0.0,0.0,False
ROW00034213,TXN0014643,2025-07-21,17:02:21,SKU0444,Store C,Retail,1.0,0.332,0.2678,0.0642,0.0805,0.1872,0.0,0.0,False
ROW00034239,TXN0014652,2025-07-21,17:27:46,SKU1513,Store C,Retail,1.0,0.747,0.6024,0.1446,0.3818,0.2206,0.0,0.0,False
ROW00034294,TXN0014678,2025-07-21,18:19:08,SKU1066,Store C,Retail,2.0,2.49,2.0081,0.4819,1.0143,0.9938,0.0,0.0,False
ROW00034318,TXN0014689,2025-07-21,19:38:29,SKU1427,Store C,Retail,1.0,0.913,0.7363,0.1767,0.4067,0.3296,0.0,0.0,False
ROW00034320,TXN0014691,2025-07-21,12:05:31,SKU1084,Warehouse,Wholesale,60.0,65.736,53.0129,12.7231,19.173,33.8399,8.964,0.12,False
ROW00034344,TXN0014699,2025-07-22,13:13:19,SKU0010,Store A,Retail,1.0,0.166,0.1339,0.0321,0.015,0.1189,0.0,0.0,False
ROW00034346,TXN0014700,2025-07-22,13:21:13,SKU1485,Store A,Retail,1.0,0.249,0.2008,0.0482,0.1278,0.073,0.0,0.0,False
ROW00034379,TXN0014712,2025-07-22,16:06:15,SKU1729,Store A,Retail,1.0,2.324,1.8742,0.4498,1.4276,0.4466,0.581,0.2,False
ROW00034394,TXN0014713,2025-07-22,16:10:11,SKU0841,Store A,Retail,1.0,0.2573,0.2075,0.0498,0.2241,-0.0166,0.0332,0.1143,False
ROW00034432,TXN0014719,2025-07-22,16:49:27,SKU0352,Store A,Retail,1.0,1.494,1.2048,0.2892,0.5976,0.6072,0.0,0.0,False
ROW00034561,TXN0014777,2025-07-22,17:42:06,SKU1444,Store B,Retail,1.0,0.498,0.4016,0.0964,0.4482,-0.0466,0.415,0.4545,False
ROW00034570,TXN0014780,2025-07-22,18:30:39,SKU1502,Store B,Retail,1.0,0.83,0.6694,0.1606,0.2303,0.4391,0.0,0.0,False
ROW00034577,TXN0014782,2025-07-22,19:30:26,SKU0540,Store B,Retail,1.0,1.328,1.0709,0.2571,0.6059,0.465,0.0,0.0,False
ROW00034591,TXN0014784,2025-07-22,19:39:30,SKU1398,Store B,Retail,2.0,0.498,0.4016,0.0964,0.1486,0.2531,0.0,0.0,False
ROW00034614,TXN0014790,2025-07-22,10:20:46,SKU1062,Store C,Retail,3.0,0.498,0.4016,0.0964,0.1536,0.248,0.249,0.3333,False
ROW00034623,TXN0014793,2025-07-22,11:14:06,SKU1485,Store C,Retail,5.0,1.245,1.0041,0.2409,0.6391,0.365,0.0,0.0,False
ROW00034628,TXN0014796,2025-07-22,11:43:29,SKU1107,Store C,Retail,1.0,0.249,0.2008,0.0482,0.0996,0.1012,0.0,0.0,False
ROW00034651,TXN0014809,2025-07-22,12:13:24,SKU0841,Store C,Retail,1.0,0.2905,0.2343,0.0562,0.2241,0.0102,0.0,0.0,False
ROW00034685,TXN0014822,2025-07-22,12:46:17,SKU0711,Store C,Retail,1.0,0.747,0.6024,0.1446,0.2905,0.3119,0.0,0.0,False
ROW00034750,TXN0014847,2025-07-22,14:12:54,SKU1666,Store C,Retail,1.0,1.245,1.0041,0.2409,0.3818,0.6223,0.0,0.0,False
ROW00034753,TXN0014848,2025-07-22,14:24:31,SKU0092,Store C,Retail,1.0,0.747,0.6024,0.1446,0.3735,0.2289,0.166,0.1818,False
ROW00034766,TXN0014852,2025-07-22,14:33:14,SKU0518,Store C,Retail,1.0,0.581,0.4685,0.1125,0.2229,0.2456,0.0,0.0,False
ROW00034783,TXN0014859,2025-07-22,14:47:32,SKU1228,Store C,Retail,1.0,1.162,0.9371,0.2249,0.5976,0.3395,0.166,0.125,False
ROW00034791,TXN0014862,2025-07-22,15:13:04,SKU0520,Store C,Retail,1.0,1.494,1.2048,0.2892,0.6059,0.5989,0.0,0.0,False
ROW00034827,TXN0014871,2025-07-22,16:02:21,SKU1787,Store C,Retail,1.0,2.739,2.2089,0.5301,1.4027,0.8062,0.0,0.0,False
ROW00034955,TXN0014922,2025-07-22,19:52:03,SKU0629,Store C,Retail,1.0,0.83,0.6694,0.1606,0.3604,0.309,0.0,0.0,False
ROW00034967,TXN0014926,2025-07-22,10:41:03,SKU1367,Warehouse,Wholesale,12.0,6.1752,4.98,1.1952,6.7728,-1.7928,8.7648,0.5867,False
ROW00034988,TXN0014932,2025-07-23,12:33:08,SKU0247,Store A,Retail,1.0,1.411,1.1379,0.2731,0.7719,0.366,0.0,0.0,False
ROW00035001,TXN0014937,2025-07-23,13:37:19,SKU1424,Store A,Retail,1.0,0.2241,0.1807,0.0434,0.0743,0.1064,0.0249,0.1,False
ROW00035022,TXN0014945,2025-07-23,15:02:43,SKU1368,Store A,Retail,1.0,0.415,0.3347,0.0803,0.6059,-0.2712,0.83,0.6667,False
ROW00035037,TXN0014950,2025-07-23,16:58:43,SKU1366,Store A,Retail,1.0,0.415,0.3347,0.0803,0.5644,-0.2297,0.83,0.6667,False
ROW00035113,TXN0014976,2025-07-23,12:21:09,SKU0455,Store B,Retail,2.0,0.996,0.8032,0.1928,0.4316,0.3716,0.0,0.0,False
ROW00035136,TXN0014980,2025-07-23,12:46:55,SKU1512,Store B,Retail,1.0,0.747,0.6024,0.1446,0.3818,0.2206,0.0,0.0,False
ROW00035137,TXN0014980,2025-07-23,12:46:55,SKU1518,Store B,Retail,1.0,0.747,0.6024,0.1446,0.3818,0.2206,0.0,0.0,False
ROW00035139,TXN0014981,2025-07-23,12:51:15,SKU0042,Store B,Retail,1.0,2.49,2.0081,0.4819,1.66,0.3481,1.245,0.3333,False
ROW00035237,TXN0015020,2025-07-23,20:01:54,SKU1368,Store B,Retail,1.0,0.415,0.3347,0.0803,0.6059,-0.2712,0.83,0.6667,False
ROW00035242,TXN0015024,2025-07-23,10:52:41,SKU1744,Store C,Retail,1.0,0.083,0.083,0.0,0.083,0.0,0.0,0.0,False
ROW00035311,TXN0015059,2025-07-23,12:54:50,SKU1510,Store C,Retail,1.0,0.747,0.6024,0.1446,0.3818,0.2206,0.0,0.0,False
ROW00035356,TXN0015076,2025-07-23,13:55:51,SKU1416,Store C,Retail,2.0,2.158,1.7403,0.4177,0.9553,0.785,0.0,0.0,False
ROW00035361,TXN0015077,2025-07-23,13:56:31,SKU1686,Store C,Retail,1.0,1.411,1.1379,0.2731,0.5644,0.5735,0.0,0.0,False
ROW00035368,TXN0015083,2025-07-23,14:15:28,SKU0462,Store C,Retail,1.0,0.332,0.2678,0.0642,0.1079,0.1599,0.083,0.2,False
ROW00035433,TXN0015116,2025-07-23,16:02:14,SKU1398,Store C,Retail,1.0,0.249,0.2008,0.0482,0.0743,0.1265,0.0,0.0,False
ROW00035473,TXN0015139,2025-07-23,17:29:06,SKU1779,Store C,Retail,1.0,2.324,1.8742,0.4498,1.1495,0.7247,0.0,0.0,False
ROW00035474,TXN0015139,2025-07-23,17:29:06,SKU1787,Store C,Retail,1.0,2.739,2.2089,0.5301,1.4027,0.8062,0.0,0.0,False
ROW00035492,TXN0015148,2025-07-23,17:51:15,SKU1629,Store C,Retail,1.0,0.083,0.083,0.0,0.083,0.0,0.0,0.0,False
ROW00035536,TXN0015170,2025-07-23,19:02:46,SKU1077,Store C,Retail,1.0,1.66,1.3387,0.3213,0.4756,0.8631,0.0,0.0,False
ROW00035544,TXN0015177,2025-07-23,15:57:52,SKU1501,Warehouse,Wholesale,-1.0,-0.7304,-0.5891,-0.1413,-0.2905,-0.2986,-0.5146,0.4133,True
ROW00035581,TXN0015193,2025-07-24,16:46:54,SKU0352,Store A,Retail,1.0,1.3446,1.0844,0.2602,0.5976,0.4868,0.1494,0.1,False
ROW00035614,TXN0015208,2025-07-24,23:31:59,SKU1763,Store A,Retail,1.0,3.7018,2.9853,0.7165,0.0,2.9853,0.0,0.0,False
ROW00035624,TXN0015214,2025-07-24,11:06:35,SKU0092,Store B,Retail,1.0,0.747,0.6024,0.1446,0.3735,0.2289,0.166,0.1818,False
ROW00035635,TXN0015217,2025-07-24,12:07:20,SKU0156,Store B,Retail,1.0,0.913,0.7363,0.1767,0.3403,0.396,0.0,0.0,False
ROW00035671,TXN0015232,2025-07-24,15:34:28,SKU0140,Store B,Retail,1.0,1.66,1.3387,0.3213,0.7387,0.6,0.0,0.0,False
ROW00035773,TXN0015281,2025-07-24,11:34:14,SKU0436,Store C,Retail,1.0,0.249,0.2008,0.0482,0.0249,0.1759,0.0,0.0,False
ROW00035785,TXN0015288,2025-07-24,12:13:20,SKU1366,Store C,Retail,1.0,0.415,0.3347,0.0803,0.5644,-0.2297,0.83,0.6667,False
ROW00035797,TXN0015291,2025-07-24,12:36:33,SKU0707,Store C,Retail,1.0,0.332,0.2678,0.0642,0.1743,0.0935,0.083,0.2,False
ROW00035817,TXN0015301,2025-07-24,13:18:19,SKU1720,Store C,Retail,1.0,0.332,0.2678,0.0642,0.1106,0.1571,0.0,0.0,False
ROW00035859,TXN0015322,2025-07-24,14:34:34,SKU0167,Store C,Retail,1.0,0.415,0.3347,0.0803,0.4434,-0.1087,0.581,0.5833,False
ROW00035872,TXN0015327,2025-07-24,14:47:04,SKU0455,Store C,Retail,2.0,0.996,0.8032,0.1928,0.4316,0.3716,0.0,0.0,False
ROW00035885,TXN0015333,2025-07-24,15:18:53,SKU1697,Store C,Retail,1.0,1.66,1.3387,0.3213,0.4897,0.849,0.0,0.0,False
ROW00035950,TXN0015365,2025-07-24,19:32:01,SKU0044,Store C,Retail,1.0,2.49,2.0081,0.4819,1.66,0.3481,1.245,0.3333,False
ROW00035980,TXN0015377,2025-07-25,13:43:17,SKU1404,Store A,Retail,2.0,1.992,1.6065,0.3855,0.7452,0.8613,0.0,0.0,False
ROW00035993,TXN0015382,2025-07-25,16:27:29,SKU1369,Store A,Retail,1.0,0.415,0.3347,0.0803,0.5644,-0.2297,0.83,0.6667,False
ROW00036013,TXN0015388,2025-07-25,18:01:35,SKU1602,Store A,Retail,1.0,1.1952,0.9639,0.2313,0.7885,0.1754,0.1328,0.1,False
ROW00036059,TXN0015410,2025-07-25,11:31:56,SKU1009,Store B,Retail,1.0,1.494,1.2048,0.2892,0.4648,0.74,0.0,0.0,False
ROW00036095,TXN0015425,2025-07-25,14:43:57,SKU1732,Store B,Retail,1.0,1.826,1.4726,0.3534,0.8466,0.626,0.0,0.0,False
ROW00036107,TXN0015431,2025-07-25,15:41:24,SKU1062,Store B,Retail,1.0,0.166,0.1339,0.0321,0.0512,0.0827,0.083,0.3333,False
ROW00036155,TXN0015457,2025-07-25,19:27:58,SKU1509,Store B,Retail,1.0,0.6723,0.5422,0.1301,0.3818,0.1604,0.0747,0.1,False
ROW00036226,TXN0015490,2025-07-25,13:48:32,SKU0167,Store C,Retail,2.0,0.83,0.6694,0.1606,0.8868,-0.2174,1.162,0.5833,False
ROW00036241,TXN0015499,2025-07-25,14:12:44,SKU0477,Store C,Retail,1.0,0.83,0.6694,0.1606,0.2739,0.3955,0.0,0.0,False
ROW00036257,TXN0015508,2025-07-25,14:39:34,SKU0536,Store C,Retail,1.0,2.49,2.0081,0.4819,1.2056,0.8025,0.0,0.0,False
ROW00036263,TXN0015511,2025-07-25,15:08:07,SKU1076,Store C,Retail,1.0,1.245,1.0041,0.2409,0.3669,0.6372,0.0,0.0,False
ROW00036312,TXN0015526,2025-07-25,16:34:58,SKU1062,Store C,Retail,4.0,0.664,0.5355,0.1285,0.2048,0.3307,0.332,0.3333,False
ROW00036313,TXN0015527,2025-07-25,16:40:47,SKU0282,Store C,Retail,1.0,1.826,1.4726,0.3534,0.83,0.6426,0.0,0.0,False
ROW00036345,TXN0015538,2025-07-25,17:20:52,SKU1787,Store C,Retail,2.0,5.478,4.4178,1.0602,2.8054,1.6124,0.0,0.0,False
ROW00036397,TXN0015561,2025-07-26,11:45:59,SKU1367,Store A,Retail,1.0,0.415,0.3347,0.0803,0.5644,-0.2297,0.83,0.6667,False
ROW00036432,TXN0015571,2025-07-26,12:33:45,SKU1615,Store A,Retail,1.0,1.411,1.1379,0.2731,0.664,0.4739,0.0,0.0,False
ROW00036479,TXN0015584,2025-07-26,15:41:36,SKU0841,Store A,Retail,1.0,0.2905,0.2343,0.0562,0.2241,0.0102,0.0,0.0,False
ROW00036501,TXN0015598,2025-07-26,20:22:36,SKU0170,Store A,Retail,1.0,1.245,1.0041,0.2409,0.3486,0.6555,0.0,0.0,False
ROW00036508,TXN0015601,2025-07-26,10:40:21,SKU1404,Store B,Retail,1.0,0.996,0.8032,0.1928,0.3726,0.4306,0.0,0.0,False
ROW00036542,TXN0015625,2025-07-26,15:12:37,SKU1368,Store B,Retail,1.0,0.415,0.3347,0.0803,0.6059,-0.2712,0.83,0.6667,False
ROW00036557,TXN0015634,2025-07-26,16:44:38,SKU1370,Store B,Retail,1.0,0.83,0.6694,0.1606,0.4067,0.2627,0.0,0.0,False
ROW00036611,TXN0015651,2025-07-26,11:37:04,SKU0841,Store C,Retail,1.0,0.2905,0.2343,0.0562,0.2241,0.0102,0.0,0.0,False
ROW00036657,TXN0015675,2025-07-26,14:29:14,SKU0167,Store C,Retail,1.0,0.415,0.3347,0.0803,0.4434,-0.1087,0.581,0.5833,False
ROW00036672,TXN0015683,2025-07-26,15:12:53,SKU0182,Store C,Retail,2.0,0.166,0.1339,0.0321,0.0385,0.0954,0.166,0.5,False
ROW00036726,TXN0015708,2025-07-26,17:59:49,SKU1629,Store C,Retail,1.0,0.083,0.083,0.0,0.083,0.0,0.0,0.0,False
ROW00036743,TXN0015717,2025-07-26,19:44:05,SKU0091,Store C,Retail,2.0,1.826,1.4726,0.3534,0.747,0.7256,0.0,0.0,False
ROW00036785,TXN0015731,2025-07-27,15:17:41,SKU1321,Store A,Retail,1.0,1.411,1.1379,0.2731,0.6225,0.5154,0.0,0.0,False
ROW00036798,TXN0015735,2025-07-27,16:47:00,SKU1629,Store A,Retail,1.0,0.083,0.083,0.0,0.083,0.0,0.0,0.0,False
ROW00036834,TXN0015756,2025-07-27,14:54:27,SKU1776,Store B,Retail,1.0,1.245,1.0041,0.2409,0.9711,0.033,0.415,0.25,False
ROW00036851,TXN0015767,2025-07-27,17:07:37,SKU1321,Store B,Retail,1.0,1.411,1.1379,0.2731,0.6225,0.5154,0.0,0.0,False
ROW00036887,TXN0015780,2025-07-27,18:57:41,SKU0899,Store B,Retail,1.0,0.498,0.4016,0.0964,0.1577,0.2439,0.0,0.0,False
ROW00036913,TXN0015792,2025-07-27,12:19:20,SKU1546,Store C,Retail,1.0,0.747,0.6024,0.1446,0.3818,0.2206,0.0,0.0,False
ROW00036921,TXN0015797,2025-07-27,12:25:29,SKU1660,Store C,Retail,1.0,1.245,1.0041,0.2409,0.8466,0.1575,0.415,0.25,False
ROW00036968,TXN0015824,2025-07-27,14:37:09,SKU1665,Store C,Retail,1.0,1.245,1.0041,0.2409,0.3818,0.6223,0.0,0.0,False
ROW00036975,TXN0015827,2025-07-27,14:44:28,SKU0441,Store C,Retail,1.0,0.083,0.0669,0.0161,0.0243,0.0426,0.166,0.6667,False
ROW00037097,TXN0015884,2025-07-28,19:12:24,SKU0841,Store A,Retail,1.0,0.2905,0.2343,0.0562,0.2241,0.0102,0.0,0.0,False
ROW00037101,TXN0015885,2025-07-28,19:14:19,SKU0743,Store A,Retail,1.0,3.735,3.0121,0.7229,1.743,1.2691,0.0,0.0,False
ROW00037103,TXN0015886,2025-07-28,19:33:31,SKU1323,Store A,Retail,1.0,1.411,1.1379,0.2731,0.6225,0.5154,0.0,0.0,False
ROW00037118,TXN0015893,2025-07-28,12:35:35,SKU0810,Store B,Retail,3.0,0.747,0.6024,0.1446,0.1494,0.453,0.0,0.0,False
ROW00037132,TXN0015899,2025-07-28,13:12:49,SKU0564,Store B,Retail,1.0,1.245,1.0041,0.2409,0.4897,0.5144,0.0,0.0,False
ROW00037143,TXN0015904,2025-07-28,14:01:43,SKU1174,Store B,Retail,1.0,0.6723,0.5422,0.1301,0.2573,0.2849,0.0747,0.1,False
ROW00037187,TXN0015918,2025-07-28,16:42:36,SKU1062,Store B,Retail,2.0,0.332,0.2678,0.0642,0.1024,0.1653,0.166,0.3333,False
ROW00037251,TXN0015948,2025-07-28,11:31:00,SKU1294,Store C,Retail,3.0,0.498,0.4016,0.0964,0.2241,0.1775,0.249,0.3333,False
ROW00037276,TXN0015960,2025-07-28,12:46:25,SKU1062,Store C,Retail,1.0,0.166,0.1339,0.0321,0.0512,0.0827,0.083,0.3333,False
ROW00037336,TXN0015991,2025-07-28,16:01:28,SKU0153,Store C,Retail,1.0,0.332,0.2678,0.0642,0.1231,0.1447,0.0,0.0,False
ROW00037355,TXN0016003,2025-07-28,16:44:14,SKU1327,Store C,Retail,1.0,1.411,1.1379,0.2731,0.6225,0.5154,0.0,0.0,False
ROW00037391,TXN0016017,2025-07-28,17:53:25,SKU1686,Store C,Retail,1.0,1.411,1.1379,0.2731,0.5644,0.5735,0.0,0.0,False
ROW00037430,TXN0016033,2025-07-28,19:52:33,SKU1369,Store C,Retail,1.0,0.415,0.3347,0.0803,0.5644,-0.2297,0.83,0.6667,False
ROW00037433,TXN0016035,2025-07-28,14:42:28,SKU1790,Warehouse,Wholesale,0.0,-37.5492,-30.2816,-7.2676,0.0,-30.2816,37.5492,0.0,True
ROW00037445,TXN0016041,2025-07-29,13:18:18,SKU1629,Store A,Retail,1.0,0.083,0.083,0.0,0.083,0.0,0.0,0.0,False
ROW00037471,TXN0016057,2025-07-29,15:04:26,SKU1236,Store A,Retail,1.0,0.996,0.8032,0.1928,0.4897,0.3135,0.249,0.2,False
ROW00037475,TXN0016057,2025-07-29,15:04:26,SKU1686,Store A,Retail,1.0,1.411,1.1379,0.2731,0.5644,0.5735,0.0,0.0,False
ROW00037555,TXN0016096,2025-07-29,13:31:46,SKU0583,Store B,Retail,1.0,0.166,0.1339,0.0321,0.0249,0.109,0.0,0.0,False
ROW00037566,TXN0016100,2025-07-29,13:44:56,SKU0583,Store B,Retail,4.0,0.664,0.5355,0.1285,0.0996,0.4359,0.0,0.0,False
ROW00037573,TXN0016102,2025-07-29,13:50:48,SKU1066,Store B,Retail,1.0,1.245,1.0041,0.2409,0.5071,0.4969,0.0,0.0,False
ROW00037628,TXN0016128,2025-07-29,17:12:58,SKU0169,Store B,Retail,1.0,0.332,0.2678,0.0642,0.1162,0.1516,0.0,0.0,False
ROW00037750,TXN0016190,2025-07-29,14:41:39,SKU1787,Store C,Retail,1.0,2.739,2.2089,0.5301,1.4027,0.8062,0.0,0.0,False
ROW00037785,TXN0016198,2025-07-29,15:15:51,SKU1394,Store C,Retail,1.0,1.909,1.5395,0.3695,0.7138,0.8257,0.0,0.0,False
ROW00037792,TXN0016201,2025-07-29,15:17:57,SKU0527,Store C,Retail,1.0,2.324,1.8742,0.4498,1.1371,0.7371,0.0,0.0,False
ROW00037795,TXN0016202,2025-07-29,15:20:12,SKU1593,Store C,Retail,1.0,1.162,0.9371,0.2249,0.5727,0.3644,0.0,0.0,False
ROW00037858,TXN0016231,2025-07-29,16:52:59,SKU0001,Store C,Retail,1.0,0.166,0.1339,0.0321,0.0433,0.0906,0.0,0.0,False
ROW00037881,TXN0016243,2025-07-29,19:11:02,SKU1274,Store C,Retail,2.0,3.32,2.6774,0.6426,1.7098,0.9676,0.0,0.0,False
ROW00037890,TXN0016243,2025-07-29,19:11:02,SKU1787,Store C,Retail,1.0,2.739,2.2089,0.5301,1.4027,0.8062,0.0,0.0,False
ROW00037905,TXN0016248,2025-07-29,19:49:01,SKU0581,Store C,Retail,1.0,10.3833,8.3736,2.0097,4.233,4.1406,1.1537,0.1,False
ROW00037910,TXN0016249,2025-07-29,11:57:24,SKU1501,Warehouse,Wholesale,24.0,17.5376,14.1432,3.3944,6.972,7.1712,12.3424,0.4131,False
ROW00037935,TXN0016261,2025-07-30,14:30:10,SKU0518,Store A,Retail,1.0,0.581,0.4685,0.1125,0.2229,0.2456,0.0,0.0,False
ROW00037946,TXN0016263,2025-07-30,14:33:01,SKU1629,Store A,Retail,1.0,0.083,0.083,0.0,0.083,0.0,0.0,0.0,False
ROW00037975,TXN0016280,2025-07-30,16:31:21,SKU1369,Store A,Retail,1.0,0.415,0.3347,0.0803,0.5644,-0.2297,0.83,0.6667,False
ROW00038026,TXN0016309,2025-07-30,13:28:09,SKU0613,Store B,Retail,1.0,1.162,0.9371,0.2249,0.5561,0.381,0.0,0.0,False
ROW00038036,TXN0016314,2025-07-30,13:48:08,SKU1009,Store B,Retail,1.0,1.494,1.2048,0.2892,0.4648,0.74,0.0,0.0,False
ROW00038082,TXN0016334,2025-07-30,15:33:13,SKU0182,Store B,Retail,2.0,0.166,0.1339,0.0321,0.0385,0.0954,0.166,0.5,False
ROW00038093,TXN0016338,2025-07-30,16:11:00,SKU1366,Store B,Retail,1.0,0.415,0.3347,0.0803,0.5644,-0.2297,0.83,0.6667,False
ROW00038126,TXN0016348,2025-07-30,17:18:58,SKU1426,Store B,Retail,1.0,1.66,1.3387,0.3213,0.5976,0.7411,0.0,0.0,False
ROW00038180,TXN0016379,2025-07-30,10:07:30,SKU0667,Store C,Retail,1.0,4.233,3.4137,0.8193,2.0451,1.3686,0.0,0.0,False
ROW00038219,TXN0016398,2025-07-30,11:50:34,SKU0182,Store C,Retail,3.0,0.249,0.2008,0.0482,0.0578,0.143,0.249,0.5,False
ROW00038245,TXN0016411,2025-07-30,13:11:53,SKU0509,Store C,Retail,1.0,1.992,1.6065,0.3855,0.6432,0.9632,0.0,0.0,False
ROW00038288,TXN0016431,2025-07-30,15:00:15,SKU1369,Store C,Retail,2.0,0.83,0.6694,0.1606,1.1288,-0.4594,1.66,0.6667,False
ROW00038308,TXN0016437,2025-07-30,15:21:55,SKU0810,Store C,Retail,1.0,0.249,0.2008,0.0482,0.0498,0.151,0.0,0.0,False
ROW00038360,TXN0016466,2025-07-30,16:19:33,SKU1502,Store C,Retail,1.0,0.83,0.6694,0.1606,0.2303,0.4391,0.0,0.0,False
ROW00038375,TXN0016475,2025-07-30,16:33:19,SKU0639,Store C,Retail,1.0,1.992,1.6065,0.3855,0.5976,1.0089,0.0,0.0,False
ROW00038376,TXN0016475,2025-07-30,16:33:19,SKU0640,Store C,Retail,1.0,1.66,1.3387,0.3213,0.6201,0.7186,0.0,0.0,False
ROW00038450,TXN0016512,2025-07-31,14:10:28,SKU1401,Store A,Retail,1.0,2.656,2.1419,0.5141,1.245,0.8969,0.0,0.0,False
ROW00038503,TXN0016537,2025-07-31,18:49:57,SKU1327,Store A,Retail,1.0,1.411,1.1379,0.2731,0.6225,0.5154,0.0,0.0,False
ROW00038559,TXN0016565,2025-07-31,14:47:19,SKU1368,Store B,Retail,3.0,0.747,0.6024,0.1446,1.8177,-1.2153,2.988,0.8,False
ROW00038570,TXN0016570,2025-07-31,15:55:13,SKU0678,Store B,Retail,1.0,1.826,1.4726,0.3534,0.4117,1.0609,0.0,0.0,False
ROW00038598,TXN0016588,2025-07-31,18:01:29,SKU1545,Store B,Retail,1.0,1.245,1.0041,0.2409,0.5561,0.448,0.0,0.0,False
ROW00038607,TXN0016593,2025-07-31,18:15:46,SKU0812,Store B,Retail,1.0,0.332,0.2678,0.0642,0.0,0.2678,0.0,0.0,False
ROW00038641,TXN0016603,2025-07-31,10:13:54,SKU1084,Store C,Retail,1.0,1.245,1.0041,0.2409,0.3196,0.6845,0.0,0.0,False
ROW00038684,TXN0016619,2025-07-31,11:05:46,SKU0907,Store C,Retail,1.0,13.197,10.6428,2.5542,6.6641,3.9787,0.0,0.0,False
ROW00038748,TXN0016645,2025-07-31,12:59:30,SKU0455,Store C,Retail,2.0,0.996,0.8032,0.1928,0.4316,0.3716,0.0,0.0,False
ROW00038763,TXN0016652,2025-07-31,13:40:24,SKU1787,Store C,Retail,1.0,2.739,2.2089,0.5301,1.4027,0.8062,0.0,0.0,False
ROW00038819,TXN0016677,2025-07-31,14:40:31,SKU1084,Store C,Retail,1.0,1.245,1.0041,0.2409,0.3196,0.6845,0.0,0.0,False
ROW00038824,TXN0016678,2025-07-31,14:42:38,SKU0441,Store C,Retail,10.0,0.83,0.6694,0.1606,0.2432,0.4262,1.66,0.6667,False
ROW00038870,TXN0016701,2025-07-31,15:41:19,SKU0153,Store C,Retail,1.0,0.332,0.2678,0.0642,0.1231,0.1447,0.0,0.0,False
ROW00038928,TXN0016729,2025-07-31,17:32:09,SKU1502,Store C,Retail,2.0,1.66,1.3387,0.3213,0.4606,0.8781,0.0,0.0,False
ROW00038946,TXN0016735,2025-07-31,18:11:00,SKU1678,Store C,Retail,2.0,0.664,0.5355,0.1285,0.5727,-0.0372,0.996,0.6,False
ROW00038955,TXN0016739,2025-07-31,18:28:01,SKU0506,Store C,Retail,2.0,2.8386,2.2892,0.5494,1.4276,0.8616,0.3154,0.1,False
ROW00038973,TXN0016747,2025-07-31,18:49:43,SKU1678,Store C,Retail,1.0,0.332,0.2678,0.0642,0.2863,-0.0186,0.498,0.6,False
ROW00038974,TXN0016747,2025-07-31,18:49:43,SKU1697,Store C,Retail,1.0,1.66,1.3387,0.3213,0.4897,0.849,0.0,0.0,False
ROW00039016,TXN0016764,2025-08-01,13:20:00,SKU1398,Store A,Retail,1.0,0.249,0.2008,0.0482,0.0743,0.1265,0.0,0.0,False
ROW00039029,TXN0016771,2025-08-01,15:19:46,SKU0087,Store A,Retail,1.0,0.913,0.7363,0.1767,0.3735,0.3628,0.0,0.0,False
ROW00039059,TXN0016779,2025-08-01,17:04:30,SKU1641,Store A,Retail,1.0,1.245,1.0041,0.2409,0.6391,0.365,0.0,0.0,False
ROW00039066,TXN0016782,2025-08-01,18:01:22,SKU1619,Store A,Retail,1.0,1.411,1.1379,0.2731,0.664,0.4739,0.0,0.0,False
ROW00039113,TXN0016807,2025-08-01,11:22:59,SKU1366,Store B,Retail,6.0,0.498,0.4016,0.0964,3.3864,-2.9848,6.972,0.9333,False
ROW00039126,TXN0016814,2025-08-01,12:51:02,SKU1510,Store B,Retail,1.0,0.747,0.6024,0.1446,0.3818,0.2206,0.0,0.0,False
ROW00039174,TXN0016838,2025-08-01,16:59:04,SKU0455,Store B,Retail,1.0,0.498,0.4016,0.0964,0.2158,0.1858,0.0,0.0,False
ROW00039201,TXN0016846,2025-08-01,17:37:16,SKU1549,Store B,Retail,1.0,1.0458,0.8434,0.2024,0.5395,0.3039,0.1162,0.1,False
ROW00039215,TXN0016850,2025-08-01,18:27:47,SKU0044,Store B,Retail,1.0,2.49,2.0081,0.4819,1.66,0.3481,1.245,0.3333,False
ROW00039273,TXN0016880,2025-08-01,10:57:41,SKU1384,Store C,Retail,1.0,0.913,0.7363,0.1767,0.4648,0.2715,0.0,0.0,False
ROW00039277,TXN0016881,2025-08-01,11:15:39,SKU0582,Store C,Retail,1.0,0.415,0.3347,0.0803,0.0913,0.2434,0.0,0.0,False
ROW00039303,TXN0016895,2025-08-01,12:32:34,SKU1259,Store C,Retail,1.0,2.905,2.3428,0.5622,1.3529,0.9899,0.0,0.0,False
ROW00039313,TXN0016900,2025-08-01,12:42:36,SKU0731,Store C,Retail,1.0,3.735,3.0121,0.7229,2.2078,0.8043,0.415,0.1,False
ROW00039325,TXN0016908,2025-08-01,13:21:47,SKU0157,Store C,Retail,1.0,0.913,0.7363,0.1767,0.3569,0.3794,0.0,0.0,False
ROW00039374,TXN0016928,2025-08-01,14:38:12,SKU0270,Store C,Retail,1.0,2.905,2.3428,0.5622,1.339,1.0037,0.0,0.0,False
ROW00039409,TXN0016941,2025-08-01,15:36:19,SKU1446,Store C,Retail,2.0,1.826,1.4726,0.3534,0.8964,0.5762,0.0,0.0,False
ROW00039506,TXN0016987,2025-08-01,19:28:21,SKU1326,Store C,Retail,1.0,1.411,1.1379,0.2731,0.6225,0.5154,0.0,0.0,False
ROW00039529,TXN0016991,2025-08-01,19:34:52,SKU1513,Store C,Retail,1.0,0.747,0.6024,0.1446,0.3818,0.2206,0.0,0.0,False
ROW00039559,TXN0017001,2025-08-02,13:16:11,SKU1741,Store A,Retail,1.0,0.083,0.083,0.0,0.083,0.0,0.0,0.0,False
ROW00039591,TXN0017017,2025-08-02,16:13:31,SKU0325,Store A,Retail,1.0,1.411,1.1379,0.2731,0.7178,0.4201,0.0,0.0,False
ROW00039656,TXN0017049,2025-08-02,14:27:44,SKU1228,Store B,Retail,1.0,1.162,0.9371,0.2249,0.5976,0.3395,0.166,0.125,False
ROW00039667,TXN0017052,2025-08-02,14:31:30,SKU0046,Store B,Retail,1.0,1.245,1.0041,0.2409,0.7055,0.2986,0.249,0.1667,False
ROW00039694,TXN0017065,2025-08-02,16:46:29,SKU0085,Store B,Retail,6.0,1.7928,1.4458,0.347,0.377,1.0688,0.1992,0.1,False
ROW00039704,TXN0017071,2025-08-02,18:19:57,SKU0514,Store B,Retail,1.0,0.996,0.8032,0.1928,0.3154,0.4878,0.0,0.0,False
ROW00039743,TXN0017094,2025-08-02,10:53:46,SKU1523,Store C,Retail,1.0,0.996,0.8032,0.1928,0.4316,0.3716,0.249,0.2,False
ROW00039777,TXN0017106,2025-08-02,12:59:37,SKU1408,Store C,Retail,1.0,1.494,1.2048,0.2892,0.7968,0.408,0.166,0.1,False
ROW00039806,TXN0017122,2025-08-02,14:19:38,SKU1455,Store C,Retail,2.0,1.992,1.6065,0.3855,0.6474,0.9591,0.0,0.0,False
ROW00039870,TXN0017145,2025-08-02,15:16:52,SKU0462,Store C,Retail,1.0,0.332,0.2678,0.0642,0.1079,0.1599,0.083,0.2,False
ROW00039935,TXN0017176,2025-08-02,16:43:40,SKU0756,Store C,Retail,1.0,0.249,0.2008,0.0482,0.0838,0.1169,0.0,0.0,False
ROW00039939,TXN0017179,2025-08-02,16:46:01,SKU0959,Store C,Retail,1.0,4.897,3.9492,0.9478,2.158,1.7912,0.0,0.0,False
ROW00039941,TXN0017180,2025-08-02,16:46:30,SKU1686,Store C,Retail,3.0,4.233,3.4137,0.8193,1.6932,1.7205,0.0,0.0,False
ROW00039977,TXN0017199,2025-08-02,17:41:24,SKU0091,Store C,Retail,1.0,0.8217,0.6627,0.159,0.3735,0.2892,0.0913,0.1,False
ROW00040003,TXN0017209,2025-08-02,19:17:42,SKU1228,Store C,Retail,1.0,1.162,0.9371,0.2249,0.5976,0.3395,0.166,0.125,False
ROW00040032,TXN0017222,2025-08-03,14:58:50,SKU1066,Store A,Retail,1.0,1.245,1.0041,0.2409,0.5071,0.4969,0.0,0.0,False
ROW00040052,TXN0017232,2025-08-03,16:36:34,SKU1368,Store A,Retail,1.0,0.249,0.2008,0.0482,0.6059,-0.4051,0.996,0.8,False
ROW00040061,TXN0017233,2025-08-03,16:44:45,SKU1608,Store A,Retail,1.0,1.411,1.1379,0.2731,0.664,0.4739,0.0,0.0,False
ROW00040120,TXN0017262,2025-08-03,15:08:06,SKU1077,Store B,Retail,1.0,1.66,1.3387,0.3213,0.4756,0.8631,0.0,0.0,False
ROW00040146,TXN0017276,2025-08-03,16:51:53,SKU0169,Store B,Retail,2.0,0.664,0.5355,0.1285,0.2324,0.3031,0.0,0.0,False
ROW00040180,TXN0017299,2025-08-03,12:41:05,SKU0712,Store C,Retail,1.0,1.245,1.0041,0.2409,0.3071,0.697,0.0,0.0,False
ROW00040246,TXN0017322,2025-08-03,14:02:41,SKU1642,Store C,Retail,1.0,1.245,1.0041,0.2409,0.6391,0.365,0.0,0.0,False
ROW00040247,TXN0017322,2025-08-03,14:02:41,SKU1647,Store C,Retail,1.0,2.241,1.8072,0.4338,1.0624,0.7448,0.0,0.0,False
ROW00040249,TXN0017323,2025-08-03,14:09:13,SKU0045,Store C,Retail,1.0,2.49,2.0081,0.4819,1.66,0.3481,1.245,0.3333,False
ROW00040294,TXN0017347,2025-08-03,16:11:35,SKU0317,Store C,Retail,1.0,1.411,1.1379,0.2731,0.7177,0.4202,0.0,0.0,False
ROW00040320,TXN0017361,2025-08-03,16:40:19,SKU1062,Store C,Retail,1.0,0.166,0.1339,0.0321,0.0512,0.0827,0.083,0.3333,False
ROW00040330,TXN0017364,2025-08-03,16:43:09,SKU1066,Store C,Retail,2.0,2.49,2.0081,0.4819,1.0143,0.9938,0.0,0.0,False
ROW00040370,TXN0017382,2025-08-04,11:49:55,SKU0140,Store A,Retail,1.0,1.66,1.3387,0.3213,0.7719,0.5668,0.0,0.0,False
ROW00040398,TXN0017394,2025-08-04,14:32:07,SKU1323,Store A,Retail,1.0,1.2699,1.0241,0.2458,0.6225,0.4016,0.1411,0.1,False
ROW00040413,TXN0017402,2025-08-04,16:20:56,SKU0582,Store A,Retail,1.0,0.415,0.3347,0.0803,0.0913,0.2434,0.0,0.0,False
ROW00040471,TXN0017436,2025-08-04,13:02:41,SKU1294,Store B,Retail,1.0,0.166,0.1339,0.0321,0.0747,0.0592,0.083,0.3333,False
ROW00040480,TXN0017442,2025-08-04,13:57:26,SKU1610,Store B,Retail,1.0,1.411,1.1379,0.2731,0.664,0.4739,0.0,0.0,False
ROW00040514,TXN0017462,2025-08-04,16:35:26,SKU0711,Store B,Retail,1.0,0.747,0.6024,0.1446,0.2905,0.3119,0.0,0.0,False
ROW00040562,TXN0017486,2025-08-04,10:10:30,SKU1741,Store C,Retail,1.0,0.083,0.083,0.0,0.083,0.0,0.0,0.0,False
ROW00040580,TXN0017496,2025-08-04,12:21:03,SKU0260,Store C,Retail,1.0,1.826,1.4726,0.3534,0.7171,0.7555,0.0,0.0,False
ROW00040611,TXN0017513,2025-08-04,14:19:46,SKU0476,Store C,Retail,1.0,1.162,0.9371,0.2249,0.5146,0.4225,0.0,0.0,False
ROW00040709,TXN0017556,2025-08-04,17:06:11,SKU1321,Store C,Retail,1.0,1.411,1.1379,0.2731,0.6225,0.5154,0.0,0.0,False
ROW00040720,TXN0017563,2025-08-04,18:08:21,SKU0157,Store C,Retail,1.0,0.913,0.7363,0.1767,0.3569,0.3794,0.0,0.0,False
ROW00040721,TXN0017563,2025-08-04,18:08:21,SKU1485,Store C,Retail,5.0,1.245,1.0041,0.2409,0.6391,0.365,0.0,0.0,False
ROW00040726,TXN0017565,2025-08-04,18:17:44,SKU1687,Store C,Retail,1.0,0.747,0.6024,0.1446,0.3486,0.2538,0.0,0.0,False
ROW00040771,TXN0017581,2025-08-05,12:01:27,SKU0455,Store A,Retail,1.0,0.498,0.4016,0.0964,0.2158,0.1858,0.0,0.0,False
ROW00040791,TXN0017589,2025-08-05,12:49:37,SKU1609,Store A,Retail,1.0,1.411,1.1379,0.2731,0.664,0.4739,0.0,0.0,False
ROW00040811,TXN0017595,2025-08-05,14:21:33,SKU1384,Store A,Retail,2.0,1.826,1.4726,0.3534,0.9296,0.543,0.0,0.0,False
ROW00040821,TXN0017597,2025-08-05,14:55:16,SKU0841,Store A,Retail,1.0,0.2905,0.2343,0.0562,0.2241,0.0102,0.0,0.0,False
ROW00040844,TXN0017608,2025-08-05,16:56:38,SKU1014,Store A,Retail,1.0,1.494,1.2048,0.2892,0.415,0.7898,0.0,0.0,False
ROW00040903,TXN0017637,2025-08-05,19:36:16,SKU0325,Store A,Retail,1.0,1.411,1.1379,0.2731,0.7178,0.4201,0.0,0.0,False
ROW00040947,TXN0017657,2025-08-05,11:58:38,SKU0100,Store B,Retail,2.0,0.498,0.4016,0.0964,0.1487,0.2529,0.0,0.0,False
ROW00040983,TXN0017667,2025-08-05,13:59:31,SKU1609,Store B,Retail,1.0,1.411,1.1379,0.2731,0.664,0.4739,0.0,0.0,False
ROW00040985,TXN0017668,2025-08-05,14:00:19,SKU0581,Store B,Retail,1.0,11.537,9.3041,2.2329,4.233,5.0711,0.0,0.0,False
ROW00040989,TXN0017669,2025-08-05,14:04:04,SKU1398,Store B,Retail,1.0,0.249,0.2008,0.0482,0.0743,0.1265,0.0,0.0,False
ROW00041071,TXN0017709,2025-08-05,18:40:15,SKU1090,Store B,Retail,1.0,2.407,1.9411,0.4659,1.4168,0.5243,0.0,0.0,False
ROW00041080,TXN0017712,2025-08-05,19:10:16,SKU0786,Store B,Retail,2.0,1.66,1.3387,0.3213,0.5636,0.7751,0.0,0.0,False
ROW00041110,TXN0017728,2025-08-05,10:02:18,SKU1605,Store C,Retail,1.0,0.9296,0.7497,0.1799,0.6225,0.1272,0.2324,0.2,False
ROW00041147,TXN0017749,2025-08-05,13:23:26,SKU1411,Store C,Retail,1.0,2.905,2.3428,0.5622,1.4027,0.9401,0.0,0.0,False
ROW00041180,TXN0017763,2025-08-05,15:05:53,SKU0499,Store C,Retail,3.0,1.245,1.0041,0.2409,0.6225,0.3816,3.735,0.75,False
ROW00041194,TXN0017768,2025-08-05,15:17:37,SKU0581,Store C,Retail,3.0,34.611,27.9121,6.6989,12.699,15.2131,0.0,0.0,False
ROW00041262,TXN0017790,2025-08-05,17:02:37,SKU1384,Store C,Retail,1.0,0.913,0.7363,0.1767,0.4648,0.2715,0.0,0.0,False
ROW00041308,TXN0017809,2025-08-05,19:02:22,SKU1369,Store C,Retail,1.0,0.415,0.3347,0.0803,0.5644,-0.2297,0.83,0.6667,False
ROW00041311,TXN0017809,2025-08-05,19:02:22,SKU1741,Store C,Retail,2.0,0.166,0.166,0.0,0.166,0.0,0.0,0.0,False
ROW00041323,TXN0017814,2025-08-05,11:12:00,SKU0702,Warehouse,Wholesale,12.0,7.0397,5.6772,1.3625,4.2031,1.4741,6.9043,0.4951,False
ROW00041361,TXN0017824,2025-08-06,13:28:05,SKU1427,Store A,Retail,1.0,0.913,0.7363,0.1767,0.4067,0.3296,0.0,0.0,False
ROW00041366,TXN0017825,2025-08-06,13:28:41,SKU1366,Store A,Retail,2.0,0.83,0.6694,0.1606,1.1288,-0.4594,1.66,0.6667,False
ROW00041377,TXN0017830,2025-08-06,14:24:19,SKU1615,Store A,Retail,1.0,1.411,1.1379,0.2731,0.664,0.4739,0.0,0.0,False
ROW00041397,TXN0017838,2025-08-06,16:42:16,SKU0841,Store A,Retail,1.0,0.2905,0.2343,0.0562,0.2241,0.0102,0.0,0.0,False
ROW00041468,TXN0017873,2025-08-06,11:13:01,SKU0174,Store B,Retail,12.0,16.6498,13.4272,3.2226,4.8804,8.5468,2.2742,0.1202,False
ROW00041471,TXN0017873,2025-08-06,11:13:01,SKU1077,Store B,Retail,2.0,2.9216,2.3561,0.5655,0.9512,1.4049,0.3984,0.12,False
ROW00041498,TXN0017882,2025-08-06,12:54:06,SKU1076,Store B,Retail,1.0,1.1205,0.9036,0.2169,0.3669,0.5368,0.1245,0.1,False
ROW00041525,TXN0017892,2025-08-06,13:43:50,SKU0444,Store B,Retail,1.0,0.332,0.2678,0.0642,0.0805,0.1872,0.0,0.0,False
ROW00041556,TXN0017904,2025-08-06,14:52:46,SKU1606,Store B,Retail,1.0,1.411,1.1379,0.2731,0.664,0.4739,0.0,0.0,False
ROW00041630,TXN0017942,2025-08-06,10:12:58,SKU1686,Store C,Retail,1.0,1.411,1.1379,0.2731,0.5644,0.5735,0.0,0.0,False
ROW00041670,TXN0017960,2025-08-06,13:32:07,SKU1592,Store C,Retail,1.0,1.162,0.9371,0.2249,0.5727,0.3644,0.0,0.0,False
ROW00041693,TXN0017971,2025-08-06,15:11:53,SKU1737,Store C,Retail,1.0,0.747,0.6024,0.1446,0.3071,0.2953,0.0,0.0,False
ROW00041708,TXN0017978,2025-08-06,15:43:30,SKU1686,Store C,Retail,1.0,1.411,1.1379,0.2731,0.5644,0.5735,0.0,0.0,False
ROW00041776,TXN0018016,2025-08-06,19:01:06,SKU1369,Store C,Retail,1.0,0.415,0.3347,0.0803,0.5644,-0.2297,0.83,0.6667,False
ROW00041789,TXN0018023,2025-08-06,15:08:24,SKU1107,Warehouse,Wholesale,50.0,6.225,5.0202,1.2048,4.98,0.0402,6.225,0.5,False
ROW00041807,TXN0018030,2025-08-07,12:20:51,SKU0152,Store A,Retail,1.0,0.332,0.2678,0.0642,0.1231,0.1447,0.0,0.0,False
ROW00041820,TXN0018035,2025-08-07,13:26:19,SKU0583,Store A,Retail,3.0,0.4482,0.3615,0.0867,0.0747,0.2868,0.0498,0.1,False
ROW00041823,TXN0018035,2025-08-07,13:26:19,SKU1332,Store A,Retail,1.0,1.3446,1.0844,0.2602,0.5229,0.5615,0.1494,0.1,False
ROW00041898,TXN0018061,2025-08-07,17:26:09,SKU1323,Store A,Retail,1.0,1.411,1.1379,0.2731,0.6225,0.5154,0.0,0.0,False
ROW00041912,TXN0018068,2025-08-07,17:50:21,SKU0317,Store A,Retail,1.0,1.411,1.1379,0.2731,0.7177,0.4202,0.0,0.0,False
ROW00041925,TXN0018072,2025-08-07,18:37:53,SKU1322,Store A,Retail,1.0,1.411,1.1379,0.2731,0.6225,0.5154,0.0,0.0,False
ROW00041992,TXN0018100,2025-08-07,14:07:36,SKU1081,Store B,Retail,1.0,1.245,1.0041,0.2409,0.3818,0.6223,0.0,0.0,False
ROW00042057,TXN0018121,2025-08-07,17:17:36,SKU1513,Store B,Retail,1.0,0.747,0.6024,0.1446,0.3818,0.2206,0.0,0.0,False
ROW00042079,TXN0018132,2025-08-07,18:06:21,SKU1368,Store B,Retail,12.0,0.996,0.8032,0.1928,7.2708,-6.4676,13.944,0.9333,False
ROW00042080,TXN0018132,2025-08-07,18:06:21,SKU1369,Store B,Retail,10.0,0.83,0.6694,0.1606,5.644,-4.9746,11.62,0.9333,False
ROW00042096,TXN0018140,2025-08-07,18:29:36,SKU1615,Store B,Retail,1.0,1.411,1.1379,0.2731,0.664,0.4739,0.0,0.0,False
ROW00042120,TXN0018151,2025-08-07,10:50:47,SKU0841,Store C,Retail,1.0,0.2905,0.2343,0.0562,0.2241,0.0102,0.0,0.0,False
ROW00042165,TXN0018171,2025-08-07,15:06:27,SKU1684,Store C,Retail,1.0,0.747,0.6024,0.1446,0.3444,0.258,0.0,0.0,False
ROW00042186,TXN0018186,2025-08-07,16:25:17,SKU1720,Store C,Retail,2.0,0.664,0.5355,0.1285,0.2213,0.3142,0.0,0.0,False
ROW00042237,TXN0018211,2025-08-07,18:31:47,SKU1739,Store C,Retail,1.0,0.747,0.6024,0.1446,0.3071,0.2953,0.0,0.0,False
ROW00042242,TXN0018214,2025-08-07,18:36:10,SKU0098,Store C,Retail,1.0,0.166,0.1339,0.0321,0.0743,0.0596,0.083,0.3333,False
ROW00042264,TXN0018226,2025-08-08,11:42:54,SKU0841,Store A,Retail,1.0,0.2905,0.2343,0.0562,0.2241,0.0102,0.0,0.0,False
ROW00042272,TXN0018228,2025-08-08,12:13:35,SKU1629,Store A,Retail,1.0,0.083,0.083,0.0,0.083,0.0,0.0,0.0,False
ROW00042359,TXN0018270,2025-08-08,17:22:08,SKU0189,Store A,Retail,1.0,0.249,0.2008,0.0482,0.0264,0.1744,0.0,0.0,False
ROW00042366,TXN0018274,2025-08-08,17:55:51,SKU1509,Store A,Retail,1.0,0.6723,0.5422,0.1301,0.3818,0.1604,0.0747,0.1,False
ROW00042374,TXN0018277,2025-08-08,18:37:36,SKU0917,Store A,Retail,2.0,1.7928,1.4458,0.347,0.7664,0.6794,0.1992,0.1,False
ROW00042379,TXN0018280,2025-08-08,18:44:20,SKU1322,Store A,Retail,1.0,1.2699,1.0241,0.2458,0.6225,0.4016,0.1411,0.1,False
ROW00042421,TXN0018295,2025-08-08,19:39:53,SKU0282,Store A,Retail,1.0,1.6434,1.3253,0.3181,0.83,0.4953,0.1826,0.1,False
ROW00042490,TXN0018316,2025-08-08,12:21:29,SKU1604,Store B,Retail,1.0,1.328,1.0709,0.2571,0.7885,0.2824,0.0,0.0,False
ROW00042492,TXN0018318,2025-08-08,12:24:59,SKU1369,Store B,Retail,1.0,0.415,0.3347,0.0803,0.5644,-0.2297,0.83,0.6667,False
ROW00042499,TXN0018322,2025-08-08,12:38:56,SKU0462,Store B,Retail,1.0,0.332,0.2678,0.0642,0.1079,0.1599,0.083,0.2,False
ROW00042585,TXN0018357,2025-08-08,17:00:53,SKU0042,Store B,Retail,1.0,2.49,2.0081,0.4819,1.66,0.3481,1.245,0.3333,False
ROW00042597,TXN0018364,2025-08-08,17:35:58,SKU0100,Store B,Retail,6.0,1.494,1.2048,0.2892,0.4462,0.7586,0.0,0.0,False
ROW00042647,TXN0018381,2025-08-08,19:57:07,SKU1066,Store B,Retail,1.0,1.245,1.0041,0.2409,0.5071,0.4969,0.0,0.0,False
ROW00042669,TXN0018391,2025-08-08,12:05:03,SKU1367,Store C,Retail,16.0,1.328,1.0709,0.2571,9.0304,-7.9595,18.592,0.9333,False
ROW00042692,TXN0018400,2025-08-08,14:19:30,SKU1678,Store C,Retail,1.0,0.332,0.2678,0.0642,0.2863,-0.0186,0.498,0.6,False
ROW00042728,TXN0018418,2025-08-08,17:53:07,SKU0635,Store C,Retail,2.0,3.984,3.2129,0.7711,1.4276,1.7853,0.0,0.0,False
ROW00042764,TXN0018438,2025-08-09,11:40:21,SKU1387,Store A,Retail,2.0,4.814,3.8822,0.9318,1.245,2.6372,0.0,0.0,False
ROW00042772,TXN0018442,2025-08-09,12:18:35,SKU0100,Store A,Retail,6.0,1.494,1.2048,0.2892,0.4462,0.7586,0.0,0.0,False
ROW00042791,TXN0018455,2025-08-09,14:10:55,SKU1510,Store A,Retail,1.0,0.747,0.6024,0.1446,0.3818,0.2206,0.0,0.0,False
ROW00042835,TXN0018471,2025-08-09,15:50:38,SKU1369,Store A,Retail,1.0,0.415,0.3347,0.0803,0.5644,-0.2297,0.83,0.6667,False
ROW00042951,TXN0018504,2025-08-09,14:41:31,SKU1107,Store B,Retail,1.0,0.249,0.2008,0.0482,0.0996,0.1012,0.0,0.0,False
ROW00042959,TXN0018507,2025-08-09,15:08:59,SKU1615,Store B,Retail,1.0,1.411,1.1379,0.2731,0.664,0.4739,0.0,0.0,False
ROW00042973,TXN0018515,2025-08-09,16:02:03,SKU1090,Store B,Retail,1.0,2.1663,1.747,0.4193,0.996,0.751,0.2407,0.1,False
ROW00043011,TXN0018535,2025-08-09,18:55:23,SKU0462,Store B,Retail,1.0,0.332,0.2678,0.0642,0.1079,0.1599,0.083,0.2,False
ROW00043016,TXN0018537,2025-08-09,19:04:14,SKU1327,Store B,Retail,1.0,1.411,1.1379,0.2731,0.6225,0.5154,0.0,0.0,False
ROW00043075,TXN0018550,2025-08-09,11:05:25,SKU0182,Store C,Retail,1.0,0.083,0.0669,0.0161,0.0193,0.0476,0.083,0.5,False
ROW00043083,TXN0018553,2025-08-09,11:20:55,SKU1084,Store C,Retail,2.0,2.49,2.0081,0.4819,0.6391,1.369,0.0,0.0,False
ROW00043135,TXN0018575,2025-08-09,13:44:34,SKU1688,Store C,Retail,1.0,0.747,0.6024,0.1446,0.3071,0.2953,0.0,0.0,False
ROW00043141,TXN0018576,2025-08-09,13:51:55,SKU1787,Store C,Retail,2.0,5.478,4.4178,1.0602,2.8054,1.6124,0.0,0.0,False
ROW00043236,TXN0018609,2025-08-09,16:28:38,SKU0564,Store C,Retail,1.0,1.245,1.0041,0.2409,0.4897,0.5144,0.0,0.0,False
ROW00043245,TXN0018612,2025-08-09,16:31:08,SKU0030,Store C,Retail,1.0,0.498,0.4016,0.0964,0.083,0.3186,0.0,0.0,False
ROW00043256,TXN0018615,2025-08-09,16:45:32,SKU1647,Store C,Retail,1.0,2.241,1.8072,0.4338,1.0624,0.7448,0.0,0.0,False
ROW00043257,TXN0018615,2025-08-09,16:45:32,SKU1648,Store C,Retail,1.0,1.992,1.6065,0.3855,0.9296,0.6769,0.0,0.0,False
ROW00043283,TXN0018629,2025-08-09,18:05:18,SKU1629,Store C,Retail,1.0,0.083,0.083,0.0,0.083,0.0,0.0,0.0,False
ROW00043347,TXN0018659,2025-08-10,16:18:04,SKU0477,Store A,Retail,1.0,0.83,0.6694,0.1606,0.2739,0.3955,0.0,0.0,False
ROW00043355,TXN0018663,2025-08-10,16:29:19,SKU1611,Store A,Retail,1.0,1.411,1.1379,0.2731,0.664,0.4739,0.0,0.0,False
ROW00043362,TXN0018666,2025-08-10,16:40:41,SKU0477,Store A,Retail,1.0,0.83,0.6694,0.1606,0.2739,0.3955,0.0,0.0,False
ROW00043409,TXN0018681,2025-08-10,18:53:27,SKU0810,Store A,Retail,3.0,0.747,0.6024,0.1446,0.1494,0.453,0.0,0.0,False
ROW00043425,TXN0018690,2025-08-10,13:19:12,SKU1795,Store B,Retail,1.0,8.715,7.0282,1.6868,4.4405,2.5877,0.0,0.0,False
ROW00043466,TXN0018704,2025-08-10,15:47:27,SKU1369,Store B,Retail,1.0,0.415,0.3347,0.0803,0.5644,-0.2297,0.83,0.6667,False
ROW00043506,TXN0018723,2025-08-10,18:50:57,SKU1608,Store B,Retail,1.0,1.411,1.1379,0.2731,0.664,0.4739,0.0,0.0,False
ROW00043555,TXN0018745,2025-08-10,14:02:34,SKU1795,Store C,Retail,1.0,8.715,7.0282,1.6868,4.4405,2.5877,0.0,0.0,False
ROW00043569,TXN0018749,2025-08-10,14:47:47,SKU0546,Store C,Retail,1.0,8.217,6.6266,1.5904,4.565,2.0616,0.0,0.0,False
ROW00043600,TXN0018760,2025-08-10,16:33:39,SKU1787,Store C,Retail,2.0,5.478,4.4178,1.0602,2.8054,1.6124,0.0,0.0,False
ROW00043654,TXN0018784,2025-08-11,15:49:27,SKU1329,Store A,Retail,2.0,2.988,2.4097,0.5783,1.3114,1.0983,0.0,0.0,False
ROW00043669,TXN0018790,2025-08-11,16:48:31,SKU0476,Store A,Retail,1.0,1.162,0.9371,0.2249,0.5146,0.4225,0.0,0.0,False
ROW00043707,TXN0018809,2025-08-11,12:47:35,SKU0007,Store B,Retail,1.0,0.581,0.4685,0.1125,0.2094,0.2591,0.0,0.0,False
ROW00043718,TXN0018814,2025-08-11,14:30:49,SKU1327,Store B,Retail,1.0,1.411,1.1379,0.2731,0.6225,0.5154,0.0,0.0,False
ROW00043759,TXN0018836,2025-08-11,17:02:02,SKU1090,Store B,Retail,1.0,2.407,1.9411,0.4659,0.996,0.9451,0.0,0.0,False
ROW00043786,TXN0018852,2025-08-11,19:05:45,SKU0153,Store B,Retail,1.0,0.332,0.2678,0.0642,0.1231,0.1447,0.0,0.0,False
ROW00043822,TXN0018864,2025-08-11,12:28:07,SKU0841,Store C,Retail,1.0,0.2905,0.2343,0.0562,0.2241,0.0102,0.0,0.0,False
ROW00043823,TXN0018864,2025-08-11,12:28:07,SKU1240,Store C,Retail,1.0,0.83,0.6694,0.1606,0.415,0.2544,0.332,0.2857,False
ROW00043867,TXN0018884,2025-08-11,15:05:40,SKU1678,Store C,Retail,1.0,0.332,0.2678,0.0642,0.2863,-0.0186,0.498,0.6,False
ROW00043918,TXN0018918,2025-08-11,19:39:48,SKU1228,Store C,Retail,2.0,2.324,1.8742,0.4498,1.1952,0.679,0.332,0.125,False
ROW00043938,TXN0018930,2025-08-12,12:23:40,SKU1787,Store A,Retail,1.0,2.1912,1.7671,0.4241,1.4027,0.3644,0.5478,0.2,False
ROW00043973,TXN0018938,2025-08-12,14:53:04,SKU1327,Store A,Retail,1.0,1.411,1.1379,0.2731,0.6225,0.5154,0.0,0.0,False
ROW00044020,TXN0018962,2025-08-12,19:00:22,SKU0174,Store A,Retail,1.0,1.577,1.2718,0.3052,0.4067,0.8651,0.0,0.0,False
ROW00044021,TXN0018962,2025-08-12,19:00:22,SKU0637,Store A,Retail,1.0,1.494,1.2048,0.2892,0.3984,0.8064,0.0,0.0,False
ROW00044059,TXN0018983,2025-08-12,13:39:33,SKU1666,Store B,Retail,1.0,1.245,1.0041,0.2409,0.3818,0.6223,0.0,0.0,False
ROW00044077,TXN0018988,2025-08-12,13:53:21,SKU1418,Store B,Retail,3.0,1.992,1.6065,0.3855,0.6972,0.9093,0.0,0.0,False
ROW00044128,TXN0019004,2025-08-12,14:48:27,SKU0098,Store B,Retail,1.0,0.166,0.1339,0.0321,0.0743,0.0596,0.083,0.3333,False
ROW00044186,TXN0019034,2025-08-12,16:58:34,SKU1546,Store B,Retail,1.0,0.747,0.6024,0.1446,0.3818,0.2206,0.0,0.0,False
ROW00044187,TXN0019035,2025-08-12,16:58:57,SKU0474,Store B,Retail,1.0,0.415,0.3347,0.0803,0.1826,0.1521,0.0,0.0,False
ROW00044194,TXN0019040,2025-08-12,17:22:51,SKU0108,Store B,Retail,1.0,0.913,0.7363,0.1767,0.3735,0.3628,0.0,0.0,False
ROW00044246,TXN0019059,2025-08-12,13:23:18,SKU0145,Store C,Retail,1.0,0.3735,0.3012,0.0723,0.1231,0.1781,0.0,0.0,False
ROW00044283,TXN0019070,2025-08-12,14:59:43,SKU1394,Store C,Retail,1.0,1.909,1.5395,0.3695,0.7138,0.8257,0.0,0.0,False
ROW00044316,TXN0019089,2025-08-12,18:48:06,SKU1686,Store C,Retail,3.0,3.8097,3.0723,0.7374,1.6932,1.3791,0.4233,0.1,False
ROW00044328,TXN0019094,2025-08-12,09:17:05,SKU1744,Warehouse,Wholesale,36.0,2.988,2.988,0.0,2.988,0.0,0.0,0.0,False
ROW00044340,TXN0019099,2025-08-13,14:16:47,SKU1327,Store A,Retail,1.0,1.411,1.1379,0.2731,0.6225,0.5154,0.0,0.0,False
ROW00044370,TXN0019111,2025-08-13,15:35:40,SKU1369,Store A,Retail,1.0,0.415,0.3347,0.0803,0.5644,-0.2297,0.83,0.6667,False
ROW00044388,TXN0019118,2025-08-13,17:09:14,SKU0583,Store A,Retail,3.0,0.498,0.4016,0.0964,0.0747,0.3269,0.0,0.0,False
ROW00044455,TXN0019158,2025-08-13,15:16:05,SKU0667,Store B,Retail,1.0,4.233,3.4137,0.8193,2.0451,1.3686,0.0,0.0,False
ROW00044461,TXN0019162,2025-08-13,15:42:43,SKU1323,Store B,Retail,1.0,1.411,1.1379,0.2731,0.6225,0.5154,0.0,0.0,False
ROW00044492,TXN0019177,2025-08-13,17:56:08,SKU1678,Store B,Retail,1.0,0.415,0.3347,0.0803,0.2863,0.0483,0.415,0.5,False
ROW00044519,TXN0019191,2025-08-13,12:21:37,SKU1642,Store C,Retail,1.0,1.245,1.0041,0.2409,0.6391,0.365,0.0,0.0,False
ROW00044570,TXN0019221,2025-08-13,18:21:43,SKU0841,Store C,Retail,1.0,0.2905,0.2343,0.0562,0.2241,0.0102,0.0,0.0,False
ROW00044579,TXN0019225,2025-08-13,19:01:13,SKU0169,Store C,Retail,1.0,0.332,0.2678,0.0642,0.1162,0.1516,0.0,0.0,False
ROW00044606,TXN0019240,2025-08-14,13:45:27,SKU1510,Store A,Retail,1.0,0.747,0.6024,0.1446,0.3818,0.2206,0.0,0.0,False
ROW00044614,TXN0019243,2025-08-14,13:59:28,SKU0745,Store A,Retail,1.0,1.8675,1.506,0.3615,0.9462,0.5598,0.2075,0.1,False
ROW00044648,TXN0019254,2025-08-14,14:59:00,SKU0152,Store A,Retail,1.0,0.3735,0.3012,0.0723,0.1231,0.1781,0.0,0.0,False
ROW00044671,TXN0019260,2025-08-14,17:29:55,SKU1739,Store A,Retail,1.0,0.747,0.6024,0.1446,0.3071,0.2953,0.0,0.0,False
ROW00044715,TXN0019285,2025-08-14,11:43:40,SKU1492,Store B,Retail,1.0,0.996,0.8032,0.1928,0.4897,0.3135,0.0,0.0,False
ROW00044730,TXN0019295,2025-08-14,13:44:02,SKU0082,Store B,Retail,1.0,0.249,0.2008,0.0482,0.054,0.1468,0.0,0.0,False
ROW00044746,TXN0019299,2025-08-14,13:53:42,SKU1174,Store B,Retail,1.0,0.6723,0.5422,0.1301,0.2573,0.2849,0.0747,0.1,False
ROW00044810,TXN0019335,2025-08-14,19:35:09,SKU1228,Store B,Retail,1.0,1.162,0.9371,0.2249,0.5976,0.3395,0.166,0.125,False
ROW00044830,TXN0019342,2025-08-14,11:56:03,SKU1462,Store C,Retail,1.0,0.996,0.8032,0.1928,0.4897,0.3135,0.0,0.0,False
ROW00044863,TXN0019359,2025-08-14,15:15:57,SKU1294,Store C,Retail,4.0,0.498,0.4016,0.0964,0.2988,0.1028,0.498,0.5,False
ROW00044887,TXN0019364,2025-08-14,16:08:51,SKU1502,Store C,Retail,1.0,0.83,0.6694,0.1606,0.2303,0.4391,0.0,0.0,False
ROW00044949,TXN0019400,2025-08-15,13:58:36,SKU1067,Store A,Retail,1.0,1.245,1.0041,0.2409,0.4872,0.5168,0.0,0.0,False
ROW00044956,TXN0019404,2025-08-15,14:57:38,SKU1643,Store A,Retail,1.0,1.245,1.0041,0.2409,0.6391,0.365,0.0,0.0,False
ROW00044994,TXN0019418,2025-08-15,18:47:55,SKU1678,Store A,Retail,2.0,0.83,0.6694,0.1606,0.5727,0.0967,0.83,0.5,False
ROW00045055,TXN0019446,2025-08-15,13:36:25,SKU0145,Store B,Retail,2.0,0.747,0.6024,0.1446,0.2462,0.3562,0.0,0.0,False
ROW00045072,TXN0019454,2025-08-15,14:39:20,SKU1787,Store B,Retail,1.0,2.739,2.2089,0.5301,1.4027,0.8062,0.0,0.0,False
ROW00045104,TXN0019472,2025-08-15,18:06:57,SKU0664,Store B,Retail,1.0,4.233,3.4137,0.8193,1.9123,1.5014,0.0,0.0,False
ROW00045109,TXN0019473,2025-08-15,18:13:54,SKU1249,Store B,Retail,2.0,1.494,1.2048,0.2892,0.6806,0.5242,0.0,0.0,False
ROW00045203,TXN0019522,2025-08-15,17:50:12,SKU0046,Store C,Retail,1.0,1.245,1.0041,0.2409,0.7055,0.2986,0.249,0.1667,False
ROW00045204,TXN0019522,2025-08-15,17:50:12,SKU0047,Store C,Retail,2.0,2.49,2.0081,0.4819,1.411,0.5971,0.498,0.1667,False
ROW00045211,TXN0019525,2025-08-15,19:31:47,SKU1321,Store C,Retail,1.0,1.411,1.1379,0.2731,0.6225,0.5154,0.0,0.0,False
ROW00045226,TXN0019533,2025-08-16,10:37:31,SKU1744,Store A,Retail,1.0,0.083,0.083,0.0,0.083,0.0,0.0,0.0,False
ROW00045294,TXN0019558,2025-08-16,15:40:44,SKU0145,Store A,Retail,1.0,0.3735,0.3012,0.0723,0.1231,0.1781,0.0,0.0,False
ROW00045300,TXN0019560,2025-08-16,15:56:11,SKU1615,Store A,Retail,1.0,1.411,1.1379,0.2731,0.664,0.4739,0.0,0.0,False
ROW00045305,TXN0019562,2025-08-16,16:06:39,SKU0736,Store A,Retail,1.0,2.324,1.8742,0.4498,1.0956,0.7786,0.0,0.0,False
ROW00045344,TXN0019574,2025-08-16,11:30:21,SKU0564,Store B,Retail,1.0,1.245,1.0041,0.2409,0.4897,0.5144,0.0,0.0,False
ROW00045383,TXN0019587,2025-08-16,12:48:43,SKU1663,Store B,Retail,2.0,4.814,3.8822,0.9318,2.0481,1.8341,0.0,0.0,False
ROW00045405,TXN0019594,2025-08-16,13:50:05,SKU1663,Store B,Retail,1.0,2.1663,1.747,0.4193,1.0241,0.7229,0.2407,0.1,False
ROW00045406,TXN0019594,2025-08-16,13:50:05,SKU1664,Store B,Retail,1.0,2.1663,1.747,0.4193,1.1321,0.6149,0.2407,0.1,False
ROW00045474,TXN0019629,2025-08-16,10:41:47,SKU1332,Store C,Retail,1.0,1.494,1.2048,0.2892,0.5727,0.6321,0.0,0.0,False
ROW00045519,TXN0019642,2025-08-16,13:43:28,SKU1720,Store C,Retail,1.0,0.332,0.2678,0.0642,0.1106,0.1571,0.0,0.0,False
ROW00045552,TXN0019658,2025-08-16,14:33:02,SKU1033,Store C,Retail,1.0,1.162,0.9371,0.2249,0.4897,0.4474,0.0,0.0,False
ROW00045559,TXN0019659,2025-08-16,14:33:54,SKU1501,Store C,Retail,1.0,1.245,1.0041,0.2409,0.2905,0.7136,0.0,0.0,False
ROW00045562,TXN0019661,2025-08-16,14:53:19,SKU0534,Store C,Retail,1.0,1.0458,0.8434,0.2024,0.5561,0.2873,0.1162,0.1,False
ROW00045652,TXN0019701,2025-08-16,18:52:47,SKU1088,Store C,Retail,1.0,0.83,0.6694,0.1606,0.3652,0.3042,0.0,0.0,False
ROW00045685,TXN0019712,2025-08-17,12:50:55,SKU1686,Store A,Retail,1.0,1.411,1.1379,0.2731,0.5644,0.5735,0.0,0.0,False
ROW00045739,TXN0019736,2025-08-17,17:10:39,SKU0666,Store A,Retail,1.0,4.233,3.4137,0.8193,1.9123,1.5014,0.0,0.0,False
ROW00045751,TXN0019738,2025-08-17,17:13:32,SKU1332,Store A,Retail,1.0,1.494,1.2048,0.2892,0.5229,0.6819,0.0,0.0,False
ROW00045768,TXN0019745,2025-08-17,11:39:14,SKU1615,Store B,Retail,1.0,1.411,1.1379,0.2731,0.664,0.4739,0.0,0.0,False
ROW00045778,TXN0019749,2025-08-17,12:52:58,SKU0613,Store B,Retail,1.0,1.162,0.9371,0.2249,0.5561,0.381,0.0,0.0,False
ROW00045811,TXN0019767,2025-08-17,14:03:32,SKU0841,Store B,Retail,1.0,0.2905,0.2343,0.0562,0.2241,0.0102,0.0,0.0,False
ROW00045854,TXN0019784,2025-08-17,17:28:01,SKU1629,Store B,Retail,1.0,0.083,0.083,0.0,0.083,0.0,0.0,0.0,False
ROW00045882,TXN0019800,2025-08-17,10:28:17,SKU1228,Store C,Retail,1.0,1.162,0.9371,0.2249,0.5976,0.3395,0.166,0.125,False
ROW00045890,TXN0019806,2025-08-17,11:28:03,SKU0030,Store C,Retail,1.0,0.498,0.4016,0.0964,0.083,0.3186,0.0,0.0,False
ROW00045960,TXN0019845,2025-08-17,16:31:38,SKU0640,Store C,Retail,1.0,1.66,1.3387,0.3213,0.6201,0.7186,0.0,0.0,False
ROW00046003,TXN0019863,2025-08-17,17:49:58,SKU0543,Store C,Retail,1.0,1.494,1.2048,0.2892,0.6889,0.5159,0.0,0.0,False
ROW00046033,TXN0019872,2025-08-18,13:47:20,SKU0711,Store A,Retail,2.0,1.494,1.2048,0.2892,0.581,0.6238,0.0,0.0,False
ROW00046054,TXN0019884,2025-08-18,16:28:03,SKU0707,Store A,Retail,1.0,0.332,0.2678,0.0642,0.1743,0.0935,0.083,0.2,False
ROW00046073,TXN0019892,2025-08-18,17:29:45,SKU0524,Store A,Retail,1.0,1.328,1.0709,0.2571,0.5644,0.5065,0.0,0.0,False
ROW00046101,TXN0019905,2025-08-18,20:11:20,SKU0099,Store A,Retail,1.0,0.8217,0.6627,0.159,0.3735,0.2892,0.0913,0.1,False
ROW00046159,TXN0019930,2025-08-18,14:02:55,SKU1424,Store B,Retail,2.0,0.4482,0.3615,0.0867,0.1486,0.2129,0.0498,0.1,False
ROW00046206,TXN0019956,2025-08-18,16:36:57,SKU0527,Store B,Retail,1.0,2.324,1.8742,0.4498,1.1371,0.7371,0.0,0.0,False
ROW00046213,TXN0019958,2025-08-18,16:38:09,SKU0950,Store B,Retail,2.0,0.996,0.8032,0.1928,0.3486,0.4546,0.0,0.0,False
ROW00046226,TXN0019965,2025-08-18,16:43:33,SKU1776,Store B,Retail,1.0,1.245,1.0041,0.2409,0.9711,0.033,0.415,0.25,False
ROW00046235,TXN0019972,2025-08-18,17:33:02,SKU1228,Store B,Retail,1.0,1.162,0.9371,0.2249,0.5976,0.3395,0.166,0.125,False
ROW00046316,TXN0020007,2025-08-18,17:16:06,SKU1629,Store C,Retail,1.0,0.083,0.083,0.0,0.083,0.0,0.0,0.0,False
ROW00046318,TXN0020009,2025-08-18,17:42:02,SKU0030,Store C,Retail,1.0,0.498,0.4016,0.0964,0.083,0.3186,0.0,0.0,False
ROW00046356,TXN0020024,2025-08-19,10:47:45,SKU1511,Store A,Retail,1.0,0.747,0.6024,0.1446,0.3818,0.2206,0.0,0.0,False
ROW00046418,TXN0020056,2025-08-19,16:45:52,SKU0182,Store A,Retail,2.0,0.332,0.2678,0.0642,0.0385,0.2292,0.0,0.0,False
ROW00046422,TXN0020057,2025-08-19,17:02:44,SKU1624,Store A,Retail,1.0,1.2699,1.0241,0.2458,0.747,0.2771,0.1411,0.1,False
ROW00046445,TXN0020071,2025-08-19,19:22:54,SKU1323,Store A,Retail,1.0,1.411,1.1379,0.2731,0.6225,0.5154,0.0,0.0,False
ROW00046471,TXN0020081,2025-08-19,11:21:31,SKU1416,Store B,Retail,1.0,1.079,0.8702,0.2088,0.4777,0.3925,0.0,0.0,False
ROW00046472,TXN0020082,2025-08-19,11:34:06,SKU0463,Store B,Retail,1.0,0.498,0.4016,0.0964,0.1577,0.2439,0.0,0.0,False
ROW00046498,TXN0020091,2025-08-19,13:08:42,SKU1678,Store B,Retail,2.0,0.83,0.6694,0.1606,0.5727,0.0967,0.83,0.5,False
ROW00046499,TXN0020092,2025-08-19,13:09:25,SKU1615,Store B,Retail,1.0,1.411,1.1379,0.2731,0.664,0.4739,0.0,0.0,False
ROW00046616,TXN0020152,2025-08-19,12:05:39,SKU0321,Store C,Retail,1.0,1.411,1.1379,0.2731,0.7178,0.4201,0.0,0.0,False
ROW00046665,TXN0020172,2025-08-19,15:00:50,SKU0148,Store C,Retail,1.0,0.913,0.7363,0.1767,0.3569,0.3794,0.0,0.0,False
ROW00046704,TXN0020185,2025-08-19,16:27:09,SKU1332,Store C,Retail,1.0,1.494,1.2048,0.2892,0.5727,0.6321,0.0,0.0,False
ROW00046709,TXN0020189,2025-08-19,17:10:45,SKU0010,Store C,Retail,5.0,0.83,0.6694,0.1606,0.0751,0.5943,0.0,0.0,False
ROW00046740,TXN0020200,2025-08-19,16:38:58,SKU1787,Warehouse,Wholesale,48.0,112.6356,90.8352,21.8004,67.3296,23.5056,18.8364,0.1433,False
ROW00046776,TXN0020218,2025-08-20,14:48:56,SKU0438,Store A,Retail,2.0,0.498,0.4016,0.0964,0.0528,0.3488,0.0,0.0,False
ROW00046795,TXN0020219,2025-08-20,15:11:53,SKU1236,Store A,Retail,1.0,1.1205,0.9036,0.2169,0.4897,0.4139,0.1245,0.1,False
ROW00046798,TXN0020219,2025-08-20,15:11:53,SKU1424,Store A,Retail,1.0,0.2241,0.1807,0.0434,0.0743,0.1064,0.0249,0.1,False
ROW00046819,TXN0020226,2025-08-20,17:02:03,SKU1678,Store A,Retail,1.0,0.415,0.3347,0.0803,0.2863,0.0483,0.415,0.5,False
ROW00046875,TXN0020257,2025-08-20,13:52:58,SKU0946,Store B,Retail,1.0,2.075,1.6734,0.4016,0.415,1.2584,0.0,0.0,False
ROW00046888,TXN0020263,2025-08-20,14:03:22,SKU1332,Store B,Retail,1.0,1.494,1.2048,0.2892,0.5229,0.6819,0.0,0.0,False
ROW00046926,TXN0020279,2025-08-20,16:17:08,SKU1107,Store B,Retail,2.0,0.498,0.4016,0.0964,0.1992,0.2024,0.0,0.0,False
ROW00046957,TXN0020295,2025-08-20,17:16:07,SKU1518,Store B,Retail,1.0,0.6723,0.5422,0.1301,0.3818,0.1604,0.0747,0.1,False
ROW00046986,TXN0020313,2025-08-20,12:34:57,SKU0841,Store C,Retail,1.0,0.2905,0.2343,0.0562,0.1909,0.0434,0.0,0.0,False
ROW00047008,TXN0020325,2025-08-20,14:51:46,SKU0007,Store C,Retail,1.0,0.581,0.4685,0.1125,0.2094,0.2591,0.0,0.0,False
ROW00047016,TXN0020329,2025-08-20,15:29:10,SKU1619,Store C,Retail,1.0,1.411,1.1379,0.2731,0.664,0.4739,0.0,0.0,False
ROW00047027,TXN0020336,2025-08-20,16:06:31,SKU1155,Store C,Retail,1.0,1.577,1.2718,0.3052,1.3486,-0.0768,1.079,0.4062,False
ROW00047103,TXN0020372,2025-08-21,10:53:59,SKU1592,Store A,Retail,1.0,1.162,0.9371,0.2249,0.5727,0.3644,0.0,0.0,False
ROW00047148,TXN0020388,2025-08-21,14:26:01,SKU0518,Store A,Retail,1.0,0.581,0.4685,0.1125,0.2229,0.2456,0.0,0.0,False
ROW00047170,TXN0020398,2025-08-21,15:36:14,SKU1240,Store A,Retail,1.0,1.162,0.9371,0.2249,0.415,0.5221,0.0,0.0,False
ROW00047216,TXN0020413,2025-08-21,17:46:42,SKU0455,Store A,Retail,1.0,0.498,0.4016,0.0964,0.2158,0.1858,0.0,0.0,False
ROW00047226,TXN0020416,2025-08-21,18:09:13,SKU1628,Store A,Retail,1.0,5.6772,4.5784,1.0988,3.0544,1.524,0.6308,0.1,False
ROW00047246,TXN0020426,2025-08-21,12:41:32,SKU1609,Store B,Retail,1.0,1.411,1.1379,0.2731,0.664,0.4739,0.0,0.0,False
ROW00047289,TXN0020444,2025-08-21,16:43:53,SKU1369,Store B,Retail,2.0,0.83,0.6694,0.1606,1.1288,-0.4594,1.66,0.6667,False
ROW00047315,TXN0020454,2025-08-21,17:57:25,SKU1079,Store B,Retail,1.0,1.577,1.2718,0.3052,0.3776,0.8942,0.0,0.0,False
ROW00047332,TXN0020465,2025-08-21,11:28:38,SKU1615,Store C,Retail,1.0,1.411,1.1379,0.2731,0.664,0.4739,0.0,0.0,False
ROW00047358,TXN0020479,2025-08-21,14:31:35,SKU0544,Store C,Retail,1.0,1.494,1.2048,0.2892,0.6889,0.5159,0.0,0.0,False
ROW00047370,TXN0020482,2025-08-21,14:55:02,SKU1079,Store C,Retail,1.0,1.577,1.2718,0.3052,0.3776,0.8942,0.0,0.0,False
ROW00047452,TXN0020517,2025-08-22,13:27:35,SKU0541,Store A,Retail,1.0,2.075,1.6734,0.4016,0.9877,0.6857,0.0,0.0,False
ROW00047471,TXN0020526,2025-08-22,15:16:07,SKU1410,Store A,Retail,1.0,1.494,1.2048,0.2892,0.7968,0.408,0.166,0.1,False
ROW00047482,TXN0020532,2025-08-22,17:03:58,SKU1369,Store A,Retail,10.0,2.49,2.0081,0.4819,5.644,-3.6359,9.96,0.8,False
ROW00047491,TXN0020536,2025-08-22,17:21:10,SKU1323,Store A,Retail,1.0,1.411,1.1379,0.2731,0.6225,0.5154,0.0,0.0,False
ROW00047500,TXN0020540,2025-08-22,17:40:01,SKU1408,Store A,Retail,1.0,1.66,1.3387,0.3213,0.7968,0.5419,0.0,0.0,False
ROW00047558,TXN0020562,2025-08-22,10:38:31,SKU1082,Store B,Retail,1.0,1.245,1.0041,0.2409,0.3735,0.6306,0.0,0.0,False
ROW00047573,TXN0020566,2025-08-22,12:10:58,SKU1090,Store B,Retail,1.0,2.407,1.9411,0.4659,0.996,0.9451,0.0,0.0,False
ROW00047621,TXN0020588,2025-08-22,14:36:25,SKU0455,Store B,Retail,1.0,0.4482,0.3615,0.0867,0.2158,0.1457,0.0498,0.1,False
ROW00047653,TXN0020604,2025-08-22,17:07:32,SKU0476,Store B,Retail,1.0,1.162,0.9371,0.2249,0.5146,0.4225,0.0,0.0,False
ROW00047689,TXN0020620,2025-08-22,11:27:04,SKU1629,Store C,Retail,1.0,0.083,0.083,0.0,0.083,0.0,0.0,0.0,False
ROW00047695,TXN0020623,2025-08-22,12:30:18,SKU1067,Store C,Retail,1.0,1.245,1.0041,0.2409,0.4872,0.5168,0.0,0.0,False
ROW00047728,TXN0020637,2025-08-22,14:32:19,SKU0098,Store C,Retail,1.0,0.166,0.1339,0.0321,0.0743,0.0596,0.083,0.3333,False
ROW00047775,TXN0020663,2025-08-22,09:56:45,SKU1367,Warehouse,Wholesale,-8.0,-4.1168,-3.32,-0.7968,-4.5152,1.1952,-5.8432,0.5867,True
ROW00047794,TXN0020672,2025-08-23,13:16:05,SKU1686,Store A,Retail,1.0,1.411,1.1379,0.2731,0.5644,0.5735,0.0,0.0,False
ROW00047834,TXN0020685,2025-08-23,14:51:46,SKU0152,Store A,Retail,2.0,0.6723,0.5422,0.1301,0.2462,0.296,0.0747,0.1,False
ROW00047866,TXN0020700,2025-08-23,16:14:27,SKU0115,Store A,Retail,1.0,0.747,0.6024,0.1446,0.3403,0.2621,0.0,0.0,False
ROW00047904,TXN0020718,2025-08-23,19:42:15,SKU0153,Store A,Retail,1.0,0.3735,0.3012,0.0723,0.1231,0.1781,0.0,0.0,False
ROW00047912,TXN0020722,2025-08-23,19:51:32,SKU0711,Store A,Retail,1.0,0.747,0.6024,0.1446,0.2905,0.3119,0.0,0.0,False
ROW00047921,TXN0020727,2025-08-23,12:02:51,SKU0731,Store B,Retail,1.0,3.735,3.0121,0.7229,2.2078,0.8043,0.415,0.1,False
ROW00047966,TXN0020747,2025-08-23,15:13:44,SKU0047,Store B,Retail,2.0,2.49,2.0081,0.4819,1.411,0.5971,0.498,0.1667,False
ROW00047971,TXN0020749,2025-08-23,15:17:50,SKU0950,Store B,Retail,1.0,0.498,0.4016,0.0964,0.1743,0.2273,0.0,0.0,False
ROW00047999,TXN0020767,2025-08-23,10:46:26,SKU0098,Store C,Retail,1.0,0.166,0.1339,0.0321,0.0743,0.0596,0.083,0.3333,False
ROW00048014,TXN0020773,2025-08-23,11:59:37,SKU1485,Store C,Retail,5.0,1.245,1.0041,0.2409,0.6391,0.365,0.0,0.0,False
ROW00048075,TXN0020804,2025-08-23,14:58:52,SKU1602,Store C,Retail,1.0,1.328,1.0709,0.2571,0.7885,0.2824,0.0,0.0,False
ROW00048112,TXN0020822,2025-08-23,17:29:38,SKU1483,Store C,Retail,1.0,0.747,0.6024,0.1446,0.5312,0.0712,0.498,0.4,False
ROW00048186,TXN0020856,2025-08-24,17:06:07,SKU1629,Store A,Retail,1.0,0.083,0.083,0.0,0.083,0.0,0.0,0.0,False
ROW00048205,TXN0020867,2025-08-24,14:03:58,SKU1323,Store A,Retail,3.0,4.233,3.4137,0.8193,1.8675,1.5462,0.0,0.0,False
ROW00048259,TXN0020901,2025-08-24,15:28:54,SKU1460,Store B,Retail,1.0,1.079,0.8702,0.2088,0.5644,0.3058,0.0,0.0,False
ROW00048281,TXN0020914,2025-08-24,17:12:48,SKU1688,Store B,Retail,1.0,0.913,0.7363,0.1767,0.3071,0.4292,0.0,0.0,False
ROW00048289,TXN0020919,2025-08-24,18:20:49,SKU0711,Store B,Retail,1.0,0.747,0.6024,0.1446,0.2905,0.3119,0.0,0.0,False
ROW00048298,TXN0020923,2025-08-24,10:24:27,SKU1518,Store C,Retail,1.0,0.747,0.6024,0.1446,0.3818,0.2206,0.0,0.0,False
ROW00048322,TXN0020934,2025-08-24,11:48:16,SKU0085,Store C,Retail,1.0,0.332,0.2678,0.0642,0.0628,0.2049,0.0,0.0,False
ROW00048367,TXN0020947,2025-08-24,13:01:52,SKU1629,Store C,Retail,1.0,0.083,0.083,0.0,0.083,0.0,0.0,0.0,False
ROW00048396,TXN0020958,2025-08-24,14:39:08,SKU0841,Store C,Retail,1.0,0.2905,0.2343,0.0562,0.1909,0.0434,0.0,0.0,False
ROW00048399,TXN0020960,2025-08-24,14:42:18,SKU1249,Store C,Retail,1.0,0.747,0.6024,0.1446,0.3403,0.2621,0.0,0.0,False
ROW00048493,TXN0021001,2025-08-25,13:58:18,SKU0532,Store A,Retail,1.0,2.7639,2.229,0.5349,0.9794,1.2496,0.3071,0.1,False
ROW00048533,TXN0021013,2025-08-25,16:28:14,SKU1524,Store A,Retail,1.0,1.66,1.3387,0.3213,0.7885,0.5502,0.0,0.0,False
ROW00048542,TXN0021020,2025-08-25,17:53:42,SKU0731,Store A,Retail,1.0,3.735,3.0121,0.7229,2.2078,0.8043,0.415,0.1,False
ROW00048567,TXN0021034,2025-08-25,19:47:48,SKU1387,Store A,Retail,1.0,2.407,1.9411,0.4659,0.6225,1.3186,0.0,0.0,False
ROW00048592,TXN0021045,2025-08-25,12:17:09,SKU0108,Store B,Retail,1.0,0.913,0.7363,0.1767,0.3735,0.3628,0.0,0.0,False
ROW00048594,TXN0021045,2025-08-25,12:17:09,SKU1107,Store B,Retail,2.0,0.498,0.4016,0.0964,0.1992,0.2024,0.0,0.0,False
ROW00048636,TXN0021070,2025-08-25,16:03:44,SKU0152,Store B,Retail,1.0,0.3735,0.3012,0.0723,0.1231,0.1781,0.0,0.0,False
ROW00048689,TXN0021098,2025-08-25,19:43:22,SKU0707,Store B,Retail,1.0,0.332,0.2678,0.0642,0.1743,0.0935,0.083,0.2,False
ROW00048722,TXN0021111,2025-08-25,14:08:44,SKU0153,Store C,Retail,1.0,0.3735,0.3012,0.0723,0.1231,0.1781,0.0,0.0,False
ROW00048742,TXN0021119,2025-08-25,15:07:05,SKU0153,Store C,Retail,2.0,0.747,0.6024,0.1446,0.2462,0.3562,0.0,0.0,False
ROW00048746,TXN0021120,2025-08-25,15:08:06,SKU0756,Store C,Retail,3.0,0.249,0.2008,0.0482,0.2515,-0.0507,0.498,0.6667,False
ROW00048766,TXN0021131,2025-08-25,17:03:13,SKU1790,Store C,Retail,1.0,2.739,2.2089,0.5301,1.4027,0.8062,0.0,0.0,False
ROW00048810,TXN0021148,2025-08-25,12:39:50,SKU1366,Warehouse,Wholesale,209.0,17.347,13.9895,3.3575,117.9596,-103.9701,242.858,0.9333,False
ROW00048853,TXN0021167,2025-08-26,15:35:55,SKU0740,Store A,Retail,1.0,2.656,2.1419,0.5141,2.0833,0.0586,1.494,0.36,False
ROW00048857,TXN0021170,2025-08-26,16:21:46,SKU1404,Store A,Retail,1.0,0.996,0.8032,0.1928,0.3726,0.4306,0.0,0.0,False
ROW00048864,TXN0021173,2025-08-26,16:59:32,SKU1741,Store A,Retail,1.0,0.083,0.083,0.0,0.083,0.0,0.0,0.0,False
ROW00048917,TXN0021195,2025-08-26,12:04:49,SKU0108,Store B,Retail,1.0,0.913,0.7363,0.1767,0.3735,0.3628,0.0,0.0,False
ROW00048941,TXN0021207,2025-08-26,14:49:43,SKU1322,Store B,Retail,1.0,1.411,1.1379,0.2731,0.6225,0.5154,0.0,0.0,False
ROW00048954,TXN0021215,2025-08-26,15:29:48,SKU1524,Store B,Retail,7.0,11.62,9.3709,2.2491,5.5195,3.8514,0.0,0.0,False
ROW00048983,TXN0021232,2025-08-26,16:48:27,SKU1608,Store B,Retail,1.0,1.411,1.1379,0.2731,0.664,0.4739,0.0,0.0,False
ROW00049028,TXN0021247,2025-08-26,18:28:34,SKU1394,Store B,Retail,1.0,2.075,1.6734,0.4016,0.7138,0.9596,0.0,0.0,False
ROW00049067,TXN0021261,2025-08-26,11:14:48,SKU0841,Store C,Retail,1.0,0.2905,0.2343,0.0562,0.1909,0.0434,0.0,0.0,False
ROW00049120,TXN0021291,2025-08-26,18:09:46,SKU1424,Store C,Retail,2.0,0.498,0.4016,0.0964,0.1486,0.2531,0.0,0.0,False
ROW00049134,TXN0021297,2025-08-26,19:10:15,SKU1608,Store C,Retail,1.0,0.498,0.4016,0.0964,0.332,0.0696,0.913,0.6471,False
ROW00049156,TXN0021306,2025-08-26,10:44:49,SKU1787,Warehouse,Wholesale,48.0,112.6356,90.8352,21.8004,67.3296,23.5056,18.8364,0.1433,False
ROW00049182,TXN0021317,2025-08-27,12:09:34,SKU1779,Store A,Retail,1.0,2.158,1.7403,0.4177,1.1495,0.5908,0.166,0.0714,False
ROW00049202,TXN0021324,2025-08-27,14:09:36,SKU1482,Store A,Retail,1.0,1.1205,0.9036,0.2169,0.5312,0.3724,0.1245,0.1,False
ROW00049257,TXN0021347,2025-08-27,17:42:17,SKU1329,Store A,Retail,1.0,1.577,1.2718,0.3052,0.6557,0.6161,0.0,0.0,False
ROW00049273,TXN0021356,2025-08-27,20:22:09,SKU1416,Store A,Retail,1.0,1.079,0.8702,0.2088,0.4777,0.3925,0.0,0.0,False
ROW00049319,TXN0021385,2025-08-27,14:52:15,SKU1687,Store B,Retail,1.0,0.913,0.7363,0.1767,0.3486,0.3877,0.0,0.0,False
ROW00049357,TXN0021407,2025-08-27,16:00:30,SKU1321,Store B,Retail,2.0,2.822,2.2758,0.5462,1.245,1.0308,0.0,0.0,False
ROW00049368,TXN0021416,2025-08-27,16:22:52,SKU1033,Store B,Retail,1.0,1.162,0.9371,0.2249,0.4897,0.4474,0.0,0.0,False
ROW00049379,TXN0021422,2025-08-27,17:43:32,SKU1790,Store B,Retail,1.0,2.739,2.2089,0.5301,1.4027,0.8062,0.0,0.0,False
ROW00049409,TXN0021440,2025-08-27,13:52:05,SKU0532,Store C,Retail,1.0,3.071,2.4766,0.5944,0.9794,1.4972,0.0,0.0,False
ROW00049414,TXN0021441,2025-08-27,13:59:57,SKU1678,Store C,Retail,1.0,0.415,0.3347,0.0803,0.2863,0.0483,0.415,0.5,False
ROW00049426,TXN0021448,2025-08-27,15:50:06,SKU1790,Store C,Retail,1.0,2.739,2.2089,0.5301,1.4027,0.8062,0.0,0.0,False
ROW00049484,TXN0021476,2025-08-27,11:03:04,SKU1790,Warehouse,Wholesale,0.0,37.5492,30.2816,7.2676,0.0,30.2816,-37.5492,0.0,False
ROW00049503,TXN0021484,2025-08-28,13:39:28,SKU1369,Store A,Retail,1.0,0.415,0.3347,0.0803,0.5644,-0.2297,0.83,0.6667,False
ROW00049510,TXN0021486,2025-08-28,13:50:42,SKU0664,Store A,Retail,1.0,3.8097,3.0723,0.7374,2.0451,1.0272,0.4233,0.1,False
ROW00049517,TXN0021489,2025-08-28,14:12:26,SKU1795,Store A,Retail,1.0,7.8435,6.3254,1.5181,4.4405,1.8849,0.8715,0.1,False
ROW00049591,TXN0021524,2025-08-28,13:44:27,SKU0583,Store B,Retail,2.0,0.2988,0.2409,0.0579,0.0498,0.1911,0.0332,0.1,False
ROW00049594,TXN0021524,2025-08-28,13:44:27,SKU1427,Store B,Retail,2.0,1.6434,1.3253,0.3181,0.8134,0.5119,0.1826,0.1,False
ROW00049649,TXN0021542,2025-08-28,16:31:25,SKU1511,Store B,Retail,1.0,0.6723,0.5422,0.1301,0.3818,0.1604,0.0747,0.1,False
ROW00049684,TXN0021558,2025-08-28,13:19:12,SKU1368,Store C,Retail,1.0,0.249,0.2008,0.0482,0.6059,-0.4051,0.996,0.8,False
ROW00049697,TXN0021562,2025-08-28,14:14:56,SKU1261,Store C,Retail,1.0,1.079,0.8702,0.2088,0.5644,0.3058,0.0,0.0,False
ROW00049758,TXN0021590,2025-08-28,19:39:41,SKU1737,Store C,Retail,1.0,0.747,0.6024,0.1446,0.3071,0.2953,0.0,0.0,False
ROW00049822,TXN0021615,2025-08-29,15:20:21,SKU0810,Store A,Retail,4.0,0.8964,0.7229,0.1735,0.1992,0.5237,0.0996,0.1,False
ROW00049839,TXN0021620,2025-08-29,16:19:43,SKU1738,Store A,Retail,1.0,0.747,0.6024,0.1446,0.3071,0.2953,0.0,0.0,False
ROW00049857,TXN0021627,2025-08-29,17:41:12,SKU0182,Store A,Retail,3.0,0.498,0.4016,0.0964,0.0578,0.3439,0.0,0.0,False
ROW00049880,TXN0021642,2025-08-29,20:22:48,SKU0707,Store A,Retail,1.0,0.332,0.2678,0.0642,0.1743,0.0935,0.083,0.2,False
ROW00049964,TXN0021678,2025-08-29,17:29:53,SKU1108,Store B,Retail,2.0,29.797,24.0298,5.7672,14.3573,9.6725,0.0,0.0,False
ROW00049966,TXN0021679,2025-08-29,17:32:27,SKU0451,Store B,Retail,1.0,1.66,1.3387,0.3213,0.459,0.8797,0.0,0.0,False
ROW00049998,TXN0021695,2025-08-29,18:52:23,SKU0509,Store B,Retail,1.0,1.992,1.6065,0.3855,0.6432,0.9632,0.0,0.0,False
ROW00050002,TXN0021696,2025-08-29,18:53:18,SKU0583,Store B,Retail,2.0,0.332,0.2678,0.0642,0.0498,0.218,0.0,0.0,False
ROW00050021,TXN0021701,2025-08-29,11:52:28,SKU0841,Store C,Retail,1.0,0.2905,0.2343,0.0562,0.1909,0.0434,0.0,0.0,False
ROW00050032,TXN0021705,2025-08-29,12:16:21,SKU0841,Store C,Retail,1.0,0.2905,0.2343,0.0562,0.1909,0.0434,0.0,0.0,False
ROW00050069,TXN0021724,2025-08-29,14:59:32,SKU1502,Store C,Retail,2.0,1.66,1.3387,0.3213,0.4606,0.8781,0.0,0.0,False
ROW00050073,TXN0021727,2025-08-29,15:14:41,SKU1216,Store C,Retail,1.0,1.162,0.9371,0.2249,0.3619,0.5752,0.0,0.0,False
ROW00050139,TXN0021757,2025-08-29,16:19:02,SKU0653,Warehouse,Wholesale,120.0,192.8256,155.5045,37.3211,48.804,106.7005,26.2944,0.12,False
ROW00050154,TXN0021764,2025-08-30,12:47:04,SKU0692,Store A,Retail,1.0,0.498,0.4016,0.0964,0.21,0.1916,0.0,0.0,False
ROW00050210,TXN0021787,2025-08-30,14:31:11,SKU1686,Store A,Retail,1.0,1.411,1.1379,0.2731,0.5644,0.5735,0.0,0.0,False
ROW00050217,TXN0021789,2025-08-30,15:06:09,SKU0509,Store A,Retail,1.0,1.992,1.6065,0.3855,0.6432,0.9632,0.0,0.0,False
ROW00050230,TXN0021794,2025-08-30,15:41:35,SKU1666,Store A,Retail,1.0,0.996,0.8032,0.1928,0.3818,0.4214,0.249,0.2,False
ROW00050291,TXN0021827,2025-08-30,18:45:49,SKU0001,Store A,Retail,2.0,0.332,0.2678,0.0642,0.0867,0.1811,0.0,0.0,False
ROW00050301,TXN0021829,2025-08-30,18:47:25,SKU0001,Store A,Retail,1.0,0.1494,0.1205,0.0289,0.0433,0.0772,0.0166,0.1,False
ROW00050331,TXN0021840,2025-08-30,11:23:00,SKU1615,Store B,Retail,1.0,1.2699,1.0241,0.2458,0.664,0.3601,0.1411,0.1,False
ROW00050361,TXN0021851,2025-08-30,14:00:05,SKU1369,Store B,Retail,1.0,0.415,0.3347,0.0803,0.5644,-0.2297,0.83,0.6667,False
ROW00050381,TXN0021860,2025-08-30,15:17:42,SKU0666,Store B,Retail,1.0,3.8097,3.0723,0.7374,1.9123,1.16,0.4233,0.1,False
ROW00050386,TXN0021864,2025-08-30,16:03:04,SKU1330,Store B,Retail,6.0,9.462,7.6306,1.8314,3.9342,3.6964,0.0,0.0,False
ROW00050442,TXN0021895,2025-08-30,10:21:41,SKU0081,Store C,Retail,1.0,1.66,1.3387,0.3213,0.6225,0.7162,0.0,0.0,False
ROW00050447,TXN0021897,2025-08-30,10:23:49,SKU1461,Store C,Retail,1.0,0.996,0.8032,0.1928,0.4897,0.3135,0.0,0.0,False
ROW00050452,TXN0021897,2025-08-30,10:23:49,SKU1629,Store C,Retail,4.0,0.332,0.332,0.0,0.332,0.0,0.0,0.0,False
ROW00050506,TXN0021924,2025-08-30,13:50:12,SKU0841,Store C,Retail,1.0,0.2905,0.2343,0.0562,0.1909,0.0434,0.0,0.0,False
ROW00050527,TXN0021930,2025-08-30,14:13:56,SKU1629,Store C,Retail,1.0,0.083,0.083,0.0,0.083,0.0,0.0,0.0,False
ROW00050548,TXN0021936,2025-08-30,15:01:58,SKU1492,Store C,Retail,2.0,1.992,1.6065,0.3855,0.9794,0.6271,0.0,0.0,False
ROW00050598,TXN0021959,2025-08-30,17:39:59,SKU0172,Store C,Retail,1.0,1.162,0.9371,0.2249,0.3486,0.5885,0.0,0.0,False
ROW00050658,TXN0021983,2025-08-31,12:19:35,SKU0174,Store A,Retail,1.0,1.577,1.2718,0.3052,0.4067,0.8651,0.0,0.0,False
ROW00050733,TXN0022010,2025-08-31,15:08:47,SKU0731,Store A,Retail,2.0,8.3,6.6935,1.6065,4.4156,2.2779,0.0,0.0,False
ROW00050753,TXN0022019,2025-08-31,16:08:43,SKU1081,Store A,Retail,2.0,2.49,2.0081,0.4819,0.7636,1.2445,0.0,0.0,False
ROW00050764,TXN0022023,2025-08-31,16:34:27,SKU0317,Store A,Retail,1.0,1.411,1.1379,0.2731,0.7177,0.4202,0.0,0.0,False
ROW00050787,TXN0022034,2025-08-31,21:09:17,SKU1425,Store A,Retail,3.0,4.98,4.0161,0.9639,2.3904,1.6257,0.0,0.0,False
ROW00050798,TXN0022042,2025-08-31,12:21:41,SKU1506,Store B,Retail,1.0,0.9711,0.7831,0.188,0.4814,0.3017,0.1079,0.1,False
ROW00050836,TXN0022059,2025-08-31,14:06:29,SKU0804,Store B,Retail,1.0,1.1952,0.9639,0.2313,0.2739,0.69,0.1328,0.1,False
ROW00050870,TXN0022073,2025-08-31,16:22:52,SKU0153,Store B,Retail,1.0,0.3735,0.3012,0.0723,0.1231,0.1781,0.0,0.0,False
ROW00050903,TXN0022095,2025-08-31,17:51:19,SKU0153,Store B,Retail,1.0,0.332,0.2678,0.0642,0.1231,0.1447,0.0415,0.1111,False
ROW00050936,TXN0022111,2025-08-31,11:40:31,SKU0422,Store C,Retail,1.0,2.656,2.1419,0.5141,1.1952,0.9467,0.0,0.0,False
ROW00050959,TXN0022119,2025-08-31,12:18:33,SKU0692,Store C,Retail,4.0,1.992,1.6065,0.3855,0.84,0.7665,0.0,0.0,False
ROW00051036,TXN0022147,2025-08-31,14:27:01,SKU0681,Store C,Retail,3.0,3.486,2.8113,0.6747,1.2201,1.5912,0.0,0.0,False
ROW00051042,TXN0022148,2025-08-31,14:35:46,SKU1323,Store C,Retail,1.0,1.411,1.1379,0.2731,0.6225,0.5154,0.0,0.0,False
ROW00051049,TXN0022151,2025-08-31,15:14:39,SKU0784,Store C,Retail,2.0,1.66,1.3387,0.3213,0.8051,0.5336,0.0,0.0,False
ROW00051075,TXN0022166,2025-08-31,16:32:17,SKU0247,Store C,Retail,1.0,1.411,1.1379,0.2731,0.7719,0.366,0.0,0.0,False
ROW00051117,TXN0022184,2025-09-01,12:41:37,SKU0842,Store A,Retail,1.0,1.411,1.1379,0.2731,0.5395,0.5984,0.0,0.0,False
ROW00051122,TXN0022186,2025-09-01,12:46:12,SKU0169,Store A,Retail,1.0,0.2988,0.2409,0.0579,0.1162,0.1247,0.0332,0.1,False
ROW00051140,TXN0022191,2025-09-01,13:12:45,SKU0030,Store A,Retail,1.0,0.4482,0.3615,0.0867,0.083,0.2785,0.0498,0.1,False
ROW00051183,TXN0022209,2025-09-01,15:29:10,SKU0712,Store A,Retail,1.0,1.245,1.0041,0.2409,0.3071,0.697,0.0,0.0,False
ROW00051225,TXN0022225,2025-09-01,16:59:50,SKU0682,Store A,Retail,2.0,1.494,1.2048,0.2892,0.6308,0.574,0.166,0.1,False
ROW00051261,TXN0022236,2025-09-01,18:43:24,SKU1622,Store A,Retail,1.0,0.5976,0.4819,0.1157,0.2801,0.2018,0.0664,0.1,False
ROW00051278,TXN0022245,2025-09-01,19:08:12,SKU1616,Store A,Retail,1.0,1.411,1.1379,0.2731,0.664,0.4739,0.0,0.0,False
ROW00051312,TXN0022261,2025-09-01,11:31:32,SKU0543,Store B,Retail,1.0,1.494,1.2048,0.2892,0.6889,0.5159,0.0,0.0,False
ROW00051365,TXN0022285,2025-09-01,14:17:32,SKU1524,Store B,Retail,1.0,1.66,1.3387,0.3213,0.7885,0.5502,0.0,0.0,False
ROW00051414,TXN0022304,2025-09-01,16:38:00,SKU1062,Store B,Retail,2.0,0.332,0.2678,0.0642,0.1024,0.1653,0.166,0.3333,False
ROW00051435,TXN0022317,2025-09-01,18:24:06,SKU0842,Store B,Retail,1.0,1.2699,1.0241,0.2458,0.5395,0.4846,0.1411,0.1,False
ROW00051436,TXN0022317,2025-09-01,18:24:06,SKU1369,Store B,Retail,2.0,0.83,0.6694,0.1606,1.1288,-0.4594,1.66,0.6667,False
ROW00051506,TXN0022351,2025-09-01,14:15:04,SKU1476,Store C,Retail,1.0,1.245,1.0041,0.2409,0.5312,0.4729,0.0,0.0,False
ROW00051538,TXN0022364,2025-09-01,16:13:17,SKU0583,Store C,Retail,2.0,0.332,0.2678,0.0642,0.0501,0.2176,0.0,0.0,False
ROW00051559,TXN0022375,2025-09-01,18:01:11,SKU1741,Store C,Retail,1.0,0.083,0.083,0.0,0.083,0.0,0.0,0.0,False
ROW00051561,TXN0022377,2025-09-01,18:02:21,SKU1622,Store C,Retail,2.0,1.328,1.0709,0.2571,0.5602,0.5107,0.0,0.0,False
ROW00051597,TXN0022394,2025-09-01,13:15:48,SKU1763,Warehouse,Wholesale,1.0,3.7018,2.9853,0.7165,0.0,2.9853,-3.7018,0.0,False
ROW00051641,TXN0022414,2025-09-02,17:16:27,SKU0950,Store A,Retail,1.0,0.498,0.4016,0.0964,0.1743,0.2273,0.0,0.0,False
ROW00051650,TXN0022417,2025-09-02,17:27:36,SKU1613,Store A,Retail,1.0,1.411,1.1379,0.2731,0.664,0.4739,0.0,0.0,False
ROW00051674,TXN0022429,2025-09-02,19:41:09,SKU0711,Store A,Retail,2.0,1.494,1.2048,0.2892,0.581,0.6238,0.0,0.0,False
ROW00051687,TXN0022436,2025-09-02,13:32:07,SKU0731,Store B,Retail,1.0,3.735,3.0121,0.7229,2.2078,0.8043,0.415,0.1,False
ROW00051761,TXN0022475,2025-09-02,18:05:05,SKU1384,Store B,Retail,1.0,0.913,0.7363,0.1767,0.4648,0.2715,0.0,0.0,False
ROW00051763,TXN0022475,2025-09-02,18:05:05,SKU1629,Store B,Retail,1.0,0.083,0.083,0.0,0.083,0.0,0.0,0.0,False
ROW00051773,TXN0022481,2025-09-02,10:43:17,SKU1603,Store C,Retail,2.0,2.1248,1.7135,0.4113,1.577,0.1365,0.5312,0.2,False
ROW00051790,TXN0022488,2025-09-02,14:20:21,SKU0583,Store C,Retail,2.0,0.332,0.2678,0.0642,0.0501,0.2176,0.0,0.0,False
ROW00051822,TXN0022498,2025-09-02,10:13:08,SKU1664,Warehouse,Wholesale,80.0,172.0822,138.776,33.3062,90.5696,48.2064,20.4778,0.1063,False
ROW00051838,TXN0022501,2025-09-03,12:21:00,SKU0441,Store A,Retail,1.0,0.249,0.2008,0.0482,0.0243,0.1765,0.0,0.0,False
ROW00051875,TXN0022513,2025-09-03,14:54:56,SKU1744,Store A,Retail,1.0,0.083,0.083,0.0,0.083,0.0,0.0,0.0,False
ROW00051897,TXN0022525,2025-09-03,17:26:15,SKU0014,Store A,Retail,1.0,0.249,0.2008,0.0482,0.0747,0.1261,0.0,0.0,False
ROW00051912,TXN0022535,2025-09-03,18:59:21,SKU0802,Store A,Retail,1.0,1.577,1.2718,0.3052,0.6225,0.6493,0.0,0.0,False
ROW00051972,TXN0022567,2025-09-03,17:14:37,SKU0087,Store B,Retail,1.0,0.913,0.7363,0.1767,0.3735,0.3628,0.0,0.0,False
ROW00051976,TXN0022569,2025-09-03,17:38:32,SKU1604,Store B,Retail,1.0,1.1952,0.9639,0.2313,0.7885,0.1754,0.1328,0.1,False
ROW00052049,TXN0022606,2025-09-03,19:27:39,SKU0261,Store C,Retail,1.0,2.241,1.8072,0.4338,1.0043,0.8029,0.0,0.0,False
ROW00052071,TXN0022616,2025-09-04,13:42:07,SKU0635,Store A,Retail,1.0,1.992,1.6065,0.3855,0.7138,0.8927,0.0,0.0,False
ROW00052094,TXN0022628,2025-09-04,17:37:55,SKU0153,Store A,Retail,2.0,0.747,0.6024,0.1446,0.2462,0.3562,0.0,0.0,False
ROW00052130,TXN0022644,2025-09-04,11:42:08,SKU1332,Store B,Retail,1.0,1.494,1.2048,0.2892,0.5229,0.6819,0.0,0.0,False
ROW00052162,TXN0022656,2025-09-04,17:36:58,SKU1062,Store B,Retail,1.0,0.166,0.1339,0.0321,0.0512,0.0827,0.083,0.3333,False
ROW00052191,TXN0022674,2025-09-04,15:33:02,SKU0188,Store C,Retail,2.0,1.826,1.4726,0.3534,0.8134,0.6592,0.0,0.0,False
ROW00052217,TXN0022686,2025-09-04,18:50:47,SKU0524,Store C,Retail,1.0,1.328,1.0709,0.2571,0.5644,0.5065,0.0,0.0,False
ROW00052283,TXN0022714,2025-09-05,14:11:39,SKU0172,Store A,Retail,1.0,1.162,0.9371,0.2249,0.3486,0.5885,0.0,0.0,False
ROW00052327,TXN0022732,2025-09-05,18:46:16,SKU0802,Store A,Retail,1.0,1.4193,1.1446,0.2747,0.6225,0.5221,0.1577,0.1,False
ROW00052328,TXN0022733,2025-09-05,18:47:56,SKU0128,Store A,Retail,1.0,2.6892,2.1687,0.5205,1.3017,0.867,0.2988,0.1,False
ROW00052333,TXN0022734,2025-09-05,18:49:57,SKU0756,Store A,Retail,4.0,0.996,0.8032,0.1928,0.3353,0.4679,0.0,0.0,False
ROW00052377,TXN0022752,2025-09-05,14:02:41,SKU1013,Store B,Retail,1.0,1.328,1.0709,0.2571,0.4648,0.6061,0.166,0.1111,False
ROW00052411,TXN0022765,2025-09-05,16:08:01,SKU1369,Store B,Retail,1.0,0.415,0.3347,0.0803,0.5644,-0.2297,0.83,0.6667,False
ROW00052437,TXN0022775,2025-09-05,17:43:00,SKU1744,Store B,Retail,1.0,0.083,0.083,0.0,0.083,0.0,0.0,0.0,False
ROW00052451,TXN0022781,2025-09-05,18:01:47,SKU0682,Store B,Retail,1.0,0.83,0.6694,0.1606,0.3154,0.354,0.0,0.0,False
ROW00052495,TXN0022804,2025-09-05,11:06:44,SKU1014,Store C,Retail,1.0,1.494,1.2048,0.2892,0.415,0.7898,0.0,0.0,False
ROW00052524,TXN0022819,2025-09-05,16:25:51,SKU0541,Store C,Retail,1.0,2.075,1.6734,0.4016,0.9877,0.6857,0.0,0.0,False
ROW00052556,TXN0022833,2025-09-05,17:56:11,SKU0045,Store C,Retail,1.0,2.49,2.0081,0.4819,1.66,0.3481,1.245,0.3333,False
ROW00052605,TXN0022846,2025-09-05,19:45:25,SKU0444,Store C,Retail,1.0,0.415,0.3347,0.0803,0.0805,0.2541,0.0,0.0,False
ROW00052633,TXN0022858,2025-09-06,13:28:31,SKU0842,Store A,Retail,1.0,1.2699,1.0241,0.2458,0.5395,0.4846,0.1411,0.1,False
ROW00052642,TXN0022863,2025-09-06,14:24:17,SKU0085,Store A,Retail,2.0,0.5976,0.4819,0.1157,0.1257,0.3562,0.0664,0.1,False
ROW00052694,TXN0022883,2025-09-06,16:36:02,SKU0703,Store A,Retail,1.0,0.996,0.8032,0.1928,0.3403,0.4629,0.0,0.0,False
ROW00052706,TXN0022886,2025-09-06,16:50:22,SKU0803,Store A,Retail,1.0,1.328,1.0709,0.2571,0.2407,0.8302,0.0,0.0,False
ROW00052744,TXN0022902,2025-09-06,19:52:30,SKU1322,Store A,Retail,1.0,1.411,1.1379,0.2731,0.6225,0.5154,0.0,0.0,False
ROW00052755,TXN0022908,2025-09-06,11:08:46,SKU1492,Store B,Retail,1.0,0.996,0.8032,0.1928,0.4897,0.3135,0.0,0.0,False
ROW00052843,TXN0022943,2025-09-06,17:04:22,SKU1332,Store B,Retail,1.0,1.494,1.2048,0.2892,0.5229,0.6819,0.0,0.0,False
ROW00052859,TXN0022950,2025-09-06,18:26:32,SKU1322,Store B,Retail,1.0,1.2699,1.0241,0.2458,0.6225,0.4016,0.1411,0.1,False
ROW00052881,TXN0022960,2025-09-06,19:39:33,SKU0124,Store B,Retail,1.0,1.826,1.4726,0.3534,0.507,0.9656,0.0,0.0,False
ROW00052928,TXN0022979,2025-09-06,12:19:21,SKU0917,Store C,Retail,1.0,0.996,0.8032,0.1928,0.3832,0.42,0.0,0.0,False
ROW00052936,TXN0022980,2025-09-06,12:25:26,SKU0841,Store C,Retail,1.0,0.2905,0.2343,0.0562,0.1909,0.0434,0.0,0.0,False
ROW00052961,TXN0022987,2025-09-06,13:32:55,SKU0169,Store C,Retail,1.0,0.2988,0.2409,0.0579,0.1162,0.1247,0.0332,0.1,False
ROW00052969,TXN0022989,2025-09-06,14:07:09,SKU1513,Store C,Retail,2.0,1.494,1.2048,0.2892,0.7636,0.4412,0.0,0.0,False
ROW00052974,TXN0022993,2025-09-06,14:36:27,SKU0682,Store C,Retail,1.0,0.83,0.6694,0.1606,0.3154,0.354,0.0,0.0,False
ROW00053006,TXN0023007,2025-09-06,15:16:17,SKU1384,Store C,Retail,2.0,1.826,1.4726,0.3534,0.9296,0.543,0.0,0.0,False
ROW00053078,TXN0023044,2025-09-06,18:02:20,SKU0007,Store C,Retail,1.0,0.581,0.4685,0.1125,0.2094,0.2591,0.0,0.0,False
ROW00053129,TXN0023073,2025-09-07,13:51:38,SKU1077,Store A,Retail,2.0,3.32,2.6774,0.6426,1.3114,1.366,0.0,0.0,False
ROW00053145,TXN0023083,2025-09-07,14:11:48,SKU1510,Store A,Retail,1.0,0.747,0.6024,0.1446,0.3818,0.2206,0.0,0.0,False
ROW00053149,TXN0023085,2025-09-07,14:20:10,SKU1592,Store A,Retail,1.0,1.162,0.9371,0.2249,0.5727,0.3644,0.0,0.0,False
ROW00053159,TXN0023087,2025-09-07,14:23:05,SKU1238,Store A,Retail,2.0,2.324,1.8742,0.4498,0.83,1.0442,0.0,0.0,False
ROW00053167,TXN0023089,2025-09-07,14:24:27,SKU1604,Store A,Retail,1.0,1.328,1.0709,0.2571,0.7885,0.2824,0.0,0.0,False
ROW00053185,TXN0023094,2025-09-07,15:07:11,SKU1238,Store A,Retail,1.0,1.162,0.9371,0.2249,0.415,0.5221,0.0,0.0,False
ROW00053303,TXN0023143,2025-09-07,12:03:40,SKU1629,Store B,Retail,2.0,0.166,0.166,0.0,0.166,0.0,0.0,0.0,False
ROW00053355,TXN0023169,2025-09-07,16:16:29,SKU0668,Store B,Retail,1.0,3.8097,3.0723,0.7374,1.9123,1.16,0.4233,0.1,False
ROW00053391,TXN0023180,2025-09-07,18:25:13,SKU1666,Store B,Retail,1.0,0.996,0.8032,0.1928,0.3818,0.4214,0.249,0.2,False
ROW00053404,TXN0023187,2025-09-07,10:37:27,SKU1323,Store C,Retail,6.0,8.466,6.8274,1.6386,3.735,3.0924,0.0,0.0,False
ROW00053481,TXN0023216,2025-09-07,13:32:02,SKU0108,Store C,Retail,1.0,0.913,0.7363,0.1767,0.3735,0.3628,0.0,0.0,False
ROW00053529,TXN0023230,2025-09-07,14:33:55,SKU0950,Store C,Retail,1.0,0.498,0.4016,0.0964,0.1743,0.2273,0.0,0.0,False
ROW00053533,TXN0023232,2025-09-07,14:38:30,SKU0098,Store C,Retail,1.0,0.166,0.1339,0.0321,0.0743,0.0596,0.083,0.3333,False
ROW00053553,TXN0023241,2025-09-07,15:35:12,SKU1623,Store C,Retail,1.0,3.32,2.6774,0.6426,1.7928,0.8846,0.0,0.0,False
ROW00053564,TXN0023247,2025-09-07,16:36:37,SKU1013,Store C,Retail,1.0,1.328,1.0709,0.2571,0.4648,0.6061,0.166,0.1111,False
ROW00053594,TXN0023263,2025-09-08,12:53:30,SKU0707,Store A,Retail,8.0,2.656,2.1419,0.5141,1.3944,0.7475,0.664,0.2,False
ROW00053654,TXN0023288,2025-09-08,20:51:16,SKU0637,Store A,Retail,1.0,1.494,1.2048,0.2892,0.3984,0.8064,0.0,0.0,False
ROW00053674,TXN0023299,2025-09-08,15:47:20,SKU0798,Store B,Retail,1.0,2.8386,2.2892,0.5494,1.2865,1.0027,0.3154,0.1,False
ROW00053675,TXN0023300,2025-09-08,15:50:35,SKU0733,Store B,Retail,1.0,2.49,2.0081,0.4819,1.7015,0.3066,1.245,0.3333,False
ROW00053703,TXN0023314,2025-09-08,17:56:58,SKU1629,Store B,Retail,1.0,0.083,0.083,0.0,0.083,0.0,0.0,0.0,False
ROW00053755,TXN0023338,2025-09-08,12:10:48,SKU1609,Store C,Retail,1.0,1.411,1.1379,0.2731,0.664,0.4739,0.0,0.0,False
ROW00053788,TXN0023363,2025-09-08,19:10:49,SKU1678,Store C,Retail,3.0,0.249,0.2008,0.0482,0.859,-0.6583,2.241,0.9,False
ROW00053815,TXN0023379,2025-09-09,16:04:30,SKU0514,Store A,Retail,2.0,1.992,1.6065,0.3855,0.6308,0.9757,0.0,0.0,False
ROW00053850,TXN0023392,2025-09-09,20:01:39,SKU1629,Store A,Retail,1.0,0.083,0.083,0.0,0.083,0.0,0.0,0.0,False
ROW00053869,TXN0023400,2025-09-09,10:29:49,SKU0783,Store B,Retail,1.0,0.83,0.6694,0.1606,0.2818,0.3876,0.0,0.0,False
ROW00053910,TXN0023419,2025-09-09,17:04:46,SKU0066,Store B,Retail,1.0,0.913,0.7363,0.1767,0.3735,0.3628,0.0,0.0,False
ROW00053916,TXN0023419,2025-09-09,17:04:46,SKU0152,Store B,Retail,1.0,0.3735,0.3012,0.0723,0.1231,0.1781,0.0,0.0,False
ROW00054005,TXN0023451,2025-09-09,18:11:10,SKU0666,Store C,Retail,1.0,4.233,3.4137,0.8193,1.9123,1.5014,0.0,0.0,False
ROW00054008,TXN0023453,2025-09-09,18:18:15,SKU1051,Store C,Retail,1.0,1.328,1.0709,0.2571,0.4627,0.6082,0.0,0.0,False
ROW00054026,TXN0023463,2025-09-09,12:20:38,SKU0666,Warehouse,Wholesale,15.0,49.0928,39.591,9.5018,28.6848,10.9062,14.4022,0.2268,False
ROW00054068,TXN0023477,2025-09-10,13:32:46,SKU0438,Store A,Retail,1.0,0.249,0.2008,0.0482,0.0264,0.1744,0.0,0.0,False
ROW00054088,TXN0023483,2025-09-10,16:27:35,SKU1605,Store A,Retail,1.0,1.162,0.9371,0.2249,0.6225,0.3146,0.0,0.0,False
ROW00054110,TXN0023489,2025-09-10,17:01:04,SKU1609,Store A,Retail,1.0,1.2699,1.0241,0.2458,0.664,0.3601,0.1411,0.1,False
ROW00054128,TXN0023497,2025-09-10,18:35:22,SKU0086,Store A,Retail,1.0,0.8217,0.6627,0.159,0.3735,0.2892,0.0913,0.1,False
ROW00054175,TXN0023516,2025-09-10,15:49:29,SKU1501,Store B,Retail,1.0,1.245,1.0041,0.2409,0.2905,0.7136,0.0,0.0,False
ROW00054203,TXN0023526,2025-09-10,17:43:04,SKU0917,Store B,Retail,1.0,0.996,0.8032,0.1928,0.3832,0.42,0.0,0.0,False
ROW00054237,TXN0023543,2025-09-10,13:42:31,SKU0681,Store C,Retail,1.0,1.162,0.9371,0.2249,0.4067,0.5304,0.0,0.0,False
ROW00054256,TXN0023553,2025-09-10,17:07:57,SKU1029,Store C,Retail,1.0,1.328,1.0709,0.2571,0.5893,0.4816,0.0,0.0,False
ROW00054301,TXN0023574,2025-09-11,16:19:48,SKU0050,Store A,Retail,1.0,2.6892,2.1687,0.5205,0.7055,1.4632,0.2988,0.1,False
ROW00054316,TXN0023581,2025-09-11,17:47:12,SKU0247,Store A,Retail,1.0,1.411,1.1379,0.2731,0.7719,0.366,0.0,0.0,False
ROW00054337,TXN0023586,2025-09-11,18:32:56,SKU0713,Store A,Retail,1.0,1.245,1.0041,0.2409,0.3071,0.697,0.0,0.0,False
ROW00054406,TXN0023620,2025-09-11,17:41:34,SKU0782,Store B,Retail,1.0,0.83,0.6694,0.1606,0.2818,0.3876,0.0,0.0,False
ROW00054415,TXN0023624,2025-09-11,18:25:52,SKU1629,Store B,Retail,1.0,0.083,0.083,0.0,0.083,0.0,0.0,0.0,False
ROW00054457,TXN0023644,2025-09-11,17:47:17,SKU0455,Store C,Retail,2.0,0.996,0.8032,0.1928,0.4316,0.3716,0.0,0.0,False
ROW00054477,TXN0023653,2025-09-11,18:48:02,SKU1062,Store C,Retail,2.0,0.332,0.2678,0.0642,0.1024,0.1653,0.166,0.3333,False
ROW00054552,TXN0023690,2025-09-12,17:22:08,SKU0899,Store A,Retail,1.0,0.498,0.4016,0.0964,0.1577,0.2439,0.0,0.0,False
ROW00054577,TXN0023704,2025-09-12,17:55:44,SKU0807,Store A,Retail,1.0,1.328,1.0709,0.2571,0.2739,0.797,0.0,0.0,False
ROW00054587,TXN0023710,2025-09-12,18:04:35,SKU0153,Store A,Retail,1.0,0.3735,0.3012,0.0723,0.1231,0.1781,0.0,0.0,False
ROW00054608,TXN0023717,2025-09-12,19:03:58,SKU0441,Store A,Retail,4.0,0.996,0.8032,0.1928,0.0973,0.7059,0.0,0.0,False
ROW00054615,TXN0023717,2025-09-12,19:03:58,SKU1592,Store A,Retail,1.0,1.162,0.9371,0.2249,0.5727,0.3644,0.0,0.0,False
ROW00054646,TXN0023731,2025-09-12,14:36:11,SKU1781,Store B,Retail,1.0,2.158,1.7403,0.4177,1.1246,0.6157,0.166,0.0714,False
ROW00054651,TXN0023734,2025-09-12,15:23:54,SKU0098,Store B,Retail,1.0,0.166,0.1339,0.0321,0.0743,0.0596,0.083,0.3333,False
ROW00054719,TXN0023766,2025-09-12,12:39:28,SKU0904,Store C,Retail,1.0,8.1423,6.5664,1.5759,4.0911,2.4753,0.9047,0.1,False
ROW00054779,TXN0023788,2025-09-12,16:51:47,SKU0088,Store C,Retail,1.0,0.913,0.7363,0.1767,0.3735,0.3628,0.0,0.0,False
ROW00054804,TXN0023797,2025-09-12,17:36:58,SKU1436,Store C,Retail,1.0,0.249,0.2008,0.0482,0.0743,0.1265,0.0,0.0,False
ROW00054813,TXN0023803,2025-09-12,18:20:33,SKU0030,Store C,Retail,1.0,0.498,0.4016,0.0964,0.083,0.3186,0.0,0.0,False
ROW00054837,TXN0023815,2025-09-13,12:07:23,SKU0455,Store A,Retail,2.0,0.996,0.8032,0.1928,0.4316,0.3716,0.0,0.0,False
ROW00054888,TXN0023831,2025-09-13,14:02:03,SKU1236,Store A,Retail,1.0,1.245,1.0041,0.2409,0.4897,0.5144,0.0,0.0,False
ROW00054919,TXN0023841,2025-09-13,17:04:12,SKU1240,Store A,Retail,1.0,1.0458,0.8434,0.2024,0.415,0.4284,0.1162,0.1,False
ROW00054947,TXN0023852,2025-09-13,18:51:10,SKU1322,Store A,Retail,1.0,1.411,1.1379,0.2731,0.6225,0.5154,0.0,0.0,False
ROW00054965,TXN0023858,2025-09-13,06:00:37,SKU0095,Store A,Retail,1.0,0.913,0.7363,0.1767,0.3735,0.3628,0.0,0.0,False
ROW00054987,TXN0023865,2025-09-13,12:27:40,SKU0708,Store B,Retail,1.0,0.996,0.8032,0.1928,0.366,0.4372,0.0,0.0,False
ROW00055040,TXN0023891,2025-09-13,16:05:34,SKU1694,Store B,Retail,1.0,1.245,1.0041,0.2409,0.5727,0.4314,0.0,0.0,False
ROW00055065,TXN0023905,2025-09-13,18:16:44,SKU0731,Store B,Retail,1.0,4.15,3.3468,0.8032,2.2078,1.139,0.0,0.0,False
ROW00055103,TXN0023919,2025-09-13,12:41:59,SKU0542,Store C,Retail,1.0,2.075,1.6734,0.4016,0.9877,0.6857,0.0,0.0,False
ROW00055113,TXN0023922,2025-09-13,12:53:41,SKU0066,Store C,Retail,1.0,0.913,0.7363,0.1767,0.3735,0.3628,0.0,0.0,False
ROW00055123,TXN0023924,2025-09-13,13:07:30,SKU0841,Store C,Retail,1.0,0.2905,0.2343,0.0562,0.1909,0.0434,0.0,0.0,False
ROW00055151,TXN0023930,2025-09-13,13:57:13,SKU1476,Store C,Retail,2.0,2.49,2.0081,0.4819,1.0624,0.9457,0.0,0.0,False
ROW00055154,TXN0023931,2025-09-13,13:59:09,SKU0667,Store C,Retail,1.0,4.233,3.4137,0.8193,2.0451,1.3686,0.0,0.0,False
ROW00055197,TXN0023953,2025-09-13,15:49:28,SKU1062,Store C,Retail,5.0,0.83,0.6694,0.1606,0.2561,0.4133,0.415,0.3333,False
ROW00055281,TXN0023990,2025-09-14,13:01:38,SKU0801,Store A,Retail,1.0,1.577,1.2718,0.3052,0.6225,0.6493,0.0,0.0,False
ROW00055318,TXN0024006,2025-09-14,16:30:33,SKU1369,Store A,Retail,10.0,2.49,2.0081,0.4819,5.644,-3.6359,9.96,0.8,False
ROW00055328,TXN0024013,2025-09-14,17:03:02,SKU0169,Store A,Retail,1.0,0.332,0.2678,0.0642,0.1162,0.1516,0.0,0.0,False
ROW00055360,TXN0024029,2025-09-14,13:26:17,SKU1513,Store B,Retail,1.0,0.747,0.6024,0.1446,0.3818,0.2206,0.0,0.0,False
ROW00055377,TXN0024036,2025-09-14,15:08:32,SKU1401,Store B,Retail,1.0,2.656,2.1419,0.5141,1.245,0.8969,0.0,0.0,False
ROW00055406,TXN0024052,2025-09-14,17:44:26,SKU0010,Store B,Retail,1.0,0.166,0.1339,0.0321,0.015,0.1189,0.0,0.0,False
ROW00055445,TXN0024068,2025-09-14,10:13:34,SKU0152,Store C,Retail,1.0,0.3735,0.3012,0.0723,0.1231,0.1781,0.0,0.0,False
ROW00055452,TXN0024069,2025-09-14,10:21:40,SKU0099,Store C,Retail,1.0,0.913,0.7363,0.1767,0.3735,0.3628,0.0,0.0,False
ROW00055528,TXN0024098,2025-09-14,14:38:29,SKU0841,Store C,Retail,1.0,0.2905,0.2343,0.0562,0.1909,0.0434,0.0,0.0,False
ROW00055540,TXN0024102,2025-09-14,15:14:57,SKU1398,Store C,Retail,1.0,0.249,0.2008,0.0482,0.0743,0.1265,0.0,0.0,False
ROW00055545,TXN0024106,2025-09-14,15:43:06,SKU1501,Store C,Retail,3.0,3.3615,2.7109,0.6506,0.8715,1.8394,0.3735,0.1,False
ROW00055610,TXN0024128,2025-09-15,12:56:31,SKU1625,Store A,Retail,2.0,2.822,2.2758,0.5462,1.494,0.7818,0.0,0.0,False
ROW00055627,TXN0024135,2025-09-15,17:47:10,SKU0010,Store A,Retail,1.0,0.166,0.1339,0.0321,0.015,0.1189,0.0,0.0,False
ROW00055654,TXN0024154,2025-09-15,13:05:06,SKU0801,Store B,Retail,1.0,1.577,1.2718,0.3052,0.6225,0.6493,0.0,0.0,False
ROW00055693,TXN0024175,2025-09-15,16:15:22,SKU1544,Store B,Retail,1.0,1.66,1.3387,0.3213,0.5478,0.7909,0.0,0.0,False
ROW00055749,TXN0024206,2025-09-15,14:33:55,SKU1483,Store C,Retail,1.0,0.747,0.6024,0.1446,0.5312,0.0712,0.498,0.4,False
ROW00055768,TXN0024212,2025-09-15,15:56:13,SKU0188,Store C,Retail,1.0,0.913,0.7363,0.1767,0.4067,0.3296,0.0,0.0,False
ROW00055797,TXN0024234,2025-09-15,13:34:58,SKU0652,Warehouse,Wholesale,780.0,561.9432,453.18,108.7632,238.8906,214.2894,409.1568,0.4213,False
ROW00055801,TXN0024236,2025-09-16,12:50:39,SKU0841,Store A,Retail,1.0,0.2573,0.2075,0.0498,0.1909,0.0166,0.0332,0.1143,False
ROW00055838,TXN0024249,2025-09-16,16:14:20,SKU0799,Store A,Retail,1.0,2.8386,2.2892,0.5494,1.2865,1.0027,0.3154,0.1,False
ROW00055876,TXN0024266,2025-09-16,13:49:57,SKU1243,Store B,Retail,1.0,0.747,0.6024,0.1446,0.2905,0.3119,0.0,0.0,False
ROW00055951,TXN0024297,2025-09-16,13:43:41,SKU1624,Store C,Retail,1.0,1.411,1.1379,0.2731,0.747,0.3909,0.0,0.0,False
ROW00055992,TXN0024315,2025-09-16,18:25:26,SKU1629,Store C,Retail,1.0,0.083,0.083,0.0,0.083,0.0,0.0,0.0,False
ROW00056000,TXN0024319,2025-09-16,19:25:09,SKU1158,Store C,Retail,1.0,1.743,1.4056,0.3374,1.3486,0.057,0.913,0.3438,False
ROW00056011,TXN0024321,2025-09-16,16:22:12,SKU1790,Warehouse,Wholesale,24.0,56.3178,45.4176,10.9002,33.6648,11.7528,9.4182,0.1433,False
ROW00056016,TXN0024325,2025-09-17,13:51:16,SKU0707,Store A,Retail,8.0,1.66,1.3387,0.3213,1.3944,-0.0557,1.66,0.5,False
ROW00056029,TXN0024330,2025-09-17,16:24:45,SKU0841,Store A,Retail,1.0,0.2905,0.2343,0.0562,0.1909,0.0434,0.0,0.0,False
ROW00056030,TXN0024331,2025-09-17,16:26:17,SKU0145,Store A,Retail,1.0,0.332,0.2678,0.0642,0.1231,0.1447,0.0415,0.1111,False
ROW00056119,TXN0024370,2025-09-17,16:37:15,SKU1624,Store B,Retail,1.0,1.411,1.1379,0.2731,0.747,0.3909,0.0,0.0,False
ROW00056163,TXN0024392,2025-09-17,12:24:22,SKU1332,Store C,Retail,1.0,1.494,1.2048,0.2892,0.5727,0.6321,0.0,0.0,False
ROW00056203,TXN0024414,2025-09-17,17:49:33,SKU0509,Store C,Retail,1.0,1.992,1.6065,0.3855,0.6432,0.9632,0.0,0.0,False
ROW00056206,TXN0024417,2025-09-17,18:35:54,SKU1688,Store C,Retail,1.0,0.7304,0.5891,0.1413,0.3071,0.282,0.1826,0.2,False
ROW00056230,TXN0024427,2025-09-18,10:06:48,SKU0707,Store A,Retail,2.0,0.415,0.3347,0.0803,0.3486,-0.0139,0.415,0.5,False
ROW00056240,TXN0024430,2025-09-18,13:09:56,SKU1744,Store A,Retail,1.0,0.083,0.083,0.0,0.083,0.0,0.0,0.0,False
ROW00056299,TXN0024456,2025-09-18,10:53:20,SKU0684,Store B,Retail,1.0,1.66,1.3387,0.3213,0.5215,0.8172,0.0,0.0,False
ROW00056324,TXN0024459,2025-09-18,11:32:13,SKU1369,Store B,Retail,10.0,2.49,2.0081,0.4819,5.644,-3.6359,9.96,0.8,False
ROW00056329,TXN0024462,2025-09-18,12:13:14,SKU0100,Store B,Retail,6.0,1.328,1.0709,0.2571,0.4462,0.6247,0.166,0.1111,False
ROW00056403,TXN0024494,2025-09-18,18:19:21,SKU1322,Store B,Retail,1.0,1.411,1.1379,0.2731,0.6225,0.5154,0.0,0.0,False
ROW00056434,TXN0024515,2025-09-18,15:33:14,SKU0654,Store C,Retail,1.0,1.826,1.4726,0.3534,0.3835,1.0891,0.0,0.0,False
ROW00056482,TXN0024537,2025-09-18,19:55:59,SKU0680,Store C,Retail,1.0,3.071,2.4766,0.5944,0.7619,1.7148,0.0,0.0,False
ROW00056499,TXN0024542,2025-09-19,13:38:19,SKU1089,Store A,Retail,1.0,0.996,0.8032,0.1928,0.4482,0.355,0.0,0.0,False
ROW00056539,TXN0024558,2025-09-19,18:43:11,SKU0015,Store A,Retail,1.0,2.241,1.8072,0.4338,0.996,0.8112,0.249,0.1,False
ROW00056588,TXN0024579,2025-09-19,15:06:13,SKU0532,Store B,Retail,1.0,3.071,2.4766,0.5944,0.9794,1.4972,0.0,0.0,False
ROW00056594,TXN0024579,2025-09-19,15:06:13,SKU1608,Store B,Retail,1.0,1.411,1.1379,0.2731,0.664,0.4739,0.0,0.0,False
ROW00056657,TXN0024604,2025-09-19,19:38:30,SKU1424,Store B,Retail,1.0,0.249,0.2008,0.0482,0.0743,0.1265,0.0,0.0,False
ROW00056676,TXN0024613,2025-09-19,11:09:25,SKU0841,Store C,Retail,1.0,0.2905,0.2343,0.0562,0.1909,0.0434,0.0,0.0,False
ROW00056695,TXN0024617,2025-09-19,12:27:30,SKU1629,Store C,Retail,4.0,0.332,0.332,0.0,0.332,0.0,0.0,0.0,False
ROW00056725,TXN0024630,2025-09-19,14:43:28,SKU1424,Store C,Retail,1.0,0.249,0.2008,0.0482,0.0743,0.1265,0.0,0.0,False
ROW00056741,TXN0024637,2025-09-19,15:21:18,SKU0950,Store C,Retail,2.0,0.996,0.8032,0.1928,0.3486,0.4546,0.0,0.0,False
ROW00056771,TXN0024656,2025-09-19,15:41:50,SKU1592,Store C,Retail,3.0,3.486,2.8113,0.6747,1.7181,1.0932,0.0,0.0,False
ROW00056827,TXN0024682,2025-09-19,16:55:29,SKU1523,Store C,Retail,2.0,1.992,1.6065,0.3855,0.8632,0.7433,0.498,0.2,False
ROW00056866,TXN0024699,2025-09-19,15:41:39,SKU1327,Warehouse,Wholesale,100.0,113.212,91.3,21.912,62.25,29.05,27.888,0.1976,False
ROW00056875,TXN0024707,2025-09-20,12:32:45,SKU1629,Store A,Retail,1.0,0.083,0.083,0.0,0.083,0.0,0.0,0.0,False
ROW00056881,TXN0024709,2025-09-20,13:50:14,SKU1404,Store A,Retail,1.0,0.996,0.8032,0.1928,0.3726,0.4306,0.0,0.0,False
ROW00056925,TXN0024732,2025-09-20,16:55:25,SKU0189,Store A,Retail,1.0,0.249,0.2008,0.0482,0.0264,0.1744,0.0,0.0,False
ROW00056966,TXN0024748,2025-09-20,10:56:56,SKU0653,Store B,Retail,1.0,1.826,1.4726,0.3534,0.4067,1.0659,0.0,0.0,False
ROW00057089,TXN0024791,2025-09-20,16:16:29,SKU1615,Store B,Retail,1.0,1.411,1.1379,0.2731,0.664,0.4739,0.0,0.0,False
ROW00057093,TXN0024793,2025-09-20,16:18:54,SKU0712,Store B,Retail,1.0,1.245,1.0041,0.2409,0.3071,0.697,0.0,0.0,False
ROW00057099,TXN0024795,2025-09-20,16:20:55,SKU1629,Store B,Retail,1.0,0.083,0.083,0.0,0.083,0.0,0.0,0.0,False
ROW00057114,TXN0024803,2025-09-20,18:17:05,SKU0901,Store B,Retail,1.0,0.498,0.4016,0.0964,0.2548,0.1468,0.166,0.25,False
ROW00057123,TXN0024809,2025-09-20,18:56:11,SKU0088,Store B,Retail,1.0,0.913,0.7363,0.1767,0.3735,0.3628,0.0,0.0,False
ROW00057136,TXN0024814,2025-09-20,10:09:58,SKU1466,Store C,Retail,2.0,6.308,5.0871,1.2209,2.573,2.5141,0.0,0.0,False
ROW00057172,TXN0024825,2025-09-20,11:42:23,SKU0325,Store C,Retail,2.0,2.822,2.2758,0.5462,1.4356,0.8402,0.0,0.0,False
ROW00057197,TXN0024834,2025-09-20,13:26:12,SKU1327,Store C,Retail,3.0,4.233,3.4137,0.8193,1.8675,1.5462,0.0,0.0,False
ROW00057210,TXN0024842,2025-09-20,14:33:16,SKU1228,Store C,Retail,1.0,1.162,0.9371,0.2249,0.5976,0.3395,0.166,0.125,False
ROW00057245,TXN0024853,2025-09-20,14:47:37,SKU1062,Store C,Retail,4.0,0.166,0.1339,0.0321,0.2048,-0.071,0.83,0.8333,False
ROW00057283,TXN0024873,2025-09-20,16:18:54,SKU1368,Store C,Retail,1.0,0.249,0.2008,0.0482,0.6059,-0.4051,0.996,0.8,False
ROW00057319,TXN0024897,2025-09-20,18:05:10,SKU0098,Store C,Retail,1.0,0.166,0.1339,0.0321,0.0743,0.0596,0.083,0.3333,False
ROW00057389,TXN0024924,2025-09-21,14:56:02,SKU1513,Store A,Retail,1.0,0.747,0.6024,0.1446,0.3818,0.2206,0.0,0.0,False
ROW00057404,TXN0024925,2025-09-21,15:25:35,SKU1790,Store A,Retail,1.0,2.4651,1.988,0.4771,1.4027,0.5853,0.2739,0.1,False
ROW00057437,TXN0024941,2025-09-21,17:29:40,SKU1629,Store A,Retail,2.0,0.166,0.166,0.0,0.166,0.0,0.0,0.0,False
ROW00057485,TXN0024961,2025-09-21,12:37:31,SKU0803,Store B,Retail,1.0,1.328,1.0709,0.2571,0.2407,0.8302,0.0,0.0,False
ROW00057515,TXN0024978,2025-09-21,16:34:52,SKU1615,Store B,Retail,1.0,1.411,1.1379,0.2731,0.664,0.4739,0.0,0.0,False
ROW00057535,TXN0024987,2025-09-21,18:22:36,SKU0583,Store B,Retail,1.0,0.166,0.1339,0.0321,0.0249,0.109,0.0,0.0,False
ROW00057559,TXN0024997,2025-09-21,10:37:07,SKU0656,Store C,Retail,1.0,0.747,0.6024,0.1446,0.3165,0.2859,0.0,0.0,False
ROW00057616,TXN0025019,2025-09-21,13:20:48,SKU1700,Store C,Retail,1.0,1.079,0.8702,0.2088,0.4897,0.3805,0.0,0.0,False
ROW00057634,TXN0025026,2025-09-21,14:38:05,SKU0007,Store C,Retail,1.0,0.581,0.4685,0.1125,0.2094,0.2591,0.0,0.0,False
ROW00057680,TXN0025047,2025-09-22,15:08:24,SKU1369,Store A,Retail,1.0,0.415,0.3347,0.0803,0.5644,-0.2297,0.83,0.6667,False
ROW00057719,TXN0025067,2025-09-22,19:54:55,SKU0582,Store A,Retail,1.0,0.415,0.3347,0.0803,0.0913,0.2434,0.0,0.0,False
ROW00057724,TXN0025070,2025-09-22,12:10:12,SKU1764,Store B,Retail,1.0,2.158,1.7403,0.4177,0.6391,1.1012,0.0,0.0,False
ROW00057753,TXN0025087,2025-09-22,17:15:21,SKU1013,Store B,Retail,1.0,1.328,1.0709,0.2571,0.4648,0.6061,0.166,0.1111,False
ROW00057838,TXN0025125,2025-09-22,17:26:56,SKU1728,Store C,Retail,1.0,2.905,2.3428,0.5622,1.4276,0.9152,0.0,0.0,False
ROW00057843,TXN0025128,2025-09-22,19:16:20,SKU1077,Store C,Retail,1.0,1.66,1.3387,0.3213,0.6557,0.683,0.0,0.0,False
ROW00057880,TXN0025144,2025-09-23,18:42:42,SKU0667,Store A,Retail,1.0,4.233,3.4137,0.8193,2.0451,1.3686,0.0,0.0,False
ROW00057895,TXN0025154,2025-09-23,12:19:27,SKU0803,Store B,Retail,1.0,1.328,1.0709,0.2571,0.2407,0.8302,0.0,0.0,False
ROW00057942,TXN0025177,2025-09-23,17:45:25,SKU1408,Store B,Retail,1.0,1.66,1.3387,0.3213,0.7968,0.5419,0.0,0.0,False
ROW00057963,TXN0025183,2025-09-23,17:53:13,SKU0707,Store B,Retail,8.0,1.66,1.3387,0.3213,1.3944,-0.0557,1.66,0.5,False
ROW00057991,TXN0025195,2025-09-23,13:27:29,SKU1249,Store C,Retail,1.0,0.747,0.6024,0.1446,0.3403,0.2621,0.0,0.0,False
ROW00058046,TXN0025218,2025-09-23,18:57:00,SKU1701,Store C,Retail,1.0,1.079,0.8702,0.2088,0.4897,0.3805,0.0,0.0,False
ROW00058059,TXN0025220,2025-09-23,09:14:55,SKU1332,Warehouse,Wholesale,24.0,23.4658,18.924,4.5418,13.7448,5.1792,12.3902,0.3456,False
ROW00058094,TXN0025233,2025-09-24,16:39:07,SKU1510,Store A,Retail,2.0,1.3446,1.0844,0.2602,0.7636,0.3208,0.1494,0.1,False
ROW00058109,TXN0025237,2025-09-24,16:56:10,SKU1404,Store A,Retail,1.0,0.996,0.8032,0.1928,0.3726,0.4306,0.0,0.0,False
ROW00058157,TXN0025257,2025-09-24,19:30:33,SKU1697,Store A,Retail,1.0,1.494,1.2048,0.2892,0.4897,0.7151,0.166,0.1,False
ROW00058162,TXN0025261,2025-09-24,12:54:35,SKU0652,Store B,Retail,1.0,1.245,1.0041,0.2409,0.3063,0.6978,0.0,0.0,False
ROW00058205,TXN0025278,2025-09-24,18:26:04,SKU1666,Store B,Retail,1.0,0.996,0.8032,0.1928,0.3818,0.4214,0.249,0.2,False
ROW00058242,TXN0025294,2025-09-24,10:41:32,SKU1700,Store C,Retail,2.0,2.158,1.7403,0.4177,0.9794,0.7609,0.0,0.0,False
ROW00058264,TXN0025305,2025-09-24,14:05:47,SKU0635,Store C,Retail,2.0,3.984,3.2129,0.7711,1.4276,1.7853,0.0,0.0,False
ROW00058278,TXN0025307,2025-09-24,14:47:19,SKU1228,Store C,Retail,1.0,1.162,0.9371,0.2249,0.5976,0.3395,0.166,0.125,False
ROW00058354,TXN0025346,2025-09-25,18:44:30,SKU1068,Store A,Retail,3.0,3.5856,2.8916,0.694,1.3122,1.5794,0.3984,0.1,False
ROW00058358,TXN0025347,2025-09-25,19:50:00,SKU0145,Store A,Retail,2.0,0.6723,0.5422,0.1301,0.2462,0.296,0.0747,0.1,False
ROW00058385,TXN0025355,2025-09-25,11:26:09,SKU1013,Store B,Retail,1.0,1.328,1.0709,0.2571,0.4648,0.6061,0.166,0.1111,False
ROW00058452,TXN0025384,2025-09-25,17:58:57,SKU1077,Store B,Retail,1.0,1.66,1.3387,0.3213,0.6557,0.683,0.0,0.0,False
ROW00058470,TXN0025396,2025-09-25,19:29:10,SKU1606,Store B,Retail,1.0,1.411,1.1379,0.2731,0.664,0.4739,0.0,0.0,False
ROW00058510,TXN0025411,2025-09-25,17:56:03,SKU0841,Store C,Retail,1.0,0.2905,0.2343,0.0562,0.1909,0.0434,0.0,0.0,False
ROW00058520,TXN0025417,2025-09-25,19:27:13,SKU1242,Store C,Retail,1.0,0.747,0.6024,0.1446,0.2158,0.3866,0.0,0.0,False
ROW00058527,TXN0025419,2025-09-26,13:45:18,SKU0646,Store A,Retail,1.0,2.49,2.0081,0.4819,1.245,0.7631,0.0,0.0,False
ROW00058539,TXN0025424,2025-09-26,14:44:46,SKU1323,Store A,Retail,1.0,1.411,1.1379,0.2731,0.6225,0.5154,0.0,0.0,False
ROW00058564,TXN0025434,2025-09-26,17:36:32,SKU0841,Store A,Retail,1.0,0.2905,0.2343,0.0562,0.1909,0.0434,0.0,0.0,False
ROW00058652,TXN0025463,2025-09-26,15:05:58,SKU1700,Store B,Retail,2.0,2.158,1.7403,0.4177,0.9794,0.7609,0.0,0.0,False
ROW00058694,TXN0025479,2025-09-26,17:14:27,SKU0709,Store B,Retail,1.0,0.83,0.6694,0.1606,0.2,0.4694,0.0,0.0,False
ROW00058698,TXN0025479,2025-09-26,17:14:27,SKU1089,Store B,Retail,1.0,0.996,0.8032,0.1928,0.4482,0.355,0.0,0.0,False
ROW00058726,TXN0025484,2025-09-26,18:15:14,SKU0098,Store B,Retail,1.0,0.166,0.1339,0.0321,0.0743,0.0596,0.083,0.3333,False
ROW00058803,TXN0025521,2025-09-26,17:23:24,SKU1543,Store C,Retail,1.0,1.66,1.3387,0.3213,0.8051,0.5336,0.0,0.0,False
ROW00058822,TXN0025530,2025-09-26,18:56:06,SKU0681,Store C,Retail,1.0,1.162,0.9371,0.2249,0.4067,0.5304,0.0,0.0,False
ROW00058831,TXN0025535,2025-09-26,19:46:04,SKU1216,Store C,Retail,1.0,1.162,0.9371,0.2249,0.3619,0.5752,0.0,0.0,False
ROW00058856,TXN0025548,2025-09-27,13:16:52,SKU0532,Store A,Retail,1.0,3.071,2.4766,0.5944,0.9794,1.4972,0.0,0.0,False
ROW00058874,TXN0025558,2025-09-27,14:58:40,SKU0816,Store A,Retail,1.0,0.415,0.3347,0.0803,0.1224,0.2122,0.0,0.0,False
ROW00058886,TXN0025563,2025-09-27,15:23:49,SKU0711,Store A,Retail,1.0,0.747,0.6024,0.1446,0.2905,0.3119,0.0,0.0,False
ROW00058957,TXN0025592,2025-09-27,18:47:38,SKU1062,Store A,Retail,3.0,0.249,0.2008,0.0482,0.1536,0.0471,0.498,0.6667,False
ROW00058984,TXN0025600,2025-09-27,11:22:49,SKU0703,Store B,Retail,1.0,0.996,0.8032,0.1928,0.3403,0.4629,0.0,0.0,False
ROW00058985,TXN0025601,2025-09-27,11:49:08,SKU1014,Store B,Retail,1.0,1.494,1.2048,0.2892,0.415,0.7898,0.0,0.0,False
ROW00058986,TXN0025601,2025-09-27,11:49:08,SKU1744,Store B,Retail,1.0,0.083,0.083,0.0,0.083,0.0,0.0,0.0,False
ROW00059026,TXN0025622,2025-09-27,14:03:02,SKU1077,Store B,Retail,1.0,1.66,1.3387,0.3213,0.6557,0.683,0.0,0.0,False
ROW00059050,TXN0025639,2025-09-27,15:05:52,SKU0532,Store B,Retail,1.0,3.071,2.4766,0.5944,0.9794,1.4972,0.0,0.0,False
ROW00059220,TXN0025714,2025-09-27,15:40:42,SKU1394,Store C,Retail,1.0,2.075,1.6734,0.4016,0.7138,0.9596,0.0,0.0,False
ROW00059221,TXN0025714,2025-09-27,15:40:42,SKU1665,Store C,Retail,1.0,0.83,0.6694,0.1606,0.3818,0.2876,0.415,0.3333,False
ROW00059242,TXN0025720,2025-09-27,16:53:04,SKU1790,Store C,Retail,1.0,2.739,2.2089,0.5301,1.4027,0.8062,0.0,0.0,False
ROW00059262,TXN0025729,2025-09-27,17:25:45,SKU0633,Store C,Retail,1.0,1.992,1.6065,0.3855,0.7968,0.8097,0.0,0.0,False
ROW00059272,TXN0025735,2025-09-27,18:08:16,SKU0001,Store C,Retail,1.0,0.249,0.2008,0.0482,0.0433,0.1575,0.0,0.0,False
ROW00059280,TXN0025739,2025-09-27,18:10:20,SKU1678,Store C,Retail,2.0,0.083,0.0669,0.0161,0.5727,-0.5058,1.577,0.95,False
ROW00059319,TXN0025754,2025-09-28,12:35:00,SKU0634,Store A,Retail,1.0,1.826,1.4726,0.3534,0.7288,0.7438,0.0,0.0,False
ROW00059339,TXN0025763,2025-09-28,15:26:37,SKU1332,Store A,Retail,1.0,1.494,1.2048,0.2892,0.5727,0.6321,0.0,0.0,False
ROW00059347,TXN0025769,2025-09-28,16:06:30,SKU0092,Store A,Retail,1.0,0.7304,0.5891,0.1413,0.3735,0.2156,0.1826,0.2,False
ROW00059413,TXN0025795,2025-09-28,15:05:10,SKU1238,Store B,Retail,1.0,1.162,0.9371,0.2249,0.415,0.5221,0.0,0.0,False
ROW00059417,TXN0025798,2025-09-28,16:02:35,SKU0667,Store B,Retail,1.0,4.233,3.4137,0.8193,2.0451,1.3686,0.0,0.0,False
ROW00059461,TXN0025818,2025-09-28,11:52:50,SKU1546,Store C,Retail,1.0,0.747,0.6024,0.1446,0.3818,0.2206,0.0,0.0,False
ROW00059480,TXN0025827,2025-09-28,12:17:38,SKU1369,Store C,Retail,1.0,0.415,0.3347,0.0803,0.5644,-0.2297,0.83,0.6667,False
ROW00059518,TXN0025844,2025-09-28,14:02:12,SKU0633,Store C,Retail,1.0,1.992,1.6065,0.3855,0.7968,0.8097,0.0,0.0,False
ROW00059533,TXN0025849,2025-09-28,14:22:11,SKU1641,Store C,Retail,1.0,1.245,1.0041,0.2409,0.6391,0.365,0.0,0.0,False
ROW00059543,TXN0025853,2025-09-28,14:41:02,SKU0682,Store C,Retail,1.0,0.83,0.6694,0.1606,0.3154,0.354,0.0,0.0,False
ROW00059631,TXN0025890,2025-09-29,15:42:43,SKU0317,Store A,Retail,1.0,1.411,1.1379,0.2731,0.7177,0.4202,0.0,0.0,False
ROW00059633,TXN0025890,2025-09-29,15:42:43,SKU0320,Store A,Retail,1.0,1.411,1.1379,0.2731,0.7178,0.4201,0.0,0.0,False
ROW00059685,TXN0025914,2025-09-29,16:33:56,SKU1546,Store B,Retail,1.0,0.6723,0.5422,0.1301,0.3818,0.1604,0.0747,0.1,False
ROW00059704,TXN0025927,2025-09-29,19:40:29,SKU0803,Store B,Retail,1.0,1.328,1.0709,0.2571,0.2407,0.8302,0.0,0.0,False
ROW00059735,TXN0025941,2025-09-29,17:06:40,SKU1158,Store C,Retail,1.0,1.577,1.2718,0.3052,1.3486,-0.0768,1.079,0.4062,False
ROW00059775,TXN0025957,2025-09-30,16:09:19,SKU1701,Store A,Retail,1.0,1.079,0.8702,0.2088,0.4897,0.3805,0.0,0.0,False
ROW00059819,TXN0025984,2025-09-30,15:20:34,SKU0441,Store B,Retail,1.0,0.249,0.2008,0.0482,0.0249,0.1759,0.0,0.0,False
ROW00059859,TXN0026003,2025-09-30,18:39:43,SKU1077,Store B,Retail,1.0,1.66,1.3387,0.3213,0.6557,0.683,0.0,0.0,False
ROW00059890,TXN0026024,2025-09-30,15:30:13,SKU1243,Store C,Retail,1.0,0.747,0.6024,0.1446,0.2905,0.3119,0.0,0.0,False
ROW00059899,TXN0026028,2025-09-30,11:05:42,SKU1501,Warehouse,Wholesale,24.0,17.5376,14.1432,3.3944,6.972,7.1712,12.3424,0.4131,False
ROW00059925,TXN0026038,2025-10-01,16:25:31,SKU0320,Store A,Retail,1.0,1.411,1.1379,0.2731,0.7178,0.4201,0.0,0.0,False
ROW00059953,TXN0026053,2025-10-01,19:52:00,SKU1321,Store A,Retail,1.0,1.411,1.1379,0.2731,0.6225,0.5154,0.0,0.0,False
ROW00059967,TXN0026058,2025-10-01,11:31:53,SKU1768,Store B,Retail,1.0,1.7264,1.3922,0.3342,0.6391,0.7531,0.4316,0.2,False
ROW00059991,TXN0026070,2025-10-01,14:40:02,SKU1329,Store B,Retail,1.0,1.577,1.2718,0.3052,0.6557,0.6161,0.0,0.0,False
ROW00060023,TXN0026087,2025-10-01,18:28:20,SKU1013,Store B,Retail,1.0,1.328,1.0709,0.2571,0.4648,0.6061,0.166,0.1111,False
ROW00060086,TXN0026113,2025-10-01,15:50:51,SKU0094,Store C,Retail,1.0,0.913,0.7363,0.1767,0.3735,0.3628,0.0,0.0,False
ROW00060105,TXN0026122,2025-10-01,19:24:49,SKU1700,Store C,Retail,1.0,0.9711,0.7831,0.188,0.4897,0.2934,0.1079,0.1,False
ROW00060118,TXN0026128,2025-10-02,13:03:25,SKU0711,Store A,Retail,1.0,0.747,0.6024,0.1446,0.2905,0.3119,0.0,0.0,False
ROW00060140,TXN0026135,2025-10-02,15:19:54,SKU0708,Store A,Retail,1.0,0.996,0.8032,0.1928,0.366,0.4372,0.0,0.0,False
ROW00060197,TXN0026162,2025-10-02,16:05:25,SKU0008,Store B,Retail,1.0,0.581,0.4685,0.1125,0.2094,0.2591,0.0,0.0,False
ROW00060243,TXN0026187,2025-10-02,17:57:53,SKU0731,Store B,Retail,3.0,12.45,10.0403,2.4097,6.6234,3.4169,0.0,0.0,False
ROW00060251,TXN0026191,2025-10-02,18:04:44,SKU1510,Store B,Retail,1.0,0.747,0.6024,0.1446,0.3818,0.2206,0.0,0.0,False
ROW00060279,TXN0026198,2025-10-02,18:36:20,SKU1424,Store B,Retail,3.0,0.6723,0.5422,0.1301,0.2229,0.3193,0.0747,0.1,False
ROW00060309,TXN0026209,2025-10-02,15:50:08,SKU0444,Store C,Retail,1.0,0.415,0.3347,0.0803,0.0805,0.2541,0.0,0.0,False
ROW00060311,TXN0026209,2025-10-02,15:50:08,SKU1629,Store C,Retail,1.0,0.083,0.083,0.0,0.083,0.0,0.0,0.0,False
ROW00060346,TXN0026229,2025-10-03,11:35:10,SKU0902,Store A,Retail,1.0,11.8773,9.5784,2.2989,5.1204,4.4581,1.3197,0.1,False
ROW00060392,TXN0026254,2025-10-03,11:57:52,SKU0712,Store B,Retail,1.0,1.1205,0.9036,0.2169,0.3071,0.5965,0.1245,0.1,False
ROW00060419,TXN0026266,2025-10-03,13:50:27,SKU1741,Store B,Retail,1.0,0.083,0.083,0.0,0.083,0.0,0.0,0.0,False
ROW00060423,TXN0026267,2025-10-03,13:52:10,SKU1077,Store B,Retail,1.0,1.494,1.2048,0.2892,0.6557,0.5491,0.166,0.1,False
ROW00060466,TXN0026278,2025-10-03,15:55:36,SKU0710,Store B,Retail,1.0,0.913,0.7363,0.1767,0.3154,0.4209,0.0,0.0,False
ROW00060547,TXN0026312,2025-10-03,14:20:41,SKU1321,Store C,Retail,1.0,1.411,1.1379,0.2731,0.6225,0.5154,0.0,0.0,False
ROW00060565,TXN0026318,2025-10-03,15:45:51,SKU1678,Store C,Retail,3.0,0.1245,0.1004,0.0241,0.859,-0.7586,2.3655,0.95,False
ROW00060585,TXN0026331,2025-10-03,19:06:30,SKU0800,Store C,Retail,1.0,3.154,2.5435,0.6105,1.2035,1.34,0.0,0.0,False
ROW00060609,TXN0026343,2025-10-04,13:48:00,SKU0782,Store A,Retail,1.0,0.747,0.6024,0.1446,0.2818,0.3206,0.083,0.1,False
ROW00060642,TXN0026357,2025-10-04,15:53:17,SKU0438,Store A,Retail,1.0,0.249,0.2008,0.0482,0.0264,0.1744,0.0,0.0,False
ROW00060679,TXN0026369,2025-10-04,18:14:37,SKU1613,Store A,Retail,1.0,1.411,1.1379,0.2731,0.664,0.4739,0.0,0.0,False
ROW00060697,TXN0026377,2025-10-04,11:39:22,SKU1741,Store B,Retail,1.0,0.083,0.083,0.0,0.083,0.0,0.0,0.0,False
ROW00060776,TXN0026412,2025-10-04,16:20:12,SKU0821,Store B,Retail,4.0,0.5312,0.4284,0.1028,0.249,0.1794,0.1328,0.2,False
ROW00060800,TXN0026424,2025-10-04,19:03:57,SKU1744,Store B,Retail,1.0,0.083,0.083,0.0,0.083,0.0,0.0,0.0,False
ROW00060801,TXN0026425,2025-10-04,19:19:39,SKU1694,Store B,Retail,1.0,1.245,1.0041,0.2409,0.5727,0.4314,0.0,0.0,False
ROW00060830,TXN0026440,2025-10-04,12:45:59,SKU1629,Store C,Retail,1.0,0.083,0.083,0.0,0.083,0.0,0.0,0.0,False
ROW00060886,TXN0026462,2025-10-04,14:53:09,SKU1330,Store C,Retail,1.0,1.577,1.2718,0.3052,0.6557,0.6161,0.0,0.0,False
ROW00060906,TXN0026469,2025-10-04,15:47:39,SKU0688,Store C,Retail,1.0,1.245,1.0041,0.2409,0.3586,0.6455,0.0,0.0,False
ROW00060927,TXN0026478,2025-10-04,16:51:19,SKU0992,Store C,Retail,1.0,0.83,0.6694,0.1606,0.3237,0.3457,0.0,0.0,False
ROW00060958,TXN0026494,2025-10-05,12:37:41,SKU0841,Store A,Retail,1.0,0.2656,0.2142,0.0514,0.1909,0.0233,0.0249,0.0857,False
ROW00060995,TXN0026507,2025-10-05,14:40:31,SKU0535,Store A,Retail,1.0,1.0458,0.8434,0.2024,0.5561,0.2873,0.1162,0.1,False
ROW00061000,TXN0026511,2025-10-05,15:36:15,SKU0098,Store A,Retail,2.0,0.332,0.2678,0.0642,0.1486,0.1192,0.166,0.3333,False
ROW00061094,TXN0026557,2025-10-05,16:36:08,SKU0039,Store B,Retail,1.0,1.494,1.2048,0.2892,0.5208,0.684,0.0,0.0,False
ROW00061115,TXN0026568,2025-10-05,18:34:28,SKU0667,Store B,Retail,1.0,4.233,3.4137,0.8193,2.0451,1.3686,0.0,0.0,False
ROW00061124,TXN0026572,2025-10-05,18:45:59,SKU0707,Store B,Retail,1.0,0.2075,0.1673,0.0402,0.1743,-0.007,0.2075,0.5,False
ROW00061137,TXN0026579,2025-10-05,11:06:39,SKU0805,Store C,Retail,1.0,1.328,1.0709,0.2571,0.2739,0.797,0.0,0.0,False
ROW00061166,TXN0026587,2025-10-05,12:06:24,SKU0917,Store C,Retail,2.0,1.992,1.6065,0.3855,0.7664,0.84,0.0,0.0,False
ROW00061170,TXN0026588,2025-10-05,12:14:14,SKU0153,Store C,Retail,2.0,0.6723,0.5422,0.1301,0.2462,0.296,0.0747,0.1,False
ROW00061242,TXN0026617,2025-10-05,15:17:26,SKU1610,Store C,Retail,1.0,1.411,1.1379,0.2731,0.664,0.4739,0.0,0.0,False
ROW00061267,TXN0026627,2025-10-06,12:53:44,SKU1629,Store A,Retail,1.0,0.083,0.083,0.0,0.083,0.0,0.0,0.0,False
ROW00061273,TXN0026631,2025-10-06,14:11:09,SKU0551,Store A,Retail,1.0,1.7928,1.4458,0.347,0.9545,0.4913,0.4482,0.2,False
ROW00061332,TXN0026655,2025-10-06,13:23:42,SKU1326,Store B,Retail,1.0,1.411,1.1379,0.2731,0.6225,0.5154,0.0,0.0,False
ROW00061354,TXN0026661,2025-10-06,14:36:35,SKU1321,Store B,Retail,1.0,1.411,1.1379,0.2731,0.6225,0.5154,0.0,0.0,False
ROW00061406,TXN0026682,2025-10-06,19:32:28,SKU0529,Store B,Retail,1.0,0.8964,0.7229,0.1735,0.3735,0.3494,0.0996,0.1,False
ROW00061430,TXN0026697,2025-10-06,15:41:08,SKU0611,Store C,Retail,1.0,1.162,0.9371,0.2249,0.5561,0.381,0.0,0.0,False
ROW00061476,TXN0026719,2025-10-07,15:56:55,SKU1322,Store A,Retail,1.0,1.411,1.1379,0.2731,0.6225,0.5154,0.0,0.0,False
ROW00061477,TXN0026719,2025-10-07,15:56:55,SKU1323,Store A,Retail,1.0,1.411,1.1379,0.2731,0.6225,0.5154,0.0,0.0,False
ROW00061517,TXN0026735,2025-10-07,10:58:14,SKU0680,Store B,Retail,1.0,3.071,2.4766,0.5944,0.7619,1.7148,0.0,0.0,False
ROW00061551,TXN0026751,2025-10-07,19:57:04,SKU0707,Store B,Retail,1.0,0.2075,0.1673,0.0402,0.1743,-0.007,0.2075,0.5,False
ROW00061582,TXN0026765,2025-10-07,15:58:53,SKU0812,Store C,Retail,4.0,1.66,1.3387,0.3213,0.0,1.3387,0.0,0.0,False
ROW00061620,TXN0026778,2025-10-07,19:11:17,SKU1062,Store C,Retail,1.0,0.083,0.0669,0.0161,0.0512,0.0157,0.166,0.6667,False
ROW00061639,TXN0026785,2025-10-07,11:15:48,SKU0702,Warehouse,Wholesale,24.0,14.0795,11.3544,2.7251,8.4062,2.9482,13.8085,0.4951,False
ROW00061690,TXN0026801,2025-10-08,16:56:02,SKU0532,Store A,Retail,1.0,3.071,2.4766,0.5944,0.9794,1.4972,0.0,0.0,False
ROW00061699,TXN0026804,2025-10-08,17:15:26,SKU0821,Store A,Retail,3.0,0.4482,0.3615,0.0867,0.1868,0.1747,0.0498,0.1,False
ROW00061740,TXN0026822,2025-10-08,20:44:27,SKU1629,Store A,Retail,1.0,0.083,0.083,0.0,0.083,0.0,0.0,0.0,False
ROW00061757,TXN0026829,2025-10-08,13:11:47,SKU1606,Store B,Retail,1.0,1.411,1.1379,0.2731,0.664,0.4739,0.0,0.0,False
ROW00061765,TXN0026830,2025-10-08,13:16:56,SKU0509,Store B,Retail,1.0,1.992,1.6065,0.3855,0.6432,0.9632,0.0,0.0,False
ROW00061840,TXN0026859,2025-10-08,16:09:17,SKU1678,Store C,Retail,4.0,0.166,0.1339,0.0321,1.1454,-1.0115,3.154,0.95,False
ROW00061850,TXN0026866,2025-10-08,18:02:14,SKU1665,Store C,Retail,2.0,1.66,1.3387,0.3213,0.7636,0.5751,0.83,0.3333,False
ROW00061870,TXN0026873,2025-10-08,13:10:27,SKU1326,Warehouse,Wholesale,120.0,135.8544,109.56,26.2944,74.7,34.86,33.4656,0.1976,False
ROW00061892,TXN0026882,2025-10-09,16:19:06,SKU0095,Store A,Retail,1.0,0.913,0.7363,0.1767,0.3735,0.3628,0.0,0.0,False
ROW00061913,TXN0026890,2025-10-09,18:30:58,SKU0712,Store A,Retail,1.0,1.245,1.0041,0.2409,0.3071,0.697,0.0,0.0,False
ROW00061946,TXN0026900,2025-10-09,15:27:24,SKU0680,Store B,Retail,1.0,3.071,2.4766,0.5944,0.7619,1.7148,0.0,0.0,False
ROW00061982,TXN0026919,2025-10-09,13:09:33,SKU0841,Store C,Retail,1.0,0.2905,0.2343,0.0562,0.1909,0.0434,0.0,0.0,False
ROW00061990,TXN0026920,2025-10-09,13:19:57,SKU1216,Store C,Retail,1.0,1.162,0.9371,0.2249,0.3619,0.5752,0.0,0.0,False
ROW00062038,TXN0026945,2025-10-10,10:44:18,SKU0682,Store A,Retail,1.0,0.747,0.6024,0.1446,0.3154,0.287,0.083,0.1,False
ROW00062079,TXN0026959,2025-10-10,16:46:44,SKU1727,Store A,Retail,1.0,3.32,2.6774,0.6426,1.5687,1.1087,0.0,0.0,False
ROW00062131,TXN0026978,2025-10-10,20:03:01,SKU0140,Store A,Retail,1.0,1.6434,1.3253,0.3181,0.7719,0.5534,0.1826,0.1,False
ROW00062159,TXN0026982,2025-10-10,20:38:41,SKU1077,Store A,Retail,1.0,1.66,1.3387,0.3213,0.6557,0.683,0.0,0.0,False
ROW00062164,TXN0026982,2025-10-10,20:38:41,SKU1738,Store A,Retail,1.0,0.747,0.6024,0.1446,0.3071,0.2953,0.0,0.0,False
ROW00062200,TXN0026997,2025-10-10,14:23:28,SKU0086,Store B,Retail,2.0,1.826,1.4726,0.3534,0.747,0.7256,0.0,0.0,False
ROW00062218,TXN0027002,2025-10-10,15:50:46,SKU1326,Store B,Retail,1.0,1.411,1.1379,0.2731,0.6225,0.5154,0.0,0.0,False
ROW00062256,TXN0027025,2025-10-10,19:31:43,SKU0640,Store B,Retail,1.0,1.66,1.3387,0.3213,0.6201,0.7186,0.0,0.0,False
ROW00062298,TXN0027051,2025-10-10,15:21:19,SKU0087,Store C,Retail,1.0,0.913,0.7363,0.1767,0.3735,0.3628,0.0,0.0,False
ROW00062322,TXN0027064,2025-10-10,18:35:52,SKU0398,Store C,Retail,1.0,2.407,1.9411,0.4659,0.996,0.9451,0.0,0.0,False
ROW00062381,TXN0027084,2025-10-11,14:40:18,SKU1258,Store A,Retail,1.0,1.909,1.5395,0.3695,1.0375,0.502,0.0,0.0,False
ROW00062384,TXN0027085,2025-10-11,14:41:16,SKU0152,Store A,Retail,1.0,0.3735,0.3012,0.0723,0.1231,0.1781,0.0,0.0,False
ROW00062403,TXN0027091,2025-10-11,15:53:34,SKU0841,Store A,Retail,1.0,0.2905,0.2343,0.0562,0.1909,0.0434,0.0,0.0,False
ROW00062455,TXN0027110,2025-10-11,17:55:33,SKU1062,Store A,Retail,2.0,0.166,0.1339,0.0321,0.1024,0.0315,0.332,0.6667,False
ROW00062486,TXN0027119,2025-10-11,18:20:05,SKU1518,Store A,Retail,1.0,0.747,0.6024,0.1446,0.3818,0.2206,0.0,0.0,False
ROW00062507,TXN0027127,2025-10-11,19:50:29,SKU0070,Store A,Retail,1.0,1.577,1.2718,0.3052,0.6225,0.6493,0.0,0.0,False
ROW00062533,TXN0027142,2025-10-11,12:57:36,SKU0452,Store B,Retail,1.0,1.328,1.0709,0.2571,0.6059,0.465,0.0,0.0,False
ROW00062546,TXN0027142,2025-10-11,12:57:36,SKU1513,Store B,Retail,1.0,0.747,0.6024,0.1446,0.3818,0.2206,0.0,0.0,False
ROW00062549,TXN0027142,2025-10-11,12:57:36,SKU1722,Store B,Retail,8.0,2.656,2.1419,0.5141,0.741,1.4009,0.0,0.0,False
ROW00062559,TXN0027146,2025-10-11,13:24:10,SKU0708,Store B,Retail,1.0,0.996,0.8032,0.1928,0.366,0.4372,0.0,0.0,False
ROW00062630,TXN0027176,2025-10-11,17:51:12,SKU0154,Store B,Retail,1.0,1.494,1.2048,0.2892,0.332,0.8728,0.0,0.0,False
ROW00062695,TXN0027198,2025-10-11,10:54:13,SKU0322,Store C,Retail,1.0,1.411,1.1379,0.2731,0.7178,0.4201,0.0,0.0,False
ROW00062754,TXN0027212,2025-10-11,13:37:42,SKU0820,Store C,Retail,1.0,1.9422,1.5663,0.3759,1.0209,0.5454,0.2158,0.1,False
ROW00062761,TXN0027213,2025-10-11,13:38:37,SKU1593,Store C,Retail,1.0,1.162,0.9371,0.2249,0.5727,0.3644,0.0,0.0,False
ROW00062786,TXN0027223,2025-10-11,14:34:28,SKU1739,Store C,Retail,2.0,1.494,1.2048,0.2892,0.6142,0.5906,0.0,0.0,False
ROW00062843,TXN0027251,2025-10-11,17:16:18,SKU0544,Store C,Retail,1.0,1.494,1.2048,0.2892,0.6889,0.5159,0.0,0.0,False
ROW00062847,TXN0027252,2025-10-11,17:19:03,SKU1744,Store C,Retail,1.0,0.083,0.083,0.0,0.083,0.0,0.0,0.0,False
ROW00062855,TXN0027255,2025-10-11,18:14:46,SKU1678,Store C,Retail,1.0,0.0415,0.0334,0.0081,0.2863,-0.2529,0.7885,0.95,False
ROW00062886,TXN0027275,2025-10-12,12:46:53,SKU0127,Store A,Retail,1.0,2.988,2.4097,0.5783,1.3017,1.108,0.0,0.0,False
ROW00062947,TXN0027296,2025-10-12,16:51:49,SKU0806,Store A,Retail,1.0,1.328,1.0709,0.2571,0.2739,0.797,0.0,0.0,False
ROW00062948,TXN0027296,2025-10-12,16:51:49,SKU1237,Store A,Retail,1.0,1.245,1.0041,0.2409,0.4897,0.5144,0.0,0.0,False
ROW00062968,TXN0027305,2025-10-12,17:40:32,SKU0708,Store A,Retail,1.0,0.8964,0.7229,0.1735,0.366,0.3569,0.0996,0.1,False
ROW00063015,TXN0027325,2025-10-12,14:20:07,SKU0535,Store B,Retail,1.0,1.162,0.9371,0.2249,0.5561,0.381,0.0,0.0,False
ROW00063032,TXN0027333,2025-10-12,15:38:49,SKU0946,Store B,Retail,1.0,2.075,1.6734,0.4016,0.415,1.2584,0.0,0.0,False
ROW00063033,TXN0027333,2025-10-12,15:38:49,SKU1077,Store B,Retail,1.0,1.66,1.3387,0.3213,0.6557,0.683,0.0,0.0,False
ROW00063103,TXN0027364,2025-10-12,18:50:06,SKU1327,Store B,Retail,1.0,1.411,1.1379,0.2731,0.6225,0.5154,0.0,0.0,False
ROW00063149,TXN0027387,2025-10-12,12:08:57,SKU1678,Store C,Retail,6.0,0.249,0.2008,0.0482,1.7181,-1.5173,4.731,0.95,False
ROW00063197,TXN0027408,2025-10-12,13:18:00,SKU0633,Store C,Retail,2.0,3.984,3.2129,0.7711,1.5936,1.6193,0.0,0.0,False
ROW00063235,TXN0027424,2025-10-12,14:24:07,SKU1548,Store C,Retail,1.0,1.577,1.2718,0.3052,0.9877,0.2841,0.415,0.2083,False
ROW00063268,TXN0027437,2025-10-12,15:48:40,SKU0711,Store C,Retail,1.0,0.747,0.6024,0.1446,0.2905,0.3119,0.0,0.0,False
ROW00063284,TXN0027443,2025-10-12,16:22:49,SKU1722,Store C,Retail,2.0,0.664,0.5355,0.1285,0.1853,0.3503,0.0,0.0,False
ROW00063286,TXN0027445,2025-10-12,16:25:34,SKU1790,Store C,Retail,1.0,2.739,2.2089,0.5301,1.4027,0.8062,0.0,0.0,False
ROW00063287,TXN0027446,2025-10-12,16:26:03,SKU0444,Store C,Retail,1.0,0.415,0.3347,0.0803,0.0805,0.2541,0.0,0.0,False
ROW00063308,TXN0027454,2025-10-12,16:42:44,SKU1694,Store C,Retail,1.0,1.245,1.0041,0.2409,0.5727,0.4314,0.0,0.0,False
ROW00063353,TXN0027482,2025-10-13,15:54:13,SKU0582,Store A,Retail,1.0,0.3735,0.3012,0.0723,0.0913,0.2099,0.0415,0.1,False
ROW00063363,TXN0027484,2025-10-13,15:59:54,SKU0810,Store A,Retail,1.0,0.249,0.2008,0.0482,0.0498,0.151,0.0,0.0,False
ROW00063366,TXN0027486,2025-10-13,17:00:07,SKU1107,Store A,Retail,2.0,0.498,0.4016,0.0964,0.1992,0.2024,0.0,0.0,False
ROW00063444,TXN0027515,2025-10-13,14:40:23,SKU0039,Store B,Retail,2.0,2.6892,2.1687,0.5205,1.0416,1.1271,0.2988,0.1,False
ROW00063457,TXN0027520,2025-10-13,15:24:26,SKU1764,Store B,Retail,1.0,2.158,1.7403,0.4177,0.6391,1.1012,0.0,0.0,False
ROW00063504,TXN0027545,2025-10-13,10:29:15,SKU0014,Store C,Retail,1.0,0.249,0.2008,0.0482,0.0747,0.1261,0.0,0.0,False
ROW00063590,TXN0027584,2025-10-13,14:54:47,SKU1744,Store C,Retail,1.0,0.083,0.083,0.0,0.083,0.0,0.0,0.0,False
ROW00063592,TXN0027586,2025-10-13,15:02:40,SKU0540,Store C,Retail,1.0,1.328,1.0709,0.2571,0.6308,0.4401,0.0,0.0,False
ROW00063617,TXN0027593,2025-10-13,15:23:25,SKU1610,Store C,Retail,1.0,1.411,1.1379,0.2731,0.664,0.4739,0.0,0.0,False
ROW00063624,TXN0027595,2025-10-13,15:25:25,SKU0538,Store C,Retail,1.0,1.328,1.0709,0.2571,0.83,0.2409,0.0,0.0,False
ROW00063639,TXN0027597,2025-10-13,15:27:13,SKU1678,Store C,Retail,1.0,0.0415,0.0334,0.0081,0.2863,-0.2529,0.7885,0.95,False
ROW00063644,TXN0027601,2025-10-13,16:02:28,SKU1592,Store C,Retail,1.0,1.162,0.9371,0.2249,0.5727,0.3644,0.0,0.0,False
ROW00063700,TXN0027626,2025-10-13,18:37:19,SKU1062,Store C,Retail,4.0,0.332,0.2678,0.0642,0.2048,0.0629,0.664,0.6667,False
ROW00063755,TXN0027642,2025-10-14,11:26:00,SKU0950,Store A,Retail,1.0,0.498,0.4016,0.0964,0.1743,0.2273,0.0,0.0,False
ROW00063809,TXN0027664,2025-10-14,17:54:57,SKU1546,Store A,Retail,1.0,0.6723,0.5422,0.1301,0.3818,0.1604,0.0747,0.1,False
ROW00063817,TXN0027668,2025-10-14,18:58:05,SKU1077,Store A,Retail,1.0,1.66,1.3387,0.3213,0.6557,0.683,0.0,0.0,False
ROW00063837,TXN0027677,2025-10-14,14:21:10,SKU0821,Store B,Retail,1.0,0.166,0.1339,0.0321,0.0622,0.0716,0.0,0.0,False
ROW00063840,TXN0027679,2025-10-14,14:58:48,SKU0405,Store B,Retail,1.0,1.494,1.2048,0.2892,0.6308,0.574,0.0,0.0,False
ROW00063978,TXN0027742,2025-10-14,14:26:48,SKU1107,Store C,Retail,1.0,0.249,0.2008,0.0482,0.0996,0.1012,0.0,0.0,False
ROW00064000,TXN0027751,2025-10-14,15:12:08,SKU0784,Store C,Retail,1.0,0.747,0.6024,0.1446,0.4025,0.1999,0.083,0.1,False
ROW00064003,TXN0027754,2025-10-14,15:23:13,SKU1608,Store C,Retail,1.0,0.747,0.6024,0.1446,0.664,-0.0616,0.664,0.4706,False
ROW00064004,TXN0027754,2025-10-14,15:23:13,SKU1629,Store C,Retail,1.0,0.083,0.083,0.0,0.083,0.0,0.0,0.0,False
ROW00064021,TXN0027764,2025-10-14,16:39:32,SKU1629,Store C,Retail,1.0,0.083,0.083,0.0,0.083,0.0,0.0,0.0,False
ROW00064033,TXN0027769,2025-10-14,17:12:51,SKU0802,Store C,Retail,1.0,1.577,1.2718,0.3052,0.6225,0.6493,0.0,0.0,False
ROW00064079,TXN0027788,2025-10-14,12:42:38,SKU1744,Warehouse,Wholesale,36.0,2.988,2.988,0.0,2.988,0.0,0.0,0.0,False
ROW00064091,TXN0027793,2025-10-15,13:44:22,SKU0152,Store A,Retail,3.0,1.1205,0.9036,0.2169,0.3693,0.5344,0.0,0.0,False
ROW00064098,TXN0027795,2025-10-15,14:32:21,SKU1665,Store A,Retail,1.0,0.83,0.6694,0.1606,0.3818,0.2876,0.415,0.3333,False
ROW00064155,TXN0027815,2025-10-15,11:41:36,SKU1744,Store B,Retail,1.0,0.083,0.083,0.0,0.083,0.0,0.0,0.0,False
ROW00064186,TXN0027831,2025-10-15,15:22:08,SKU1608,Store B,Retail,1.0,0.747,0.6024,0.1446,0.664,-0.0616,0.664,0.4706,False
ROW00064228,TXN0027847,2025-10-15,18:43:36,SKU1424,Store B,Retail,1.0,0.249,0.2008,0.0482,0.0743,0.1265,0.0,0.0,False
ROW00064314,TXN0027882,2025-10-15,11:57:38,SKU0509,Store C,Retail,1.0,1.992,1.6065,0.3855,0.6432,0.9632,0.0,0.0,False
ROW00064315,TXN0027883,2025-10-15,12:02:16,SKU1048,Store C,Retail,1.0,1.245,1.0041,0.2409,0.4281,0.5759,0.0,0.0,False
ROW00064342,TXN0027901,2025-10-15,13:11:32,SKU1678,Store C,Retail,1.0,0.0415,0.0334,0.0081,0.2863,-0.2529,0.7885,0.95,False
ROW00064425,TXN0027942,2025-10-15,15:02:59,SKU1660,Store C,Retail,1.0,0.913,0.7363,0.1767,0.8466,-0.1103,0.747,0.45,False
ROW00064470,TXN0027958,2025-10-15,15:31:54,SKU0639,Store C,Retail,1.0,1.992,1.6065,0.3855,0.5976,1.0089,0.0,0.0,False
ROW00064479,TXN0027961,2025-10-15,15:44:35,SKU1076,Store C,Retail,4.0,2.656,2.1419,0.5141,1.4674,0.6745,2.324,0.4667,False
ROW00064487,TXN0027964,2025-10-15,16:02:18,SKU1701,Store C,Retail,1.0,1.079,0.8702,0.2088,0.4897,0.3805,0.0,0.0,False
ROW00064513,TXN0027977,2025-10-15,16:42:48,SKU0652,Store C,Retail,1.0,1.245,1.0041,0.2409,0.3063,0.6978,0.0,0.0,False
ROW00064531,TXN0027986,2025-10-15,17:27:09,SKU1261,Store C,Retail,1.0,1.079,0.8702,0.2088,0.5644,0.3058,0.0,0.0,False
ROW00064549,TXN0027992,2025-10-15,17:39:48,SKU1629,Store C,Retail,1.0,0.083,0.083,0.0,0.083,0.0,0.0,0.0,False
ROW00064576,TXN0028004,2025-10-15,19:19:38,SKU0166,Store C,Retail,1.0,1.66,1.3387,0.3213,0.415,0.9237,0.0,0.0,False
ROW00064601,TXN0028012,2025-10-16,12:28:50,SKU1679,Store A,Retail,2.0,1.992,1.6065,0.3855,1.3446,0.2619,0.498,0.2,False
ROW00064609,TXN0028014,2025-10-16,13:02:38,SKU0170,Store A,Retail,2.0,1.66,1.3387,0.3213,0.6972,0.6415,0.83,0.3333,False
ROW00064658,TXN0028026,2025-10-16,17:37:47,SKU1327,Store A,Retail,1.0,1.411,1.1379,0.2731,0.6225,0.5154,0.0,0.0,False
ROW00064705,TXN0028043,2025-10-16,13:18:01,SKU0950,Store B,Retail,1.0,0.498,0.4016,0.0964,0.1743,0.2273,0.0,0.0,False
ROW00064724,TXN0028050,2025-10-16,13:41:15,SKU0182,Store B,Retail,1.0,0.166,0.1339,0.0321,0.0193,0.1146,0.0,0.0,False
ROW00064752,TXN0028062,2025-10-16,17:25:44,SKU1768,Store B,Retail,1.0,2.158,1.7403,0.4177,0.6391,1.1012,0.0,0.0,False
ROW00064813,TXN0028094,2025-10-16,11:06:17,SKU1326,Store C,Retail,1.0,1.411,1.1379,0.2731,0.6225,0.5154,0.0,0.0,False
ROW00064855,TXN0028119,2025-10-16,12:35:53,SKU0152,Store C,Retail,2.0,0.747,0.6024,0.1446,0.2462,0.3562,0.0,0.0,False
ROW00064857,TXN0028119,2025-10-16,12:35:53,SKU0692,Store C,Retail,3.0,1.494,1.2048,0.2892,0.63,0.5749,0.0,0.0,False
ROW00064873,TXN0028124,2025-10-16,13:33:23,SKU1694,Store C,Retail,1.0,1.245,1.0041,0.2409,0.5727,0.4314,0.0,0.0,False
ROW00064888,TXN0028129,2025-10-16,13:48:38,SKU1722,Store C,Retail,1.0,0.332,0.2678,0.0642,0.0926,0.1751,0.0,0.0,False
ROW00064901,TXN0028135,2025-10-16,13:56:14,SKU1629,Store C,Retail,1.0,0.083,0.083,0.0,0.083,0.0,0.0,0.0,False
ROW00064918,TXN0028145,2025-10-16,14:23:13,SKU0637,Store C,Retail,1.0,1.494,1.2048,0.2892,0.3984,0.8064,0.0,0.0,False
ROW00064938,TXN0028156,2025-10-16,14:45:07,SKU1678,Store C,Retail,1.0,0.0415,0.0334,0.0081,0.2863,-0.2529,0.7885,0.95,False
ROW00064950,TXN0028165,2025-10-16,15:05:39,SKU1722,Store C,Retail,1.0,0.332,0.2678,0.0642,0.0926,0.1751,0.0,0.0,False
ROW00065038,TXN0028198,2025-10-16,16:47:54,SKU1629,Store C,Retail,2.0,0.166,0.166,0.0,0.166,0.0,0.0,0.0,False
ROW00065098,TXN0028229,2025-10-16,19:50:42,SKU0635,Store C,Retail,2.0,3.984,3.2129,0.7711,1.4276,1.7853,0.0,0.0,False
ROW00065136,TXN0028251,2025-10-17,16:21:05,SKU0098,Store A,Retail,2.0,0.332,0.2678,0.0642,0.1486,0.1192,0.166,0.3333,False
ROW00065171,TXN0028269,2025-10-17,20:12:39,SKU0551,Store A,Retail,1.0,2.241,1.8072,0.4338,0.9545,0.8527,0.0,0.0,False
ROW00065198,TXN0028281,2025-10-17,11:34:13,SKU0821,Store B,Retail,1.0,0.166,0.1339,0.0321,0.0622,0.0716,0.0,0.0,False
ROW00065207,TXN0028285,2025-10-17,12:28:41,SKU1722,Store B,Retail,2.0,0.664,0.5355,0.1285,0.1853,0.3503,0.0,0.0,False
ROW00065252,TXN0028313,2025-10-17,14:45:56,SKU1552,Store B,Retail,1.0,1.826,1.4726,0.3534,0.8964,0.5762,0.0,0.0,False
ROW00065303,TXN0028339,2025-10-17,18:13:01,SKU1323,Store B,Retail,1.0,1.2699,1.0241,0.2458,0.6225,0.4016,0.1411,0.1,False
ROW00065311,TXN0028342,2025-10-17,18:47:19,SKU0692,Store B,Retail,1.0,0.498,0.4016,0.0964,0.21,0.1916,0.0,0.0,False
ROW00065335,TXN0028359,2025-10-17,10:10:07,SKU0682,Store C,Retail,1.0,0.83,0.6694,0.1606,0.3154,0.354,0.0,0.0,False
ROW00065342,TXN0028363,2025-10-17,10:13:45,SKU0509,Store C,Retail,1.0,1.992,1.6065,0.3855,0.6432,0.9632,0.0,0.0,False
ROW00065344,TXN0028364,2025-10-17,10:14:20,SKU0992,Store C,Retail,1.0,0.83,0.6694,0.1606,0.3237,0.3457,0.0,0.0,False
ROW00065362,TXN0028375,2025-10-17,10:29:36,SKU0637,Store C,Retail,1.0,1.494,1.2048,0.2892,0.3984,0.8064,0.0,0.0,False
ROW00065399,TXN0028396,2025-10-17,11:20:12,SKU0066,Store C,Retail,1.0,0.913,0.7363,0.1767,0.3735,0.3628,0.0,0.0,False
ROW00065407,TXN0028399,2025-10-17,11:34:38,SKU1228,Store C,Retail,2.0,2.324,1.8742,0.4498,1.1952,0.679,0.332,0.125,False
ROW00065408,TXN0028400,2025-10-17,11:40:53,SKU0247,Store C,Retail,2.0,3.154,2.5435,0.6105,1.5438,0.9997,0.0,0.0,False
ROW00065493,TXN0028439,2025-10-17,15:36:08,SKU1466,Store C,Retail,1.0,2.5232,2.0348,0.4884,1.2865,0.7483,0.6308,0.2,False
ROW00065653,TXN0028509,2025-10-18,16:02:52,SKU1327,Store A,Retail,1.0,1.411,1.1379,0.2731,0.6225,0.5154,0.0,0.0,False
ROW00065662,TXN0028513,2025-10-18,16:18:04,SKU0050,Store A,Retail,1.0,2.6892,2.1687,0.5205,0.7055,1.4632,0.2988,0.1,False
ROW00065678,TXN0028520,2025-10-18,18:02:38,SKU0583,Store A,Retail,3.0,0.498,0.4016,0.0964,0.0747,0.3269,0.0,0.0,False
ROW00065701,TXN0028532,2025-10-18,20:10:48,SKU0153,Store A,Retail,1.0,0.332,0.2678,0.0642,0.1231,0.1447,0.0415,0.1111,False
ROW00065733,TXN0028550,2025-10-18,14:01:50,SKU0551,Store B,Retail,1.0,2.241,1.8072,0.4338,0.9545,0.8527,0.0,0.0,False
ROW00065740,TXN0028553,2025-10-18,14:28:00,SKU1107,Store B,Retail,1.0,0.249,0.2008,0.0482,0.0996,0.1012,0.0,0.0,False
ROW00065790,TXN0028580,2025-10-18,17:29:21,SKU0712,Store B,Retail,1.0,1.245,1.0041,0.2409,0.3071,0.697,0.0,0.0,False
ROW00065828,TXN0028604,2025-10-18,10:23:55,SKU1228,Store C,Retail,1.0,1.162,0.9371,0.2249,0.5976,0.3395,0.166,0.125,False
ROW00065938,TXN0028655,2025-10-18,13:46:33,SKU0679,Store C,Retail,2.0,3.984,3.2129,0.7711,0.996,2.2169,0.0,0.0,False
ROW00065961,TXN0028666,2025-10-18,14:47:05,SKU1744,Store C,Retail,1.0,0.083,0.083,0.0,0.083,0.0,0.0,0.0,False
ROW00065967,TXN0028669,2025-10-18,14:54:34,SKU1727,Store C,Retail,1.0,3.32,2.6774,0.6426,1.5687,1.1087,0.0,0.0,False
ROW00066020,TXN0028703,2025-10-18,16:53:00,SKU1790,Store C,Retail,1.0,2.905,2.3428,0.5622,1.4027,0.9401,0.0,0.0,False
ROW00066026,TXN0028707,2025-10-18,17:12:11,SKU0405,Store C,Retail,1.0,1.494,1.2048,0.2892,0.6308,0.574,0.0,0.0,False
ROW00066060,TXN0028723,2025-10-18,18:26:38,SKU0668,Store C,Retail,1.0,3.8097,3.0723,0.7374,1.9123,1.16,0.4233,0.1,False
ROW00066067,TXN0028727,2025-10-18,18:36:50,SKU1641,Store C,Retail,1.0,1.1205,0.9036,0.2169,0.6391,0.2645,0.1245,0.1,False
ROW00066092,TXN0028736,2025-10-18,19:00:27,SKU1076,Store C,Retail,2.0,1.328,1.0709,0.2571,0.7337,0.3372,1.162,0.4667,False
ROW00066105,TXN0028740,2025-10-18,19:54:49,SKU1472,Store C,Retail,1.0,1.245,1.0041,0.2409,0.4897,0.5144,0.0,0.0,False
ROW00066124,TXN0028747,2025-10-19,12:27:22,SKU1513,Store A,Retail,1.0,0.6723,0.5422,0.1301,0.3818,0.1604,0.0747,0.1,False
ROW00066127,TXN0028747,2025-10-19,12:27:22,SKU1629,Store A,Retail,1.0,0.083,0.083,0.0,0.083,0.0,0.0,0.0,False
ROW00066185,TXN0028768,2025-10-19,15:10:16,SKU1722,Store A,Retail,1.0,0.332,0.2678,0.0642,0.0926,0.1751,0.0,0.0,False
ROW00066225,TXN0028783,2025-10-19,17:00:39,SKU1727,Store A,Retail,1.0,3.32,2.6774,0.6426,1.5687,1.1087,0.0,0.0,False
ROW00066267,TXN0028804,2025-10-19,13:04:02,SKU1728,Store B,Retail,1.0,3.32,2.6774,0.6426,1.5687,1.1087,0.0,0.0,False
ROW00066300,TXN0028815,2025-10-19,15:13:05,SKU1694,Store B,Retail,2.0,2.49,2.0081,0.4819,1.1454,0.8627,0.0,0.0,False
ROW00066303,TXN0028816,2025-10-19,15:14:55,SKU1629,Store B,Retail,1.0,0.083,0.083,0.0,0.083,0.0,0.0,0.0,False
ROW00066402,TXN0028866,2025-10-19,11:51:35,SKU0678,Store C,Retail,1.0,1.826,1.4726,0.3534,0.4117,1.0609,0.0,0.0,False
ROW00066437,TXN0028885,2025-10-19,13:16:49,SKU0756,Store C,Retail,1.0,0.083,0.0669,0.0161,0.0838,-0.0169,0.166,0.6667,False
ROW00066468,TXN0028896,2025-10-19,14:34:38,SKU1051,Store C,Retail,1.0,1.328,1.0709,0.2571,0.4627,0.6082,0.0,0.0,False
ROW00066473,TXN0028898,2025-10-19,14:42:37,SKU0169,Store C,Retail,6.0,1.992,1.6065,0.3855,0.6972,0.9093,0.0,0.0,False
ROW00066505,TXN0028911,2025-10-19,17:15:10,SKU0140,Store C,Retail,1.0,1.826,1.4726,0.3534,0.913,0.5596,0.0,0.0,False
ROW00066530,TXN0028922,2025-10-20,13:10:16,SKU0189,Store A,Retail,3.0,0.747,0.6024,0.1446,0.0792,0.5232,0.0,0.0,False
ROW00066552,TXN0028933,2025-10-20,16:30:45,SKU1787,Store A,Retail,1.0,2.6145,2.1084,0.5061,1.4027,0.7057,0.2905,0.1,False
ROW00066556,TXN0028934,2025-10-20,16:32:49,SKU0652,Store A,Retail,1.0,1.1205,0.9036,0.2169,0.3063,0.5974,0.1245,0.1,False
ROW00066615,TXN0028961,2025-10-20,12:11:16,SKU0140,Store B,Retail,1.0,1.826,1.4726,0.3534,0.7719,0.7007,0.0,0.0,False
ROW00066646,TXN0028976,2025-10-20,14:54:05,SKU1733,Store B,Retail,1.0,1.826,1.4726,0.3534,0.8466,0.626,0.0,0.0,False
ROW00066650,TXN0028979,2025-10-20,15:10:42,SKU0582,Store B,Retail,1.0,0.415,0.3347,0.0803,0.0913,0.2434,0.0,0.0,False
ROW00066720,TXN0029012,2025-10-20,11:01:54,SKU1680,Store C,Retail,1.0,1.328,1.0709,0.2571,0.5976,0.4733,0.332,0.2,False
ROW00066754,TXN0029032,2025-10-20,13:53:02,SKU0798,Store C,Retail,1.0,3.154,2.5435,0.6105,1.2865,1.257,0.0,0.0,False
ROW00066774,TXN0029041,2025-10-20,15:23:42,SKU1626,Store C,Retail,1.0,1.411,1.1379,0.2731,0.747,0.3909,0.0,0.0,False
ROW00066812,TXN0029064,2025-10-20,18:19:18,SKU1722,Store C,Retail,2.0,0.664,0.5355,0.1285,0.1853,0.3503,0.0,0.0,False
ROW00066824,TXN0029070,2025-10-20,19:37:12,SKU0812,Store C,Retail,1.0,0.415,0.3347,0.0803,0.0,0.3347,0.0,0.0,False
ROW00066849,TXN0029081,2025-10-21,13:02:15,SKU1739,Store A,Retail,1.0,0.747,0.6024,0.1446,0.3071,0.2953,0.0,0.0,False
ROW00066868,TXN0029086,2025-10-21,13:46:15,SKU0630,Store A,Retail,1.0,0.83,0.6694,0.1606,0.3604,0.309,0.0,0.0,False
ROW00066891,TXN0029095,2025-10-21,15:24:42,SKU0845,Store A,Retail,1.0,1.411,1.1379,0.2731,0.5395,0.5984,0.0,0.0,False
ROW00066952,TXN0029122,2025-10-21,11:47:45,SKU0710,Store B,Retail,1.0,0.913,0.7363,0.1767,0.3154,0.4209,0.0,0.0,False
ROW00066964,TXN0029129,2025-10-21,12:58:17,SKU1686,Store B,Retail,1.0,1.411,1.1379,0.2731,0.5354,0.6026,0.0,0.0,False
ROW00066976,TXN0029134,2025-10-21,13:44:14,SKU0710,Store B,Retail,1.0,0.913,0.7363,0.1767,0.3154,0.4209,0.0,0.0,False
ROW00067003,TXN0029149,2025-10-21,14:45:44,SKU1724,Store B,Retail,1.0,3.32,2.6774,0.6426,1.5687,1.1087,0.0,0.0,False
ROW00067014,TXN0029154,2025-10-21,15:34:52,SKU1618,Store B,Retail,1.0,1.411,1.1379,0.2731,0.664,0.4739,0.0,0.0,False
ROW00067139,TXN0029215,2025-10-21,14:36:12,SKU1609,Store C,Retail,1.0,1.411,1.1379,0.2731,0.664,0.4739,0.0,0.0,False
ROW00067143,TXN0029217,2025-10-21,14:38:33,SKU1242,Store C,Retail,1.0,0.747,0.6024,0.1446,0.2158,0.3866,0.0,0.0,False
ROW00067168,TXN0029231,2025-10-21,17:17:45,SKU0001,Store C,Retail,1.0,0.249,0.2008,0.0482,0.0433,0.1575,0.0,0.0,False
ROW00067200,TXN0029245,2025-10-21,19:54:52,SKU1518,Store C,Retail,1.0,0.747,0.6024,0.1446,0.3818,0.2206,0.0,0.0,False
ROW00067204,TXN0029246,2025-10-21,16:53:01,SKU0681,Warehouse,Wholesale,12.0,11.1154,8.964,2.1514,4.8804,4.0836,2.8286,0.2029,False
ROW00067228,TXN0029255,2025-10-22,14:15:47,SKU1404,Store A,Retail,1.0,0.996,0.8032,0.1928,0.3726,0.4306,0.0,0.0,False
ROW00067249,TXN0029264,2025-10-22,15:21:45,SKU0065,Store A,Retail,1.0,0.8217,0.6627,0.159,0.3735,0.2892,0.0913,0.1,False
ROW00067281,TXN0029278,2025-10-22,17:51:41,SKU0153,Store A,Retail,1.0,0.3735,0.3012,0.0723,0.1231,0.1781,0.0,0.0,False
ROW00067328,TXN0029297,2025-10-22,13:06:36,SKU0455,Store B,Retail,1.0,0.4482,0.3615,0.0867,0.2158,0.1457,0.0498,0.1,False
ROW00067344,TXN0029305,2025-10-22,15:03:38,SKU1788,Store B,Retail,1.0,2.905,2.3428,0.5622,1.328,1.0148,0.0,0.0,False
ROW00067396,TXN0029339,2025-10-22,19:50:11,SKU0099,Store B,Retail,1.0,0.913,0.7363,0.1767,0.3735,0.3628,0.0,0.0,False
ROW00067437,TXN0029360,2025-10-22,14:01:22,SKU0548,Store C,Retail,1.0,1.4608,1.1781,0.2827,0.5727,0.6054,0.3652,0.2,False
ROW00067475,TXN0029374,2025-10-22,15:02:20,SKU1727,Store C,Retail,1.0,3.32,2.6774,0.6426,1.5687,1.1087,0.0,0.0,False
ROW00067516,TXN0029391,2025-10-22,16:32:22,SKU1322,Store C,Retail,2.0,2.822,2.2758,0.5462,1.245,1.0308,0.0,0.0,False
ROW00067524,TXN0029394,2025-10-22,16:56:18,SKU0046,Store C,Retail,1.0,0.83,0.6694,0.1606,0.7055,-0.0361,0.664,0.4444,False
ROW00067528,TXN0029394,2025-10-22,16:56:18,SKU0992,Store C,Retail,1.0,0.83,0.6694,0.1606,0.3237,0.3457,0.0,0.0,False
ROW00067562,TXN0029413,2025-10-23,10:48:59,SKU0583,Store A,Retail,2.0,0.332,0.2678,0.0642,0.0498,0.218,0.0,0.0,False
ROW00067592,TXN0029430,2025-10-23,16:06:37,SKU0819,Store A,Retail,1.0,2.075,1.6734,0.4016,0.9711,0.7023,0.0,0.0,False
ROW00067634,TXN0029449,2025-10-23,12:05:32,SKU1764,Store B,Retail,1.0,2.158,1.7403,0.4177,0.6391,1.1012,0.0,0.0,False
ROW00067673,TXN0029472,2025-10-23,14:44:45,SKU0680,Store B,Retail,1.0,3.071,2.4766,0.5944,0.7619,1.7148,0.0,0.0,False
ROW00067681,TXN0029477,2025-10-23,15:41:56,SKU0680,Store B,Retail,1.0,3.071,2.4766,0.5944,0.7619,1.7148,0.0,0.0,False
ROW00067687,TXN0029482,2025-10-23,16:20:20,SKU1326,Store B,Retail,1.0,1.411,1.1379,0.2731,0.6225,0.5154,0.0,0.0,False
ROW00067767,TXN0029527,2025-10-23,13:02:38,SKU0711,Store C,Retail,1.0,0.747,0.6024,0.1446,0.2905,0.3119,0.0,0.0,False
ROW00067770,TXN0029527,2025-10-23,13:02:38,SKU1722,Store C,Retail,1.0,0.332,0.2678,0.0642,0.0926,0.1751,0.0,0.0,False
ROW00067814,TXN0029545,2025-10-23,16:43:44,SKU0463,Store C,Retail,1.0,0.498,0.4016,0.0964,0.1577,0.2439,0.0,0.0,False
ROW00067846,TXN0029557,2025-10-24,10:16:45,SKU0950,Store A,Retail,1.0,0.4482,0.3615,0.0867,0.1743,0.1872,0.0498,0.1,False
ROW00067876,TXN0029572,2025-10-24,15:09:58,SKU0630,Store A,Retail,1.0,0.83,0.6694,0.1606,0.3604,0.309,0.0,0.0,False
ROW00067885,TXN0029575,2025-10-24,15:51:58,SKU0756,Store A,Retail,2.0,0.4482,0.3615,0.0867,0.1677,0.1938,0.0498,0.1,False
ROW00068001,TXN0029628,2025-10-24,14:41:31,SKU1323,Store B,Retail,1.0,1.411,1.1379,0.2731,0.6225,0.5154,0.0,0.0,False
ROW00068014,TXN0029636,2025-10-24,15:19:47,SKU0712,Store B,Retail,1.0,1.245,1.0041,0.2409,0.3071,0.697,0.0,0.0,False
ROW00068045,TXN0029653,2025-10-24,18:44:50,SKU1629,Store B,Retail,1.0,0.083,0.083,0.0,0.083,0.0,0.0,0.0,False
ROW00068050,TXN0029655,2025-10-24,19:14:46,SKU1521,Store B,Retail,1.0,1.66,1.3387,0.3213,0.7387,0.6,0.0,0.0,False
ROW00068119,TXN0029686,2025-10-24,14:39:08,SKU0698,Store C,Retail,2.0,3.4362,2.7711,0.6651,1.2063,1.5648,0.3818,0.1,False
ROW00068142,TXN0029699,2025-10-24,17:19:17,SKU1049,Store C,Retail,1.0,1.245,1.0041,0.2409,0.3583,0.6457,0.0,0.0,False
ROW00068145,TXN0029701,2025-10-24,17:36:01,SKU0551,Store C,Retail,1.0,2.241,1.8072,0.4338,0.9545,0.8527,0.0,0.0,False
ROW00068161,TXN0029708,2025-10-25,10:37:19,SKU1297,Store A,Retail,1.0,2.324,1.8742,0.4498,1.0043,0.8699,0.0,0.0,False
ROW00068186,TXN0029714,2025-10-25,12:39:43,SKU1741,Store A,Retail,1.0,0.083,0.083,0.0,0.083,0.0,0.0,0.0,False
ROW00068232,TXN0029732,2025-10-25,15:20:05,SKU0189,Store A,Retail,1.0,0.249,0.2008,0.0482,0.0264,0.1744,0.0,0.0,False
ROW00068269,TXN0029743,2025-10-25,17:31:42,SKU1322,Store A,Retail,1.0,1.411,1.1379,0.2731,0.6225,0.5154,0.0,0.0,False
ROW00068296,TXN0029752,2025-10-25,20:11:34,SKU0008,Store A,Retail,1.0,0.581,0.4685,0.1125,0.2094,0.2591,0.0,0.0,False
ROW00068319,TXN0029763,2025-10-25,13:21:30,SKU0841,Store B,Retail,1.0,0.2905,0.2343,0.0562,0.1909,0.0434,0.0,0.0,False
ROW00068335,TXN0029774,2025-10-25,14:06:21,SKU1383,Store B,Retail,1.0,2.8386,2.2892,0.5494,1.4193,0.8699,0.3154,0.1,False
ROW00068395,TXN0029806,2025-10-25,17:52:47,SKU1722,Store B,Retail,1.0,0.332,0.2678,0.0642,0.0926,0.1751,0.0,0.0,False
ROW00068414,TXN0029814,2025-10-25,19:47:29,SKU0821,Store B,Retail,3.0,0.498,0.4016,0.0964,0.1868,0.2149,0.0,0.0,False
ROW00068447,TXN0029824,2025-10-25,10:57:46,SKU0545,Store C,Retail,1.0,1.494,1.2048,0.2892,0.6889,0.5159,0.0,0.0,False
ROW00068450,TXN0029824,2025-10-25,10:57:46,SKU0904,Store C,Retail,1.0,8.217,6.6266,1.5904,4.0911,2.5356,0.83,0.0917,False
ROW00068461,TXN0029827,2025-10-25,11:52:58,SKU0444,Store C,Retail,1.0,0.415,0.3347,0.0803,0.0805,0.2541,0.0,0.0,False
ROW00068523,TXN0029855,2025-10-25,14:49:10,SKU1722,Store C,Retail,1.0,0.332,0.2678,0.0642,0.0926,0.1751,0.0,0.0,False
ROW00068571,TXN0029876,2025-10-25,16:00:08,SKU0551,Store C,Retail,1.0,2.241,1.8072,0.4338,0.9545,0.8527,0.0,0.0,False
ROW00068609,TXN0029878,2025-10-25,16:03:17,SKU1624,Store C,Retail,1.0,1.411,1.1379,0.2731,0.747,0.3909,0.0,0.0,False
ROW00068611,TXN0029878,2025-10-25,16:03:17,SKU1629,Store C,Retail,4.0,0.332,0.332,0.0,0.332,0.0,0.0,0.0,False
ROW00068629,TXN0029880,2025-10-25,16:06:51,SKU1463,Store C,Retail,1.0,0.996,0.8032,0.1928,0.4233,0.3799,0.0,0.0,False
ROW00068630,TXN0029880,2025-10-25,16:06:51,SKU1492,Store C,Retail,1.0,0.996,0.8032,0.1928,0.4233,0.3799,0.0,0.0,False
ROW00068746,TXN0029938,2025-10-26,16:02:58,SKU1243,Store A,Retail,1.0,0.747,0.6024,0.1446,0.2905,0.3119,0.0,0.0,False
ROW00068761,TXN0029946,2025-10-26,17:53:43,SKU1081,Store A,Retail,1.0,1.1205,0.9036,0.2169,0.3818,0.5218,0.1245,0.1,False
ROW00068808,TXN0029966,2025-10-26,14:07:15,SKU1701,Store B,Retail,1.0,1.079,0.8702,0.2088,0.4897,0.3805,0.0,0.0,False
ROW00068830,TXN0029976,2025-10-26,15:25:26,SKU1694,Store B,Retail,2.0,2.49,2.0081,0.4819,1.1454,0.8627,0.0,0.0,False
ROW00068843,TXN0029982,2025-10-26,16:15:59,SKU1744,Store B,Retail,1.0,0.083,0.083,0.0,0.083,0.0,0.0,0.0,False
ROW00068893,TXN0030012,2025-10-26,11:37:19,SKU0092,Store C,Retail,1.0,0.913,0.7363,0.1767,0.3735,0.3628,0.0,0.0,False
ROW00068899,TXN0030014,2025-10-26,11:41:20,SKU1420,Store C,Retail,1.0,0.913,0.7363,0.1767,0.4482,0.2881,0.0,0.0,False
ROW00068901,TXN0030015,2025-10-26,11:56:50,SKU0494,Store C,Retail,1.0,2.656,2.1419,0.5141,1.0707,1.0712,0.0,0.0,False
ROW00068969,TXN0030039,2025-10-26,14:29:39,SKU1722,Store C,Retail,1.0,0.332,0.2678,0.0642,0.0926,0.1751,0.0,0.0,False
ROW00069025,TXN0030081,2025-10-26,17:39:08,SKU1460,Store C,Retail,1.0,1.079,0.8702,0.2088,0.5644,0.3058,0.0,0.0,False
ROW00069050,TXN0030099,2025-10-27,15:44:54,SKU1722,Store A,Retail,2.0,0.664,0.5355,0.1285,0.1853,0.3503,0.0,0.0,False
ROW00069108,TXN0030124,2025-10-27,17:19:37,SKU0800,Store B,Retail,1.0,3.154,2.5435,0.6105,1.2035,1.34,0.0,0.0,False
ROW00069136,TXN0030134,2025-10-27,19:30:07,SKU0174,Store B,Retail,1.0,1.577,1.2718,0.3052,0.4067,0.8651,0.0,0.0,False
ROW00069163,TXN0030148,2025-10-27,16:27:44,SKU0583,Store C,Retail,1.0,0.166,0.1339,0.0321,0.0251,0.1088,0.0,0.0,False
ROW00069193,TXN0030163,2025-10-28,12:59:07,SKU1609,Store A,Retail,1.0,1.1952,0.9639,0.2313,0.664,0.2999,0.2158,0.1529,False
ROW00069232,TXN0030182,2025-10-28,17:11:40,SKU0096,Store A,Retail,1.0,0.913,0.7363,0.1767,0.3735,0.3628,0.0,0.0,False
ROW00069258,TXN0030197,2025-10-28,15:26:23,SKU0008,Store B,Retail,1.0,0.581,0.4685,0.1125,0.2094,0.2591,0.0,0.0,False
ROW00069284,TXN0030209,2025-10-28,18:47:57,SKU1270,Store B,Retail,1.0,1.494,1.2048,0.2892,0.6142,0.5906,0.0,0.0,False
ROW00069354,TXN0030246,2025-10-28,16:24:05,SKU1174,Store C,Retail,1.0,0.747,0.6024,0.1446,0.2573,0.3451,0.0,0.0,False
ROW00069368,TXN0030252,2025-10-28,19:22:47,SKU0070,Store C,Retail,1.0,1.577,1.2718,0.3052,0.6225,0.6493,0.0,0.0,False
ROW00069378,TXN0030255,2025-10-28,08:58:10,SKU0532,Warehouse,Wholesale,12.0,20.9957,16.932,4.0637,11.7528,5.1792,15.8563,0.4303,False
ROW00069388,TXN0030258,2025-10-29,11:38:59,SKU0426,Store A,Retail,1.0,2.241,1.8072,0.4338,1.1371,0.6701,0.249,0.1,False
ROW00069394,TXN0030263,2025-10-29,13:08:11,SKU0551,Store A,Retail,4.0,8.964,7.2291,1.7349,3.818,3.4111,0.0,0.0,False
ROW00069484,TXN0030306,2025-10-29,17:13:29,SKU1425,Store B,Retail,1.0,1.66,1.3387,0.3213,0.7387,0.6,0.0,0.0,False
ROW00069502,TXN0030312,2025-10-29,17:59:24,SKU0816,Store B,Retail,1.0,0.415,0.3347,0.0803,0.1224,0.2122,0.0,0.0,False
ROW00069508,TXN0030317,2025-10-29,19:10:53,SKU0117,Store B,Retail,2.0,4.814,3.8822,0.9318,1.909,1.9732,0.0,0.0,False
ROW00069557,TXN0030336,2025-10-29,16:58:23,SKU0841,Store C,Retail,1.0,0.2905,0.2343,0.0562,0.1909,0.0434,0.0,0.0,False
ROW00069593,TXN0030351,2025-10-30,13:53:03,SKU0755,Store A,Retail,1.0,0.249,0.2008,0.0482,0.0838,0.1169,0.0,0.0,False
ROW00069639,TXN0030367,2025-10-30,19:05:50,SKU1081,Store A,Retail,1.0,1.245,1.0041,0.2409,0.3818,0.6223,0.0,0.0,False
ROW00069667,TXN0030380,2025-10-30,13:17:53,SKU1700,Store B,Retail,1.0,1.079,0.8702,0.2088,0.4897,0.3805,0.0,0.0,False
ROW00069691,TXN0030388,2025-10-30,14:44:37,SKU1688,Store B,Retail,1.0,0.913,0.7363,0.1767,0.3071,0.4292,0.0,0.0,False
ROW00069728,TXN0030401,2025-10-30,17:52:14,SKU0153,Store B,Retail,1.0,0.3735,0.3012,0.0723,0.1231,0.1781,0.0,0.0,False
ROW00069761,TXN0030414,2025-10-30,12:30:30,SKU1767,Store C,Retail,1.0,2.158,1.7403,0.4177,0.6391,1.1012,0.0,0.0,False
ROW00069781,TXN0030424,2025-10-30,14:59:20,SKU1510,Store C,Retail,2.0,1.494,1.2048,0.2892,0.7636,0.4412,0.0,0.0,False
ROW00069791,TXN0030430,2025-10-30,15:47:33,SKU0001,Store C,Retail,6.0,1.494,1.2048,0.2892,0.26,0.9449,0.0,0.0,False
ROW00069887,TXN0030462,2025-10-31,15:43:49,SKU0401,Store A,Retail,1.0,2.6145,2.1084,0.5061,1.1205,0.9879,0.2905,0.1,False
ROW00069927,TXN0030478,2025-10-31,19:20:04,SKU0099,Store A,Retail,1.0,0.913,0.7363,0.1767,0.3735,0.3628,0.0,0.0,False
ROW00069943,TXN0030481,2025-10-31,20:07:37,SKU0172,Store A,Retail,1.0,1.162,0.9371,0.2249,0.3486,0.5885,0.0,0.0,False
ROW00069990,TXN0030505,2025-10-31,14:41:03,SKU1694,Store B,Retail,1.0,1.245,1.0041,0.2409,0.5727,0.4314,0.0,0.0,False
ROW00070011,TXN0030519,2025-10-31,15:40:06,SKU0155,Store B,Retail,2.0,2.6892,2.1687,0.5205,0.664,1.5047,0.2988,0.1,False
ROW00070022,TXN0030525,2025-10-31,17:24:52,SKU0613,Store B,Retail,1.0,1.162,0.9371,0.2249,0.5561,0.381,0.0,0.0,False
ROW00070112,TXN0030560,2025-10-31,16:15:29,SKU1321,Store C,Retail,2.0,2.822,2.2758,0.5462,1.245,1.0308,0.0,0.0,False
ROW00070115,TXN0030561,2025-10-31,16:23:18,SKU1543,Store C,Retail,3.0,4.98,4.0161,0.9639,2.4153,1.6008,0.0,0.0,False
ROW00070118,TXN0030562,2025-10-31,16:25:50,SKU1322,Store C,Retail,1.0,1.411,1.1379,0.2731,0.6225,0.5154,0.0,0.0,False
ROW00070147,TXN0030578,2025-11-01,11:03:02,SKU1108,Store A,Retail,1.0,13.4045,10.8101,2.5944,7.1787,3.6314,1.494,0.1003,False
ROW00070219,TXN0030600,2025-11-01,15:05:26,SKU0692,Store A,Retail,1.0,0.4482,0.3615,0.0867,0.21,0.1515,0.0498,0.1,False
ROW00070237,TXN0030606,2025-11-01,15:34:34,SKU0912,Store A,Retail,1.0,3.6603,2.9519,0.7084,2.0999,0.852,0.4067,0.1,False
ROW00070264,TXN0030616,2025-11-01,18:43:06,SKU1697,Store A,Retail,1.0,1.494,1.2048,0.2892,0.4897,0.7151,0.166,0.1,False
ROW00070288,TXN0030629,2025-11-01,12:08:14,SKU0821,Store B,Retail,3.0,0.498,0.4016,0.0964,0.1868,0.2149,0.0,0.0,False
ROW00070316,TXN0030641,2025-11-01,15:41:48,SKU1723,Store B,Retail,1.0,2.988,2.4097,0.5783,1.5687,0.841,0.332,0.1,False
ROW00070327,TXN0030647,2025-11-01,16:02:10,SKU1270,Store B,Retail,1.0,1.494,1.2048,0.2892,0.6142,0.5906,0.0,0.0,False
ROW00070394,TXN0030681,2025-11-01,13:46:02,SKU1722,Store C,Retail,2.0,0.664,0.5355,0.1285,0.1853,0.3503,0.0,0.0,False
ROW00070429,TXN0030698,2025-11-01,15:39:29,SKU1615,Store C,Retail,1.0,1.411,1.1379,0.2731,0.664,0.4739,0.0,0.0,False
ROW00070456,TXN0030713,2025-11-01,18:48:41,SKU1314,Store C,Retail,1.0,1.66,1.3387,0.3213,0.8466,0.4921,0.0,0.0,False
ROW00070550,TXN0030757,2025-11-02,17:20:27,SKU0634,Store A,Retail,1.0,1.826,1.4726,0.3534,0.7288,0.7438,0.0,0.0,False
ROW00070554,TXN0030761,2025-11-02,17:33:15,SKU0476,Store A,Retail,1.0,1.162,0.9371,0.2249,0.5146,0.4225,0.0,0.0,False
ROW00070573,TXN0030772,2025-11-02,18:34:48,SKU0950,Store A,Retail,1.0,0.498,0.4016,0.0964,0.1743,0.2273,0.0,0.0,False
ROW00070577,TXN0030775,2025-11-02,18:41:10,SKU1485,Store A,Retail,5.0,1.1205,0.9036,0.2169,0.6391,0.2645,0.1245,0.1,False
ROW00070583,TXN0030779,2025-11-02,11:36:02,SKU1722,Store B,Retail,1.0,0.332,0.2678,0.0642,0.0926,0.1751,0.0,0.0,False
ROW00070656,TXN0030804,2025-11-02,15:21:15,SKU1097,Store B,Retail,1.0,2.49,2.0081,0.4819,1.1121,0.896,0.0,0.0,False
ROW00070660,TXN0030805,2025-11-02,15:59:42,SKU1524,Store B,Retail,1.0,2.075,1.6734,0.4016,0.9296,0.7438,0.0,0.0,False
ROW00070718,TXN0030837,2025-11-02,12:27:10,SKU1369,Store C,Retail,1.0,0.415,0.3347,0.0803,0.5644,-0.2297,0.83,0.6667,False
ROW00070745,TXN0030846,2025-11-02,13:39:34,SKU1511,Store C,Retail,1.0,0.747,0.6024,0.1446,0.3818,0.2206,0.0,0.0,False
ROW00070768,TXN0030860,2025-11-02,16:27:50,SKU0664,Store C,Retail,1.0,4.233,3.4137,0.8193,1.9123,1.5014,0.0,0.0,False
ROW00070832,TXN0030887,2025-11-03,19:14:48,SKU0474,Store A,Retail,3.0,1.245,1.0041,0.2409,0.4233,0.5808,0.0,0.0,False
ROW00070833,TXN0030887,2025-11-03,19:14:48,SKU0583,Store A,Retail,1.0,0.166,0.1339,0.0321,0.0249,0.109,0.0,0.0,False
ROW00070846,TXN0030894,2025-11-03,13:18:09,SKU0582,Store B,Retail,2.0,0.83,0.6694,0.1606,0.1826,0.4868,0.0,0.0,False
ROW00070869,TXN0030907,2025-11-03,17:10:01,SKU1321,Store B,Retail,1.0,1.411,1.1379,0.2731,0.6225,0.5154,0.0,0.0,False
ROW00070946,TXN0030944,2025-11-03,18:49:40,SKU1077,Store C,Retail,1.0,1.66,1.3387,0.3213,0.6557,0.683,0.0,0.0,False
ROW00070970,TXN0030950,2025-11-04,12:41:38,SKU1609,Store A,Retail,1.0,1.411,1.1379,0.2731,0.664,0.4739,0.0,0.0,False
ROW00071010,TXN0030969,2025-11-04,16:24:04,SKU1404,Store A,Retail,1.0,0.8964,0.7229,0.1735,0.3726,0.3503,0.0996,0.1,False
ROW00071016,TXN0030971,2025-11-04,16:25:43,SKU1077,Store A,Retail,1.0,1.494,1.2048,0.2892,0.6557,0.5491,0.166,0.1,False
ROW00071087,TXN0031003,2025-11-04,18:52:17,SKU0153,Store B,Retail,1.0,0.3735,0.3012,0.0723,0.1231,0.1781,0.0,0.0,False
ROW00071109,TXN0031013,2025-11-04,12:41:00,SKU0841,Store C,Retail,1.0,0.2905,0.2343,0.0562,0.1909,0.0434,0.0,0.0,False
ROW00071139,TXN0031024,2025-11-04,16:02:16,SKU0401,Store C,Retail,1.0,2.905,2.3428,0.5622,1.1205,1.2223,0.0,0.0,False
ROW00071170,TXN0031038,2025-11-04,19:21:32,SKU1790,Store C,Retail,1.0,2.905,2.3428,0.5622,1.4027,0.9401,0.0,0.0,False
ROW00071178,TXN0031044,2025-11-04,09:52:52,SKU1009,Warehouse,Wholesale,12.0,11.7329,9.462,2.2709,5.2788,4.1832,6.1951,0.3456,False
ROW00071188,TXN0031046,2025-11-05,11:44:45,SKU0993,Store A,Retail,1.0,1.162,0.9371,0.2249,0.4897,0.4474,0.0,0.0,False
ROW00071198,TXN0031049,2025-11-05,15:27:52,SKU1510,Store A,Retail,1.0,0.6723,0.5422,0.1301,0.3818,0.1604,0.0747,0.1,False
ROW00071253,TXN0031071,2025-11-05,11:43:49,SKU1733,Store B,Retail,1.0,1.245,1.0041,0.2409,0.8466,0.1575,0.581,0.3182,False
ROW00071275,TXN0031087,2025-11-05,14:52:37,SKU1218,Store B,Retail,1.0,1.494,1.2048,0.2892,0.6308,0.574,0.0,0.0,False
ROW00071336,TXN0031124,2025-11-05,14:16:22,SKU1608,Store C,Retail,1.0,0.747,0.6024,0.1446,0.664,-0.0616,0.664,0.4706,False
ROW00071344,TXN0031128,2025-11-05,15:00:59,SKU1321,Store C,Retail,1.0,1.411,1.1379,0.2731,0.6225,0.5154,0.0,0.0,False
ROW00071381,TXN0031141,2025-11-05,15:22:31,SKU0692,Warehouse,Wholesale,36.0,12.9646,10.4553,2.5093,7.5596,2.8957,4.9634,0.2769,False
ROW00071404,TXN0031150,2025-11-06,14:35:05,SKU1723,Store A,Retail,1.0,3.32,2.6774,0.6426,1.5687,1.1087,0.0,0.0,False
ROW00071437,TXN0031160,2025-11-06,17:17:38,SKU1322,Store A,Retail,1.0,1.411,1.1379,0.2731,0.6225,0.5154,0.0,0.0,False
ROW00071473,TXN0031170,2025-11-06,20:12:19,SKU0462,Store A,Retail,1.0,0.415,0.3347,0.0803,0.1079,0.2268,0.0,0.0,False
ROW00071511,TXN0031183,2025-11-06,13:18:14,SKU0152,Store B,Retail,5.0,1.8675,1.506,0.3615,0.6154,0.8906,0.0,0.0,False
ROW00071537,TXN0031192,2025-11-06,16:28:48,SKU0821,Store B,Retail,1.0,0.166,0.1339,0.0321,0.0622,0.0716,0.0,0.0,False
ROW00071588,TXN0031208,2025-11-06,13:47:20,SKU1629,Store C,Retail,2.0,0.166,0.166,0.0,0.166,0.0,0.0,0.0,False
ROW00071605,TXN0031220,2025-11-06,18:48:55,SKU0401,Store C,Retail,1.0,2.905,2.3428,0.5622,1.1205,1.2223,0.0,0.0,False
ROW00071608,TXN0031222,2025-11-06,14:16:03,SKU0417,Warehouse,Wholesale,2280.0,3167.8776,2554.74,613.1376,2176.26,378.48,2509.3224,0.442,False
ROW00071669,TXN0031239,2025-11-07,17:36:37,SKU0900,Store A,Retail,1.0,0.498,0.4016,0.0964,0.2548,0.1468,0.166,0.25,False
ROW00071687,TXN0031246,2025-11-07,18:15:42,SKU1722,Store A,Retail,1.0,0.332,0.2678,0.0642,0.0926,0.1751,0.0,0.0,False
ROW00071703,TXN0031251,2025-11-07,14:47:05,SKU1327,Store A,Retail,4.0,5.644,4.5516,1.0924,2.49,2.0616,0.0,0.0,False
ROW00071712,TXN0031256,2025-11-07,11:56:07,SKU0682,Store B,Retail,2.0,1.66,1.3387,0.3213,0.6308,0.7079,0.0,0.0,False
ROW00071722,TXN0031259,2025-11-07,12:36:33,SKU1326,Store B,Retail,1.0,1.2699,1.0241,0.2458,0.6225,0.4016,0.1411,0.1,False
ROW00071795,TXN0031285,2025-11-07,17:24:34,SKU0821,Store B,Retail,1.0,0.166,0.1339,0.0321,0.0622,0.0716,0.0,0.0,False
ROW00071798,TXN0031287,2025-11-07,17:31:56,SKU1370,Store B,Retail,1.0,0.747,0.6024,0.1446,0.4067,0.1957,0.083,0.1,False
ROW00071856,TXN0031313,2025-11-07,13:38:10,SKU0841,Store C,Retail,1.0,0.2905,0.2343,0.0562,0.1909,0.0434,0.0,0.0,False
ROW00071896,TXN0031333,2025-11-07,16:47:32,SKU0519,Store C,Retail,1.0,0.332,0.2678,0.0642,0.1194,0.1483,0.0,0.0,False
ROW00071901,TXN0031334,2025-11-07,17:07:01,SKU1629,Store C,Retail,1.0,0.083,0.083,0.0,0.083,0.0,0.0,0.0,False
ROW00072004,TXN0031368,2025-11-08,15:33:46,SKU0033,Store A,Retail,1.0,2.988,2.4097,0.5783,1.494,0.9157,0.0,0.0,False
ROW00072007,TXN0031368,2025-11-08,15:33:46,SKU1237,Store A,Retail,1.0,1.245,1.0041,0.2409,0.4897,0.5144,0.0,0.0,False
ROW00072020,TXN0031373,2025-11-08,16:08:01,SKU0583,Store A,Retail,1.0,0.166,0.1339,0.0321,0.0249,0.109,0.0,0.0,False
ROW00072046,TXN0031386,2025-11-08,17:49:06,SKU0992,Store A,Retail,1.0,0.83,0.6694,0.1606,0.3237,0.3457,0.0,0.0,False
ROW00072058,TXN0031392,2025-11-08,18:34:29,SKU1607,Store A,Retail,1.0,1.2699,1.0241,0.2458,0.664,0.3601,0.1411,0.1,False
ROW00072125,TXN0031429,2025-11-08,14:34:25,SKU1549,Store B,Retail,1.0,1.162,0.9371,0.2249,0.5063,0.4308,0.0,0.0,False
ROW00072168,TXN0031445,2025-11-08,16:24:41,SKU1559,Store B,Retail,1.0,0.747,0.6024,0.1446,0.3818,0.2206,0.0,0.0,False
ROW00072198,TXN0031454,2025-11-08,17:32:48,SKU1013,Store B,Retail,1.0,1.328,1.0709,0.2571,0.4648,0.6061,0.166,0.1111,False
ROW00072217,TXN0031463,2025-11-08,18:13:47,SKU1394,Store B,Retail,1.0,2.075,1.6734,0.4016,0.7138,0.9596,0.0,0.0,False
ROW00072220,TXN0031466,2025-11-08,18:20:38,SKU0821,Store B,Retail,5.0,0.83,0.6694,0.1606,0.3112,0.3581,0.0,0.0,False
ROW00072298,TXN0031500,2025-11-08,14:05:47,SKU1509,Store C,Retail,2.0,1.494,1.2048,0.2892,0.7636,0.4412,0.0,0.0,False
ROW00072312,TXN0031508,2025-11-08,15:00:45,SKU1615,Store C,Retail,1.0,1.411,1.1379,0.2731,0.664,0.4739,0.0,0.0,False
ROW00072316,TXN0031510,2025-11-08,15:21:40,SKU0070,Store C,Retail,1.0,1.577,1.2718,0.3052,0.6225,0.6493,0.0,0.0,False
ROW00072339,TXN0031516,2025-11-08,16:41:16,SKU0652,Store C,Retail,1.0,1.245,1.0041,0.2409,0.4084,0.5957,0.0,0.0,False
ROW00072372,TXN0031531,2025-11-08,18:05:39,SKU1443,Store C,Retail,1.0,0.913,0.7363,0.1767,0.4482,0.2881,0.0,0.0,False
ROW00072449,TXN0031556,2025-11-09,13:38:40,SKU1462,Store A,Retail,1.0,0.996,0.8032,0.1928,0.4233,0.3799,0.0,0.0,False
ROW00072463,TXN0031558,2025-11-09,13:49:08,SKU1332,Store A,Retail,3.0,4.0338,3.2531,0.7807,1.7181,1.535,0.4482,0.1,False
ROW00072465,TXN0031559,2025-11-09,13:53:01,SKU1615,Store A,Retail,1.0,1.411,1.1379,0.2731,0.664,0.4739,0.0,0.0,False
ROW00072468,TXN0031561,2025-11-09,13:59:15,SKU0728,Store A,Retail,1.0,2.1663,1.747,0.4193,0.8922,0.8547,0.2407,0.1,False
ROW00072534,TXN0031594,2025-11-09,17:33:45,SKU1327,Store A,Retail,1.0,1.411,1.1379,0.2731,0.6225,0.5154,0.0,0.0,False
ROW00072578,TXN0031612,2025-11-09,12:44:15,SKU0064,Store B,Retail,1.0,0.913,0.7363,0.1767,0.3735,0.3628,0.0,0.0,False
ROW00072614,TXN0031629,2025-11-09,16:22:51,SKU1418,Store B,Retail,2.0,1.1952,0.9639,0.2313,0.6142,0.3497,0.1328,0.1,False
ROW00072640,TXN0031641,2025-11-09,18:16:37,SKU0652,Store B,Retail,1.0,1.1205,0.9036,0.2169,0.4084,0.4953,0.1245,0.1,False
ROW00072642,TXN0031641,2025-11-09,18:16:37,SKU1009,Store B,Retail,1.0,1.3446,1.0844,0.2602,0.4399,0.6445,0.1494,0.1,False
ROW00072733,TXN0031670,2025-11-09,13:24:38,SKU1512,Store C,Retail,1.0,0.747,0.6024,0.1446,0.3818,0.2206,0.0,0.0,False
ROW00072744,TXN0031675,2025-11-09,13:29:38,SKU0088,Store C,Retail,1.0,0.913,0.7363,0.1767,0.3735,0.3628,0.0,0.0,False
ROW00072752,TXN0031679,2025-11-09,14:03:28,SKU1321,Store C,Retail,1.0,1.411,1.1379,0.2731,0.6225,0.5154,0.0,0.0,False
ROW00072785,TXN0031697,2025-11-09,17:08:46,SKU0317,Store C,Retail,1.0,1.411,1.1379,0.2731,0.7177,0.4202,0.0,0.0,False
ROW00072806,TXN0031706,2025-11-10,14:13:31,SKU0985,Store A,Retail,1.0,1.0458,0.8434,0.2024,0.5395,0.3039,0.1162,0.1,False
ROW00072827,TXN0031714,2025-11-10,16:29:45,SKU1739,Store A,Retail,1.0,0.747,0.6024,0.1446,0.3071,0.2953,0.0,0.0,False
ROW00072901,TXN0031747,2025-11-10,16:43:23,SKU0885,Store B,Retail,1.0,2.241,1.8072,0.4338,1.3446,0.4626,0.249,0.1,False
ROW00072908,TXN0031749,2025-11-10,16:45:06,SKU0841,Store B,Retail,1.0,0.2905,0.2343,0.0562,0.1909,0.0434,0.0,0.0,False
ROW00072950,TXN0031770,2025-11-10,14:25:23,SKU0552,Store C,Retail,1.0,1.328,1.0709,0.2571,0.6308,0.4401,0.0,0.0,False
ROW00072960,TXN0031774,2025-11-10,17:01:38,SKU1050,Store C,Retail,1.0,1.245,1.0041,0.2409,0.3234,0.6807,0.0,0.0,False
ROW00073012,TXN0031797,2025-11-11,16:11:18,SKU0153,Store A,Retail,1.0,0.3735,0.3012,0.0723,0.1231,0.1781,0.0,0.0,False
ROW00073044,TXN0031810,2025-11-11,19:04:12,SKU0821,Store A,Retail,4.0,0.5976,0.4819,0.1157,0.249,0.2329,0.0664,0.1,False
ROW00073065,TXN0031819,2025-11-11,11:51:40,SKU1766,Store B,Retail,1.0,1.7264,1.3922,0.3342,0.6391,0.7531,0.4316,0.2,False
ROW00073091,TXN0031833,2025-11-11,16:04:34,SKU0228,Store B,Retail,2.0,0.498,0.4016,0.0964,0.1203,0.2813,0.0,0.0,False
ROW00073129,TXN0031851,2025-11-11,11:46:03,SKU1319,Store C,Retail,-1.0,-2.324,-1.8742,-0.4498,-1.1288,-0.7454,0.0,0.0,True
ROW00073160,TXN0031859,2025-11-11,13:30:06,SKU1364,Store C,Retail,1.0,2.075,1.6734,0.4016,0.9047,0.7687,0.0,0.0,False
ROW00073161,TXN0031859,2025-11-11,13:30:06,SKU1383,Store C,Retail,1.0,3.154,2.5435,0.6105,1.4193,1.1242,0.0,0.0,False
ROW00073230,TXN0031882,2025-11-11,10:38:17,SKU0681,Warehouse,Wholesale,12.0,11.1154,8.964,2.1514,4.8804,4.0836,2.8286,0.2029,False
ROW00073284,TXN0031900,2025-11-12,17:08:53,SKU0553,Store A,Retail,1.0,1.328,1.0709,0.2571,0.6308,0.4401,0.0,0.0,False
ROW00073296,TXN0031905,2025-11-12,17:59:22,SKU1297,Store A,Retail,1.0,2.324,1.8742,0.4498,1.0043,0.8699,0.0,0.0,False
ROW00073345,TXN0031923,2025-11-12,16:32:45,SKU1090,Store B,Retail,1.0,2.407,1.9411,0.4659,0.996,0.9451,0.0,0.0,False
ROW00073374,TXN0031932,2025-11-12,17:39:52,SKU1332,Store B,Retail,1.0,1.3446,1.0844,0.2602,0.5727,0.5117,0.1494,0.1,False
ROW00073396,TXN0031933,2025-11-12,17:42:31,SKU1606,Store B,Retail,1.0,1.2699,1.0241,0.2458,0.664,0.3601,0.1411,0.1,False
ROW00073408,TXN0031939,2025-11-12,18:52:04,SKU0494,Store B,Retail,1.0,2.656,2.1419,0.5141,1.0707,1.0712,0.0,0.0,False
ROW00073436,TXN0031951,2025-11-12,11:58:29,SKU0100,Store C,Retail,10.0,2.324,1.8742,0.4498,0.7437,1.1305,0.166,0.0667,False
ROW00073437,TXN0031951,2025-11-12,11:58:29,SKU0247,Store C,Retail,2.0,3.154,2.5435,0.6105,1.5438,0.9997,0.0,0.0,False
ROW00073498,TXN0031983,2025-11-13,15:39:24,SKU0655,Store A,Retail,2.0,3.32,2.6774,0.6426,0.865,1.8124,0.0,0.0,False
ROW00073515,TXN0031989,2025-11-13,16:47:06,SKU1095,Store A,Retail,1.0,1.079,0.8702,0.2088,0.5729,0.2973,0.0,0.0,False
ROW00073562,TXN0032009,2025-11-13,12:59:53,SKU1613,Store B,Retail,1.0,1.411,1.1379,0.2731,0.664,0.4739,0.0,0.0,False
ROW00073579,TXN0032017,2025-11-13,14:32:56,SKU0318,Store B,Retail,3.0,4.233,3.4137,0.8193,2.1534,1.2604,0.0,0.0,False
ROW00073622,TXN0032042,2025-11-13,11:10:39,SKU1358,Store C,Retail,2.0,4.15,3.3468,0.8032,1.8094,1.5374,0.0,0.0,False
ROW00073647,TXN0032048,2025-11-13,12:43:19,SKU1640,Store C,Retail,1.0,4.897,3.9492,0.9478,2.407,1.5422,0.0,0.0,False
ROW00073690,TXN0032066,2025-11-13,10:44:34,SKU1622,Warehouse,Wholesale,100.0,59.76,48.1935,11.5665,28.0125,20.181,6.64,0.1,False
ROW00073698,TXN0032072,2025-11-14,12:16:25,SKU1636,Store A,Retail,1.0,5.6025,4.5181,1.0844,3.2204,1.2977,0.6225,0.1,False
ROW00073704,TXN0032074,2025-11-14,12:41:25,SKU1364,Store A,Retail,1.0,2.075,1.6734,0.4016,0.9047,0.7687,0.0,0.0,False
ROW00073721,TXN0032077,2025-11-14,12:59:12,SKU1694,Store A,Retail,2.0,2.49,2.0081,0.4819,1.1454,0.8627,0.0,0.0,False
ROW00073773,TXN0032098,2025-11-14,20:41:34,SKU1612,Store A,Retail,1.0,1.2699,1.0241,0.2458,0.664,0.3601,0.1411,0.1,False
ROW00073844,TXN0032125,2025-11-14,16:50:02,SKU1066,Store B,Retail,1.0,1.245,1.0041,0.2409,0.5071,0.4969,0.0,0.0,False
ROW00073854,TXN0032129,2025-11-14,18:21:09,SKU1724,Store B,Retail,1.0,3.32,2.6774,0.6426,1.5687,1.1087,0.0,0.0,False
ROW00073884,TXN0032141,2025-11-14,13:08:57,SKU0094,Store C,Retail,1.0,0.7304,0.5891,0.1413,0.3735,0.2156,0.1826,0.2,False
ROW00073932,TXN0032165,2025-11-14,19:01:14,SKU0666,Store C,Retail,1.0,3.8097,3.0723,0.7374,1.9123,1.16,0.4233,0.1,False
ROW00073951,TXN0032168,2025-11-14,09:21:20,SKU1787,Warehouse,Wholesale,240.0,563.1799,454.1773,109.0026,336.648,117.5293,134.0201,0.1922,False
ROW00073952,TXN0032169,2025-11-15,10:04:10,SKU0010,Store A,Retail,1.0,0.1494,0.1205,0.0289,0.015,0.1055,0.0166,0.1,False
ROW00073969,TXN0032176,2025-11-15,12:39:40,SKU0652,Store A,Retail,1.0,1.245,1.0041,0.2409,0.4084,0.5957,0.0,0.0,False
ROW00074022,TXN0032198,2025-11-15,16:29:31,SKU0551,Store A,Retail,1.0,2.0169,1.6266,0.3903,0.9545,0.6721,0.2241,0.1,False
ROW00074050,TXN0032213,2025-11-15,20:05:00,SKU0317,Store A,Retail,1.0,1.411,1.1379,0.2731,0.7177,0.4202,0.0,0.0,False
ROW00074112,TXN0032236,2025-11-15,14:38:01,SKU1509,Store B,Retail,1.0,0.747,0.6024,0.1446,0.3818,0.2206,0.0,0.0,False
ROW00074176,TXN0032256,2025-11-15,16:45:25,SKU1174,Store B,Retail,1.0,0.747,0.6024,0.1446,0.2573,0.3451,0.0,0.0,False
ROW00074193,TXN0032266,2025-11-15,18:14:06,SKU1384,Store B,Retail,1.0,0.996,0.8032,0.1928,0.4897,0.3135,0.0,0.0,False
ROW00074194,TXN0032267,2025-11-15,18:47:37,SKU0801,Store B,Retail,2.0,2.8386,2.2892,0.5494,1.245,1.0442,0.3154,0.1,False
ROW00074252,TXN0032295,2025-11-15,13:28:32,SKU1253,Store C,Retail,1.0,1.494,1.2048,0.2892,0.5976,0.6072,0.0,0.0,False
ROW00074274,TXN0032305,2025-11-15,14:38:17,SKU1787,Store C,Retail,1.0,2.905,2.3428,0.5622,1.4027,0.9401,0.0,0.0,False
ROW00074283,TXN0032309,2025-11-15,14:57:14,SKU0640,Store C,Retail,1.0,1.66,1.3387,0.3213,0.6201,0.7186,0.0,0.0,False
ROW00074366,TXN0032349,2025-11-15,19:19:04,SKU1766,Store C,Retail,1.0,2.158,1.7403,0.4177,0.6391,1.1012,0.0,0.0,False
ROW00074367,TXN0032350,2025-11-15,19:19:39,SKU1787,Store C,Retail,1.0,2.905,2.3428,0.5622,1.4027,0.9401,0.0,0.0,False
ROW00074375,TXN0032353,2025-11-16,11:46:21,SKU0652,Store A,Retail,1.0,1.245,1.0041,0.2409,0.4084,0.5957,0.0,0.0,False
ROW00074379,TXN0032354,2025-11-16,11:54:35,SKU0841,Store A,Retail,1.0,0.2905,0.2343,0.0562,0.1909,0.0434,0.0,0.0,False
ROW00074451,TXN0032379,2025-11-16,17:46:59,SKU1744,Store A,Retail,1.0,0.083,0.083,0.0,0.083,0.0,0.0,0.0,False
ROW00074487,TXN0032397,2025-11-16,14:31:06,SKU1326,Store B,Retail,1.0,1.411,1.1379,0.2731,0.6225,0.5154,0.0,0.0,False
ROW00074526,TXN0032414,2025-11-16,17:24:15,SKU0830,Store B,Retail,4.0,0.332,0.2678,0.0642,0.1315,0.1363,0.0,0.0,False
ROW00074531,TXN0032417,2025-11-16,17:43:27,SKU0540,Store B,Retail,1.0,1.328,1.0709,0.2571,0.6308,0.4401,0.0,0.0,False
ROW00074547,TXN0032424,2025-11-16,10:19:00,SKU0841,Store C,Retail,1.0,0.2905,0.2343,0.0562,0.1909,0.0434,0.0,0.0,False
ROW00074582,TXN0032430,2025-11-16,10:33:02,SKU0139,Store C,Retail,1.0,1.66,1.3387,0.3213,0.747,0.5917,0.0,0.0,False
ROW00074583,TXN0032430,2025-11-16,10:33:02,SKU1243,Store C,Retail,1.0,0.747,0.6024,0.1446,0.2905,0.3119,0.0,0.0,False
ROW00074639,TXN0032453,2025-11-16,13:05:21,SKU0540,Store C,Retail,1.0,1.328,1.0709,0.2571,0.6308,0.4401,0.0,0.0,False
ROW00074644,TXN0032453,2025-11-16,13:05:21,SKU1322,Store C,Retail,2.0,1.992,1.6065,0.3855,1.245,0.3615,0.83,0.2941,False
ROW00074664,TXN0032460,2025-11-16,13:57:08,SKU1509,Store C,Retail,1.0,0.747,0.6024,0.1446,0.3818,0.2206,0.0,0.0,False
ROW00074722,TXN0032492,2025-11-17,12:55:35,SKU1537,Store A,Retail,1.0,1.245,1.0041,0.2409,0.4814,0.5227,0.0,0.0,False
ROW00074741,TXN0032501,2025-11-17,16:03:37,SKU0474,Store A,Retail,1.0,0.415,0.3347,0.0803,0.1411,0.1936,0.0,0.0,False
ROW00074755,TXN0032508,2025-11-17,18:07:45,SKU1259,Store A,Retail,1.0,2.905,2.3428,0.5622,1.3529,0.9899,0.0,0.0,False
ROW00074798,TXN0032517,2025-11-17,10:38:35,SKU0401,Store B,Retail,2.0,4.648,3.7484,0.8996,2.241,1.5074,1.162,0.2,False
ROW00074835,TXN0032530,2025-11-17,14:09:55,SKU1787,Store B,Retail,1.0,2.905,2.3428,0.5622,1.4027,0.9401,0.0,0.0,False
ROW00074869,TXN0032550,2025-11-17,19:46:50,SKU0821,Store B,Retail,2.0,0.332,0.2678,0.0642,0.1245,0.1433,0.0,0.0,False
ROW00074881,TXN0032555,2025-11-17,12:51:50,SKU0534,Store C,Retail,1.0,1.162,0.9371,0.2249,0.5561,0.381,0.0,0.0,False
ROW00074913,TXN0032567,2025-11-17,18:12:24,SKU1384,Store C,Retail,1.0,0.996,0.8032,0.1928,0.4897,0.3135,0.0,0.0,False
ROW00074941,TXN0032581,2025-11-18,17:12:04,SKU0326,Store A,Retail,1.0,1.411,1.1379,0.2731,0.7176,0.4203,0.0,0.0,False
ROW00074944,TXN0032582,2025-11-18,17:28:02,SKU0551,Store A,Retail,1.0,2.0169,1.6266,0.3903,0.9545,0.6721,0.2241,0.1,False
ROW00075005,TXN0032603,2025-11-18,15:49:09,SKU1629,Store B,Retail,1.0,0.083,0.083,0.0,0.083,0.0,0.0,0.0,False
ROW00075017,TXN0032612,2025-11-18,16:28:10,SKU0821,Store B,Retail,4.0,0.664,0.5355,0.1285,0.249,0.2865,0.0,0.0,False
ROW00075069,TXN0032637,2025-11-18,18:09:19,SKU1327,Store C,Retail,1.0,1.411,1.1379,0.2731,0.6225,0.5154,0.0,0.0,False
ROW00075087,TXN0032641,2025-11-18,09:14:08,SKU1744,Warehouse,Wholesale,48.0,3.984,3.984,0.0,3.984,0.0,0.0,0.0,False
ROW00075109,TXN0032647,2025-11-19,12:41:22,SKU1424,Store A,Retail,2.0,0.498,0.4016,0.0964,0.1486,0.2531,0.0,0.0,False
ROW00075155,TXN0032669,2025-11-19,15:23:05,SKU1397,Store A,Retail,1.0,1.66,1.3387,0.3213,0.8466,0.4921,0.0,0.0,False
ROW00075191,TXN0032688,2025-11-19,15:55:37,SKU1090,Store B,Retail,1.0,2.407,1.9411,0.4659,0.996,0.9451,0.0,0.0,False
ROW00075216,TXN0032701,2025-11-19,17:10:01,SKU0323,Store B,Retail,1.0,1.411,1.1379,0.2731,0.7178,0.4201,0.0,0.0,False
ROW00075221,TXN0032702,2025-11-19,17:23:47,SKU1730,Store B,Retail,1.0,2.988,2.4097,0.5783,1.5687,0.841,0.332,0.1,False
ROW00075260,TXN0032715,2025-11-19,12:21:08,SKU0725,Store C,Retail,1.0,2.1663,1.747,0.4193,0.8674,0.8796,0.2407,0.1,False
ROW00075265,TXN0032718,2025-11-19,13:33:46,SKU0401,Store C,Retail,1.0,2.905,2.3428,0.5622,1.1205,1.2223,0.0,0.0,False
ROW00075324,TXN0032746,2025-11-20,16:05:02,SKU0189,Store A,Retail,1.0,0.249,0.2008,0.0482,0.0264,0.1744,0.0,0.0,False
ROW00075346,TXN0032753,2025-11-20,17:48:02,SKU1559,Store A,Retail,1.0,0.6723,0.5422,0.1301,0.3818,0.1604,0.0747,0.1,False
ROW00075409,TXN0032784,2025-11-20,16:32:39,SKU0551,Store B,Retail,1.0,2.0169,1.6266,0.3903,0.9545,0.6721,0.2241,0.1,False
ROW00075435,TXN0032791,2025-11-20,17:06:35,SKU1732,Store B,Retail,1.0,1.826,1.4726,0.3534,0.8466,0.626,0.0,0.0,False
ROW00075459,TXN0032803,2025-11-20,18:52:58,SKU0910,Store B,Retail,1.0,4.067,3.2798,0.7872,2.0999,1.1799,0.0,0.0,False
ROW00075463,TXN0032805,2025-11-20,10:25:22,SKU0806,Store C,Retail,1.0,1.328,1.0709,0.2571,0.2739,0.797,0.0,0.0,False
ROW00075507,TXN0032814,2025-11-20,13:12:26,SKU1790,Store C,Retail,1.0,2.905,2.3428,0.5622,1.4027,0.9401,0.0,0.0,False
ROW00075535,TXN0032832,2025-11-20,16:28:47,SKU1089,Store C,Retail,1.0,0.996,0.8032,0.1928,0.4482,0.355,0.0,0.0,False
ROW00075546,TXN0032835,2025-11-20,16:49:45,SKU1466,Store C,Retail,1.0,3.154,2.5435,0.6105,1.2865,1.257,0.0,0.0,False
ROW00075633,TXN0032873,2025-11-21,17:42:40,SKU0152,Store A,Retail,2.0,0.747,0.6024,0.1446,0.2462,0.3562,0.0,0.0,False
ROW00075640,TXN0032876,2025-11-21,17:48:19,SKU0984,Store A,Retail,1.0,1.992,1.6065,0.3855,0.913,0.6935,0.0,0.0,False
ROW00075678,TXN0032887,2025-11-21,13:35:38,SKU0463,Store B,Retail,1.0,0.498,0.4016,0.0964,0.1577,0.2439,0.0,0.0,False
ROW00075680,TXN0032887,2025-11-21,13:35:38,SKU1549,Store B,Retail,2.0,2.324,1.8742,0.4498,1.0126,0.8616,0.0,0.0,False
ROW00075752,TXN0032919,2025-11-21,19:21:53,SKU0708,Store B,Retail,1.0,0.8964,0.7229,0.1735,0.366,0.3569,0.0996,0.1,False
ROW00075836,TXN0032954,2025-11-21,17:15:00,SKU0182,Store C,Retail,4.0,0.166,0.1339,0.0321,0.077,0.0569,0.498,0.75,False
ROW00075839,TXN0032954,2025-11-21,17:15:00,SKU1174,Store C,Retail,2.0,1.3446,1.0844,0.2602,0.5146,0.5698,0.1494,0.1,False
ROW00075867,TXN0032960,2025-11-21,18:32:28,SKU0803,Store C,Retail,1.0,1.328,1.0709,0.2571,0.2407,0.8302,0.0,0.0,False
ROW00075872,TXN0032962,2025-11-21,18:52:17,SKU0821,Store C,Retail,1.0,0.166,0.1339,0.0321,0.0622,0.0716,0.0,0.0,False
ROW00075933,TXN0032984,2025-11-22,14:48:32,SKU1195,Store A,Retail,1.0,3.32,2.6774,0.6426,1.9165,0.7609,0.0,0.0,False
ROW00075936,TXN0032985,2025-11-22,15:00:33,SKU1327,Store A,Retail,1.0,1.411,1.1379,0.2731,0.6225,0.5154,0.0,0.0,False
ROW00075947,TXN0032988,2025-11-22,15:03:09,SKU1322,Store A,Retail,1.0,1.411,1.1379,0.2731,0.6225,0.5154,0.0,0.0,False
ROW00075987,TXN0033016,2025-11-22,18:43:23,SKU0100,Store A,Retail,6.0,1.328,1.0709,0.2571,0.4462,0.6247,0.166,0.1111,False
ROW00076027,TXN0033034,2025-11-22,13:46:25,SKU0451,Store B,Retail,1.0,1.66,1.3387,0.3213,0.459,0.8797,0.0,0.0,False
ROW00076029,TXN0033036,2025-11-22,13:56:28,SKU1048,Store B,Retail,1.0,1.245,1.0041,0.2409,0.4281,0.5759,0.0,0.0,False
ROW00076088,TXN0033065,2025-11-22,17:12:32,SKU0831,Store B,Retail,1.0,0.498,0.4016,0.0964,0.1701,0.2315,0.0,0.0,False
ROW00076107,TXN0033070,2025-11-22,17:31:11,SKU1274,Store B,Retail,2.0,3.32,2.6774,0.6426,1.7098,0.9676,0.0,0.0,False
ROW00076174,TXN0033102,2025-11-22,13:27:52,SKU0189,Store C,Retail,1.0,0.249,0.2008,0.0482,0.0264,0.1744,0.0,0.0,False
ROW00076186,TXN0033105,2025-11-22,13:40:45,SKU0509,Store C,Retail,1.0,1.992,1.6065,0.3855,0.6432,0.9632,0.0,0.0,False
ROW00076202,TXN0033113,2025-11-22,14:25:57,SKU1767,Store C,Retail,1.0,2.158,1.7403,0.4177,0.6391,1.1012,0.0,0.0,False
ROW00076221,TXN0033125,2025-11-22,14:58:44,SKU1049,Store C,Retail,1.0,1.245,1.0041,0.2409,0.3583,0.6457,0.0,0.0,False
ROW00076261,TXN0033144,2025-11-22,16:42:16,SKU1297,Store C,Retail,1.0,2.324,1.8742,0.4498,1.0043,0.8699,0.0,0.0,False
ROW00076302,TXN0033164,2025-11-23,10:42:04,SKU0145,Store A,Retail,1.0,0.3735,0.3012,0.0723,0.1231,0.1781,0.0,0.0,False
ROW00076335,TXN0033180,2025-11-23,15:23:47,SKU1077,Store A,Retail,2.0,3.32,2.6774,0.6426,1.3114,1.366,0.0,0.0,False
ROW00076351,TXN0033184,2025-11-23,16:15:58,SKU0810,Store A,Retail,1.0,0.166,0.1339,0.0321,0.0498,0.0841,0.083,0.3333,False
ROW00076421,TXN0033214,2025-11-23,14:23:12,SKU1737,Store B,Retail,1.0,0.747,0.6024,0.1446,0.3071,0.2953,0.0,0.0,False
ROW00076425,TXN0033215,2025-11-23,15:00:51,SKU0152,Store B,Retail,1.0,0.3735,0.3012,0.0723,0.1231,0.1781,0.0,0.0,False
ROW00076448,TXN0033225,2025-11-23,16:12:03,SKU1724,Store B,Retail,1.0,2.988,2.4097,0.5783,1.5687,0.841,0.332,0.1,False
ROW00076487,TXN0033238,2025-11-23,18:14:38,SKU1701,Store B,Retail,1.0,1.079,0.8702,0.2088,0.4897,0.3805,0.0,0.0,False
ROW00076506,TXN0033248,2025-11-23,10:18:14,SKU0989,Store C,Retail,1.0,2.49,2.0081,0.4819,1.1205,0.8876,0.0,0.0,False
ROW00076532,TXN0033254,2025-11-23,10:31:02,SKU0635,Store C,Retail,1.0,1.992,1.6065,0.3855,0.7138,0.8927,0.0,0.0,False
ROW00076561,TXN0033267,2025-11-23,12:16:51,SKU0139,Store C,Retail,1.0,1.66,1.3387,0.3213,0.747,0.5917,0.0,0.0,False
ROW00076621,TXN0033292,2025-11-23,14:20:54,SKU0540,Store C,Retail,1.0,1.328,1.0709,0.2571,0.6308,0.4401,0.0,0.0,False
ROW00076634,TXN0033295,2025-11-23,14:31:36,SKU1239,Store C,Retail,1.0,0.83,0.6694,0.1606,0.415,0.2544,0.332,0.2857,False
ROW00076655,TXN0033304,2025-11-23,15:02:07,SKU1547,Store C,Retail,1.0,0.83,0.6694,0.1606,0.3154,0.354,0.0,0.0,False
ROW00076669,TXN0033311,2025-11-23,15:29:46,SKU1014,Store C,Retail,1.0,1.494,1.2048,0.2892,0.4648,0.74,0.0,0.0,False
ROW00076685,TXN0033321,2025-11-23,15:45:26,SKU1492,Store C,Retail,1.0,0.996,0.8032,0.1928,0.4233,0.3799,0.0,0.0,False
ROW00076796,TXN0033372,2025-11-24,16:48:52,SKU1671,Store A,Retail,1.0,1.743,1.4056,0.3374,0.8964,0.5092,0.0,0.0,False
ROW00076816,TXN0033383,2025-11-24,18:42:20,SKU1485,Store A,Retail,5.0,1.245,1.0041,0.2409,0.6391,0.365,0.415,0.25,False
ROW00076836,TXN0033395,2025-11-24,14:17:12,SKU0830,Store B,Retail,2.0,0.166,0.1339,0.0321,0.0657,0.0681,0.0,0.0,False
ROW00076851,TXN0033402,2025-11-24,15:48:54,SKU0053,Store B,Retail,1.0,1.494,1.2048,0.2892,0.8051,0.3997,0.166,0.1,False
ROW00076932,TXN0033445,2025-11-24,19:13:29,SKU1614,Store C,Retail,1.0,1.411,1.1379,0.2731,0.664,0.4739,0.0,0.0,False
ROW00076998,TXN0033466,2025-11-25,17:29:21,SKU1786,Store A,Retail,1.0,3.237,2.6105,0.6265,2.158,0.4525,1.66,0.339,False
ROW00077024,TXN0033474,2025-11-25,19:10:27,SKU1404,Store A,Retail,1.0,0.8964,0.7229,0.1735,0.3726,0.3503,0.0996,0.1,False
ROW00077032,TXN0033475,2025-11-25,20:15:35,SKU1510,Store A,Retail,1.0,0.747,0.6024,0.1446,0.3818,0.2206,0.0,0.0,False
ROW00077054,TXN0033490,2025-11-25,15:05:16,SKU1612,Store B,Retail,1.0,1.2699,1.0241,0.2458,0.664,0.3601,0.1411,0.1,False
ROW00077079,TXN0033501,2025-11-25,18:04:53,SKU1384,Store B,Retail,1.0,0.996,0.8032,0.1928,0.4897,0.3135,0.0,0.0,False
ROW00077105,TXN0033513,2025-11-25,13:53:53,SKU0008,Store C,Retail,2.0,1.162,0.9371,0.2249,0.4188,0.5183,0.0,0.0,False
ROW00077151,TXN0033528,2025-11-25,11:16:11,SKU1068,Warehouse,Wholesale,15.0,14.6661,11.8275,2.8386,6.5612,5.2663,5.2539,0.2637,False
ROW00077187,TXN0033542,2025-11-26,15:26:58,SKU0325,Store A,Retail,1.0,1.411,1.1379,0.2731,0.7178,0.4201,0.0,0.0,False
ROW00077206,TXN0033547,2025-11-26,17:00:17,SKU0152,Store A,Retail,1.0,0.3735,0.3012,0.0723,0.1231,0.1781,0.0,0.0,False
ROW00077237,TXN0033552,2025-11-26,17:48:57,SKU1609,Store A,Retail,1.0,1.411,1.1379,0.2731,0.664,0.4739,0.0,0.0,False
ROW00077267,TXN0033565,2025-11-26,13:12:56,SKU1332,Store B,Retail,1.0,1.494,1.2048,0.2892,0.5727,0.6321,0.0,0.0,False
ROW00077278,TXN0033569,2025-11-26,14:05:37,SKU0153,Store B,Retail,1.0,0.3735,0.3012,0.0723,0.1231,0.1781,0.0,0.0,False
ROW00077311,TXN0033586,2025-11-26,18:00:55,SKU0728,Store B,Retail,1.0,2.407,1.9411,0.4659,0.8922,1.0489,0.0,0.0,False
ROW00077347,TXN0033602,2025-11-26,12:57:19,SKU0708,Store C,Retail,1.0,0.996,0.8032,0.1928,0.366,0.4372,0.0,0.0,False
ROW00077386,TXN0033621,2025-11-26,16:25:00,SKU0667,Store C,Retail,1.0,4.233,3.4137,0.8193,1.9123,1.5014,0.0,0.0,False
ROW00077423,TXN0033633,2025-11-26,18:54:22,SKU0821,Store C,Retail,1.0,0.1328,0.1071,0.0257,0.0622,0.0448,0.0332,0.2,False
ROW00077425,TXN0033635,2025-11-26,09:27:26,SKU0731,Warehouse,Wholesale,24.0,59.76,59.76,0.0,52.9872,6.7728,20.5591,0.256,False
ROW00077479,TXN0033657,2025-11-27,15:39:37,SKU1701,Store A,Retail,1.0,1.079,0.8702,0.2088,0.4897,0.3805,0.0,0.0,False
ROW00077486,TXN0033660,2025-11-27,16:54:49,SKU0794,Store A,Retail,1.0,1.1952,0.9639,0.2313,0.3735,0.5904,0.1328,0.1,False
ROW00077496,TXN0033664,2025-11-27,18:05:21,SKU1358,Store A,Retail,1.0,2.075,1.6734,0.4016,0.9047,0.7687,0.0,0.0,False
ROW00077540,TXN0033682,2025-11-27,14:55:24,SKU1446,Store B,Retail,1.0,0.913,0.7363,0.1767,0.4482,0.2881,0.0,0.0,False
ROW00077544,TXN0033684,2025-11-27,15:19:55,SKU0318,Store B,Retail,1.0,1.411,1.1379,0.2731,0.7178,0.4201,0.0,0.0,False
ROW00077581,TXN0033697,2025-11-27,18:50:00,SKU0653,Store B,Retail,1.0,1.826,1.4726,0.3534,0.4067,1.0659,0.0,0.0,False
ROW00077602,TXN0033705,2025-11-27,12:55:38,SKU0655,Store C,Retail,1.0,1.66,1.3387,0.3213,0.4325,0.9062,0.0,0.0,False
ROW00077659,TXN0033733,2025-11-27,17:45:36,SKU0821,Store C,Retail,3.0,0.498,0.4016,0.0964,0.1868,0.2149,0.0,0.0,False
ROW00077668,TXN0033738,2025-11-27,19:04:20,SKU1404,Store C,Retail,1.0,0.996,0.8032,0.1928,0.3726,0.4306,0.0,0.0,False
ROW00077718,TXN0033757,2025-11-28,16:13:47,SKU1253,Store A,Retail,1.0,1.1952,0.9639,0.2313,0.5976,0.3663,0.2988,0.2,False
ROW00077729,TXN0033759,2025-11-28,16:50:01,SKU1629,Store A,Retail,1.0,0.083,0.083,0.0,0.083,0.0,0.0,0.0,False
ROW00077739,TXN0033762,2025-11-28,17:40:03,SKU0831,Store A,Retail,1.0,0.4482,0.3615,0.0867,0.1701,0.1913,0.0498,0.1,False
ROW00077762,TXN0033774,2025-11-28,19:38:54,SKU0980,Store A,Retail,1.0,0.5976,0.4819,0.1157,0.3071,0.1748,0.0664,0.1,False
ROW00077790,TXN0033784,2025-11-28,13:19:06,SKU0417,Store B,Retail,1.0,2.49,2.0081,0.4819,1.1371,0.871,0.0,0.0,False
ROW00077795,TXN0033787,2025-11-28,13:50:57,SKU0007,Store B,Retail,1.0,0.581,0.4685,0.1125,0.2094,0.2591,0.0,0.0,False
ROW00077852,TXN0033815,2025-11-28,10:19:53,SKU0708,Store C,Retail,2.0,1.992,1.6065,0.3855,0.7321,0.8744,0.0,0.0,False
ROW00077909,TXN0033838,2025-11-28,14:32:11,SKU1686,Store C,Retail,1.0,1.411,1.1379,0.2731,0.5354,0.6026,0.0,0.0,False
ROW00077915,TXN0033842,2025-11-28,14:57:58,SKU1301,Store C,Retail,1.0,4.482,3.6145,0.8675,2.1746,1.4399,0.0,0.0,False
ROW00077988,TXN0033879,2025-11-29,13:33:57,SKU1782,Store A,Retail,1.0,1.66,1.3387,0.3213,1.079,0.2597,0.664,0.2857,False
ROW00077992,TXN0033881,2025-11-29,14:13:43,SKU0540,Store A,Retail,1.0,1.1952,0.9639,0.2313,0.6308,0.3331,0.1328,0.1,False
ROW00078001,TXN0033886,2025-11-29,14:46:19,SKU0182,Store A,Retail,26.0,1.079,0.8702,0.2088,0.5007,0.3695,3.237,0.75,False
ROW00078033,TXN0033898,2025-11-29,15:58:43,SKU1321,Store A,Retail,1.0,1.2699,1.0241,0.2458,0.6225,0.4016,0.1411,0.1,False
ROW00078087,TXN0033906,2025-11-29,17:24:20,SKU1739,Store A,Retail,1.0,0.6723,0.5422,0.1301,0.3071,0.2351,0.0747,0.1,False
ROW00078096,TXN0033910,2025-11-29,18:04:29,SKU0801,Store A,Retail,1.0,1.577,1.2718,0.3052,0.6225,0.6493,0.0,0.0,False
ROW00078166,TXN0033934,2025-11-29,13:01:12,SKU0321,Store B,Retail,1.0,1.2699,1.0241,0.2458,0.7178,0.3064,0.1411,0.1,False
ROW00078189,TXN0033944,2025-11-29,14:40:16,SKU0153,Store B,Retail,2.0,0.6723,0.5422,0.1301,0.2462,0.296,0.0747,0.1,False
ROW00078250,TXN0033969,2025-11-29,16:08:53,SKU0182,Store B,Retail,2.0,0.083,0.0669,0.0161,0.0385,0.0284,0.249,0.75,False
ROW00078270,TXN0033972,2025-11-29,16:42:29,SKU1305,Store B,Retail,1.0,1.8675,1.506,0.3615,0.7304,0.7756,0.2075,0.1,False
ROW00078311,TXN0033992,2025-11-29,18:01:49,SKU0552,Store B,Retail,2.0,2.3904,1.9278,0.4626,1.2616,0.6662,0.2656,0.1,False
ROW00078320,TXN0033995,2025-11-29,18:37:54,SKU0698,Store B,Retail,1.0,1.7181,1.3856,0.3325,0.6032,0.7824,0.1909,0.1,False
ROW00078365,TXN0034008,2025-11-29,10:52:25,SKU1492,Store C,Retail,1.0,0.996,0.8032,0.1928,0.4233,0.3799,0.0,0.0,False
ROW00078383,TXN0034012,2025-11-29,11:17:42,SKU1370,Store C,Retail,2.0,1.66,1.3387,0.3213,0.8134,0.5253,0.0,0.0,False
ROW00078404,TXN0034020,2025-11-29,12:05:48,SKU1485,Store C,Retail,2.0,0.664,0.5355,0.1285,0.2556,0.2799,0.0,0.0,False
ROW00078549,TXN0034082,2025-11-29,17:37:32,SKU1733,Store C,Retail,1.0,1.079,0.8702,0.2088,0.8466,0.0236,0.747,0.4091,False
ROW00078565,TXN0034087,2025-11-29,17:45:38,SKU0652,Store C,Retail,1.0,1.245,1.0041,0.2409,0.4084,0.5957,0.0,0.0,False
ROW00078569,TXN0034089,2025-11-29,17:55:16,SKU0152,Store C,Retail,2.0,0.747,0.6024,0.1446,0.2462,0.3562,0.0,0.0,False
ROW00078587,TXN0034094,2025-11-29,18:36:02,SKU1506,Store C,Retail,1.0,1.079,0.8702,0.2088,0.4814,0.3888,0.0,0.0,False
ROW00078598,TXN0034100,2025-11-29,19:44:50,SKU1697,Store C,Retail,1.0,0.664,0.5355,0.1285,0.4897,0.0458,0.996,0.6,False
ROW00078599,TXN0034100,2025-11-29,19:44:50,SKU1733,Store C,Retail,1.0,1.079,0.8702,0.2088,0.8466,0.0236,0.747,0.4091,False
ROW00078616,TXN0034110,2025-11-30,12:33:58,SKU0583,Store A,Retail,1.0,0.166,0.1339,0.0321,0.0249,0.109,0.0,0.0,False
ROW00078718,TXN0034145,2025-11-30,15:57:34,SKU0982,Store A,Retail,1.0,1.162,0.9371,0.2249,0.4648,0.4723,0.0,0.0,False
ROW00078720,TXN0034146,2025-11-30,15:58:07,SKU0583,Store A,Retail,2.0,0.332,0.2678,0.0642,0.0498,0.218,0.0,0.0,False
ROW00078745,TXN0034157,2025-11-30,17:19:56,SKU0942,Store A,Retail,1.0,1.8675,1.506,0.3615,0.6059,0.9001,0.2075,0.1,False
ROW00078746,TXN0034157,2025-11-30,17:19:56,SKU1370,Store A,Retail,1.0,0.747,0.6024,0.1446,0.4067,0.1957,0.083,0.1,False
ROW00078774,TXN0034162,2025-11-30,18:31:03,SKU1610,Store A,Retail,1.0,1.411,1.1379,0.2731,0.664,0.4739,0.0,0.0,False
ROW00078808,TXN0034168,2025-11-30,10:59:44,SKU1739,Store B,Retail,1.0,0.747,0.6024,0.1446,0.3071,0.2953,0.0,0.0,False
ROW00078868,TXN0034193,2025-11-30,15:14:40,SKU1629,Store B,Retail,3.0,0.249,0.249,0.0,0.249,0.0,0.0,0.0,False
ROW00078881,TXN0034196,2025-11-30,15:24:05,SKU1637,Store B,Retail,1.0,5.6025,4.5181,1.0844,2.9631,1.555,0.6225,0.1,False
ROW00078904,TXN0034210,2025-11-30,17:07:43,SKU0841,Store B,Retail,1.0,0.2656,0.2142,0.0514,0.1909,0.0233,0.0249,0.0857,False
ROW00078939,TXN0034224,2025-11-30,10:20:54,SKU0070,Store C,Retail,1.0,1.577,1.2718,0.3052,0.6225,0.6493,0.0,0.0,False
ROW00078950,TXN0034229,2025-11-30,10:40:14,SKU1076,Store C,Retail,1.0,0.498,0.4016,0.0964,0.3669,0.0348,0.747,0.6,False
ROW00078957,TXN0034230,2025-11-30,10:41:33,SKU0810,Store C,Retail,2.0,0.332,0.2678,0.0642,0.0996,0.1682,0.166,0.3333,False
ROW00078994,TXN0034247,2025-11-30,12:09:46,SKU1432,Store C,Retail,1.0,1.577,1.2718,0.3052,0.7553,0.5165,0.0,0.0,False
ROW00079087,TXN0034287,2025-11-30,15:02:52,SKU0552,Store C,Retail,1.0,1.328,1.0709,0.2571,0.6308,0.4401,0.0,0.0,False
ROW00079129,TXN0034303,2025-11-30,16:39:48,SKU0613,Store C,Retail,1.0,1.162,0.9371,0.2249,0.5561,0.381,0.0,0.0,False
ROW00079182,TXN0034317,2025-12-01,15:33:36,SKU0912,Store A,Retail,1.0,3.6603,2.9519,0.7084,2.0999,0.852,0.4067,0.1,False
ROW00079192,TXN0034319,2025-12-01,16:34:44,SKU1739,Store A,Retail,1.0,0.747,0.6024,0.1446,0.3071,0.2953,0.0,0.0,False
ROW00079227,TXN0034329,2025-12-01,18:19:44,SKU1629,Store A,Retail,1.0,0.083,0.083,0.0,0.083,0.0,0.0,0.0,False
ROW00079258,TXN0034342,2025-12-01,13:20:05,SKU0901,Store B,Retail,2.0,0.996,0.8032,0.1928,0.5096,0.2936,0.332,0.25,False
ROW00079259,TXN0034342,2025-12-01,13:20:05,SKU1249,Store B,Retail,4.0,2.6892,2.1687,0.5205,1.2616,0.9071,0.2988,0.1,False
ROW00079260,TXN0034342,2025-12-01,13:20:05,SKU1404,Store B,Retail,4.0,3.5856,2.8916,0.694,1.4903,1.4013,0.3984,0.1,False
ROW00079381,TXN0034386,2025-12-01,19:52:20,SKU1744,Store B,Retail,1.0,0.083,0.083,0.0,0.083,0.0,0.0,0.0,False
ROW00079386,TXN0034389,2025-12-01,11:21:51,SKU0666,Store C,Retail,1.0,4.233,3.4137,0.8193,1.9123,1.5014,0.0,0.0,False
ROW00079418,TXN0034402,2025-12-01,13:15:34,SKU1404,Store C,Retail,1.0,0.996,0.8032,0.1928,0.3726,0.4306,0.0,0.0,False
ROW00079434,TXN0034406,2025-12-01,15:04:20,SKU1738,Store C,Retail,2.0,1.494,1.2048,0.2892,0.6142,0.5906,0.0,0.0,False
ROW00079442,TXN0034412,2025-12-01,15:45:28,SKU0247,Store C,Retail,2.0,3.154,2.5435,0.6105,1.5438,0.9997,0.0,0.0,False
ROW00079518,TXN0034437,2025-12-02,12:50:41,SKU1358,Store A,Retail,1.0,2.075,1.6734,0.4016,0.9047,0.7687,0.0,0.0,False
ROW00079524,TXN0034439,2025-12-02,13:47:27,SKU1643,Store A,Retail,1.0,1.245,1.0041,0.2409,0.6391,0.365,0.0,0.0,False
ROW00079583,TXN0034459,2025-12-02,18:34:13,SKU0583,Store A,Retail,2.0,0.332,0.2678,0.0642,0.0498,0.218,0.0,0.0,False
ROW00079599,TXN0034464,2025-12-02,19:07:18,SKU0554,Store A,Retail,1.0,2.3904,1.9278,0.4626,1.1952,0.7326,0.2656,0.1,False
ROW00079676,TXN0034487,2025-12-02,15:27:36,SKU0050,Store B,Retail,1.0,2.988,2.4097,0.5783,0.7055,1.7042,0.0,0.0,False
ROW00079705,TXN0034496,2025-12-02,17:42:22,SKU0232,Store B,Retail,1.0,0.664,0.5355,0.1285,0.1328,0.4027,0.0,0.0,False
ROW00079716,TXN0034500,2025-12-02,18:46:55,SKU0913,Store B,Retail,1.0,2.49,2.0081,0.4819,0.9545,1.0536,0.0,0.0,False
ROW00079774,TXN0034528,2025-12-02,16:23:14,SKU1641,Store C,Retail,1.0,1.245,1.0041,0.2409,0.6391,0.365,0.0,0.0,False
ROW00079775,TXN0034528,2025-12-02,16:23:14,SKU1642,Store C,Retail,1.0,1.245,1.0041,0.2409,0.6391,0.365,0.0,0.0,False
ROW00079784,TXN0034531,2025-12-02,16:36:55,SKU1780,Store C,Retail,1.0,1.66,1.3387,0.3213,1.1039,0.2348,0.664,0.2857,False
ROW00079830,TXN0034547,2025-12-02,09:07:39,SKU0731,Warehouse,Wholesale,8.0,28.9823,23.3728,5.6095,17.6624,5.7104,4.2177,0.127,False
ROW00079838,TXN0034549,2025-12-03,11:51:04,SKU0549,Store A,Retail,1.0,1.6434,1.3253,0.3181,0.5727,0.7526,0.1826,0.1,False
ROW00079857,TXN0034559,2025-12-03,16:23:47,SKU1606,Store A,Retail,1.0,1.411,1.1379,0.2731,0.664,0.4739,0.0,0.0,False
ROW00079956,TXN0034604,2025-12-03,18:33:00,SKU0806,Store B,Retail,1.0,1.0624,0.8568,0.2056,0.2739,0.5829,0.2656,0.2,False
ROW00079971,TXN0034608,2025-12-03,19:10:33,SKU0821,Store B,Retail,6.0,0.8964,0.7229,0.1735,0.3735,0.3494,0.0996,0.1,False
ROW00079974,TXN0034608,2025-12-03,19:10:33,SKU1444,Store B,Retail,1.0,0.8217,0.6627,0.159,0.4482,0.2145,0.0913,0.1,False
ROW00080023,TXN0034621,2025-12-03,13:24:48,SKU0983,Store C,Retail,1.0,1.162,0.9371,0.2249,0.4648,0.4723,0.0,0.0,False
ROW00080027,TXN0034622,2025-12-03,13:28:02,SKU1323,Store C,Retail,1.0,1.411,1.1379,0.2731,0.6225,0.5154,0.0,0.0,False
ROW00080038,TXN0034624,2025-12-03,13:41:19,SKU1218,Store C,Retail,1.0,1.494,1.2048,0.2892,0.6308,0.574,0.0,0.0,False
ROW00080082,TXN0034637,2025-12-03,15:56:56,SKU1786,Store C,Retail,2.0,6.474,5.2209,1.2531,4.316,0.9049,3.32,0.339,False
ROW00080130,TXN0034659,2025-12-03,19:31:27,SKU0044,Store C,Retail,1.0,1.66,1.3387,0.3213,1.66,-0.3213,2.075,0.5556,False
ROW00080139,TXN0034661,2025-12-03,11:53:39,SKU0941,Warehouse,Wholesale,100.0,1119.7696,903.04,216.7296,640.677,262.363,282.9304,0.2017,False
ROW00080157,TXN0034665,2025-12-04,13:10:08,SKU0463,Store A,Retail,1.0,0.4482,0.3615,0.0867,0.1577,0.2038,0.0498,0.1,False
ROW00080208,TXN0034676,2025-12-04,18:27:14,SKU1502,Store A,Retail,2.0,1.494,1.2048,0.2892,0.4606,0.7442,0.166,0.1,False
ROW00080234,TXN0034682,2025-12-04,20:36:02,SKU0691,Store A,Retail,2.0,1.7928,1.4458,0.347,0.4648,0.981,0.1992,0.1,False
ROW00080242,TXN0034683,2025-12-04,10:19:59,SKU1668,Store B,Retail,1.0,1.328,1.0709,0.2571,0.747,0.3239,0.332,0.2,False
ROW00080270,TXN0034689,2025-12-04,13:18:32,SKU1095,Store B,Retail,1.0,1.079,0.8702,0.2088,0.5729,0.2973,0.0,0.0,False
ROW00080324,TXN0034722,2025-12-04,10:52:12,SKU1502,Store C,Retail,1.0,0.664,0.5355,0.1285,0.2303,0.3052,0.166,0.2,False
ROW00080395,TXN0034744,2025-12-04,14:59:28,SKU0081,Store C,Retail,2.0,3.32,2.6774,0.6426,1.245,1.4324,0.0,0.0,False
ROW00080427,TXN0034757,2025-12-04,16:28:29,SKU0581,Store C,Retail,1.0,11.537,9.3041,2.2329,4.233,5.0711,0.0,0.0,False
ROW00080437,TXN0034760,2025-12-04,16:39:06,SKU0152,Store C,Retail,2.0,0.6723,0.5422,0.1301,0.2462,0.296,0.0747,0.1,False
ROW00080458,TXN0034766,2025-12-04,17:06:47,SKU0655,Store C,Retail,1.0,1.66,1.3387,0.3213,0.4325,0.9062,0.0,0.0,False
ROW00080491,TXN0034775,2025-12-04,19:11:02,SKU0444,Store C,Retail,1.0,0.415,0.3347,0.0803,0.0805,0.2541,0.0,0.0,False
ROW00080503,TXN0034778,2025-12-04,13:17:54,SKU0898,Warehouse,Wholesale,90.0,410.85,410.85,0.0,301.041,109.809,125.3051,0.2337,False
ROW00080535,TXN0034789,2025-12-05,14:15:59,SKU1364,Store A,Retail,3.0,6.225,5.0202,1.2048,2.7141,2.3061,0.0,0.0,False
ROW00080537,TXN0034790,2025-12-05,14:26:16,SKU0553,Store A,Retail,1.0,1.328,1.0709,0.2571,0.6308,0.4401,0.0,0.0,False
ROW00080554,TXN0034796,2025-12-05,15:24:30,SKU1068,Store A,Retail,1.0,1.328,1.0709,0.2571,0.4374,0.6335,0.0,0.0,False
ROW00080611,TXN0034817,2025-12-05,18:37:59,SKU0556,Store A,Retail,1.0,11.8773,9.5784,2.2989,5.6091,3.9693,1.3197,0.1,False
ROW00080672,TXN0034842,2025-12-05,14:35:34,SKU1667,Store B,Retail,1.0,1.66,1.3387,0.3213,0.6798,0.6589,0.0,0.0,False
ROW00080681,TXN0034847,2025-12-05,15:16:04,SKU0841,Store B,Retail,1.0,0.2905,0.2343,0.0562,0.1909,0.0434,0.0,0.0,False
ROW00080703,TXN0034854,2025-12-05,16:28:14,SKU1668,Store B,Retail,1.0,1.66,1.3387,0.3213,0.747,0.5917,0.0,0.0,False
ROW00080721,TXN0034860,2025-12-05,16:55:38,SKU1322,Store B,Retail,1.0,1.411,1.1379,0.2731,0.6225,0.5154,0.0,0.0,False
ROW00080750,TXN0034871,2025-12-05,18:08:15,SKU0655,Store B,Retail,1.0,1.66,1.3387,0.3213,0.4325,0.9062,0.0,0.0,False
ROW00080804,TXN0034882,2025-12-05,11:21:02,SKU0427,Store C,Retail,1.0,2.49,2.0081,0.4819,1.1371,0.871,0.0,0.0,False
ROW00080808,TXN0034883,2025-12-05,11:26:01,SKU0228,Store C,Retail,4.0,0.996,0.8032,0.1928,0.2407,0.5625,0.0,0.0,False
ROW00080828,TXN0034892,2025-12-05,13:30:22,SKU1088,Store C,Retail,1.0,0.83,0.6694,0.1606,0.3652,0.3042,0.0,0.0,False
ROW00080907,TXN0034919,2025-12-05,16:54:29,SKU0980,Store C,Retail,1.0,0.664,0.5355,0.1285,0.3071,0.2284,0.0,0.0,False
ROW00080957,TXN0034938,2025-12-05,19:48:18,SKU0666,Store C,Retail,1.0,4.233,3.4137,0.8193,1.9123,1.5014,0.0,0.0,False
ROW00080971,TXN0034941,2025-12-06,10:30:38,SKU1640,Store A,Retail,1.0,4.4073,3.5543,0.853,2.407,1.1473,0.4897,0.1,False
ROW00080980,TXN0034944,2025-12-06,11:36:44,SKU0553,Store A,Retail,1.0,1.328,1.0709,0.2571,0.6308,0.4401,0.0,0.0,False
ROW00080988,TXN0034947,2025-12-06,11:40:44,SKU0985,Store A,Retail,1.0,1.162,0.9371,0.2249,0.5395,0.3976,0.0,0.0,False
ROW00081015,TXN0034955,2025-12-06,13:35:31,SKU1398,Store A,Retail,1.0,0.249,0.2008,0.0482,0.0743,0.1265,0.0,0.0,False
ROW00081024,TXN0034959,2025-12-06,13:50:01,SKU0986,Store A,Retail,1.0,1.162,0.9371,0.2249,0.5727,0.3644,0.0,0.0,False
ROW00081077,TXN0034975,2025-12-06,14:41:22,SKU1089,Store A,Retail,1.0,0.996,0.8032,0.1928,0.4482,0.355,0.0,0.0,False
ROW00081115,TXN0034992,2025-12-06,16:54:38,SKU0540,Store A,Retail,2.0,2.656,2.1419,0.5141,1.2616,0.8803,0.0,0.0,False
ROW00081180,TXN0035018,2025-12-06,11:36:32,SKU1077,Store B,Retail,1.0,1.66,1.3387,0.3213,0.6557,0.683,0.0,0.0,False
ROW00081181,TXN0035018,2025-12-06,11:36:32,SKU1404,Store B,Retail,3.0,2.988,2.4097,0.5783,1.1178,1.2919,0.0,0.0,False
ROW00081231,TXN0035040,2025-12-06,14:47:07,SKU0841,Store B,Retail,1.0,0.2905,0.2343,0.0562,0.1909,0.0434,0.0,0.0,False
ROW00081322,TXN0035078,2025-12-06,17:49:29,SKU1642,Store B,Retail,1.0,1.245,1.0041,0.2409,0.6391,0.365,0.0,0.0,False
ROW00081341,TXN0035088,2025-12-06,19:04:08,SKU1728,Store B,Retail,1.0,3.32,2.6774,0.6426,1.5687,1.1087,0.0,0.0,False
ROW00081349,TXN0035091,2025-12-06,19:25:17,SKU0124,Store B,Retail,1.0,1.826,1.4726,0.3534,0.507,0.9656,0.0,0.0,False
ROW00081411,TXN0035116,2025-12-06,13:23:01,SKU1716,Store C,Retail,1.0,1.162,0.9371,0.2249,0.4814,0.4557,0.0,0.0,False
ROW00081415,TXN0035117,2025-12-06,13:23:46,SKU0984,Store C,Retail,1.0,1.992,1.6065,0.3855,0.913,0.6935,0.0,0.0,False
ROW00081458,TXN0035131,2025-12-06,14:24:19,SKU1767,Store C,Retail,1.0,2.158,1.7403,0.4177,0.6391,1.1012,0.0,0.0,False
ROW00081468,TXN0035134,2025-12-06,14:26:15,SKU0990,Store C,Retail,2.0,2.324,1.8742,0.4498,1.1786,0.6956,0.0,0.0,False
ROW00081494,TXN0035146,2025-12-06,16:25:09,SKU1787,Store C,Retail,1.0,2.905,2.3428,0.5622,1.3695,0.9733,0.0,0.0,False
ROW00081549,TXN0035169,2025-12-06,18:26:18,SKU0228,Store C,Retail,1.0,0.083,0.0669,0.0161,0.0602,0.0067,0.166,0.6667,False
ROW00081554,TXN0035170,2025-12-06,18:36:18,SKU1507,Store C,Retail,1.0,1.079,0.8702,0.2088,0.4814,0.3888,0.0,0.0,False
ROW00081589,TXN0035184,2025-12-07,12:17:11,SKU1546,Store A,Retail,1.0,0.747,0.6024,0.1446,0.3818,0.2206,0.0,0.0,False
ROW00081610,TXN0035191,2025-12-07,13:31:46,SKU0417,Store A,Retail,1.0,2.49,2.0081,0.4819,1.1371,0.871,0.0,0.0,False
ROW00081649,TXN0035200,2025-12-07,15:07:16,SKU0803,Store A,Retail,2.0,2.656,2.1419,0.5141,0.4814,1.6605,0.0,0.0,False
ROW00081703,TXN0035224,2025-12-07,19:00:31,SKU1436,Store A,Retail,1.0,0.249,0.2008,0.0482,0.0743,0.1265,0.0,0.0,False
ROW00081772,TXN0035255,2025-12-07,14:59:29,SKU0806,Store B,Retail,2.0,2.656,2.1419,0.5141,0.5478,1.5941,0.0,0.0,False
ROW00081773,TXN0035256,2025-12-07,15:03:29,SKU1301,Store B,Retail,1.0,4.482,3.6145,0.8675,2.1746,1.4399,0.0,0.0,False
ROW00081794,TXN0035261,2025-12-07,15:38:35,SKU1614,Store B,Retail,1.0,1.411,1.1379,0.2731,0.664,0.4739,0.0,0.0,False
ROW00081795,TXN0035261,2025-12-07,15:38:35,SKU1629,Store B,Retail,3.0,0.249,0.249,0.0,0.249,0.0,0.0,0.0,False
ROW00081887,TXN0035300,2025-12-07,13:42:34,SKU0441,Store C,Retail,2.0,0.498,0.4016,0.0964,0.0486,0.353,0.0,0.0,False
ROW00081907,TXN0035310,2025-12-07,14:04:10,SKU1404,Store C,Retail,3.0,2.988,2.4097,0.5783,1.1178,1.2919,0.0,0.0,False
ROW00081928,TXN0035317,2025-12-07,14:38:48,SKU1513,Store C,Retail,2.0,1.494,1.2048,0.2892,0.7636,0.4412,0.0,0.0,False
ROW00081956,TXN0035330,2025-12-07,15:27:25,SKU0728,Store C,Retail,1.0,2.1663,1.747,0.4193,0.8922,0.8547,0.2407,0.1,False
ROW00081984,TXN0035340,2025-12-07,16:16:34,SKU0885,Store C,Retail,1.0,2.49,2.0081,0.4819,1.3446,0.6635,0.0,0.0,False
ROW00082020,TXN0035360,2025-12-07,17:33:17,SKU1686,Store C,Retail,1.0,1.411,1.1379,0.2731,0.5354,0.6026,0.0,0.0,False
ROW00082031,TXN0035367,2025-12-08,13:03:51,SKU1259,Store A,Retail,1.0,2.6145,2.1084,0.5061,1.3529,0.7555,0.2905,0.1,False
ROW00082059,TXN0035372,2025-12-08,15:24:35,SKU1485,Store A,Retail,5.0,1.245,1.0041,0.2409,0.6391,0.365,0.415,0.25,False
ROW00082062,TXN0035374,2025-12-08,15:49:54,SKU0831,Store A,Retail,30.0,12.45,10.0403,2.4097,5.1045,4.9358,2.49,0.1667,False
ROW00082095,TXN0035386,2025-12-08,18:07:17,SKU1404,Store A,Retail,1.0,0.996,0.8032,0.1928,0.3726,0.4306,0.0,0.0,False
ROW00082160,TXN0035410,2025-12-08,13:33:16,SKU0555,Store B,Retail,1.0,12.6243,10.1809,2.4434,7.1787,3.0022,1.4027,0.1,False
ROW00082213,TXN0035435,2025-12-08,17:36:46,SKU0398,Store B,Retail,1.0,2.407,1.9411,0.4659,0.996,0.9451,0.0,0.0,False
ROW00082232,TXN0035441,2025-12-08,19:29:18,SKU1077,Store B,Retail,1.0,1.66,1.3387,0.3213,0.6557,0.683,0.0,0.0,False
ROW00082294,TXN0035473,2025-12-08,16:23:47,SKU1384,Store C,Retail,1.0,0.996,0.8032,0.1928,0.4897,0.3135,0.0,0.0,False
ROW00082311,TXN0035480,2025-12-08,18:07:41,SKU0441,Store C,Retail,1.0,0.249,0.2008,0.0482,0.0243,0.1765,0.0,0.0,False
ROW00082325,TXN0035485,2025-12-09,10:24:36,SKU1072,Store A,Retail,1.0,2.407,1.9411,0.4659,0.8798,1.0613,0.0,0.0,False
ROW00082401,TXN0035504,2025-12-09,17:43:35,SKU0841,Store A,Retail,1.0,0.2656,0.2142,0.0514,0.1909,0.0233,0.0249,0.0857,False
ROW00082410,TXN0035505,2025-12-09,17:44:48,SKU1079,Store A,Retail,1.0,1.577,1.2718,0.3052,0.3776,0.8942,0.0,0.0,False
ROW00082439,TXN0035515,2025-12-09,19:28:42,SKU1084,Store A,Retail,1.0,1.1205,0.9036,0.2169,0.3196,0.5841,0.1245,0.1,False
ROW00082489,TXN0035531,2025-12-09,13:38:07,SKU1629,Store B,Retail,1.0,0.083,0.083,0.0,0.083,0.0,0.0,0.0,False
ROW00082516,TXN0035539,2025-12-09,15:24:08,SKU1700,Store B,Retail,1.0,1.079,0.8702,0.2088,0.4897,0.3805,0.0,0.0,False
ROW00082538,TXN0035546,2025-12-09,15:59:45,SKU1790,Store B,Retail,1.0,2.905,2.3428,0.5622,1.4027,0.9401,0.0,0.0,False
ROW00082549,TXN0035553,2025-12-09,17:27:00,SKU1502,Store B,Retail,1.0,0.83,0.6694,0.1606,0.2303,0.4391,0.0,0.0,False
ROW00082594,TXN0035574,2025-12-09,13:03:51,SKU1404,Store C,Retail,1.0,0.8964,0.7229,0.1735,0.3726,0.3503,0.0996,0.1,False
ROW00082627,TXN0035591,2025-12-09,15:35:31,SKU0066,Store C,Retail,2.0,1.826,1.4726,0.3534,0.747,0.7256,0.0,0.0,False
ROW00082628,TXN0035591,2025-12-09,15:35:31,SKU0082,Store C,Retail,2.0,0.332,0.2678,0.0642,0.1079,0.1599,0.166,0.3333,False
ROW00082689,TXN0035606,2025-12-09,10:58:45,SKU1686,Warehouse,Wholesale,24.0,22.2307,17.928,4.3027,12.8484,5.0796,11.6333,0.3435,False
ROW00082751,TXN0035623,2025-12-10,16:11:00,SKU0692,Store A,Retail,2.0,0.996,0.8032,0.1928,0.42,0.3832,0.0,0.0,False
ROW00082800,TXN0035639,2025-12-10,18:21:50,SKU1547,Store A,Retail,1.0,0.747,0.6024,0.1446,0.3154,0.287,0.083,0.1,False
ROW00082825,TXN0035645,2025-12-10,18:34:10,SKU1079,Store A,Retail,1.0,1.4193,1.1446,0.2747,0.3776,0.7669,0.1577,0.1,False
ROW00082841,TXN0035653,2025-12-10,20:21:16,SKU0552,Store A,Retail,1.0,1.328,1.0709,0.2571,0.6308,0.4401,0.0,0.0,False
ROW00082871,TXN0035659,2025-12-10,12:44:50,SKU1235,Store B,Retail,1.0,1.245,1.0041,0.2409,0.4897,0.5144,0.0,0.0,False
ROW00082873,TXN0035659,2025-12-10,12:44:50,SKU1427,Store B,Retail,1.0,0.913,0.7363,0.1767,0.4067,0.3296,0.0,0.0,False
ROW00082881,TXN0035662,2025-12-10,13:14:17,SKU1237,Store B,Retail,1.0,1.245,1.0041,0.2409,0.4897,0.5144,0.0,0.0,False
ROW00082951,TXN0035694,2025-12-10,17:57:53,SKU1781,Store B,Retail,1.0,1.66,1.3387,0.3213,1.1246,0.2141,0.664,0.2857,False
ROW00082988,TXN0035716,2025-12-10,13:16:20,SKU0100,Store C,Retail,2.0,0.498,0.4016,0.0964,0.1487,0.2529,0.0,0.0,False
ROW00083029,TXN0035738,2025-12-10,18:45:21,SKU0082,Store C,Retail,2.0,0.332,0.2678,0.0642,0.1079,0.1599,0.166,0.3333,False
ROW00083055,TXN0035749,2025-12-11,11:58:49,SKU1389,Store A,Retail,1.0,1.66,1.3387,0.3213,0.8466,0.4921,0.0,0.0,False
ROW00083146,TXN0035772,2025-12-11,17:11:51,SKU1420,Store A,Retail,1.0,0.498,0.4016,0.0964,0.4482,-0.0466,0.415,0.4545,False
ROW00083147,TXN0035772,2025-12-11,17:11:51,SKU1485,Store A,Retail,5.0,1.245,1.0041,0.2409,0.6391,0.365,0.415,0.25,False
ROW00083183,TXN0035782,2025-12-11,19:34:47,SKU0152,Store A,Retail,2.0,0.747,0.6024,0.1446,0.2462,0.3562,0.0,0.0,False
ROW00083184,TXN0035782,2025-12-11,19:34:47,SKU0182,Store A,Retail,4.0,0.166,0.1339,0.0321,0.077,0.0569,0.498,0.75,False
ROW00083234,TXN0035798,2025-12-11,13:08:35,SKU0821,Store B,Retail,4.0,0.664,0.5355,0.1285,0.249,0.2865,0.0,0.0,False
ROW00083262,TXN0035814,2025-12-11,15:02:52,SKU0900,Store B,Retail,1.0,0.498,0.4016,0.0964,0.2548,0.1468,0.166,0.25,False
ROW00083265,TXN0035815,2025-12-11,15:03:29,SKU1685,Store B,Retail,1.0,2.6145,2.1084,0.5061,0.996,1.1124,0.2905,0.1,False
ROW00083299,TXN0035826,2025-12-11,16:28:34,SKU1629,Store B,Retail,2.0,0.166,0.166,0.0,0.166,0.0,0.0,0.0,False
ROW00083355,TXN0035853,2025-12-11,14:12:16,SKU0831,Store C,Retail,1.0,0.498,0.4016,0.0964,0.1701,0.2315,0.0,0.0,False
ROW00083371,TXN0035861,2025-12-11,16:04:42,SKU0228,Store C,Retail,4.0,0.8964,0.7229,0.1735,0.2407,0.4822,0.0996,0.1,False
ROW00083411,TXN0035874,2025-12-11,18:59:36,SKU1767,Store C,Retail,1.0,2.158,1.7403,0.4177,0.6391,1.1012,0.0,0.0,False
ROW00083426,TXN0035879,2025-12-11,10:35:50,SKU0021,Warehouse,Wholesale,12.0,188.742,188.742,0.0,123.1952,65.5468,11.2631,0.0563,False
ROW00083463,TXN0035893,2025-12-12,13:44:43,SKU0498,Store A,Retail,1.0,0.913,0.7363,0.1767,0.3735,0.3628,0.249,0.2143,False
ROW00083488,TXN0035898,2025-12-12,14:55:27,SKU1650,Store A,Retail,1.0,3.6603,2.9519,0.7084,1.9505,1.0014,0.4067,0.1,False
ROW00083534,TXN0035914,2025-12-12,16:25:24,SKU0583,Store A,Retail,3.0,0.4482,0.3615,0.0867,0.0747,0.2868,0.0498,0.1,False
ROW00083555,TXN0035921,2025-12-12,17:25:21,SKU0950,Store A,Retail,1.0,0.498,0.4016,0.0964,0.1743,0.2273,0.0,0.0,False
ROW00083577,TXN0035930,2025-12-12,19:51:43,SKU0535,Store A,Retail,1.0,1.162,0.9371,0.2249,0.5561,0.381,0.0,0.0,False
ROW00083596,TXN0035936,2025-12-12,11:39:30,SKU1492,Store B,Retail,1.0,0.996,0.8032,0.1928,0.4233,0.3799,0.0,0.0,False
ROW00083599,TXN0035937,2025-12-12,12:23:40,SKU1089,Store B,Retail,1.0,0.996,0.8032,0.1928,0.4482,0.355,0.0,0.0,False
ROW00083654,TXN0035958,2025-12-12,13:54:58,SKU0494,Store B,Retail,1.0,2.656,2.1419,0.5141,1.0707,1.0712,0.0,0.0,False
ROW00083682,TXN0035969,2025-12-12,14:45:29,SKU0910,Store B,Retail,1.0,4.067,3.2798,0.7872,2.0999,1.1799,0.0,0.0,False
ROW00083740,TXN0035995,2025-12-12,17:27:12,SKU1446,Store B,Retail,1.0,0.913,0.7363,0.1767,0.4482,0.2881,0.0,0.0,False
ROW00083758,TXN0036004,2025-12-12,18:57:03,SKU0462,Store B,Retail,1.0,0.3735,0.3012,0.0723,0.1079,0.1933,0.0415,0.1,False
ROW00083804,TXN0036024,2025-12-12,13:00:47,SKU1641,Store C,Retail,1.0,1.245,1.0041,0.2409,0.6391,0.365,0.0,0.0,False
ROW00083834,TXN0036036,2025-12-12,15:09:13,SKU1685,Store C,Retail,1.0,2.905,2.3428,0.5622,0.996,1.3468,0.0,0.0,False
ROW00083839,TXN0036037,2025-12-12,15:25:07,SKU0821,Store C,Retail,2.0,0.332,0.2678,0.0642,0.1245,0.1433,0.0,0.0,False
ROW00083841,TXN0036038,2025-12-12,15:27:32,SKU0635,Store C,Retail,1.0,1.992,1.6065,0.3855,0.7138,0.8927,0.0,0.0,False
ROW00083908,TXN0036066,2025-12-12,18:34:13,SKU1216,Store C,Retail,1.0,1.0458,0.8434,0.2024,0.3619,0.4815,0.1162,0.1,False
ROW00083932,TXN0036078,2025-12-12,13:43:46,SKU0032,Warehouse,Wholesale,1.0,19.3473,15.6027,3.7446,10.2663,5.3364,2.1497,0.1,False
ROW00083941,TXN0036080,2025-12-13,10:38:25,SKU0841,Store A,Retail,1.0,0.2573,0.2075,0.0498,0.1909,0.0166,0.0332,0.1143,False
ROW00083968,TXN0036084,2025-12-13,10:54:43,SKU1174,Store A,Retail,1.0,0.5976,0.4819,0.1157,0.2573,0.2246,0.1494,0.2,False
ROW00083986,TXN0036091,2025-12-13,11:59:58,SKU1013,Store A,Retail,1.0,1.328,1.0709,0.2571,0.4648,0.6061,0.166,0.1111,False
ROW00083992,TXN0036093,2025-12-13,12:34:44,SKU1370,Store A,Retail,1.0,0.83,0.6694,0.1606,0.4067,0.2627,0.0,0.0,False
ROW00084015,TXN0036101,2025-12-13,13:46:18,SKU1088,Store A,Retail,1.0,0.83,0.6694,0.1606,0.3652,0.3042,0.0,0.0,False
ROW00084127,TXN0036145,2025-12-13,17:57:07,SKU1716,Store A,Retail,3.0,3.1374,2.5302,0.6072,1.4442,1.086,0.3486,0.1,False
ROW00084129,TXN0036147,2025-12-13,18:17:44,SKU0702,Store A,Retail,1.0,1.162,0.9371,0.2249,0.3503,0.5868,0.0,0.0,False
ROW00084260,TXN0036200,2025-12-13,14:56:55,SKU1485,Store B,Retail,10.0,2.49,2.0081,0.4819,1.2782,0.7299,0.83,0.25,False
ROW00084278,TXN0036209,2025-12-13,15:05:45,SKU1327,Store B,Retail,1.0,1.411,1.1379,0.2731,0.6225,0.5154,0.0,0.0,False
ROW00084280,TXN0036209,2025-12-13,15:05:45,SKU1725,Store B,Retail,1.0,3.32,2.6774,0.6426,1.5687,1.1087,0.0,0.0,False
ROW00084300,TXN0036219,2025-12-13,15:30:35,SKU1618,Store B,Retail,1.0,0.996,0.8032,0.1928,0.664,0.1392,0.0,0.0,False
ROW00084320,TXN0036229,2025-12-13,15:59:27,SKU1501,Store B,Retail,2.0,2.49,2.0081,0.4819,0.9794,1.0287,0.0,0.0,False
ROW00084350,TXN0036237,2025-12-13,16:15:42,SKU0540,Store B,Retail,1.0,1.328,1.0709,0.2571,0.6308,0.4401,0.0,0.0,False
ROW00084359,TXN0036244,2025-12-13,16:44:22,SKU0100,Store B,Retail,1.0,0.249,0.2008,0.0482,0.0744,0.1264,0.0,0.0,False
ROW00084394,TXN0036262,2025-12-13,17:53:13,SKU1332,Store B,Retail,2.0,2.988,2.4097,0.5783,1.1454,1.2643,0.0,0.0,False
ROW00084401,TXN0036265,2025-12-13,17:56:13,SKU0540,Store B,Retail,1.0,1.328,1.0709,0.2571,0.6308,0.4401,0.0,0.0,False
ROW00084438,TXN0036281,2025-12-13,19:26:53,SKU1443,Store B,Retail,1.0,0.913,0.7363,0.1767,0.4482,0.2881,0.0,0.0,False
ROW00084529,TXN0036320,2025-12-13,14:57:06,SKU0982,Store C,Retail,1.0,1.162,0.9371,0.2249,0.4648,0.4723,0.0,0.0,False
ROW00084541,TXN0036325,2025-12-13,15:10:36,SKU1787,Store C,Retail,1.0,2.905,2.3428,0.5622,1.3695,0.9733,0.0,0.0,False
ROW00084554,TXN0036331,2025-12-13,15:21:01,SKU1485,Store C,Retail,5.0,1.245,1.0041,0.2409,0.6391,0.365,0.415,0.25,False
ROW00084555,TXN0036331,2025-12-13,15:21:01,SKU1795,Store C,Retail,1.0,8.715,7.0282,1.6868,4.399,2.6292,0.0,0.0,False
ROW00084599,TXN0036352,2025-12-13,17:23:49,SKU0145,Store C,Retail,1.0,0.3735,0.3012,0.0723,0.1231,0.1781,0.0,0.0,False
ROW00084629,TXN0036361,2025-12-13,18:24:00,SKU1084,Store C,Retail,1.0,1.245,1.0041,0.2409,0.3196,0.6845,0.0,0.0,False
ROW00084681,TXN0036382,2025-12-14,12:27:00,SKU0731,Store A,Retail,1.0,2.905,2.3428,0.5622,2.2078,0.135,1.245,0.3,False
ROW00084737,TXN0036395,2025-12-14,14:28:42,SKU1716,Store A,Retail,1.0,1.0458,0.8434,0.2024,0.4814,0.362,0.1162,0.1,False
ROW00084775,TXN0036408,2025-12-14,15:08:19,SKU1546,Store A,Retail,1.0,0.747,0.6024,0.1446,0.3818,0.2206,0.0,0.0,False
ROW00084776,TXN0036409,2025-12-14,15:08:53,SKU0950,Store A,Retail,1.0,0.498,0.4016,0.0964,0.1743,0.2273,0.0,0.0,False
ROW00084783,TXN0036413,2025-12-14,15:19:24,SKU1271,Store A,Retail,1.0,2.075,1.6734,0.4016,0.9047,0.7687,0.0,0.0,False
ROW00084787,TXN0036414,2025-12-14,15:30:29,SKU0982,Store A,Retail,2.0,2.324,1.8742,0.4498,0.9296,0.9446,0.0,0.0,False
ROW00084841,TXN0036433,2025-12-14,11:58:01,SKU1323,Store B,Retail,1.0,1.2699,1.0241,0.2458,0.6225,0.4016,0.1411,0.1,False
ROW00084882,TXN0036451,2025-12-14,14:00:00,SKU1717,Store B,Retail,1.0,1.162,0.9371,0.2249,0.4814,0.4557,0.0,0.0,False
ROW00084910,TXN0036463,2025-12-14,14:50:25,SKU0909,Store B,Retail,1.0,4.067,3.2798,0.7872,2.0999,1.1799,0.0,0.0,False
ROW00084924,TXN0036467,2025-12-14,15:37:07,SKU1327,Store B,Retail,1.0,1.411,1.1379,0.2731,0.6225,0.5154,0.0,0.0,False
ROW00084935,TXN0036470,2025-12-14,15:49:02,SKU0985,Store B,Retail,1.0,1.162,0.9371,0.2249,0.5395,0.3976,0.0,0.0,False
ROW00084974,TXN0036486,2025-12-14,17:42:21,SKU0941,Store B,Retail,1.0,12.6243,10.1809,2.4434,6.4068,3.7741,1.4027,0.1,False
ROW00085020,TXN0036499,2025-12-14,10:18:21,SKU0943,Store C,Retail,1.0,1.245,1.0041,0.2409,0.6059,0.3982,0.83,0.4,False
ROW00085053,TXN0036513,2025-12-14,11:54:05,SKU0613,Store C,Retail,2.0,2.324,1.8742,0.4498,1.1122,0.762,0.0,0.0,False
ROW00085072,TXN0036520,2025-12-14,12:31:05,SKU1594,Store C,Retail,1.0,1.162,0.9371,0.2249,0.5727,0.3644,0.0,0.0,False
ROW00085082,TXN0036528,2025-12-14,13:33:10,SKU1093,Store C,Retail,1.0,0.996,0.8032,0.1928,0.3571,0.4461,0.0,0.0,False
ROW00085157,TXN0036554,2025-12-14,15:38:55,SKU0398,Store C,Retail,1.0,2.1663,1.747,0.4193,0.996,0.751,0.2407,0.1,False
ROW00085165,TXN0036558,2025-12-14,15:46:52,SKU0821,Store C,Retail,1.0,0.166,0.1339,0.0321,0.0622,0.0716,0.0,0.0,False
ROW00085205,TXN0036580,2025-12-14,16:59:12,SKU1009,Store C,Retail,1.0,1.494,1.2048,0.2892,0.4399,0.7649,0.0,0.0,False
ROW00085261,TXN0036598,2025-12-15,12:04:55,SKU1419,Store A,Retail,2.0,1.1952,0.9639,0.2313,0.6142,0.3497,0.1328,0.1,False
ROW00085272,TXN0036601,2025-12-15,12:35:09,SKU0441,Store A,Retail,2.0,0.4482,0.3615,0.0867,0.0486,0.3128,0.0498,0.1,False
ROW00085297,TXN0036607,2025-12-15,14:10:47,SKU1668,Store A,Retail,1.0,1.66,1.3387,0.3213,0.747,0.5917,0.0,0.0,False
ROW00085306,TXN0036612,2025-12-15,14:42:56,SKU0174,Store A,Retail,1.0,1.577,1.2718,0.3052,0.4067,0.8651,0.0,0.0,False
ROW00085328,TXN0036617,2025-12-15,15:31:33,SKU1370,Store A,Retail,4.0,2.988,2.4097,0.5783,1.6268,0.7829,0.332,0.1,False
ROW00085370,TXN0036635,2025-12-15,17:46:30,SKU0545,Store A,Retail,1.0,1.494,1.2048,0.2892,0.6889,0.5159,0.0,0.0,False
ROW00085406,TXN0036645,2025-12-15,18:32:04,SKU0682,Store A,Retail,1.0,0.747,0.6024,0.1446,0.3154,0.287,0.083,0.1,False
ROW00085495,TXN0036685,2025-12-15,15:21:55,SKU1097,Store B,Retail,1.0,2.075,1.6734,0.4016,1.1121,0.5612,0.415,0.1667,False
ROW00085499,TXN0036687,2025-12-15,15:31:57,SKU1744,Store B,Retail,3.0,0.249,0.249,0.0,0.249,0.0,0.0,0.0,False
ROW00085534,TXN0036700,2025-12-15,17:44:30,SKU1744,Store B,Retail,1.0,0.083,0.083,0.0,0.083,0.0,0.0,0.0,False
ROW00085564,TXN0036709,2025-12-15,18:52:01,SKU1485,Store B,Retail,5.0,1.245,1.0041,0.2409,0.6391,0.365,0.415,0.25,False
ROW00085617,TXN0036734,2025-12-15,14:44:39,SKU0727,Store C,Retail,1.0,2.1663,1.747,0.4193,0.8674,0.8796,0.2407,0.1,False
ROW00085644,TXN0036750,2025-12-15,18:22:31,SKU0639,Store C,Retail,1.0,1.7928,1.4458,0.347,0.5976,0.8482,0.1992,0.1,False
ROW00085657,TXN0036756,2025-12-15,19:47:04,SKU1108,Store C,Retail,1.0,16.517,13.3202,3.1968,7.6933,5.6269,0.0,0.0,False
ROW00085723,TXN0036776,2025-12-16,15:29:39,SKU0741,Store A,Retail,1.0,3.735,3.0121,0.7229,1.7596,1.2525,0.0,0.0,False
ROW00085775,TXN0036788,2025-12-16,17:19:04,SKU0228,Store A,Retail,4.0,0.996,0.8032,0.1928,0.2407,0.5625,0.0,0.0,False
ROW00085783,TXN0036789,2025-12-16,17:19:29,SKU1629,Store A,Retail,1.0,0.083,0.083,0.0,0.083,0.0,0.0,0.0,False
ROW00085822,TXN0036799,2025-12-16,18:38:39,SKU1680,Store A,Retail,1.0,1.328,1.0709,0.2571,0.5976,0.4733,0.332,0.2,False
ROW00085843,TXN0036805,2025-12-16,20:27:17,SKU1321,Store A,Retail,2.0,2.822,2.2758,0.5462,1.245,1.0308,0.0,0.0,False
ROW00085847,TXN0036806,2025-12-16,20:30:51,SKU0153,Store A,Retail,1.0,0.3735,0.3012,0.0723,0.1231,0.1781,0.0,0.0,False
ROW00085888,TXN0036820,2025-12-16,12:42:36,SKU0702,Store B,Retail,1.0,1.162,0.9371,0.2249,0.3503,0.5868,0.0,0.0,False
ROW00085896,TXN0036822,2025-12-16,13:18:54,SKU0984,Store B,Retail,3.0,5.976,4.8194,1.1566,2.739,2.0804,0.0,0.0,False
ROW00085943,TXN0036842,2025-12-16,16:20:25,SKU0688,Store B,Retail,1.0,1.1205,0.9036,0.2169,0.3586,0.5451,0.1245,0.1,False
ROW00085978,TXN0036858,2025-12-16,18:09:12,SKU1502,Store B,Retail,2.0,1.66,1.3387,0.3213,0.4606,0.8781,0.0,0.0,False
ROW00085992,TXN0036861,2025-12-16,18:36:09,SKU0898,Store B,Retail,1.0,6.6483,5.3616,1.2867,3.3449,2.0167,0.7387,0.1,False
ROW00086039,TXN0036879,2025-12-16,12:31:36,SKU0323,Store C,Retail,1.0,1.411,1.1379,0.2731,0.7178,0.4201,0.0,0.0,False
ROW00086085,TXN0036903,2025-12-16,17:06:45,SKU1332,Store C,Retail,1.0,1.0458,0.8434,0.2024,0.5727,0.2707,0.1162,0.1,False
ROW00086098,TXN0036910,2025-12-16,17:53:06,SKU0821,Store C,Retail,1.0,0.166,0.1339,0.0321,0.0622,0.0716,0.0,0.0,False
ROW00086121,TXN0036923,2025-12-16,12:16:02,SKU0021,Warehouse,Wholesale,1.0,13.4875,10.877,2.6105,10.2663,0.6107,7.1795,0.3474,False
ROW00086137,TXN0036928,2025-12-17,10:40:31,SKU0247,Store A,Retail,1.0,1.577,1.2718,0.3052,0.7719,0.4999,0.0,0.0,False
ROW00086144,TXN0036931,2025-12-17,11:59:53,SKU0799,Store A,Retail,2.0,6.308,5.0871,1.2209,2.573,2.5141,0.0,0.0,False
ROW00086148,TXN0036931,2025-12-17,11:59:53,SKU1236,Store A,Retail,1.0,1.245,1.0041,0.2409,0.4897,0.5144,0.0,0.0,False
ROW00086155,TXN0036933,2025-12-17,13:10:56,SKU0821,Store A,Retail,6.0,0.996,0.8032,0.1928,0.3735,0.4297,0.0,0.0,False
ROW00086270,TXN0036967,2025-12-17,18:56:44,SKU1095,Store A,Retail,2.0,2.158,1.7403,0.4177,1.1457,0.5946,0.0,0.0,False
ROW00086313,TXN0036983,2025-12-17,12:58:41,SKU0652,Store B,Retail,1.0,1.245,1.0041,0.2409,0.4084,0.5957,0.0,0.0,False
ROW00086331,TXN0036992,2025-12-17,14:02:48,SKU1408,Store B,Retail,2.0,3.32,2.6774,0.6426,1.4774,1.2,0.0,0.0,False
ROW00086334,TXN0036993,2025-12-17,14:15:06,SKU0698,Store B,Retail,1.0,1.909,1.5395,0.3695,0.6032,0.9363,0.0,0.0,False
ROW00086355,TXN0036999,2025-12-17,14:50:57,SKU1084,Store B,Retail,1.0,1.245,1.0041,0.2409,0.3196,0.6845,0.0,0.0,False
ROW00086401,TXN0037014,2025-12-17,16:17:04,SKU1009,Store B,Retail,1.0,1.162,0.9371,0.2249,0.4399,0.4972,0.0,0.0,False
ROW00086458,TXN0037039,2025-12-17,10:18:57,SKU1605,Store C,Retail,1.0,1.0458,0.8434,0.2024,0.6225,0.2209,0.1162,0.1,False
ROW00086484,TXN0037049,2025-12-17,12:48:01,SKU1404,Store C,Retail,2.0,1.992,1.6065,0.3855,0.7452,0.8613,0.0,0.0,False
ROW00086521,TXN0037066,2025-12-17,15:33:34,SKU1686,Store C,Retail,1.0,1.411,1.1379,0.2731,0.5354,0.6026,0.0,0.0,False
ROW00086573,TXN0037086,2025-12-18,12:14:44,SKU1764,Store A,Retail,1.0,2.158,1.7403,0.4177,0.6391,1.1012,0.0,0.0,False
ROW00086653,TXN0037117,2025-12-18,17:52:56,SKU0021,Store A,Retail,1.0,20.667,16.6669,4.0001,10.2663,6.4006,0.0,0.0,False
ROW00086674,TXN0037123,2025-12-18,18:38:53,SKU1092,Store A,Retail,1.0,0.996,0.8032,0.1928,0.3571,0.4461,0.0,0.0,False
ROW00086716,TXN0037135,2025-12-18,20:42:37,SKU0165,Store A,Retail,1.0,1.494,1.2048,0.2892,0.415,0.7898,0.166,0.1,False
ROW00086721,TXN0037135,2025-12-18,20:42:37,SKU0901,Store A,Retail,2.0,0.996,0.8032,0.1928,0.5096,0.2936,0.332,0.25,False
ROW00086724,TXN0037137,2025-12-18,10:26:32,SKU0081,Store B,Retail,1.0,1.494,1.2048,0.2892,0.6225,0.5823,0.166,0.1,False
ROW00086727,TXN0037137,2025-12-18,10:26:32,SKU1404,Store B,Retail,1.0,0.8964,0.7229,0.1735,0.3726,0.3503,0.0996,0.1,False
ROW00086846,TXN0037185,2025-12-18,15:26:00,SKU1723,Store B,Retail,1.0,3.32,2.6774,0.6426,1.5687,1.1087,0.0,0.0,False
ROW00086847,TXN0037185,2025-12-18,15:26:00,SKU1744,Store B,Retail,1.0,0.083,0.083,0.0,0.083,0.0,0.0,0.0,False
ROW00086880,TXN0037196,2025-12-18,16:49:54,SKU0153,Store B,Retail,1.0,0.3735,0.3012,0.0723,0.1231,0.1781,0.0,0.0,False
ROW00086891,TXN0037202,2025-12-18,17:17:58,SKU0801,Store B,Retail,2.0,3.154,2.5435,0.6105,1.245,1.2985,0.0,0.0,False
ROW00086893,TXN0037202,2025-12-18,17:17:58,SKU1169,Store B,Retail,1.0,2.656,2.1419,0.5141,1.245,0.8969,0.0,0.0,False
ROW00086991,TXN0037251,2025-12-18,15:09:55,SKU0635,Store C,Retail,1.0,1.7928,1.4458,0.347,0.7138,0.732,0.1992,0.1,False
ROW00087007,TXN0037258,2025-12-18,16:04:40,SKU0841,Store C,Retail,1.0,0.2905,0.2343,0.0562,0.1909,0.0434,0.0,0.0,False
ROW00087009,TXN0037258,2025-12-18,16:04:40,SKU1787,Store C,Retail,1.0,2.905,2.3428,0.5622,1.3695,0.9733,0.0,0.0,False
ROW00087041,TXN0037274,2025-12-18,10:30:43,SKU0019,Warehouse,Wholesale,30.0,222.855,222.855,0.0,153.6081,69.2469,96.4294,0.302,False
ROW00087049,TXN0037277,2025-12-19,11:15:42,SKU0679,Store A,Retail,1.0,1.992,1.6065,0.3855,0.498,1.1085,0.0,0.0,False
ROW00087082,TXN0037290,2025-12-19,15:32:24,SKU1502,Store A,Retail,1.0,0.747,0.6024,0.1446,0.2303,0.3721,0.083,0.1,False
ROW00087114,TXN0037302,2025-12-19,18:32:15,SKU0682,Store A,Retail,2.0,1.66,1.3387,0.3213,0.6308,0.7079,0.0,0.0,False
ROW00087143,TXN0037317,2025-12-19,11:39:04,SKU0001,Store B,Retail,3.0,0.747,0.6024,0.1446,0.13,0.4724,0.0,0.0,False
ROW00087212,TXN0037342,2025-12-19,13:21:03,SKU0166,Store B,Retail,1.0,1.66,1.3387,0.3213,0.415,0.9237,0.0,0.0,False
ROW00087267,TXN0037361,2025-12-19,15:24:49,SKU0476,Store B,Retail,1.0,1.162,0.9371,0.2249,0.5146,0.4225,0.0,0.0,False
ROW00087276,TXN0037367,2025-12-19,16:25:33,SKU1179,Store B,Retail,1.0,2.656,2.1419,0.5141,1.245,0.8969,0.0,0.0,False
ROW00087311,TXN0037381,2025-12-19,18:57:42,SKU0946,Store B,Retail,1.0,0.83,0.6694,0.1606,0.415,0.2544,1.245,0.6,False
ROW00087317,TXN0037384,2025-12-19,19:28:05,SKU1436,Store B,Retail,1.0,0.249,0.2008,0.0482,0.0743,0.1265,0.0,0.0,False
ROW00087351,TXN0037394,2025-12-19,11:31:04,SKU1048,Store C,Retail,2.0,2.49,2.0081,0.4819,0.8562,1.1519,0.0,0.0,False
ROW00087384,TXN0037407,2025-12-19,14:58:38,SKU1620,Store C,Retail,1.0,0.996,0.8032,0.1928,0.498,0.3052,0.0,0.0,False
ROW00087432,TXN0037431,2025-12-19,19:10:49,SKU0043,Store C,Retail,1.0,0.83,0.6694,0.1606,1.66,-0.9906,2.905,0.7778,False
ROW00087445,TXN0037435,2025-12-19,19:45:28,SKU1728,Store C,Retail,1.0,3.32,2.6774,0.6426,1.5687,1.1087,0.0,0.0,False
ROW00087450,TXN0037436,2025-12-19,08:29:50,SKU0182,Warehouse,Wholesale,4000.0,82.336,66.4,15.936,85.851,-19.451,581.664,0.876,False
ROW00087483,TXN0037448,2025-12-20,12:41:18,SKU0724,Store A,Retail,1.0,2.407,1.9411,0.4659,0.8674,1.0738,0.0,0.0,False
ROW00087497,TXN0037453,2025-12-20,13:44:01,SKU0153,Store A,Retail,2.0,0.6723,0.5422,0.1301,0.2462,0.296,0.0747,0.1,False
ROW00087508,TXN0037456,2025-12-20,14:14:12,SKU0065,Store A,Retail,1.0,0.913,0.7363,0.1767,0.3735,0.3628,0.0,0.0,False
ROW00087520,TXN0037458,2025-12-20,14:19:03,SKU1443,Store A,Retail,1.0,0.8217,0.6627,0.159,0.4482,0.2145,0.0913,0.1,False
ROW00087593,TXN0037487,2025-12-20,17:50:52,SKU0711,Store A,Retail,1.0,0.747,0.6024,0.1446,0.2905,0.3119,0.0,0.0,False
ROW00087617,TXN0037495,2025-12-20,19:02:34,SKU1462,Store A,Retail,1.0,0.996,0.8032,0.1928,0.4233,0.3799,0.0,0.0,False
ROW00087708,TXN0037531,2025-12-20,14:45:17,SKU0182,Store B,Retail,2.0,0.083,0.0669,0.0161,0.0385,0.0284,0.249,0.75,False
ROW00087712,TXN0037533,2025-12-20,14:53:28,SKU0711,Store B,Retail,1.0,0.747,0.6024,0.1446,0.2905,0.3119,0.0,0.0,False
ROW00087734,TXN0037546,2025-12-20,16:05:22,SKU0145,Store B,Retail,1.0,0.3735,0.3012,0.0723,0.1231,0.1781,0.0,0.0,False
ROW00087745,TXN0037551,2025-12-20,16:21:36,SKU1744,Store B,Retail,1.0,0.083,0.083,0.0,0.083,0.0,0.0,0.0,False
ROW00087778,TXN0037561,2025-12-20,18:55:34,SKU0950,Store B,Retail,3.0,1.494,1.2048,0.2892,0.5229,0.6819,0.0,0.0,False
ROW00087823,TXN0037582,2025-12-20,11:54:14,SKU1436,Store C,Retail,2.0,0.498,0.4016,0.0964,0.1486,0.2531,0.0,0.0,False
ROW00087898,TXN0037614,2025-12-20,15:22:41,SKU1557,Store C,Retail,1.0,1.162,0.9371,0.2249,0.3901,0.547,0.0,0.0,False
ROW00087906,TXN0037619,2025-12-20,16:49:59,SKU0680,Store C,Retail,1.0,3.071,2.4766,0.5944,0.7619,1.7148,0.0,0.0,False
ROW00087920,TXN0037624,2025-12-20,17:11:15,SKU1667,Store C,Retail,1.0,1.66,1.3387,0.3213,0.6798,0.6589,0.0,0.0,False
ROW00087947,TXN0037635,2025-12-20,18:37:18,SKU0727,Store C,Retail,1.0,2.407,1.9411,0.4659,0.8674,1.0738,0.0,0.0,False
ROW00087982,TXN0037655,2025-12-21,13:30:06,SKU0821,Store A,Retail,2.0,0.332,0.2678,0.0642,0.1245,0.1433,0.0,0.0,False
ROW00088019,TXN0037669,2025-12-21,14:39:29,SKU1239,Store A,Retail,1.0,0.332,0.2678,0.0642,0.415,-0.1472,0.83,0.7143,False
ROW00088024,TXN0037669,2025-12-21,14:39:29,SKU1789,Store A,Retail,2.0,5.229,4.2169,1.0121,2.656,1.5609,0.581,0.1,False
ROW00088038,TXN0037675,2025-12-21,15:26:09,SKU1384,Store A,Retail,2.0,1.992,1.6065,0.3855,0.9794,0.6271,0.0,0.0,False
ROW00088098,TXN0037705,2025-12-21,11:09:15,SKU1404,Store B,Retail,2.0,1.7928,1.4458,0.347,0.7452,0.7006,0.1992,0.1,False
ROW00088113,TXN0037710,2025-12-21,12:30:08,SKU0841,Store B,Retail,1.0,0.2905,0.2343,0.0562,0.1909,0.0434,0.0,0.0,False
ROW00088186,TXN0037742,2025-12-21,15:41:18,SKU1014,Store B,Retail,2.0,1.826,1.4726,0.3534,0.9296,0.543,0.498,0.2143,False
ROW00088187,TXN0037742,2025-12-21,15:41:18,SKU1073,Store B,Retail,2.0,5.8266,4.6989,1.1277,3.0549,1.644,0.6474,0.1,False
ROW00088193,TXN0037742,2025-12-21,15:41:18,SKU1730,Store B,Retail,1.0,2.988,2.4097,0.5783,1.5687,0.841,0.332,0.1,False
ROW00088247,TXN0037768,2025-12-21,10:18:49,SKU1558,Store C,Retail,1.0,0.747,0.6024,0.1446,0.3818,0.2206,0.0,0.0,False
ROW00088259,TXN0037775,2025-12-21,11:07:14,SKU1327,Store C,Retail,1.0,1.411,1.1379,0.2731,0.6225,0.5154,0.0,0.0,False
ROW00088366,TXN0037815,2025-12-21,14:57:09,SKU0182,Store C,Retail,17.0,0.7055,0.569,0.1365,0.3274,0.2416,2.1165,0.75,False
ROW00088386,TXN0037825,2025-12-21,15:51:22,SKU0613,Store C,Retail,1.0,1.0458,0.8434,0.2024,0.5561,0.2873,0.1162,0.1,False
ROW00088408,TXN0037837,2025-12-21,17:51:02,SKU1461,Store C,Retail,1.0,0.996,0.8032,0.1928,0.4897,0.3135,0.0,0.0,False
ROW00088433,TXN0037842,2025-12-22,10:54:38,SKU1744,Store A,Retail,1.0,0.083,0.083,0.0,0.083,0.0,0.0,0.0,False
ROW00088455,TXN0037852,2025-12-22,12:34:06,SKU0682,Store A,Retail,2.0,1.66,1.3387,0.3213,0.6308,0.7079,0.0,0.0,False
ROW00088496,TXN0037871,2025-12-22,15:37:51,SKU1618,Store A,Retail,1.0,0.996,0.8032,0.1928,0.498,0.3052,0.0,0.0,False
ROW00088523,TXN0037882,2025-12-22,17:39:11,SKU1436,Store A,Retail,3.0,0.747,0.6024,0.1446,0.2229,0.3796,0.0,0.0,False
ROW00088539,TXN0037890,2025-12-22,18:04:02,SKU1014,Store A,Retail,1.0,0.913,0.7363,0.1767,0.4648,0.2715,0.249,0.2143,False
ROW00088577,TXN0037904,2025-12-22,19:53:32,SKU1594,Store A,Retail,1.0,1.162,0.9371,0.2249,0.5727,0.3644,0.0,0.0,False
ROW00088598,TXN0037919,2025-12-22,12:24:29,SKU0001,Store B,Retail,1.0,0.249,0.2008,0.0482,0.0433,0.1575,0.0,0.0,False
ROW00088612,TXN0037924,2025-12-22,12:43:40,SKU0980,Store B,Retail,1.0,0.664,0.5355,0.1285,0.3071,0.2284,0.0,0.0,False
ROW00088642,TXN0037934,2025-12-22,13:28:06,SKU1513,Store B,Retail,1.0,0.747,0.6024,0.1446,0.3818,0.2206,0.0,0.0,False
ROW00088646,TXN0037936,2025-12-22,13:35:21,SKU0692,Store B,Retail,1.0,0.498,0.4016,0.0964,0.21,0.1916,0.0,0.0,False
ROW00088723,TXN0037964,2025-12-22,16:18:14,SKU1501,Store B,Retail,2.0,2.49,2.0081,0.4819,0.9794,1.0287,0.0,0.0,False
ROW00088732,TXN0037968,2025-12-22,16:37:45,SKU0841,Store B,Retail,1.0,0.2905,0.2343,0.0562,0.1909,0.0434,0.0,0.0,False
ROW00088765,TXN0037990,2025-12-22,18:43:09,SKU1048,Store B,Retail,1.0,1.245,1.0041,0.2409,0.4281,0.5759,0.0,0.0,False
ROW00088803,TXN0038003,2025-12-22,10:31:40,SKU0803,Store C,Retail,10.0,13.28,10.7097,2.5703,2.407,8.3027,0.0,0.0,False
ROW00088811,TXN0038004,2025-12-22,10:33:07,SKU0819,Store C,Retail,1.0,2.075,1.6734,0.4016,0.9711,0.7023,0.0,0.0,False
ROW00088861,TXN0038028,2025-12-22,13:26:21,SKU1088,Store C,Retail,1.0,0.83,0.6694,0.1606,0.3652,0.3042,0.0,0.0,False
ROW00088863,TXN0038028,2025-12-22,13:26:21,SKU1506,Store C,Retail,1.0,1.079,0.8702,0.2088,0.4814,0.3888,0.0,0.0,False
ROW00088913,TXN0038050,2025-12-22,15:14:55,SKU1629,Store C,Retail,1.0,0.083,0.083,0.0,0.083,0.0,0.0,0.0,False
ROW00088937,TXN0038059,2025-12-22,15:44:39,SKU1524,Store C,Retail,5.0,9.3375,7.5303,1.8072,4.648,2.8823,1.0375,0.1,False
ROW00088967,TXN0038073,2025-12-22,16:50:40,SKU0821,Store C,Retail,1.0,0.166,0.1339,0.0321,0.0622,0.0716,0.0,0.0,False
ROW00089019,TXN0038101,2025-12-23,11:07:39,SKU1326,Store A,Retail,1.0,1.2699,1.0241,0.2458,0.6225,0.4016,0.1411,0.1,False
ROW00089056,TXN0038117,2025-12-23,13:41:50,SKU1667,Store A,Retail,1.0,1.494,1.2048,0.2892,0.6798,0.5251,0.166,0.1,False
ROW00089091,TXN0038134,2025-12-23,15:18:39,SKU0799,Store A,Retail,1.0,3.154,2.5435,0.6105,1.2865,1.257,0.0,0.0,False
ROW00089150,TXN0038151,2025-12-23,16:09:38,SKU1614,Store A,Retail,1.0,1.411,1.1379,0.2731,0.664,0.4739,0.0,0.0,False
ROW00089155,TXN0038154,2025-12-23,16:40:30,SKU1301,Store A,Retail,1.0,4.482,3.6145,0.8675,2.1746,1.4399,0.0,0.0,False
ROW00089179,TXN0038169,2025-12-23,18:44:14,SKU0021,Store A,Retail,1.0,18.6003,15.0003,3.6,10.2663,4.734,2.0667,0.1,False
ROW00089228,TXN0038184,2025-12-23,20:48:54,SKU0841,Store A,Retail,1.0,0.2905,0.2343,0.0562,0.1909,0.0434,0.0,0.0,False
ROW00089241,TXN0038190,2025-12-23,10:32:51,SKU0798,Store B,Retail,2.0,6.308,5.0871,1.2209,2.573,2.5141,0.0,0.0,False
ROW00089273,TXN0038204,2025-12-23,13:11:30,SKU0668,Store B,Retail,1.0,4.233,3.4137,0.8193,1.9123,1.5014,0.0,0.0,False
ROW00089290,TXN0038210,2025-12-23,13:32:55,SKU1095,Store B,Retail,2.0,2.158,1.7403,0.4177,1.1457,0.5946,0.0,0.0,False
ROW00089338,TXN0038235,2025-12-23,15:20:59,SKU0182,Store B,Retail,8.0,0.332,0.2678,0.0642,0.154,0.1137,0.996,0.75,False
ROW00089387,TXN0038255,2025-12-23,16:56:31,SKU0954,Store B,Retail,1.0,9.877,7.9653,1.9117,5.6349,2.3305,3.32,0.2516,False
ROW00089419,TXN0038270,2025-12-23,19:01:31,SKU0943,Store B,Retail,1.0,0.83,0.6694,0.1606,0.6059,0.0635,1.245,0.6,False
ROW00089441,TXN0038280,2025-12-23,11:06:07,SKU0987,Store C,Retail,2.0,1.66,1.3387,0.3213,0.9794,0.3593,0.664,0.2857,False
ROW00089463,TXN0038290,2025-12-23,12:18:57,SKU1629,Store C,Retail,1.0,0.083,0.083,0.0,0.083,0.0,0.0,0.0,False
ROW00089483,TXN0038296,2025-12-23,12:40:00,SKU1202,Store C,Retail,1.0,2.49,2.0081,0.4819,1.2367,0.7714,0.0,0.0,False
ROW00089498,TXN0038304,2025-12-23,14:06:56,SKU0655,Store C,Retail,1.0,1.66,1.3387,0.3213,0.4325,0.9062,0.0,0.0,False
ROW00089566,TXN0038335,2025-12-23,17:05:13,SKU0838,Store C,Retail,1.0,0.249,0.2008,0.0482,0.0687,0.1321,0.0,0.0,False
ROW00089567,TXN0038335,2025-12-23,17:05:13,SKU0841,Store C,Retail,1.0,0.2905,0.2343,0.0562,0.1909,0.0434,0.0,0.0,False
ROW00089618,TXN0038355,2025-12-23,15:39:03,SKU1787,Warehouse,Wholesale,48.0,112.6356,90.8352,21.8004,65.736,25.0992,26.8044,0.1922,False
ROW00089669,TXN0038376,2025-12-24,12:46:44,SKU0934,Store A,Retail,1.0,8.1755,6.5931,1.5824,4.5982,1.9949,0.913,0.1005,False
ROW00089689,TXN0038384,2025-12-24,14:45:41,SKU0703,Store A,Retail,2.0,1.992,1.6065,0.3855,0.6806,0.9259,0.0,0.0,False
ROW00089706,TXN0038396,2025-12-24,16:39:01,SKU0015,Store A,Retail,2.0,4.482,3.6145,0.8675,1.992,1.6225,0.498,0.1,False
ROW00089751,TXN0038416,2025-12-24,14:00:01,SKU1795,Store B,Retail,1.0,8.715,7.0282,1.6868,4.399,2.6292,0.0,0.0,False
ROW00089758,TXN0038419,2025-12-24,14:20:19,SKU0941,Store B,Retail,1.0,14.027,11.3121,2.7149,6.4068,4.9053,0.0,0.0,False
ROW00089805,TXN0038437,2025-12-24,15:52:13,SKU0901,Store B,Retail,1.0,0.498,0.4016,0.0964,0.2548,0.1468,0.166,0.25,False
ROW00089816,TXN0038443,2025-12-24,11:25:03,SKU1443,Store C,Retail,4.0,3.652,2.9452,0.7068,1.7928,1.1524,0.0,0.0,False
ROW00089823,TXN0038448,2025-12-24,11:52:50,SKU0954,Store C,Retail,1.0,9.877,7.9653,1.9117,5.6349,2.3305,3.32,0.2516,False
ROW00089870,TXN0038469,2025-12-24,15:39:41,SKU1466,Store C,Retail,1.0,3.154,2.5435,0.6105,1.2865,1.257,0.0,0.0,False
ROW00089895,TXN0038479,2025-12-26,11:48:23,SKU0553,Store A,Retail,1.0,1.328,1.0709,0.2571,0.6308,0.4401,0.0,0.0,False
ROW00089901,TXN0038482,2025-12-26,12:00:25,SKU0841,Store A,Retail,1.0,0.2324,0.1874,0.045,0.1909,-0.0035,0.0581,0.2,False
ROW00089933,TXN0038492,2025-12-26,14:59:34,SKU1485,Store A,Retail,5.0,1.245,1.0041,0.2409,0.6391,0.365,0.415,0.25,False
ROW00089984,TXN0038507,2025-12-26,17:56:46,SKU0476,Store A,Retail,2.0,2.324,1.8742,0.4498,1.0292,0.845,0.0,0.0,False
ROW00090008,TXN0038519,2025-12-26,13:02:33,SKU1629,Store B,Retail,1.0,0.083,0.083,0.0,0.083,0.0,0.0,0.0,False
ROW00090028,TXN0038528,2025-12-26,14:20:29,SKU0001,Store B,Retail,2.0,0.498,0.4016,0.0964,0.0867,0.315,0.0,0.0,False
ROW00090054,TXN0038535,2025-12-26,15:49:28,SKU0081,Store B,Retail,1.0,1.494,1.2048,0.2892,0.6225,0.5823,0.166,0.1,False
ROW00090126,TXN0038570,2025-12-26,13:53:52,SKU0317,Store C,Retail,1.0,1.411,1.1379,0.2731,0.7177,0.4202,0.0,0.0,False
ROW00090160,TXN0038585,2025-12-26,15:57:47,SKU0711,Store C,Retail,1.0,0.747,0.6024,0.1446,0.2905,0.3119,0.0,0.0,False
ROW00090181,TXN0038595,2025-12-26,18:05:54,SKU0444,Store C,Retail,1.0,0.415,0.3347,0.0803,0.0805,0.2541,0.0,0.0,False
ROW00090194,TXN0038600,2025-12-27,12:45:37,SKU1546,Store A,Retail,1.0,0.747,0.6024,0.1446,0.3818,0.2206,0.0,0.0,False
ROW00090256,TXN0038616,2025-12-27,14:56:29,SKU1485,Store A,Retail,5.0,1.245,1.0041,0.2409,0.6391,0.365,0.415,0.25,False
ROW00090270,TXN0038620,2025-12-27,15:10:04,SKU1766,Store A,Retail,1.0,2.158,1.7403,0.4177,0.6391,1.1012,0.0,0.0,False
ROW00090288,TXN0038629,2025-12-27,16:23:42,SKU0691,Store A,Retail,1.0,0.996,0.8032,0.1928,0.2324,0.5708,0.0,0.0,False
ROW00090302,TXN0038633,2025-12-27,16:50:31,SKU0939,Store A,Retail,1.0,22.3685,18.0391,4.3294,11.5702,6.4689,0.0,0.0,False
ROW00090359,TXN0038659,2025-12-27,15:14:31,SKU0841,Store B,Retail,1.0,0.2905,0.2343,0.0562,0.1909,0.0434,0.0,0.0,False
ROW00090375,TXN0038667,2025-12-27,16:13:50,SKU1509,Store B,Retail,1.0,0.747,0.6024,0.1446,0.3818,0.2206,0.0,0.0,False
ROW00090392,TXN0038674,2025-12-27,17:48:40,SKU1326,Store B,Retail,1.0,1.411,1.1379,0.2731,0.6225,0.5154,0.0,0.0,False
ROW00090473,TXN0038709,2025-12-27,13:57:49,SKU0841,Store C,Retail,1.0,0.2905,0.2343,0.0562,0.1909,0.0434,0.0,0.0,False
ROW00090522,TXN0038738,2025-12-27,16:31:35,SKU0986,Store C,Retail,1.0,1.162,0.9371,0.2249,0.5727,0.3644,0.0,0.0,False
ROW00090536,TXN0038742,2025-12-27,17:07:14,SKU0041,Store C,Retail,1.0,1.66,1.3387,0.3213,1.66,-0.3213,2.075,0.5556,False
ROW00090567,TXN0038751,2025-12-27,18:12:06,SKU0232,Store C,Retail,2.0,0.83,0.6694,0.1606,0.2656,0.4038,0.498,0.375,False
ROW00090575,TXN0038756,2025-12-27,19:05:14,SKU0803,Store C,Retail,1.0,1.328,1.0709,0.2571,0.2407,0.8302,0.0,0.0,False
ROW00090597,TXN0038766,2025-12-28,12:48:31,SKU1629,Store A,Retail,1.0,0.083,0.083,0.0,0.083,0.0,0.0,0.0,False
ROW00090600,TXN0038769,2025-12-28,13:11:04,SKU0165,Store A,Retail,1.0,1.66,1.3387,0.3213,0.415,0.9237,0.0,0.0,False
ROW00090642,TXN0038786,2025-12-28,15:22:57,SKU1521,Store A,Retail,1.0,1.66,1.3387,0.3213,0.7387,0.6,0.0,0.0,False
ROW00090654,TXN0038792,2025-12-28,16:07:26,SKU1321,Store A,Retail,1.0,1.411,1.1379,0.2731,0.6225,0.5154,0.0,0.0,False
ROW00090676,TXN0038799,2025-12-28,16:33:35,SKU1274,Store A,Retail,1.0,1.494,1.2048,0.2892,0.8549,0.3499,0.166,0.1,False
ROW00090733,TXN0038816,2025-12-28,13:37:44,SKU0950,Store B,Retail,1.0,0.498,0.4016,0.0964,0.1743,0.2273,0.0,0.0,False
ROW00090742,TXN0038818,2025-12-28,14:11:02,SKU1724,Store B,Retail,1.0,3.32,2.6774,0.6426,1.5687,1.1087,0.0,0.0,False
ROW00090757,TXN0038822,2025-12-28,14:26:55,SKU0831,Store B,Retail,2.0,0.996,0.8032,0.1928,0.3403,0.4629,0.0,0.0,False
ROW00090869,TXN0038872,2025-12-28,12:23:47,SKU1427,Store C,Retail,1.0,0.8217,0.6627,0.159,0.4067,0.256,0.0913,0.1,False
ROW00090902,TXN0038883,2025-12-28,14:03:46,SKU1787,Store C,Retail,1.0,2.905,2.3428,0.5622,1.3695,0.9733,0.0,0.0,False
ROW00090912,TXN0038890,2025-12-28,14:49:39,SKU0066,Store C,Retail,1.0,0.913,0.7363,0.1767,0.3735,0.3628,0.0,0.0,False
ROW00090921,TXN0038897,2025-12-28,16:00:24,SKU0019,Store C,Retail,1.0,11.8773,9.5784,2.2989,5.1203,4.4582,1.3197,0.1,False
ROW00090972,TXN0038919,2025-12-29,14:03:16,SKU0983,Store A,Retail,1.0,1.0458,0.8434,0.2024,0.4648,0.3786,0.1162,0.1,False
ROW00090984,TXN0038921,2025-12-29,14:09:59,SKU1629,Store A,Retail,1.0,0.083,0.083,0.0,0.083,0.0,0.0,0.0,False
ROW00091026,TXN0038938,2025-12-29,16:17:00,SKU0841,Store A,Retail,1.0,0.2905,0.2343,0.0562,0.1909,0.0434,0.0,0.0,False
ROW00091037,TXN0038943,2025-12-29,17:12:13,SKU0532,Store A,Retail,1.0,2.7639,2.229,0.5349,0.9794,1.2496,0.3071,0.1,False
ROW00091044,TXN0038946,2025-12-29,17:43:17,SKU1787,Store A,Retail,2.0,5.229,4.2169,1.0121,2.8054,1.4115,0.581,0.1,False
ROW00091097,TXN0038969,2025-12-29,10:29:27,SKU0145,Store B,Retail,1.0,0.3735,0.3012,0.0723,0.1231,0.1781,0.0,0.0,False
ROW00091108,TXN0038971,2025-12-29,11:19:55,SKU1629,Store B,Retail,2.0,0.166,0.166,0.0,0.166,0.0,0.0,0.0,False
ROW00091136,TXN0038984,2025-12-29,14:18:33,SKU1009,Store B,Retail,1.0,1.162,0.9371,0.2249,0.4399,0.4972,0.0,0.0,False
ROW00091217,TXN0039024,2025-12-29,19:17:43,SKU1410,Store B,Retail,1.0,1.66,1.3387,0.3213,0.7387,0.6,0.0,0.0,False
ROW00091246,TXN0039036,2025-12-29,11:14:48,SKU1404,Store C,Retail,5.0,4.98,4.0161,0.9639,1.8629,2.1532,0.0,0.0,False
ROW00091250,TXN0039040,2025-12-29,11:44:08,SKU0802,Store C,Retail,1.0,1.577,1.2718,0.3052,0.6225,0.6493,0.0,0.0,False
ROW00091257,TXN0039042,2025-12-29,12:03:49,SKU1462,Store C,Retail,1.0,0.996,0.8032,0.1928,0.4233,0.3799,0.0,0.0,False
ROW00091293,TXN0039056,2025-12-29,14:05:56,SKU0583,Store C,Retail,1.0,0.166,0.1339,0.0321,0.0251,0.1088,0.0,0.0,False
ROW00091316,TXN0039069,2025-12-29,15:19:35,SKU0564,Store C,Retail,1.0,1.66,1.3387,0.3213,0.4897,0.849,0.0,0.0,False
ROW00091337,TXN0039078,2025-12-29,15:50:58,SKU0783,Store C,Retail,2.0,0.664,0.5355,0.1285,0.5636,-0.0281,0.996,0.6,False
ROW00091424,TXN0039120,2025-12-30,11:36:33,SKU1179,Store A,Retail,1.0,2.656,2.1419,0.5141,1.245,0.8969,0.0,0.0,False
ROW00091456,TXN0039130,2025-12-30,13:46:00,SKU0654,Store A,Retail,1.0,1.826,1.4726,0.3534,0.3835,1.0891,0.0,0.0,False
ROW00091463,TXN0039131,2025-12-30,13:50:19,SKU0984,Store A,Retail,1.0,1.992,1.6065,0.3855,0.913,0.6935,0.0,0.0,False
ROW00091506,TXN0039142,2025-12-30,14:58:56,SKU0509,Store A,Retail,1.0,1.992,1.6065,0.3855,0.6432,0.9632,0.0,0.0,False
ROW00091592,TXN0039163,2025-12-30,16:43:49,SKU1669,Store A,Retail,2.0,3.32,2.6774,0.6426,1.494,1.1834,0.0,0.0,False
ROW00091619,TXN0039174,2025-12-30,17:55:54,SKU0806,Store A,Retail,1.0,1.328,1.0709,0.2571,0.2739,0.797,0.0,0.0,False
ROW00091631,TXN0039176,2025-12-30,18:29:45,SKU0984,Store A,Retail,1.0,1.992,1.6065,0.3855,0.913,0.6935,0.0,0.0,False
ROW00091640,TXN0039181,2025-12-30,19:52:04,SKU0474,Store A,Retail,1.0,0.415,0.3347,0.0803,0.1411,0.1936,0.0,0.0,False
ROW00091673,TXN0039191,2025-12-30,20:15:55,SKU0841,Store A,Retail,1.0,0.2573,0.2075,0.0498,0.1909,0.0166,0.0332,0.1143,False
ROW00091703,TXN0039198,2025-12-30,12:08:14,SKU1614,Store B,Retail,1.0,1.411,1.1379,0.2731,0.664,0.4739,0.0,0.0,False
ROW00091762,TXN0039230,2025-12-30,17:23:16,SKU1744,Store B,Retail,1.0,0.083,0.083,0.0,0.083,0.0,0.0,0.0,False
ROW00091768,TXN0039232,2025-12-30,18:07:14,SKU0091,Store B,Retail,1.0,0.913,0.7363,0.1767,0.3735,0.3628,0.0,0.0,False
ROW00091789,TXN0039243,2025-12-30,11:26:55,SKU0555,Store C,Retail,2.0,25.2486,20.3618,4.8868,14.3573,6.0045,2.8054,0.1,False
ROW00091860,TXN0039282,2025-12-30,14:46:29,SKU0688,Store C,Retail,1.0,1.245,1.0041,0.2409,0.3586,0.6455,0.0,0.0,False
ROW00091869,TXN0039287,2025-12-30,14:52:45,SKU0667,Store C,Retail,1.0,4.233,3.4137,0.8193,1.9123,1.5014,0.0,0.0,False
ROW00091884,TXN0039292,2025-12-30,16:00:15,SKU1642,Store C,Retail,4.0,4.98,4.0161,0.9639,2.5564,1.4597,0.0,0.0,False
ROW00091931,TXN0039316,2025-12-30,09:37:51,SKU1787,Warehouse,Wholesale,24.0,56.3178,45.4176,10.9002,32.868,12.5496,13.4022,0.1922,False
ROW00091954,TXN0039328,2025-12-31,12:11:30,SKU0398,Store A,Retail,1.0,2.407,1.9411,0.4659,0.996,0.9451,0.0,0.0,False
ROW00091995,TXN0039343,2025-12-31,14:32:45,SKU0731,Store A,Retail,1.0,2.905,2.3428,0.5622,2.2078,0.135,1.245,0.3,False
ROW00092032,TXN0039355,2025-12-31,16:02:17,SKU0667,Store A,Retail,1.0,4.233,3.4137,0.8193,1.9123,1.5014,0.0,0.0,False
ROW00092066,TXN0039361,2025-12-31,16:19:14,SKU1558,Store A,Retail,1.0,0.747,0.6024,0.1446,0.3818,0.2206,0.0,0.0,False
ROW00092076,TXN0039362,2025-12-31,16:28:04,SKU1485,Store A,Retail,10.0,2.49,2.0081,0.4819,1.2782,0.7299,0.83,0.25,False
ROW00092079,TXN0039364,2025-12-31,16:58:27,SKU0451,Store A,Retail,1.0,1.66,1.3387,0.3213,0.4587,0.88,0.0,0.0,False
ROW00092133,TXN0039388,2025-12-31,12:03:34,SKU1502,Store B,Retail,1.0,0.83,0.6694,0.1606,0.2303,0.4391,0.0,0.0,False
ROW00092160,TXN0039398,2025-12-31,13:57:13,SKU1326,Store B,Retail,1.0,1.411,1.1379,0.2731,0.6225,0.5154,0.0,0.0,False
ROW00092199,TXN0039417,2025-12-31,16:49:05,SKU1619,Store B,Retail,1.0,0.996,0.8032,0.1928,0.498,0.3052,0.0,0.0,False
ROW00092236,TXN0039428,2025-12-31,11:49:53,SKU0483,Store C,Retail,1.0,1.328,1.0709,0.2571,0.6142,0.4567,0.0,0.0,False
ROW00092240,TXN0039430,2025-12-31,12:11:02,SKU0021,Store C,Retail,1.0,20.667,16.6669,4.0001,10.2663,6.4006,0.0,0.0,False
ROW00092253,TXN0039435,2025-12-31,12:33:31,SKU0728,Store C,Retail,1.0,2.407,1.9411,0.4659,0.8922,1.0489,0.0,0.0,False
ROW00092349,TXN0039481,2026-01-02,15:41:18,SKU1629,Store A,Retail,1.0,0.083,0.083,0.0,0.083,0.0,0.0,0.0,False
ROW00092353,TXN0039483,2026-01-02,16:03:04,SKU0841,Store A,Retail,1.0,0.2656,0.2142,0.0514,0.1909,0.0233,0.0249,0.0857,False
ROW00092402,TXN0039504,2026-01-02,13:23:10,SKU1619,Store B,Retail,1.0,0.996,0.8032,0.1928,0.498,0.3052,0.0,0.0,False
ROW00092447,TXN0039525,2026-01-02,18:35:56,SKU0984,Store B,Retail,1.0,1.992,1.6065,0.3855,0.913,0.6935,0.0,0.0,False
ROW00092469,TXN0039538,2026-01-02,11:17:06,SKU0634,Store C,Retail,1.0,1.826,1.4726,0.3534,0.7288,0.7438,0.0,0.0,False
ROW00092482,TXN0039546,2026-01-02,12:49:56,SKU1787,Store C,Retail,1.0,2.324,1.8742,0.4498,1.3695,0.5047,0.581,0.2,False
ROW00092516,TXN0039564,2026-01-02,15:49:45,SKU1443,Store C,Retail,2.0,1.826,1.4726,0.3534,0.8964,0.5762,0.0,0.0,False
ROW00092596,TXN0039598,2026-01-03,14:30:19,SKU1649,Store A,Retail,1.0,1.7928,1.4458,0.347,0.9296,0.5162,0.1992,0.1,False
ROW00092599,TXN0039599,2026-01-03,14:37:14,SKU0583,Store A,Retail,1.0,0.166,0.1339,0.0321,0.0249,0.109,0.0,0.0,False
ROW00092614,TXN0039605,2026-01-03,15:40:27,SKU1559,Store A,Retail,1.0,0.6723,0.5422,0.1301,0.3818,0.1604,0.0747,0.1,False
ROW00092653,TXN0039625,2026-01-03,12:48:03,SKU1717,Store B,Retail,1.0,1.162,0.9371,0.2249,0.4814,0.4557,0.0,0.0,False
ROW00092690,TXN0039645,2026-01-03,15:33:14,SKU1259,Store B,Retail,1.0,2.905,2.3428,0.5622,1.3529,0.9899,0.0,0.0,False
ROW00092705,TXN0039655,2026-01-03,17:05:53,SKU0708,Store B,Retail,1.0,0.996,0.8032,0.1928,0.366,0.4372,0.0,0.0,False
ROW00092794,TXN0039699,2026-01-03,14:51:00,SKU1461,Store C,Retail,1.0,0.996,0.8032,0.1928,0.4897,0.3135,0.0,0.0,False
ROW00092807,TXN0039708,2026-01-03,15:46:04,SKU0540,Store C,Retail,1.0,1.328,1.0709,0.2571,0.6308,0.4401,0.0,0.0,False
ROW00092808,TXN0039709,2026-01-03,15:46:18,SKU0633,Store C,Retail,3.0,5.976,4.8194,1.1566,2.3904,2.429,0.0,0.0,False
ROW00092870,TXN0039736,2026-01-03,18:31:54,SKU1384,Store C,Retail,1.0,0.996,0.8032,0.1928,0.4897,0.3135,0.0,0.0,False
ROW00092894,TXN0039747,2026-01-04,14:35:05,SKU0583,Store A,Retail,1.0,0.166,0.1339,0.0321,0.0249,0.109,0.0,0.0,False
ROW00092939,TXN0039767,2026-01-04,17:06:29,SKU0398,Store A,Retail,4.0,9.628,7.7645,1.8635,3.984,3.7805,0.0,0.0,False
ROW00092972,TXN0039785,2026-01-04,13:17:31,SKU0124,Store B,Retail,1.0,1.826,1.4726,0.3534,0.507,0.9656,0.0,0.0,False
ROW00092993,TXN0039794,2026-01-04,15:26:16,SKU1629,Store B,Retail,1.0,0.083,0.083,0.0,0.083,0.0,0.0,0.0,False
ROW00093021,TXN0039809,2026-01-04,10:07:00,SKU1466,Store C,Retail,2.0,6.308,5.0871,1.2209,2.573,2.5141,0.0,0.0,False
ROW00093105,TXN0039847,2026-01-04,14:21:13,SKU1048,Store C,Retail,1.0,1.245,1.0041,0.2409,0.4281,0.5759,0.0,0.0,False
ROW00093117,TXN0039854,2026-01-04,15:48:40,SKU1009,Store C,Retail,2.0,2.324,1.8742,0.4498,0.8798,0.9944,0.0,0.0,False
ROW00093121,TXN0039857,2026-01-04,15:50:59,SKU0803,Store C,Retail,3.0,3.984,3.2129,0.7711,0.7221,2.4908,0.0,0.0,False
ROW00093193,TXN0039894,2026-01-05,17:29:00,SKU1732,Store A,Retail,2.0,3.652,2.9452,0.7068,1.6932,1.252,0.0,0.0,False
ROW00093207,TXN0039898,2026-01-05,18:26:04,SKU1274,Store A,Retail,1.0,1.66,1.3387,0.3213,0.8549,0.4838,0.0,0.0,False
ROW00093240,TXN0039916,2026-01-05,16:49:02,SKU0652,Store B,Retail,2.0,2.49,2.0081,0.4819,0.8167,1.1914,0.0,0.0,False
ROW00093246,TXN0039917,2026-01-05,17:31:15,SKU1482,Store B,Retail,1.0,1.1205,0.9036,0.2169,0.5312,0.3724,0.1245,0.1,False
ROW00093353,TXN0039971,2026-01-05,16:03:17,SKU0634,Store C,Retail,1.0,1.826,1.4726,0.3534,0.7288,0.7438,0.0,0.0,False
ROW00093374,TXN0039979,2026-01-05,17:55:22,SKU1629,Store C,Retail,2.0,0.166,0.166,0.0,0.166,0.0,0.0,0.0,False
ROW00093375,TXN0039979,2026-01-05,17:55:22,SKU1744,Store C,Retail,1.0,0.083,0.083,0.0,0.083,0.0,0.0,0.0,False
ROW00093380,TXN0039983,2026-01-05,18:50:16,SKU1408,Store C,Retail,1.0,1.328,1.0709,0.2571,0.7387,0.3322,0.332,0.2,False
ROW00093394,TXN0039992,2026-01-06,12:57:33,SKU0549,Store A,Retail,1.0,1.6434,1.3253,0.3181,0.5727,0.7526,0.1826,0.1,False
ROW00093424,TXN0040004,2026-01-06,17:44:30,SKU0667,Store A,Retail,1.0,4.233,3.4137,0.8193,1.9123,1.5014,0.0,0.0,False
ROW00093465,TXN0040022,2026-01-06,14:57:06,SKU0228,Store B,Retail,1.0,0.166,0.1339,0.0321,0.0602,0.0737,0.083,0.3333,False
ROW00093466,TXN0040023,2026-01-06,15:06:13,SKU0228,Store B,Retail,1.0,0.249,0.2008,0.0482,0.0602,0.1406,0.0,0.0,False
ROW00093526,TXN0040056,2026-01-06,12:48:27,SKU0802,Store C,Retail,1.0,1.577,1.2718,0.3052,0.6225,0.6493,0.0,0.0,False
ROW00093562,TXN0040069,2026-01-06,15:23:39,SKU0182,Store C,Retail,2.0,0.083,0.0669,0.0161,0.0385,0.0284,0.249,0.75,False
ROW00093578,TXN0040075,2026-01-06,16:08:05,SKU1326,Store C,Retail,1.0,1.411,1.1379,0.2731,0.6225,0.5154,0.0,0.0,False
ROW00093589,TXN0040080,2026-01-06,16:37:46,SKU0228,Store C,Retail,2.0,0.498,0.4016,0.0964,0.1203,0.2813,0.0,0.0,False
ROW00093619,TXN0040094,2026-01-06,09:24:44,SKU1501,Warehouse,Wholesale,24.0,17.5376,14.1432,3.3944,11.7528,2.3904,12.3424,0.4131,False
ROW00093634,TXN0040098,2026-01-07,14:38:16,SKU1602,Store A,Retail,2.0,1.66,1.3386,0.3214,1.577,-0.2384,0.996,0.375,False
ROW00093648,TXN0040103,2026-01-07,15:44:06,SKU0703,Store A,Retail,1.0,0.996,0.8032,0.1928,0.3403,0.4629,0.0,0.0,False
ROW00093716,TXN0040131,2026-01-07,17:07:54,SKU0441,Store B,Retail,2.0,0.498,0.4016,0.0964,0.0486,0.353,0.0,0.0,False
ROW00093719,TXN0040133,2026-01-07,17:09:11,SKU0841,Store B,Retail,1.0,0.2905,0.2343,0.0562,0.1909,0.0434,0.0,0.0,False
ROW00093766,TXN0040155,2026-01-07,17:42:03,SKU1723,Store C,Retail,1.0,3.32,2.6774,0.6426,1.5687,1.1087,0.0,0.0,False
ROW00093799,TXN0040165,2026-01-08,15:21:08,SKU1795,Store A,Retail,1.0,8.715,7.0282,1.6868,4.4405,2.5877,0.0,0.0,False
ROW00093830,TXN0040173,2026-01-08,18:03:57,SKU0668,Store A,Retail,1.0,3.8097,3.0723,0.7374,1.9123,1.16,0.4233,0.1,False
ROW00093875,TXN0040194,2026-01-08,16:45:29,SKU0441,Store B,Retail,1.0,0.249,0.2008,0.0482,0.0243,0.1765,0.0,0.0,False
ROW00093881,TXN0040196,2026-01-08,17:45:49,SKU0165,Store B,Retail,1.0,1.66,1.3387,0.3213,0.415,0.9237,0.0,0.0,False
ROW00093888,TXN0040199,2026-01-08,17:57:27,SKU0325,Store B,Retail,1.0,1.411,1.1379,0.2731,0.7178,0.4201,0.0,0.0,False
ROW00093959,TXN0040228,2026-01-08,16:56:49,SKU1502,Store C,Retail,1.0,0.83,0.6694,0.1606,0.2303,0.4391,0.0,0.0,False
ROW00093994,TXN0040243,2026-01-09,11:49:12,SKU1626,Store A,Retail,1.0,1.411,1.1379,0.2731,0.747,0.3909,0.0,0.0,False
ROW00094026,TXN0040260,2026-01-09,15:54:44,SKU1425,Store A,Retail,1.0,1.66,1.3387,0.3213,0.7387,0.6,0.0,0.0,False
ROW00094052,TXN0040267,2026-01-09,17:16:36,SKU1614,Store A,Retail,1.0,1.2699,1.0241,0.2458,0.664,0.3601,0.1411,0.1,False
ROW00094099,TXN0040282,2026-01-09,20:05:58,SKU1721,Store A,Retail,1.0,2.656,2.1419,0.5141,1.1371,1.0048,0.664,0.2,False
ROW00094128,TXN0040300,2026-01-09,14:37:51,SKU0182,Store B,Retail,2.0,0.083,0.0669,0.0161,0.0385,0.0284,0.249,0.75,False
ROW00094172,TXN0040317,2026-01-09,18:46:27,SKU0228,Store B,Retail,1.0,0.083,0.0669,0.0161,0.0602,0.0067,0.166,0.6667,False
ROW00094178,TXN0040319,2026-01-09,18:55:50,SKU0731,Store B,Retail,1.0,2.656,2.1419,0.5141,2.2078,-0.0659,1.494,0.36,False
ROW00094210,TXN0040332,2026-01-09,13:42:03,SKU0232,Store C,Retail,1.0,0.415,0.3347,0.0803,0.1328,0.2019,0.249,0.375,False
ROW00094242,TXN0040344,2026-01-09,18:27:33,SKU0228,Store C,Retail,3.0,0.747,0.6024,0.1446,0.1805,0.4219,0.0,0.0,False
ROW00094256,TXN0040348,2026-01-10,10:43:28,SKU1765,Store A,Retail,1.0,2.158,1.7403,0.4177,0.6391,1.1012,0.0,0.0,False
ROW00094323,TXN0040377,2026-01-10,15:49:59,SKU1768,Store A,Retail,1.0,2.158,1.7403,0.4177,0.6391,1.1012,0.0,0.0,False
ROW00094346,TXN0040384,2026-01-10,16:43:23,SKU1629,Store A,Retail,1.0,0.083,0.083,0.0,0.083,0.0,0.0,0.0,False
ROW00094351,TXN0040388,2026-01-10,18:52:03,SKU0583,Store A,Retail,2.0,0.2988,0.2409,0.0579,0.0498,0.1911,0.0332,0.1,False
ROW00094391,TXN0040409,2026-01-10,13:54:00,SKU0182,Store B,Retail,9.0,0.3735,0.3012,0.0723,0.1733,0.1279,1.1205,0.75,False
ROW00094424,TXN0040428,2026-01-10,15:57:05,SKU1013,Store B,Retail,1.0,0.913,0.7363,0.1767,0.4648,0.2715,0.249,0.2143,False
ROW00094455,TXN0040447,2026-01-10,19:26:30,SKU0530,Store B,Retail,1.0,0.996,0.8032,0.1928,0.3735,0.4297,0.0,0.0,False
ROW00094495,TXN0040466,2026-01-10,14:41:19,SKU1436,Store C,Retail,1.0,0.249,0.2008,0.0482,0.0743,0.1265,0.0,0.0,False
ROW00094514,TXN0040475,2026-01-10,16:55:38,SKU0986,Store C,Retail,1.0,1.162,0.9371,0.2249,0.5727,0.3644,0.0,0.0,False
ROW00094546,TXN0040487,2026-01-10,19:35:44,SKU1092,Store C,Retail,2.0,0.996,0.8032,0.1928,0.7141,0.0891,0.996,0.5,False
ROW00094558,TXN0040492,2026-01-11,12:13:45,SKU1559,Store A,Retail,1.0,0.6723,0.5422,0.1301,0.3818,0.1604,0.0747,0.1,False
ROW00094602,TXN0040506,2026-01-11,15:51:49,SKU1610,Store A,Retail,1.0,1.2699,1.0241,0.2458,0.664,0.3601,0.1411,0.1,False
ROW00094643,TXN0040529,2026-01-11,14:08:16,SKU1642,Store B,Retail,1.0,1.245,1.0041,0.2409,0.6391,0.365,0.0,0.0,False
ROW00094689,TXN0040542,2026-01-11,15:44:19,SKU1787,Store B,Retail,2.0,5.81,4.6855,1.1245,2.8054,1.8801,0.0,0.0,False
ROW00094707,TXN0040551,2026-01-11,17:22:32,SKU0438,Store B,Retail,2.0,0.498,0.4016,0.0964,0.0513,0.3503,0.0,0.0,False
ROW00094742,TXN0040572,2026-01-11,12:49:08,SKU0322,Store C,Retail,1.0,1.411,1.1379,0.2731,0.7178,0.4201,0.0,0.0,False
ROW00094744,TXN0040574,2026-01-11,14:05:03,SKU0247,Store C,Retail,1.0,1.577,1.2718,0.3052,0.7719,0.4999,0.0,0.0,False
ROW00094750,TXN0040576,2026-01-11,14:13:21,SKU1594,Store C,Retail,1.0,1.162,0.9371,0.2249,0.5727,0.3644,0.0,0.0,False
ROW00094814,TXN0040598,2026-01-12,14:41:54,SKU1629,Store A,Retail,2.0,0.166,0.166,0.0,0.166,0.0,0.0,0.0,False
ROW00094847,TXN0040609,2026-01-12,18:52:42,SKU0140,Store A,Retail,1.0,1.826,1.4726,0.3534,0.913,0.5596,0.0,0.0,False
ROW00094877,TXN0040623,2026-01-12,17:41:52,SKU0583,Store B,Retail,1.0,0.166,0.1339,0.0321,0.0249,0.109,0.0,0.0,False
ROW00094910,TXN0040643,2026-01-12,17:56:43,SKU1738,Store C,Retail,1.0,0.4565,0.3681,0.0884,0.3071,0.061,0.2905,0.3889,False
ROW00094947,TXN0040661,2026-01-13,15:31:15,SKU1789,Store A,Retail,1.0,2.905,2.3428,0.5622,1.328,1.0148,0.0,0.0,False
ROW00094973,TXN0040675,2026-01-13,18:33:55,SKU0223,Store A,Retail,3.0,3.1374,2.5302,0.6072,1.245,1.2852,0.3486,0.1,False
ROW00094985,TXN0040684,2026-01-13,11:01:30,SKU0228,Store B,Retail,3.0,0.249,0.2008,0.0482,0.1805,0.0203,0.498,0.6667,False
ROW00095009,TXN0040698,2026-01-13,16:26:55,SKU0325,Store B,Retail,1.0,1.411,1.1379,0.2731,0.7178,0.4201,0.0,0.0,False
ROW00095076,TXN0040728,2026-01-13,19:15:04,SKU1730,Store C,Retail,1.0,3.32,2.6774,0.6426,1.5687,1.1087,0.0,0.0,False
ROW00095084,TXN0040732,2026-01-13,13:25:16,SKU1501,Warehouse,Wholesale,48.0,35.0751,28.2864,6.7887,23.5056,4.7808,24.6849,0.4131,False
ROW00095139,TXN0040758,2026-01-14,17:40:46,SKU0653,Store A,Retail,1.0,1.826,1.4726,0.3534,0.4067,1.0659,0.0,0.0,False
ROW00095156,TXN0040766,2026-01-14,11:37:06,SKU1326,Store A,Retail,10.0,14.11,11.3791,2.7309,6.225,5.1541,0.0,0.0,False
ROW00095190,TXN0040783,2026-01-14,18:16:47,SKU0426,Store B,Retail,1.0,2.49,2.0081,0.4819,0.9545,1.0536,0.0,0.0,False
ROW00095202,TXN0040784,2026-01-14,18:35:56,SKU0153,Store B,Retail,1.0,0.3735,0.3012,0.0723,0.1231,0.1781,0.0,0.0,False
ROW00095237,TXN0040800,2026-01-14,18:43:50,SKU1420,Store C,Retail,1.0,0.498,0.4016,0.0964,0.4428,-0.0412,0.415,0.4545,False
ROW00095247,TXN0040806,2026-01-15,11:59:57,SKU1663,Store A,Retail,1.0,2.407,1.9411,0.4659,1.0241,0.9171,0.0,0.0,False
ROW00095279,TXN0040826,2026-01-15,18:52:04,SKU0841,Store A,Retail,1.0,0.2905,0.2343,0.0562,0.1909,0.0434,0.0,0.0,False
ROW00095319,TXN0040843,2026-01-15,16:42:33,SKU0984,Store B,Retail,1.0,1.992,1.6065,0.3855,0.913,0.6935,0.0,0.0,False
ROW00095346,TXN0040853,2026-01-15,19:40:41,SKU0182,Store B,Retail,2.0,0.083,0.0669,0.0161,0.0385,0.0284,0.249,0.75,False
ROW00095392,TXN0040876,2026-01-15,18:28:46,SKU1612,Store C,Retail,1.0,0.498,0.4016,0.0964,0.664,-0.2624,0.913,0.6471,False
ROW00095399,TXN0040879,2026-01-15,18:55:20,SKU1787,Store C,Retail,1.0,2.905,2.3428,0.5622,1.3695,0.9733,0.0,0.0,False
ROW00095405,TXN0040883,2026-01-15,09:50:16,SKU0032,Warehouse,Wholesale,1.0,12.7654,10.2947,2.4707,10.2663,0.0284,8.7316,0.4062,False
ROW00095440,TXN0040900,2026-01-16,16:21:41,SKU1384,Store A,Retail,1.0,0.996,0.8032,0.1928,0.4897,0.3135,0.0,0.0,False
ROW00095444,TXN0040902,2026-01-16,16:48:06,SKU0182,Store A,Retail,1.0,0.0415,0.0334,0.0081,0.0193,0.0142,0.1245,0.75,False
ROW00095474,TXN0040918,2026-01-16,11:32:17,SKU1502,Store B,Retail,4.0,2.988,2.4097,0.5783,0.9213,1.4884,0.332,0.1,False
ROW00095477,TXN0040919,2026-01-16,11:35:40,SKU0635,Store B,Retail,1.0,1.992,1.6065,0.3855,0.7138,0.8927,0.0,0.0,False
ROW00095495,TXN0040929,2026-01-16,13:59:06,SKU1404,Store B,Retail,1.0,0.996,0.8032,0.1928,0.3726,0.4306,0.0,0.0,False
ROW00095567,TXN0040967,2026-01-16,15:07:24,SKU0821,Store C,Retail,3.0,0.498,0.4016,0.0964,0.1868,0.2149,0.0,0.0,False
ROW00095587,TXN0040978,2026-01-16,18:51:19,SKU1218,Store C,Retail,1.0,1.494,1.2048,0.2892,0.6308,0.574,0.0,0.0,False
ROW00095619,TXN0040991,2026-01-17,14:01:42,SKU1629,Store A,Retail,1.0,0.083,0.083,0.0,0.083,0.0,0.0,0.0,False
ROW00095676,TXN0041011,2026-01-17,16:04:34,SKU1404,Store A,Retail,1.0,0.996,0.8032,0.1928,0.3726,0.4306,0.0,0.0,False
ROW00095680,TXN0041013,2026-01-17,16:12:45,SKU0652,Store A,Retail,1.0,1.245,1.0041,0.2409,0.4084,0.5957,0.0,0.0,False
ROW00095702,TXN0041024,2026-01-17,13:00:50,SKU1327,Store B,Retail,1.0,1.411,1.1379,0.2731,0.6225,0.5154,0.0,0.0,False
ROW00095769,TXN0041056,2026-01-17,17:05:26,SKU0426,Store B,Retail,1.0,2.49,2.0081,0.4819,0.9545,1.0536,0.0,0.0,False
ROW00095779,TXN0041061,2026-01-17,17:25:07,SKU1024,Store B,Retail,1.0,0.9296,0.7497,0.1799,0.5229,0.2268,0.2324,0.2,False
ROW00095783,TXN0041064,2026-01-17,17:53:27,SKU1088,Store B,Retail,2.0,1.66,1.3387,0.3213,0.7304,0.6083,0.0,0.0,False
ROW00095866,TXN0041106,2026-01-17,16:01:02,SKU1729,Store C,Retail,1.0,3.32,2.6774,0.6426,1.5687,1.1087,0.0,0.0,False
ROW00095897,TXN0041118,2026-01-17,18:00:15,SKU1744,Store C,Retail,1.0,0.083,0.083,0.0,0.083,0.0,0.0,0.0,False
ROW00095911,TXN0041128,2026-01-17,19:06:04,SKU1088,Store C,Retail,1.0,0.83,0.6694,0.1606,0.3652,0.3042,0.0,0.0,False
ROW00095935,TXN0041136,2026-01-18,14:18:41,SKU0805,Store A,Retail,1.0,1.1952,0.9639,0.2313,0.2739,0.69,0.1328,0.1,False
ROW00095964,TXN0041148,2026-01-18,17:13:36,SKU1443,Store A,Retail,-2.0,-1.6434,-1.3253,-0.3181,-0.8964,-0.4289,-0.1826,0.1,True
ROW00095976,TXN0041156,2026-01-18,12:39:18,SKU1322,Store B,Retail,1.0,1.411,1.1379,0.2731,0.6225,0.5154,0.0,0.0,False
ROW00095987,TXN0041161,2026-01-18,13:42:55,SKU1649,Store B,Retail,1.0,1.992,1.6065,0.3855,0.9296,0.6769,0.0,0.0,False
ROW00095988,TXN0041162,2026-01-18,14:00:22,SKU0682,Store B,Retail,1.0,0.83,0.6694,0.1606,0.3154,0.354,0.0,0.0,False
ROW00096030,TXN0041179,2026-01-18,15:13:51,SKU0698,Store B,Retail,1.0,1.909,1.5395,0.3695,0.6032,0.9363,0.0,0.0,False
ROW00096110,TXN0041223,2026-01-18,13:05:49,SKU0124,Store C,Retail,1.0,1.826,1.4726,0.3534,0.507,0.9656,0.0,0.0,False
ROW00096112,TXN0041225,2026-01-18,13:26:31,SKU0633,Store C,Retail,1.0,1.992,1.6065,0.3855,0.7968,0.8097,0.0,0.0,False
ROW00096190,TXN0041259,2026-01-19,19:29:44,SKU0122,Store A,Retail,1.0,1.826,1.4726,0.3534,0.5588,0.9137,0.0,0.0,False
ROW00096266,TXN0041287,2026-01-19,18:27:03,SKU1419,Store B,Retail,1.0,0.664,0.5355,0.1285,0.3071,0.2284,0.0,0.0,False
ROW00096271,TXN0041288,2026-01-19,18:28:47,SKU1629,Store B,Retail,1.0,0.083,0.083,0.0,0.083,0.0,0.0,0.0,False
ROW00096274,TXN0041290,2026-01-19,18:31:19,SKU0653,Store B,Retail,1.0,1.6434,1.3253,0.3181,0.4067,0.9186,0.1826,0.1,False
ROW00096311,TXN0041306,2026-01-19,19:11:18,SKU1326,Store C,Retail,1.0,1.411,1.1379,0.2731,0.6225,0.5154,0.0,0.0,False
ROW00096315,TXN0041309,2026-01-19,11:29:54,SKU1419,Warehouse,Wholesale,720.0,370.512,298.8,71.712,216.3312,82.4688,107.568,0.225,False
ROW00096330,TXN0041316,2026-01-20,16:29:36,SKU0803,Store A,Retail,1.0,1.328,1.0709,0.2571,0.2407,0.8302,0.0,0.0,False
ROW00096352,TXN0041326,2026-01-20,18:22:53,SKU0633,Store A,Retail,1.0,1.992,1.6065,0.3855,0.7968,0.8097,0.0,0.0,False
ROW00096419,TXN0041356,2026-01-20,16:08:02,SKU1670,Store B,Retail,1.0,1.66,1.3387,0.3213,0.7022,0.6365,0.0,0.0,False
ROW00096429,TXN0041360,2026-01-20,17:36:08,SKU1787,Store B,Retail,1.0,2.905,2.3428,0.5622,1.4027,0.9401,0.0,0.0,False
ROW00096471,TXN0041385,2026-01-20,18:17:40,SKU0692,Store C,Retail,1.0,0.498,0.4016,0.0964,0.21,0.1916,0.0,0.0,False
ROW00096486,TXN0041392,2026-01-20,10:40:37,SKU1790,Warehouse,Wholesale,24.0,56.3178,45.4176,10.9002,32.868,12.5496,13.4022,0.1922,False
ROW00096506,TXN0041405,2026-01-21,15:26:18,SKU0247,Store A,Retail,1.0,1.577,1.2718,0.3052,0.7719,0.4999,0.0,0.0,False
ROW00096551,TXN0041417,2026-01-21,09:43:31,SKU1728,Store A,Retail,1.0,3.32,2.6774,0.6426,1.5687,1.1087,0.0,0.0,False
ROW00096554,TXN0041419,2026-01-21,11:41:09,SKU1444,Store B,Retail,1.0,0.913,0.7363,0.1767,0.4482,0.2881,0.0,0.0,False
ROW00096575,TXN0041431,2026-01-21,14:30:47,SKU0708,Store B,Retail,2.0,1.992,1.6065,0.3855,0.7321,0.8744,0.0,0.0,False
ROW00096613,TXN0041450,2026-01-21,12:52:06,SKU1068,Store C,Retail,1.0,1.328,1.0709,0.2571,0.4374,0.6335,0.0,0.0,False
ROW00096637,TXN0041458,2026-01-21,15:20:02,SKU0633,Store C,Retail,1.0,1.992,1.6065,0.3855,0.7968,0.8097,0.0,0.0,False
ROW00096677,TXN0041477,2026-01-22,14:12:34,SKU1332,Store A,Retail,2.0,2.324,1.8742,0.4498,1.1454,0.7288,0.0,0.0,False
ROW00096703,TXN0041493,2026-01-22,14:33:29,SKU1617,Store B,Retail,1.0,0.8964,0.7229,0.1735,0.498,0.2249,0.0996,0.1,False
ROW00096724,TXN0041502,2026-01-22,16:43:41,SKU1026,Store B,Retail,1.0,0.5976,0.4819,0.1157,0.332,0.1499,0.1494,0.2,False
ROW00096760,TXN0041517,2026-01-22,10:06:30,SKU0987,Store C,Retail,1.0,0.83,0.6694,0.1606,0.4897,0.1797,0.332,0.2857,False
ROW00096799,TXN0041537,2026-01-22,18:29:03,SKU0553,Store C,Retail,1.0,1.328,1.0709,0.2571,0.6308,0.4401,0.0,0.0,False
ROW00096820,TXN0041542,2026-01-23,13:38:15,SKU1615,Store A,Retail,1.0,1.411,1.1379,0.2731,0.664,0.4739,0.0,0.0,False
ROW00096841,TXN0041550,2026-01-23,16:41:34,SKU1501,Store A,Retail,1.0,1.245,1.0041,0.2409,0.4897,0.5144,0.0,0.0,False
ROW00096846,TXN0041552,2026-01-23,16:46:30,SKU0139,Store A,Retail,1.0,1.494,1.2048,0.2892,0.747,0.4578,0.166,0.1,False
ROW00096902,TXN0041578,2026-01-23,15:04:47,SKU1536,Store B,Retail,1.0,0.996,0.8032,0.1928,0.4233,0.3799,0.0,0.0,False
ROW00096910,TXN0041583,2026-01-23,16:27:30,SKU1537,Store B,Retail,2.0,2.49,2.0081,0.4819,0.9628,1.0453,0.0,0.0,False
ROW00096960,TXN0041603,2026-01-23,13:59:32,SKU0798,Store C,Retail,1.0,3.154,2.5435,0.6105,1.2865,1.257,0.0,0.0,False
ROW00096995,TXN0041613,2026-01-23,18:10:28,SKU1492,Store C,Retail,1.0,0.996,0.8032,0.1928,0.4233,0.3799,0.0,0.0,False
ROW00097000,TXN0041614,2026-01-23,18:36:34,SKU1788,Store C,Retail,1.0,2.241,1.8072,0.4338,1.328,0.4792,0.249,0.1,False
ROW00097025,TXN0041627,2026-01-24,12:16:30,SKU1394,Store A,Retail,1.0,2.075,1.6734,0.4016,0.7138,0.9596,0.0,0.0,False
ROW00097057,TXN0041640,2026-01-24,14:35:09,SKU1049,Store A,Retail,1.0,1.1205,0.9036,0.2169,0.3583,0.5453,0.1245,0.1,False
ROW00097073,TXN0041646,2026-01-24,16:00:23,SKU0692,Store A,Retail,2.0,0.996,0.8032,0.1928,0.42,0.3832,0.0,0.0,False
ROW00097170,TXN0041694,2026-01-24,16:20:57,SKU1095,Store B,Retail,1.0,1.079,0.8702,0.2088,0.5729,0.2973,0.0,0.0,False
ROW00097171,TXN0041694,2026-01-24,16:20:57,SKU1384,Store B,Retail,2.0,1.992,1.6065,0.3855,0.9794,0.6271,0.0,0.0,False
ROW00097203,TXN0041707,2026-01-24,17:00:59,SKU1502,Store B,Retail,2.0,1.66,1.3387,0.3213,0.4606,0.8781,0.0,0.0,False
ROW00097206,TXN0041708,2026-01-24,17:07:10,SKU1322,Store B,Retail,1.0,1.411,1.1379,0.2731,0.6225,0.5154,0.0,0.0,False
ROW00097240,TXN0041723,2026-01-24,12:45:28,SKU0564,Store C,Retail,1.0,1.66,1.3387,0.3213,0.4897,0.849,0.0,0.0,False
ROW00097270,TXN0041735,2026-01-24,15:02:14,SKU1629,Store C,Retail,1.0,0.083,0.083,0.0,0.083,0.0,0.0,0.0,False
ROW00097272,TXN0041737,2026-01-24,15:05:29,SKU1024,Store C,Retail,1.0,0.9296,0.7497,0.1799,0.5229,0.2268,0.2324,0.2,False
ROW00097327,TXN0041760,2026-01-25,10:56:31,SKU1247,Store A,Retail,1.0,2.241,1.8072,0.4338,1.0956,0.7116,0.249,0.1,False
ROW00097376,TXN0041777,2026-01-25,18:28:32,SKU1620,Store A,Retail,2.0,1.7928,1.4458,0.347,0.996,0.4498,0.1992,0.1,False
ROW00097385,TXN0041782,2026-01-25,11:40:35,SKU1667,Store B,Retail,1.0,1.66,1.3387,0.3213,0.6798,0.6589,0.0,0.0,False
ROW00097397,TXN0041784,2026-01-25,12:29:44,SKU1629,Store B,Retail,1.0,0.083,0.083,0.0,0.083,0.0,0.0,0.0,False
ROW00097468,TXN0041819,2026-01-25,10:49:31,SKU1734,Store C,Retail,2.0,2.988,2.4097,0.5783,1.1454,1.2643,0.0,0.0,False
ROW00097498,TXN0041833,2026-01-25,13:31:32,SKU1410,Store C,Retail,1.0,1.66,1.3387,0.3213,0.7387,0.6,0.0,0.0,False
ROW00097537,TXN0041856,2026-01-25,17:00:02,SKU0654,Store C,Retail,1.0,1.826,1.4726,0.3534,0.3835,1.0891,0.0,0.0,False
ROW00097551,TXN0041863,2026-01-26,12:31:03,SKU0761,Store A,Retail,1.0,1.3446,1.0844,0.2602,0.5976,0.4868,0.1494,0.1,False
ROW00097606,TXN0041890,2026-01-26,14:30:21,SKU0530,Store B,Retail,1.0,0.664,0.5355,0.1285,0.3735,0.162,0.332,0.3333,False
ROW00097615,TXN0041892,2026-01-26,15:42:14,SKU0474,Store B,Retail,1.0,0.415,0.3347,0.0803,0.1826,0.1521,0.0,0.0,False
ROW00097667,TXN0041913,2026-01-26,13:55:29,SKU1738,Store C,Retail,2.0,0.913,0.7363,0.1767,0.6142,0.1221,0.581,0.3889,False
ROW00097700,TXN0041932,2026-01-27,17:06:00,SKU1322,Store A,Retail,1.0,1.2699,1.0241,0.2458,0.6225,0.4016,0.1411,0.1,False
ROW00097722,TXN0041940,2026-01-27,18:15:34,SKU0713,Store A,Retail,1.0,1.245,1.0041,0.2409,0.3071,0.697,0.0,0.0,False
ROW00097804,TXN0041969,2026-01-27,17:44:22,SKU1744,Store B,Retail,1.0,0.083,0.083,0.0,0.083,0.0,0.0,0.0,False
ROW00097809,TXN0041972,2026-01-27,17:54:19,SKU0096,Store B,Retail,1.0,0.913,0.7363,0.1767,0.3735,0.3628,0.0,0.0,False
ROW00097834,TXN0041980,2026-01-27,14:09:32,SKU0688,Store C,Retail,2.0,2.49,2.0081,0.4819,0.7171,1.291,0.0,0.0,False
ROW00097864,TXN0041990,2026-01-27,10:48:39,SKU1744,Warehouse,Wholesale,36.0,2.988,2.988,0.0,2.988,0.0,0.0,0.0,False
ROW00097890,TXN0041999,2026-01-28,15:58:44,SKU1618,Store A,Retail,1.0,0.996,0.8032,0.1928,0.498,0.3052,0.0,0.0,False
ROW00097905,TXN0042005,2026-01-28,18:07:50,SKU0581,Store A,Retail,1.0,11.537,9.3041,2.2329,4.233,5.0711,0.0,0.0,False
ROW00097931,TXN0042016,2026-01-28,13:08:30,SKU1501,Store B,Retail,3.0,3.735,3.0121,0.7229,1.4691,1.543,0.0,0.0,False
ROW00097960,TXN0042032,2026-01-28,17:28:28,SKU1259,Store B,Retail,1.0,2.905,2.3428,0.5622,1.3529,0.9899,0.0,0.0,False
ROW00098012,TXN0042055,2026-01-28,18:12:19,SKU0247,Store C,Retail,1.0,1.577,1.2718,0.3052,0.7719,0.4999,0.0,0.0,False
ROW00098019,TXN0042058,2026-01-29,12:37:22,SKU0325,Store A,Retail,1.0,1.2699,1.0241,0.2458,0.7178,0.3064,0.1411,0.1,False
ROW00098066,TXN0042070,2026-01-29,15:54:45,SKU1261,Store A,Retail,1.0,1.0458,0.8434,0.2024,0.5644,0.279,0.1162,0.1,False
ROW00098071,TXN0042070,2026-01-29,15:54:45,SKU1680,Store A,Retail,1.0,1.328,1.0709,0.2571,0.5976,0.4733,0.332,0.2,False
ROW00098133,TXN0042108,2026-01-29,17:02:08,SKU1536,Store B,Retail,1.0,0.996,0.8032,0.1928,0.4233,0.3799,0.0,0.0,False
ROW00098141,TXN0042113,2026-01-29,18:19:43,SKU1025,Store B,Retail,1.0,0.5976,0.4819,0.1157,0.332,0.1499,0.1494,0.2,False
ROW00098162,TXN0042123,2026-01-29,15:36:59,SKU1408,Store C,Retail,2.0,2.988,2.4097,0.5783,1.4774,0.9323,0.332,0.1,False
ROW00098178,TXN0042125,2026-01-29,15:40:03,SKU1730,Store C,Retail,1.0,3.32,2.6774,0.6426,1.5687,1.1087,0.0,0.0,False
ROW00098211,TXN0042142,2026-01-29,15:44:48,SKU0937,Warehouse,Wholesale,20.0,305.0549,246.012,59.0429,184.924,61.088,59.3151,0.1628,False
ROW00098213,TXN0042143,2026-01-30,10:39:56,SKU0033,Store A,Retail,1.0,1.66,1.3387,0.3213,1.494,-0.1553,1.328,0.4444,False
ROW00098262,TXN0042166,2026-01-30,19:06:33,SKU1404,Store A,Retail,1.0,0.996,0.8032,0.1928,0.3726,0.4306,0.0,0.0,False
ROW00098313,TXN0042187,2026-01-30,14:32:05,SKU1606,Store B,Retail,1.0,1.411,1.1379,0.2731,0.664,0.4739,0.0,0.0,False
ROW00098314,TXN0042187,2026-01-30,14:32:05,SKU1611,Store B,Retail,2.0,2.822,2.2758,0.5462,1.328,0.9478,0.0,0.0,False
ROW00098365,TXN0042213,2026-01-30,11:41:47,SKU1566,Store C,Retail,1.0,0.747,0.6024,0.1446,0.2905,0.3119,0.0,0.0,False
ROW00098392,TXN0042231,2026-01-30,15:30:38,SKU0401,Store C,Retail,1.0,2.6145,2.1084,0.5061,1.1205,0.9879,0.2905,0.1,False
ROW00098447,TXN0042252,2026-01-31,12:01:52,SKU0812,Store A,Retail,2.0,0.747,0.6024,0.1446,0.0,0.6024,0.083,0.1,False
ROW00098502,TXN0042278,2026-01-31,18:06:11,SKU1569,Store A,Retail,1.0,1.162,0.9371,0.2249,0.5063,0.4308,0.0,0.0,False
ROW00098507,TXN0042280,2026-01-31,18:45:00,SKU1326,Store A,Retail,1.0,1.411,1.1379,0.2731,0.6225,0.5154,0.0,0.0,False
ROW00098576,TXN0042303,2026-01-31,13:48:51,SKU1547,Store B,Retail,1.0,0.83,0.6694,0.1606,0.3154,0.354,0.0,0.0,False
ROW00098579,TXN0042304,2026-01-31,13:57:29,SKU0708,Store B,Retail,1.0,0.996,0.8032,0.1928,0.366,0.4372,0.0,0.0,False
ROW00098612,TXN0042316,2026-01-31,15:17:04,SKU0554,Store B,Retail,1.0,2.656,2.1419,0.5141,1.1952,0.9467,0.0,0.0,False
ROW00098622,TXN0042320,2026-01-31,15:27:43,SKU1734,Store B,Retail,1.0,1.494,1.2048,0.2892,0.5727,0.6321,0.0,0.0,False
ROW00098692,TXN0042356,2026-01-31,13:46:46,SKU0530,Store C,Retail,1.0,0.664,0.5355,0.1285,0.3735,0.162,0.332,0.3333,False
ROW00098730,TXN0042366,2026-01-31,15:37:45,SKU0474,Store C,Retail,1.0,0.415,0.3347,0.0803,0.1826,0.1521,0.0,0.0,False
ROW00098780,TXN0042381,2026-01-31,17:44:05,SKU1092,Store C,Retail,1.0,0.498,0.4016,0.0964,0.3571,0.0446,0.498,0.5,False
ROW00098788,TXN0042384,2026-01-31,18:07:19,SKU0583,Store C,Retail,1.0,0.166,0.1339,0.0321,0.0251,0.1088,0.0,0.0,False
ROW00098798,TXN0042387,2026-01-31,18:22:09,SKU1322,Store C,Retail,1.0,1.411,1.1379,0.2731,0.6225,0.5154,0.0,0.0,False
ROW00098824,TXN0042399,2026-02-01,14:10:45,SKU0841,Store A,Retail,1.0,0.2905,0.2343,0.0562,0.1909,0.0434,0.0,0.0,False
ROW00098844,TXN0042409,2026-02-01,18:01:45,SKU1561,Store A,Retail,1.0,0.913,0.7363,0.1767,0.4067,0.3296,0.0,0.0,False
ROW00098904,TXN0042433,2026-02-01,15:18:40,SKU1767,Store B,Retail,1.0,2.158,1.7403,0.4177,0.6391,1.1012,0.0,0.0,False
ROW00098931,TXN0042451,2026-02-01,18:02:05,SKU0652,Store B,Retail,2.0,2.49,2.0081,0.4819,0.8167,1.1914,0.0,0.0,False
ROW00098933,TXN0042452,2026-02-01,18:08:34,SKU0983,Store B,Retail,1.0,1.0458,0.8434,0.2024,0.4648,0.3786,0.1162,0.1,False
ROW00098968,TXN0042466,2026-02-01,11:23:12,SKU1460,Store C,Retail,1.0,1.162,0.9371,0.2249,0.5644,0.3727,0.0,0.0,False
ROW00099028,TXN0042486,2026-02-01,14:50:00,SKU0228,Store C,Retail,5.0,0.415,0.3347,0.0803,0.3009,0.0338,0.83,0.6667,False
ROW00099029,TXN0042487,2026-02-01,15:09:58,SKU0438,Store C,Retail,2.0,0.498,0.4016,0.0964,0.0528,0.3488,0.0,0.0,False
ROW00099039,TXN0042491,2026-02-01,15:28:35,SKU1594,Store C,Retail,1.0,1.162,0.9371,0.2249,0.415,0.5221,0.0,0.0,False
ROW00099100,TXN0042526,2026-02-02,18:05:02,SKU0140,Store A,Retail,1.0,1.6434,1.3253,0.3181,0.913,0.4123,0.1826,0.1,False
ROW00099136,TXN0042545,2026-02-02,15:07:04,SKU0182,Store B,Retail,8.0,0.332,0.2678,0.0642,0.154,0.1137,0.996,0.75,False
ROW00099152,TXN0042555,2026-02-02,17:07:55,SKU1565,Store B,Retail,2.0,1.494,1.2048,0.2892,0.581,0.6238,0.0,0.0,False
ROW00099227,TXN0042589,2026-02-02,18:09:56,SKU0613,Store C,Retail,1.0,1.162,0.9371,0.2249,0.5561,0.381,0.0,0.0,False
ROW00099229,TXN0042589,2026-02-02,18:09:56,SKU0987,Store C,Retail,1.0,0.83,0.6694,0.1606,0.4897,0.1797,0.332,0.2857,False
ROW00099251,TXN0042603,2026-02-03,12:11:43,SKU0326,Store A,Retail,1.0,1.2699,1.0241,0.2458,0.7176,0.3065,0.1411,0.1,False
ROW00099258,TXN0042607,2026-02-03,12:51:03,SKU1358,Store A,Retail,1.0,2.075,1.6734,0.4016,0.9047,0.7687,0.0,0.0,False
ROW00099281,TXN0042619,2026-02-03,17:09:48,SKU1547,Store A,Retail,1.0,0.83,0.6694,0.1606,0.3154,0.354,0.0,0.0,False
ROW00099337,TXN0042643,2026-02-03,14:11:40,SKU0802,Store B,Retail,1.0,1.577,1.2718,0.3052,0.6225,0.6493,0.0,0.0,False
ROW00099352,TXN0042652,2026-02-03,15:31:41,SKU1388,Store B,Retail,1.0,1.66,1.3387,0.3213,0.8466,0.4921,0.0,0.0,False
ROW00099361,TXN0042655,2026-02-03,15:32:58,SKU1561,Store B,Retail,1.0,0.913,0.7363,0.1767,0.4067,0.3296,0.0,0.0,False
ROW00099409,TXN0042685,2026-02-03,15:05:16,SKU1329,Store C,Retail,1.0,1.577,1.2718,0.3052,0.6308,0.641,0.0,0.0,False
ROW00099439,TXN0042697,2026-02-03,10:21:14,SKU1068,Warehouse,Wholesale,15.0,14.6661,11.8275,2.8386,6.5612,5.2663,5.2539,0.2637,False
ROW00099468,TXN0042707,2026-02-04,17:19:52,SKU0398,Store A,Retail,1.0,2.407,1.9411,0.4659,0.996,0.9451,0.0,0.0,False
ROW00099490,TXN0042720,2026-02-04,12:55:47,SKU1686,Store B,Retail,2.0,2.822,2.2758,0.5462,1.0707,1.2051,0.0,0.0,False
ROW00099525,TXN0042739,2026-02-04,18:56:03,SKU1735,Store B,Retail,2.0,2.988,2.4097,0.5783,1.1454,1.2643,0.0,0.0,False
ROW00099557,TXN0042757,2026-02-04,18:11:30,SKU1629,Store C,Retail,2.0,0.166,0.166,0.0,0.166,0.0,0.0,0.0,False
ROW00099565,TXN0042759,2026-02-04,18:23:05,SKU0846,Store C,Retail,2.0,2.5398,2.0482,0.4916,1.079,0.9692,0.2822,0.1,False
ROW00099604,TXN0042772,2026-02-05,15:34:31,SKU1536,Store A,Retail,1.0,0.996,0.8032,0.1928,0.4233,0.3799,0.0,0.0,False
ROW00099640,TXN0042787,2026-02-05,20:28:28,SKU1744,Store A,Retail,1.0,0.083,0.083,0.0,0.083,0.0,0.0,0.0,False
ROW00099676,TXN0042802,2026-02-05,13:15:15,SKU1787,Store B,Retail,2.0,5.81,4.6855,1.1245,2.739,1.9465,0.0,0.0,False
ROW00099688,TXN0042806,2026-02-05,15:15:41,SKU1609,Store B,Retail,1.0,1.411,1.1379,0.2731,0.664,0.4739,0.0,0.0,False
ROW00099741,TXN0042832,2026-02-05,18:43:27,SKU1258,Store C,Retail,1.0,1.8675,1.506,0.3615,1.0375,0.4685,0.2075,0.1,False
ROW00099789,TXN0042849,2026-02-06,15:43:04,SKU1321,Store A,Retail,1.0,1.411,1.1379,0.2731,0.6225,0.5154,0.0,0.0,False
ROW00099791,TXN0042850,2026-02-06,15:51:00,SKU1252,Store A,Retail,1.0,1.162,0.9371,0.2249,0.6142,0.3229,0.332,0.2222,False
ROW00099794,TXN0042852,2026-02-06,15:49:38,SKU0182,Store A,Retail,11.0,0.4565,0.3681,0.0884,0.2118,0.1563,1.3695,0.75,False
ROW00099871,TXN0042880,2026-02-06,19:55:51,SKU1013,Store A,Retail,1.0,0.913,0.7363,0.1767,0.4648,0.2715,0.249,0.2143,False
ROW00099899,TXN0042892,2026-02-06,13:29:50,SKU0509,Store B,Retail,1.0,1.992,1.6065,0.3855,0.6432,0.9632,0.0,0.0,False
ROW00099905,TXN0042896,2026-02-06,14:36:58,SKU0678,Store B,Retail,2.0,3.652,2.9452,0.7068,0.8234,2.1218,0.0,0.0,False
ROW00099918,TXN0042903,2026-02-06,15:36:33,SKU1723,Store B,Retail,1.0,2.988,2.4097,0.5783,1.5687,0.841,0.332,0.1,False
ROW00099944,TXN0042917,2026-02-06,17:29:47,SKU0710,Store B,Retail,1.0,0.913,0.7363,0.1767,0.3154,0.4209,0.0,0.0,False
ROW00100038,TXN0042955,2026-02-06,12:49:48,SKU1420,Store C,Retail,2.0,0.664,0.5355,0.1285,0.8856,-0.3501,1.162,0.6364,False
ROW00100055,TXN0042963,2026-02-06,16:27:17,SKU1326,Store C,Retail,2.0,2.822,2.2758,0.5462,1.245,1.0308,0.0,0.0,False
ROW00100077,TXN0042972,2026-02-06,19:17:48,SKU1510,Store C,Retail,1.0,0.747,0.6024,0.1446,0.3818,0.2206,0.0,0.0,False
ROW00100082,TXN0042975,2026-02-06,13:45:31,SKU0019,Warehouse,Wholesale,40.0,297.14,297.14,0.0,204.8108,92.3292,128.5753,0.302,False
ROW00100086,TXN0042977,2026-02-07,10:53:24,SKU1402,Store A,Retail,1.0,0.415,0.3347,0.0803,0.1494,0.1853,0.0,0.0,False
ROW00100130,TXN0042997,2026-02-07,14:19:19,SKU0711,Store A,Retail,1.0,0.6723,0.5422,0.1301,0.2905,0.2517,0.0747,0.1,False
ROW00100195,TXN0043025,2026-02-07,19:44:10,SKU1088,Store A,Retail,2.0,1.66,1.3387,0.3213,0.7304,0.6083,0.0,0.0,False
ROW00100206,TXN0043027,2026-02-07,20:18:54,SKU0841,Store A,Retail,1.0,0.2905,0.2343,0.0562,0.1909,0.0434,0.0,0.0,False
ROW00100245,TXN0043042,2026-02-07,13:55:42,SKU1566,Store B,Retail,1.0,0.747,0.6024,0.1446,0.2905,0.3119,0.0,0.0,False
ROW00100260,TXN0043053,2026-02-07,15:12:38,SKU0155,Store B,Retail,1.0,1.494,1.2048,0.2892,0.332,0.8728,0.0,0.0,False
ROW00100309,TXN0043073,2026-02-07,17:11:15,SKU0581,Store B,Retail,1.0,11.537,9.3041,2.2329,4.233,5.0711,0.0,0.0,False
ROW00100335,TXN0043081,2026-02-07,18:41:33,SKU1744,Store B,Retail,1.0,0.083,0.083,0.0,0.083,0.0,0.0,0.0,False
ROW00100447,TXN0043130,2026-02-07,16:17:52,SKU1521,Store C,Retail,1.0,1.66,1.3387,0.3213,0.7387,0.6,0.0,0.0,False
ROW00100468,TXN0043140,2026-02-07,18:52:30,SKU1462,Store C,Retail,2.0,1.992,1.6065,0.3855,0.8466,0.7599,0.0,0.0,False
ROW00100469,TXN0043141,2026-02-07,18:53:10,SKU0841,Store C,Retail,1.0,0.2905,0.2343,0.0562,0.1909,0.0434,0.0,0.0,False
ROW00100472,TXN0043142,2026-02-07,18:57:14,SKU1384,Store C,Retail,2.0,1.992,1.6065,0.3855,0.9794,0.6271,0.0,0.0,False
ROW00100486,TXN0043146,2026-02-07,19:34:51,SKU1404,Store C,Retail,1.0,0.664,0.5355,0.1285,0.3726,0.1629,0.332,0.3333,False
ROW00100549,TXN0043168,2026-02-08,16:42:17,SKU0182,Store A,Retail,5.0,0.2075,0.1673,0.0402,0.0963,0.071,0.6225,0.75,False
ROW00100552,TXN0043170,2026-02-08,16:53:10,SKU1259,Store A,Retail,1.0,2.905,2.3428,0.5622,1.3529,0.9899,0.0,0.0,False
ROW00100558,TXN0043173,2026-02-08,17:02:34,SKU1321,Store A,Retail,1.0,1.411,1.1379,0.2731,0.6225,0.5154,0.0,0.0,False
ROW00100596,TXN0043187,2026-02-08,12:23:14,SKU1521,Store B,Retail,1.0,1.66,1.3387,0.3213,0.7387,0.6,0.0,0.0,False
ROW00100607,TXN0043192,2026-02-08,14:08:01,SKU1079,Store B,Retail,2.0,3.154,2.5435,0.6105,0.7553,1.7882,0.0,0.0,False
ROW00100665,TXN0043223,2026-02-08,10:52:44,SKU0802,Store C,Retail,1.0,1.577,1.2718,0.3052,0.6225,0.6493,0.0,0.0,False
ROW00100666,TXN0043224,2026-02-08,11:04:41,SKU1461,Store C,Retail,1.0,0.996,0.8032,0.1928,0.4233,0.3799,0.0,0.0,False
ROW00100714,TXN0043243,2026-02-08,13:25:32,SKU1463,Store C,Retail,1.0,0.996,0.8032,0.1928,0.4233,0.3799,0.0,0.0,False
ROW00100732,TXN0043253,2026-02-08,14:57:37,SKU1482,Store C,Retail,1.0,1.245,1.0041,0.2409,0.5312,0.4729,0.0,0.0,False
ROW00100812,TXN0043293,2026-02-09,15:16:19,SKU0703,Store A,Retail,1.0,0.996,0.8032,0.1928,0.3403,0.4629,0.0,0.0,False
ROW00100848,TXN0043313,2026-02-09,14:42:27,SKU0007,Store B,Retail,1.0,0.581,0.4685,0.1125,0.2094,0.2591,0.0,0.0,False
ROW00100868,TXN0043323,2026-02-09,17:10:49,SKU0702,Store B,Retail,1.0,1.162,0.9371,0.2249,0.3503,0.5868,0.0,0.0,False
ROW00100904,TXN0043344,2026-02-09,15:37:00,SKU1204,Store C,Retail,1.0,2.324,1.8742,0.4498,1.0458,0.8284,0.0,0.0,False
ROW00100923,TXN0043356,2026-02-10,15:02:14,SKU1741,Store A,Retail,4.0,0.332,0.332,0.0,0.332,0.0,0.0,0.0,False
ROW00100962,TXN0043373,2026-02-10,19:20:39,SKU1030,Store A,Retail,2.0,1.6434,1.3253,0.3181,0.8798,0.4455,0.1826,0.1,False
ROW00101000,TXN0043391,2026-02-10,17:22:58,SKU1565,Store B,Retail,2.0,1.494,1.2048,0.2892,0.581,0.6238,0.0,0.0,False
ROW00101007,TXN0043395,2026-02-10,18:15:47,SKU1547,Store B,Retail,1.0,0.83,0.6694,0.1606,0.3154,0.354,0.0,0.0,False
ROW00101056,TXN0043426,2026-02-10,16:51:20,SKU1728,Store C,Retail,1.0,2.905,2.3428,0.5622,1.5687,0.7741,0.415,0.125,False
ROW00101075,TXN0043434,2026-02-10,09:57:58,SKU1646,Warehouse,Wholesale,12.0,23.4658,18.924,4.5418,13.0476,5.8764,8.4062,0.2637,False
ROW00101096,TXN0043442,2026-02-11,15:49:08,SKU0713,Store A,Retail,1.0,1.245,1.0041,0.2409,0.3071,0.697,0.0,0.0,False
ROW00101116,TXN0043449,2026-02-11,17:03:03,SKU1721,Store A,Retail,1.0,2.075,1.6734,0.4016,1.1371,0.5363,1.245,0.375,False
ROW00101152,TXN0043466,2026-02-11,12:16:02,SKU1501,Store B,Retail,1.0,1.245,1.0041,0.2409,0.4897,0.5144,0.0,0.0,False
ROW00101193,TXN0043491,2026-02-11,17:18:23,SKU0153,Store B,Retail,1.0,0.3735,0.3012,0.0723,0.1231,0.1781,0.0,0.0,False
ROW00101216,TXN0043500,2026-02-11,19:04:23,SKU1668,Store B,Retail,1.0,1.66,1.3387,0.3213,0.747,0.5917,0.0,0.0,False
ROW00101271,TXN0043526,2026-02-11,16:32:25,SKU0841,Store C,Retail,1.0,0.2324,0.1874,0.045,0.1909,-0.0035,0.0581,0.2,False
ROW00101273,TXN0043527,2026-02-11,16:37:57,SKU1611,Store C,Retail,1.0,1.411,1.1379,0.2731,0.664,0.4739,0.0,0.0,False
ROW00101308,TXN0043545,2026-02-12,16:50:59,SKU0182,Store A,Retail,6.0,0.249,0.2008,0.0482,0.1155,0.0852,0.747,0.75,False
ROW00101337,TXN0043563,2026-02-12,19:31:55,SKU1326,Store A,Retail,1.0,1.411,1.1379,0.2731,0.6225,0.5154,0.0,0.0,False
ROW00101361,TXN0043574,2026-02-12,12:58:53,SKU1208,Store B,Retail,1.0,2.324,1.8742,0.4498,1.0458,0.8284,0.0,0.0,False
ROW00101402,TXN0043594,2026-02-12,16:26:17,SKU0841,Store B,Retail,1.0,0.2905,0.2343,0.0562,0.1909,0.0434,0.0,0.0,False
ROW00101431,TXN0043607,2026-02-12,18:28:27,SKU0092,Store B,Retail,1.0,0.913,0.7363,0.1767,0.3735,0.3628,0.0,0.0,False
ROW00101455,TXN0043619,2026-02-12,13:51:34,SKU1364,Store C,Retail,1.0,1.8675,1.506,0.3615,0.7885,0.7175,0.2075,0.1,False
ROW00101488,TXN0043635,2026-02-12,18:56:09,SKU1555,Store C,Retail,1.0,1.66,1.3387,0.3213,0.8466,0.4921,0.0,0.0,False
ROW00101504,TXN0043642,2026-02-13,12:21:03,SKU0174,Store A,Retail,1.0,1.577,1.2718,0.3052,0.4067,0.8651,0.0,0.0,False
ROW00101563,TXN0043669,2026-02-13,16:11:06,SKU1031,Store A,Retail,1.0,2.656,2.1419,0.5141,1.3446,0.7973,0.0,0.0,False
ROW00101572,TXN0043671,2026-02-13,16:32:12,SKU1766,Store A,Retail,1.0,2.158,1.7403,0.4177,0.6391,1.1012,0.0,0.0,False
ROW00101611,TXN0043686,2026-02-13,18:19:34,SKU1728,Store A,Retail,1.0,2.905,2.3428,0.5622,1.5687,0.7741,0.415,0.125,False
ROW00101652,TXN0043705,2026-02-13,13:47:03,SKU0509,Store B,Retail,1.0,1.992,1.6065,0.3855,0.6432,0.9632,0.0,0.0,False
ROW00101660,TXN0043707,2026-02-13,13:56:57,SKU1432,Store B,Retail,1.0,1.577,1.2718,0.3052,0.7553,0.5165,0.0,0.0,False
ROW00101719,TXN0043737,2026-02-13,17:38:06,SKU0845,Store B,Retail,2.0,2.822,2.2758,0.5462,1.079,1.1968,0.0,0.0,False
ROW00101742,TXN0043747,2026-02-13,18:31:42,SKU0050,Store B,Retail,1.0,2.988,2.4097,0.5783,0.7055,1.7042,0.0,0.0,False
ROW00101794,TXN0043771,2026-02-13,13:21:08,SKU1000,Store C,Retail,2.0,1.328,1.0709,0.2571,0.498,0.5729,0.0,0.0,False
ROW00101798,TXN0043772,2026-02-13,13:22:39,SKU1410,Store C,Retail,2.0,3.32,2.6774,0.6426,1.4774,1.2,0.0,0.0,False
ROW00101862,TXN0043807,2026-02-13,19:51:31,SKU0985,Store C,Retail,1.0,1.162,0.9371,0.2249,0.5395,0.3976,0.0,0.0,False
ROW00101953,TXN0043837,2026-02-14,15:44:54,SKU0582,Store A,Retail,1.0,0.415,0.3347,0.0803,0.0913,0.2434,0.0,0.0,False
ROW00101973,TXN0043847,2026-02-14,16:33:33,SKU1629,Store A,Retail,1.0,0.083,0.083,0.0,0.083,0.0,0.0,0.0,False
ROW00102014,TXN0043868,2026-02-14,18:14:18,SKU0001,Store A,Retail,3.0,0.6308,0.5087,0.1221,0.13,0.3787,0.1162,0.1556,False
ROW00102020,TXN0043872,2026-02-14,19:18:14,SKU1561,Store A,Retail,1.0,0.913,0.7363,0.1767,0.4067,0.3296,0.0,0.0,False
ROW00102025,TXN0043874,2026-02-14,20:01:59,SKU1518,Store A,Retail,1.0,0.498,0.4016,0.0964,0.3818,0.0198,0.249,0.3333,False
ROW00102046,TXN0043884,2026-02-14,11:23:44,SKU1384,Store B,Retail,3.0,2.988,2.4097,0.5783,1.4691,0.9406,0.0,0.0,False
ROW00102066,TXN0043893,2026-02-14,13:01:04,SKU1321,Store B,Retail,1.0,1.411,1.1379,0.2731,0.6225,0.5154,0.0,0.0,False
ROW00102073,TXN0043897,2026-02-14,13:37:19,SKU0001,Store B,Retail,2.0,0.498,0.4016,0.0964,0.0867,0.315,0.0,0.0,False
ROW00102083,TXN0043903,2026-02-14,14:00:59,SKU1321,Store B,Retail,2.0,2.822,2.2758,0.5462,1.245,1.0308,0.0,0.0,False
ROW00102176,TXN0043947,2026-02-14,19:06:41,SKU1561,Store B,Retail,1.0,0.913,0.7363,0.1767,0.4067,0.3296,0.0,0.0,False
ROW00102225,TXN0043969,2026-02-14,12:10:11,SKU0540,Store C,Retail,1.0,1.328,1.0709,0.2571,0.6308,0.4401,0.0,0.0,False
ROW00102253,TXN0043985,2026-02-14,13:56:11,SKU1013,Store C,Retail,3.0,2.739,2.2089,0.5301,1.3944,0.8145,0.747,0.2143,False
ROW00102271,TXN0043994,2026-02-14,14:29:45,SKU0833,Store C,Retail,1.0,0.498,0.4016,0.0964,0.3735,0.0281,0.249,0.3333,False
ROW00102318,TXN0044009,2026-02-14,16:39:20,SKU1610,Store C,Retail,1.0,1.411,1.1379,0.2731,0.664,0.4739,0.0,0.0,False
ROW00102319,TXN0044009,2026-02-14,16:39:20,SKU1616,Store C,Retail,1.0,1.411,1.1379,0.2731,0.664,0.4739,0.0,0.0,False
ROW00102334,TXN0044015,2026-02-14,17:41:57,SKU1787,Store C,Retail,2.0,5.81,4.6855,1.1245,2.739,1.9465,0.0,0.0,False
ROW00102399,TXN0044046,2026-02-15,14:54:41,SKU1326,Store A,Retail,1.0,1.411,1.1379,0.2731,0.6225,0.5154,0.0,0.0,False
ROW00102403,TXN0044047,2026-02-15,14:57:42,SKU1252,Store A,Retail,1.0,1.162,0.9371,0.2249,0.6142,0.3229,0.332,0.2222,False
ROW00102452,TXN0044073,2026-02-15,18:39:20,SKU1410,Store A,Retail,1.0,1.66,1.3387,0.3213,0.7387,0.6,0.0,0.0,False
ROW00102490,TXN0044087,2026-02-15,13:16:14,SKU0652,Store B,Retail,2.0,2.49,2.0081,0.4819,0.8167,1.1914,0.0,0.0,False
ROW00102493,TXN0044087,2026-02-15,13:16:14,SKU1663,Store B,Retail,2.0,3.154,2.5435,0.6105,2.0481,0.4954,1.66,0.3448,False
ROW00102529,TXN0044114,2026-02-15,18:30:27,SKU1402,Store B,Retail,1.0,0.415,0.3347,0.0803,0.1494,0.1853,0.0,0.0,False
ROW00102546,TXN0044123,2026-02-15,10:51:28,SKU0444,Store C,Retail,1.0,0.415,0.3347,0.0803,0.0805,0.2541,0.0,0.0,False
ROW00102551,TXN0044123,2026-02-15,10:51:28,SKU0794,Store C,Retail,1.0,0.664,0.5355,0.1285,0.3735,0.162,0.664,0.5,False
ROW00102599,TXN0044149,2026-02-15,15:33:58,SKU1260,Store C,Retail,1.0,1.079,0.8702,0.2088,0.5644,0.3058,0.0,0.0,False
ROW00102664,TXN0044176,2026-02-16,17:54:30,SKU0679,Store A,Retail,1.0,1.992,1.6065,0.3855,0.498,1.1085,0.0,0.0,False
ROW00102666,TXN0044177,2026-02-16,17:56:39,SKU1598,Store A,Retail,1.0,2.656,2.1419,0.5141,1.3695,0.7724,0.0,0.0,False
ROW00102684,TXN0044187,2026-02-16,10:58:50,SKU1729,Store B,Retail,1.0,3.32,2.6774,0.6426,1.5687,1.1087,0.0,0.0,False
ROW00102729,TXN0044211,2026-02-16,17:57:20,SKU1629,Store B,Retail,1.0,0.083,0.083,0.0,0.083,0.0,0.0,0.0,False
ROW00102783,TXN0044235,2026-02-16,14:15:20,SKU1234,Store C,Retail,1.0,1.909,1.5395,0.3695,0.5146,1.0249,0.0,0.0,False
ROW00102784,TXN0044236,2026-02-16,14:19:44,SKU0841,Store C,Retail,1.0,0.2905,0.2343,0.0562,0.1909,0.0434,0.0,0.0,False
ROW00102788,TXN0044238,2026-02-16,14:24:04,SKU0509,Store C,Retail,1.0,1.992,1.6065,0.3855,0.6432,0.9632,0.0,0.0,False
ROW00102814,TXN0044252,2026-02-16,15:42:57,SKU0599,Store C,Retail,1.0,1.162,0.9371,0.2249,0.5395,0.3976,0.0,0.0,False
ROW00102821,TXN0044256,2026-02-16,15:53:01,SKU1686,Store C,Retail,1.0,1.411,1.1379,0.2731,0.5354,0.6026,0.0,0.0,False
ROW00102919,TXN0044294,2026-02-17,16:47:21,SKU1329,Store A,Retail,2.0,2.8386,2.2892,0.5494,1.2616,1.0276,0.3154,0.1,False
ROW00102944,TXN0044307,2026-02-17,20:36:46,SKU1729,Store A,Retail,1.0,3.32,2.6774,0.6426,1.5687,1.1087,0.0,0.0,False
ROW00102978,TXN0044324,2026-02-17,15:14:10,SKU1482,Store B,Retail,1.0,1.245,1.0041,0.2409,0.5312,0.4729,0.0,0.0,False
ROW00102997,TXN0044332,2026-02-17,17:06:40,SKU1744,Store B,Retail,1.0,0.083,0.083,0.0,0.083,0.0,0.0,0.0,False
ROW00103050,TXN0044357,2026-02-17,11:47:57,SKU1597,Store C,Retail,1.0,2.656,2.1419,0.5141,1.3695,0.7724,0.0,0.0,False
ROW00103082,TXN0044372,2026-02-17,14:15:06,SKU1738,Store C,Retail,1.0,0.4565,0.3681,0.0884,0.3071,0.061,0.2905,0.3889,False
ROW00103120,TXN0044395,2026-02-17,17:50:17,SKU0841,Store C,Retail,1.0,0.2905,0.2343,0.0562,0.1909,0.0434,0.0,0.0,False
ROW00103139,TXN0044403,2026-02-17,18:58:20,SKU0712,Store C,Retail,1.0,1.1205,0.9036,0.2169,0.3071,0.5965,0.1245,0.1,False
ROW00103153,TXN0044410,2026-02-17,11:13:31,SKU1686,Warehouse,Wholesale,24.0,22.2307,17.928,4.3027,12.8484,5.0796,11.6333,0.3435,False
ROW00103162,TXN0044414,2026-02-18,11:45:12,SKU0209,Store A,Retail,1.0,1.1205,0.9036,0.2169,0.5727,0.3309,0.1245,0.1,False
ROW00103186,TXN0044425,2026-02-18,17:01:52,SKU0841,Store A,Retail,1.0,0.2905,0.2343,0.0562,0.1909,0.0434,0.0,0.0,False
ROW00103216,TXN0044441,2026-02-18,12:55:47,SKU0555,Store B,Retail,1.0,12.6243,10.1809,2.4434,7.1787,3.0022,1.4027,0.1,False
ROW00103321,TXN0044486,2026-02-18,13:34:23,SKU1329,Store C,Retail,1.0,1.577,1.2718,0.3052,0.6308,0.641,0.0,0.0,False
ROW00103344,TXN0044500,2026-02-18,14:01:47,SKU1741,Store C,Retail,2.0,0.166,0.166,0.0,0.166,0.0,0.0,0.0,False
ROW00103353,TXN0044503,2026-02-18,14:17:15,SKU0065,Store C,Retail,1.0,0.913,0.7363,0.1767,0.3735,0.3628,0.0,0.0,False
ROW00103366,TXN0044507,2026-02-18,14:30:44,SKU0711,Store C,Retail,1.0,0.747,0.6024,0.1446,0.2905,0.3119,0.0,0.0,False
ROW00103374,TXN0044508,2026-02-18,14:32:03,SKU1684,Store C,Retail,1.0,0.747,0.6024,0.1446,0.3444,0.258,0.166,0.1818,False
ROW00103381,TXN0044510,2026-02-18,14:46:32,SKU0553,Store C,Retail,1.0,1.328,1.0709,0.2571,0.6308,0.4401,0.0,0.0,False
ROW00103466,TXN0044549,2026-02-19,17:12:25,SKU1561,Store A,Retail,1.0,0.913,0.7363,0.1767,0.4067,0.3296,0.0,0.0,False
ROW00103499,TXN0044562,2026-02-19,19:08:15,SKU1202,Store A,Retail,1.0,2.49,2.0081,0.4819,1.2367,0.7714,0.0,0.0,False
ROW00103502,TXN0044563,2026-02-19,11:39:05,SKU1260,Store B,Retail,1.0,1.079,0.8702,0.2088,0.5644,0.3058,0.0,0.0,False
ROW00103557,TXN0044584,2026-02-19,19:12:04,SKU0139,Store B,Retail,1.0,1.66,1.3387,0.3213,0.747,0.5917,0.0,0.0,False
ROW00103587,TXN0044595,2026-02-19,10:30:48,SKU1562,Store C,Retail,1.0,0.913,0.7363,0.1767,0.4067,0.3296,0.0,0.0,False
ROW00103681,TXN0044631,2026-02-19,15:29:36,SKU1537,Store C,Retail,1.0,1.245,1.0041,0.2409,0.4814,0.5227,0.0,0.0,False
ROW00103726,TXN0044650,2026-02-19,17:26:06,SKU0950,Store C,Retail,1.0,0.498,0.4016,0.0964,0.1743,0.2273,0.0,0.0,False
ROW00103734,TXN0044651,2026-02-19,17:26:20,SKU0841,Store C,Retail,1.0,0.2905,0.2343,0.0562,0.1909,0.0434,0.0,0.0,False
ROW00103751,TXN0044658,2026-02-19,18:28:09,SKU1547,Store C,Retail,1.0,0.664,0.5355,0.1285,0.3154,0.2201,0.166,0.2,False
ROW00103762,TXN0044663,2026-02-19,19:44:04,SKU1443,Store C,Retail,1.0,0.913,0.7363,0.1767,0.4482,0.2881,0.0,0.0,False
ROW00103772,TXN0044666,2026-02-20,11:56:56,SKU0247,Store A,Retail,2.0,3.154,2.5435,0.6105,1.5438,0.9997,0.0,0.0,False
ROW00103809,TXN0044679,2026-02-20,16:06:47,SKU0001,Store A,Retail,2.0,0.498,0.4016,0.0964,0.0867,0.315,0.0,0.0,False
ROW00103853,TXN0044693,2026-02-20,19:04:52,SKU1425,Store A,Retail,1.0,1.66,1.3387,0.3213,0.7387,0.6,0.0,0.0,False
ROW00103888,TXN0044712,2026-02-20,12:52:40,SKU0532,Store B,Retail,1.0,3.071,2.4766,0.5944,0.9794,1.4972,0.0,0.0,False
ROW00103911,TXN0044723,2026-02-20,16:20:06,SKU1537,Store B,Retail,1.0,1.245,1.0041,0.2409,0.4814,0.5227,0.0,0.0,False
ROW00103929,TXN0044730,2026-02-20,17:29:49,SKU1049,Store B,Retail,1.0,1.245,1.0041,0.2409,0.3583,0.6457,0.0,0.0,False
ROW00104000,TXN0044767,2026-02-20,14:15:26,SKU1549,Store C,Retail,1.0,1.162,0.9371,0.2249,0.5063,0.4308,0.0,0.0,False
ROW00104014,TXN0044777,2026-02-20,15:03:32,SKU0581,Store C,Retail,1.0,11.537,9.3041,2.2329,4.233,5.0711,0.0,0.0,False
ROW00104028,TXN0044782,2026-02-20,15:26:45,SKU1629,Store C,Retail,1.0,0.083,0.083,0.0,0.083,0.0,0.0,0.0,False
ROW00104055,TXN0044792,2026-02-20,16:14:28,SKU1556,Store C,Retail,1.0,1.245,1.0041,0.2409,0.4814,0.5227,0.0,0.0,False
ROW00104072,TXN0044802,2026-02-20,17:56:18,SKU0476,Store C,Retail,2.0,2.324,1.8742,0.4498,1.0292,0.845,0.0,0.0,False
ROW00104135,TXN0044828,2026-02-21,14:57:07,SKU0081,Store A,Retail,1.0,1.66,1.3387,0.3213,0.6225,0.7162,0.0,0.0,False
ROW00104142,TXN0044831,2026-02-21,14:59:19,SKU0678,Store A,Retail,1.0,1.826,1.4726,0.3534,0.4117,1.0609,0.0,0.0,False
ROW00104169,TXN0044843,2026-02-21,16:18:17,SKU0802,Store A,Retail,1.0,1.577,1.2718,0.3052,0.6225,0.6493,0.0,0.0,False
ROW00104205,TXN0044856,2026-02-21,17:59:58,SKU1536,Store A,Retail,1.0,0.996,0.8032,0.1928,0.4233,0.3799,0.0,0.0,False
ROW00104238,TXN0044871,2026-02-21,13:26:22,SKU1030,Store B,Retail,1.0,0.8217,0.6627,0.159,0.4399,0.2228,0.0913,0.1,False
ROW00104294,TXN0044902,2026-02-21,17:16:09,SKU1236,Store B,Retail,1.0,1.1205,0.9036,0.2169,0.4897,0.4139,0.1245,0.1,False
ROW00104295,TXN0044903,2026-02-21,17:20:51,SKU0100,Store B,Retail,1.0,0.2241,0.1807,0.0434,0.0744,0.1063,0.0249,0.1,False
ROW00104331,TXN0044923,2026-02-21,19:55:40,SKU1039,Store B,Retail,1.0,3.9591,3.1928,0.7663,1.8177,1.3751,0.4399,0.1,False
ROW00104343,TXN0044928,2026-02-21,10:42:29,SKU1202,Store C,Retail,3.0,6.723,5.4218,1.3012,3.7101,1.7117,0.747,0.1,False
ROW00104344,TXN0044928,2026-02-21,10:42:29,SKU1663,Store C,Retail,1.0,1.245,1.0041,0.2409,1.0241,-0.02,1.162,0.4828,False
ROW00104357,TXN0044935,2026-02-21,12:15:06,SKU1629,Store C,Retail,1.0,0.083,0.083,0.0,0.083,0.0,0.0,0.0,False
ROW00104419,TXN0044970,2026-02-21,15:31:27,SKU1093,Store C,Retail,1.0,0.498,0.4016,0.0964,0.3571,0.0446,0.498,0.5,False
ROW00104456,TXN0044994,2026-02-21,17:23:07,SKU1485,Store C,Retail,5.0,1.245,1.0041,0.2409,0.6391,0.365,0.415,0.25,False
ROW00104492,TXN0045010,2026-02-21,19:01:19,SKU1048,Store C,Retail,1.0,1.245,1.0041,0.2409,0.4281,0.5759,0.0,0.0,False
ROW00104556,TXN0045040,2026-02-22,18:08:40,SKU0165,Store A,Retail,1.0,1.494,1.2048,0.2892,0.415,0.7898,0.166,0.1,False
ROW00104559,TXN0045040,2026-02-22,18:08:40,SKU1276,Store A,Retail,1.0,1.494,1.2048,0.2892,0.8466,0.3582,0.166,0.1,False
ROW00104566,TXN0045047,2026-02-22,10:59:17,SKU0574,Store B,Retail,1.0,8.217,6.6266,1.5904,3.8678,2.7588,0.0,0.0,False
ROW00104579,TXN0045054,2026-02-22,13:01:18,SKU1404,Store B,Retail,1.0,0.996,0.8032,0.1928,0.381,0.4222,0.0,0.0,False
ROW00104622,TXN0045075,2026-02-22,17:54:08,SKU0145,Store B,Retail,1.0,0.3735,0.3012,0.0723,0.1231,0.1781,0.0,0.0,False
ROW00104663,TXN0045088,2026-02-22,10:26:23,SKU1563,Store C,Retail,1.0,0.913,0.7363,0.1767,0.4067,0.3296,0.0,0.0,False
ROW00104699,TXN0045105,2026-02-22,13:45:45,SKU0838,Store C,Retail,1.0,0.083,0.0669,0.0161,0.0687,-0.0018,0.166,0.6667,False
ROW00104701,TXN0045105,2026-02-22,13:45:45,SKU1092,Store C,Retail,1.0,0.498,0.4016,0.0964,0.3571,0.0446,0.498,0.5,False
ROW00104749,TXN0045132,2026-02-23,11:45:08,SKU1524,Store A,Retail,3.0,5.6025,4.5181,1.0844,2.7888,1.7293,0.6225,0.1,False
ROW00104774,TXN0045136,2026-02-23,13:14:18,SKU1384,Store A,Retail,1.0,0.8964,0.7229,0.1735,0.4897,0.2332,0.0996,0.1,False
ROW00104803,TXN0045147,2026-02-23,16:04:00,SKU1074,Store A,Retail,2.0,2.988,2.4097,0.5783,1.5936,0.8161,0.332,0.1,False
ROW00104873,TXN0045176,2026-02-23,13:22:26,SKU1615,Store B,Retail,1.0,1.411,1.1379,0.2731,0.664,0.4739,0.0,0.0,False
ROW00104883,TXN0045180,2026-02-23,13:25:56,SKU0841,Store B,Retail,1.0,0.2905,0.2343,0.0562,0.1909,0.0434,0.0,0.0,False
ROW00104890,TXN0045186,2026-02-23,13:48:29,SKU0989,Store B,Retail,1.0,2.49,2.0081,0.4819,1.1205,0.8876,0.0,0.0,False
ROW00104920,TXN0045201,2026-02-23,14:51:41,SKU1518,Store B,Retail,2.0,0.996,0.8032,0.1928,0.7636,0.0396,0.498,0.3333,False
ROW00104927,TXN0045206,2026-02-23,15:13:46,SKU0476,Store B,Retail,1.0,1.162,0.9371,0.2249,0.5146,0.4225,0.0,0.0,False
ROW00105036,TXN0045255,2026-02-23,11:54:53,SKU0633,Store C,Retail,1.0,1.7928,1.4458,0.347,0.7968,0.649,0.1992,0.1,False
ROW00105057,TXN0045265,2026-02-23,13:31:48,SKU1687,Store C,Retail,1.0,0.664,0.5355,0.1285,0.3486,0.1869,0.249,0.2727,False
ROW00105079,TXN0045267,2026-02-23,13:38:45,SKU1566,Store C,Retail,1.0,0.747,0.6024,0.1446,0.2905,0.3119,0.0,0.0,False
ROW00105107,TXN0045277,2026-02-23,14:32:26,SKU1606,Store C,Retail,1.0,1.2699,1.0241,0.2458,0.664,0.3601,0.1411,0.1,False
ROW00105110,TXN0045278,2026-02-23,14:35:37,SKU0698,Store C,Retail,1.0,1.7181,1.3856,0.3325,0.6032,0.7824,0.1909,0.1,False
ROW00105179,TXN0045305,2026-02-23,09:03:07,SKU0666,Warehouse,Wholesale,30.0,98.1857,79.182,19.0037,57.3696,21.8124,28.8043,0.2268,False
ROW00105207,TXN0045314,2026-02-24,14:00:41,SKU0653,Store A,Retail,1.0,1.826,1.4726,0.3534,0.4067,1.0659,0.0,0.0,False
ROW00105222,TXN0045320,2026-02-24,16:40:06,SKU1787,Store A,Retail,1.0,2.6145,2.1084,0.5061,1.3695,0.7389,0.2905,0.1,False
ROW00105259,TXN0045338,2026-02-24,14:43:54,SKU0682,Store B,Retail,1.0,0.83,0.6694,0.1606,0.3154,0.354,0.0,0.0,False
ROW00105313,TXN0045368,2026-02-24,13:35:03,SKU1271,Store C,Retail,1.0,2.075,1.6734,0.4016,0.9047,0.7687,0.0,0.0,False
ROW00105373,TXN0045397,2026-02-24,17:54:59,SKU1609,Store C,Retail,1.0,1.2699,1.0241,0.2458,0.664,0.3601,0.1411,0.1,False
ROW00105376,TXN0045397,2026-02-24,17:54:59,SKU1647,Store C,Retail,1.0,2.0169,1.6266,0.3903,1.0458,0.5808,0.2241,0.1,False
ROW00105390,TXN0045403,2026-02-25,13:10:58,SKU1283,Store A,Retail,1.0,0.664,0.5355,0.1285,0.2988,0.2367,0.0,0.0,False
ROW00105433,TXN0045411,2026-02-25,14:54:50,SKU1088,Store A,Retail,1.0,0.83,0.6694,0.1606,0.3652,0.3042,0.0,0.0,False
ROW00105462,TXN0045426,2026-02-25,17:59:25,SKU1537,Store A,Retail,1.0,1.1205,0.9036,0.2169,0.4814,0.4222,0.1245,0.1,False
ROW00105486,TXN0045434,2026-02-25,10:42:33,SKU0831,Store B,Retail,3.0,1.494,1.2048,0.2892,0.5104,0.6944,0.0,0.0,False
ROW00105498,TXN0045440,2026-02-25,12:47:54,SKU0153,Store B,Retail,1.0,0.3735,0.3012,0.0723,0.1231,0.1781,0.0,0.0,False
ROW00105576,TXN0045475,2026-02-25,18:25:05,SKU0901,Store B,Retail,1.0,0.498,0.4016,0.0964,0.2548,0.1468,0.166,0.25,False
ROW00105598,TXN0045486,2026-02-25,11:24:40,SKU0688,Store C,Retail,1.0,1.245,1.0041,0.2409,0.3586,0.6455,0.0,0.0,False
ROW00105605,TXN0045488,2026-02-25,11:27:09,SKU1485,Store C,Retail,5.0,1.245,1.0041,0.2409,0.6391,0.365,0.415,0.25,False
ROW00105616,TXN0045491,2026-02-25,11:58:14,SKU0612,Store C,Retail,1.0,1.162,0.9371,0.2249,0.5395,0.3976,0.0,0.0,False
ROW00105650,TXN0045504,2026-02-25,14:11:20,SKU0801,Store C,Retail,1.0,1.577,1.2718,0.3052,0.6225,0.6493,0.0,0.0,False
ROW00105703,TXN0045527,2026-02-25,09:04:39,SKU1646,Warehouse,Wholesale,12.0,23.4658,18.924,4.5418,13.0476,5.8764,8.4062,0.2637,False
ROW00105741,TXN0045544,2026-02-26,14:54:03,SKU0540,Store A,Retail,1.0,1.328,1.0709,0.2571,0.6308,0.4401,0.0,0.0,False
ROW00105751,TXN0045551,2026-02-26,16:42:28,SKU1305,Store A,Retail,1.0,1.8675,1.506,0.3615,0.6225,0.8835,0.2075,0.1,False
ROW00105768,TXN0045558,2026-02-26,11:41:54,SKU1521,Store B,Retail,1.0,1.66,1.3387,0.3213,0.7387,0.6,0.0,0.0,False
ROW00105810,TXN0045581,2026-02-26,16:53:14,SKU0228,Store B,Retail,2.0,0.498,0.4016,0.0964,0.1203,0.2813,0.0,0.0,False
ROW00105823,TXN0045590,2026-02-26,18:47:31,SKU0182,Store B,Retail,2.0,0.083,0.0669,0.0161,0.0385,0.0284,0.249,0.75,False
ROW00105868,TXN0045608,2026-02-26,13:03:08,SKU0530,Store C,Retail,1.0,0.498,0.4016,0.0964,0.3735,0.0281,0.498,0.5,False
ROW00105907,TXN0045621,2026-02-26,14:07:56,SKU1684,Store C,Retail,1.0,0.747,0.6024,0.1446,0.3444,0.258,0.166,0.1818,False
ROW00105941,TXN0045638,2026-02-26,18:33:35,SKU1443,Store C,Retail,2.0,1.826,1.4726,0.3534,0.8964,0.5762,0.0,0.0,False
ROW00105953,TXN0045644,2026-02-27,12:49:51,SKU1416,Store A,Retail,1.0,0.9711,0.7831,0.188,0.4777,0.3054,0.1079,0.1,False
ROW00105960,TXN0045645,2026-02-27,13:45:52,SKU1404,Store A,Retail,1.0,0.8964,0.7229,0.1735,0.381,0.342,0.0996,0.1,False
ROW00106005,TXN0045667,2026-02-27,17:32:21,SKU1618,Store A,Retail,1.0,0.8964,0.7229,0.1735,0.498,0.2249,0.0996,0.1,False
ROW00106057,TXN0045689,2026-02-27,12:34:31,SKU0228,Store B,Retail,1.0,0.249,0.2008,0.0482,0.0602,0.1406,0.0,0.0,False
ROW00106075,TXN0045695,2026-02-27,13:37:32,SKU1787,Store B,Retail,1.0,2.905,2.3428,0.5622,1.3695,0.9733,0.0,0.0,False
ROW00106095,TXN0045707,2026-02-27,15:01:01,SKU0688,Store B,Retail,1.0,1.245,1.0041,0.2409,0.3586,0.6455,0.0,0.0,False
ROW00106139,TXN0045724,2026-02-27,17:38:20,SKU1736,Store B,Retail,1.0,1.494,1.2048,0.2892,0.5727,0.6321,0.0,0.0,False
ROW00106186,TXN0045748,2026-02-27,12:32:30,SKU0082,Store C,Retail,4.0,0.166,0.1339,0.0321,0.2158,-0.0819,0.83,0.8333,False
ROW00106213,TXN0045758,2026-02-27,13:27:52,SKU0861,Store C,Retail,2.0,0.7968,0.6426,0.1542,0.664,-0.0214,0.1992,0.2,False
ROW00106220,TXN0045763,2026-02-27,14:27:10,SKU1686,Store C,Retail,1.0,1.411,1.1379,0.2731,0.5354,0.6026,0.0,0.0,False
ROW00106276,TXN0045789,2026-02-27,17:31:08,SKU1322,Store C,Retail,1.0,1.411,1.1379,0.2731,0.6225,0.5154,0.0,0.0,False
ROW00106316,TXN0045806,2026-02-28,13:50:55,SKU1358,Store A,Retail,1.0,2.075,1.6734,0.4016,0.9047,0.7687,0.0,0.0,False
ROW00106337,TXN0045814,2026-02-28,15:34:40,SKU1614,Store A,Retail,2.0,2.822,2.2758,0.5462,1.328,0.9478,0.0,0.0,False
ROW00106420,TXN0045855,2026-02-28,14:49:45,SKU1370,Store B,Retail,1.0,0.83,0.6694,0.1606,0.4067,0.2627,0.0,0.0,False
ROW00106468,TXN0045883,2026-02-28,18:08:22,SKU0703,Store B,Retail,1.0,0.996,0.8032,0.1928,0.3403,0.4629,0.0,0.0,False
ROW00106471,TXN0045883,2026-02-28,18:08:22,SKU1562,Store B,Retail,1.0,0.913,0.7363,0.1767,0.4067,0.3296,0.0,0.0,False
ROW00106476,TXN0045885,2026-02-28,18:47:13,SKU1460,Store B,Retail,1.0,1.0458,0.8434,0.2024,0.5644,0.279,0.1162,0.1,False
ROW00106514,TXN0045899,2026-02-28,10:58:45,SKU1482,Store C,Retail,1.0,1.245,1.0041,0.2409,0.5312,0.4729,0.0,0.0,False
ROW00106531,TXN0045903,2026-02-28,11:15:18,SKU1502,Store C,Retail,1.0,0.83,0.6694,0.1606,0.2303,0.4391,0.0,0.0,False
ROW00106533,TXN0045903,2026-02-28,11:15:18,SKU1629,Store C,Retail,1.0,0.083,0.083,0.0,0.083,0.0,0.0,0.0,False
ROW00106632,TXN0045945,2026-02-28,15:20:49,SKU0451,Store C,Retail,1.0,1.66,1.3387,0.3213,0.4587,0.88,0.0,0.0,False
ROW00106661,TXN0045957,2026-02-28,16:42:09,SKU1618,Store C,Retail,1.0,0.8964,0.7229,0.1735,0.498,0.2249,0.0996,0.1,False
ROW00106670,TXN0045962,2026-02-28,17:33:21,SKU1502,Store C,Retail,1.0,0.83,0.6694,0.1606,0.2303,0.4391,0.0,0.0,False
ROW00106693,TXN0045976,2026-03-01,10:08:33,SKU1686,Store A,Retail,10.0,12.699,10.2411,2.4579,5.3535,4.8876,1.411,0.1,False
ROW00106764,TXN0046005,2026-03-01,16:07:49,SKU1370,Store A,Retail,1.0,0.83,0.6694,0.1606,0.4067,0.2627,0.0,0.0,False
ROW00106770,TXN0046007,2026-03-01,16:16:42,SKU1326,Store A,Retail,1.0,1.411,1.1379,0.2731,0.6225,0.5154,0.0,0.0,False
ROW00106810,TXN0046023,2026-03-01,13:20:41,SKU0581,Store B,Retail,1.0,11.537,9.3041,2.2329,4.233,5.0711,0.0,0.0,False
ROW00106845,TXN0046040,2026-03-01,15:07:10,SKU0861,Store B,Retail,1.0,0.498,0.4016,0.0964,0.332,0.0696,0.0,0.0,False
ROW00106872,TXN0046055,2026-03-01,17:42:13,SKU1446,Store B,Retail,1.0,0.913,0.7363,0.1767,0.4482,0.2881,0.0,0.0,False
ROW00106902,TXN0046068,2026-03-01,12:34:33,SKU1037,Store C,Retail,1.0,3.9591,3.1928,0.7663,2.0667,1.1261,0.4399,0.1,False
ROW00106919,TXN0046075,2026-03-01,14:02:29,SKU1536,Store C,Retail,1.0,0.83,0.6694,0.1606,0.4233,0.2461,0.166,0.1667,False
ROW00106955,TXN0046099,2026-03-01,17:45:53,SKU1322,Store C,Retail,1.0,1.411,1.1379,0.2731,0.6225,0.5154,0.0,0.0,False
ROW00106971,TXN0046103,2026-03-02,12:46:52,SKU1546,Store A,Retail,1.0,0.747,0.6024,0.1446,0.3818,0.2206,0.0,0.0,False
ROW00107050,TXN0046144,2026-03-02,17:37:23,SKU0803,Store B,Retail,2.0,2.656,2.1419,0.5141,0.4814,1.6605,0.0,0.0,False
ROW00107054,TXN0046145,2026-03-02,17:39:56,SKU1326,Store B,Retail,2.0,2.2576,1.8206,0.437,1.245,0.5756,0.5644,0.2,False
ROW00107075,TXN0046158,2026-03-02,12:38:08,SKU0634,Store C,Retail,1.0,1.826,1.4726,0.3534,0.7288,0.7438,0.0,0.0,False
ROW00107076,TXN0046158,2026-03-02,12:38:08,SKU0640,Store C,Retail,1.0,1.66,1.3387,0.3213,0.6201,0.7186,0.0,0.0,False
ROW00107091,TXN0046164,2026-03-02,14:42:02,SKU0509,Store C,Retail,1.0,1.992,1.6065,0.3855,0.6432,0.9632,0.0,0.0,False
ROW00107161,TXN0046194,2026-03-03,14:05:33,SKU1000,Store A,Retail,2.0,1.328,1.071,0.257,0.498,0.573,0.0,0.0,False
ROW00107201,TXN0046212,2026-03-03,18:58:42,SKU0157,Store A,Retail,1.0,0.913,0.7363,0.1767,0.3569,0.3794,0.0,0.0,False
ROW00107218,TXN0046225,2026-03-03,14:50:15,SKU0668,Store B,Retail,1.0,3.32,2.6774,0.6426,1.9123,0.7651,0.913,0.2157,False
ROW00107301,TXN0046261,2026-03-03,16:52:37,SKU0666,Store C,Retail,2.0,8.466,6.8274,1.6386,3.8246,3.0028,0.0,0.0,False
ROW00107306,TXN0046262,2026-03-03,17:01:10,SKU1614,Store C,Retail,1.0,1.411,1.1379,0.2731,0.664,0.4739,0.0,0.0,False
ROW00107330,TXN0046272,2026-03-03,10:23:35,SKU1650,Warehouse,Wholesale,24.0,82.2537,66.3336,15.9201,47.0112,19.3224,27.3063,0.2492,False
ROW00107341,TXN0046278,2026-03-04,14:48:51,SKU0438,Store A,Retail,1.0,0.083,0.0669,0.0161,0.0264,0.0405,0.166,0.6667,False
ROW00107353,TXN0046284,2026-03-04,16:50:49,SKU0692,Store A,Retail,1.0,0.498,0.4016,0.0964,0.21,0.1916,0.0,0.0,False
ROW00107396,TXN0046301,2026-03-04,13:44:38,SKU1485,Store B,Retail,5.0,1.245,1.0041,0.2409,0.6391,0.365,0.415,0.25,False
ROW00107398,TXN0046302,2026-03-04,13:57:25,SKU0426,Store B,Retail,2.0,3.32,2.6774,0.6426,1.909,0.7684,1.66,0.3333,False
ROW00107446,TXN0046331,2026-03-04,11:12:15,SKU1567,Store C,Retail,1.0,1.162,0.9371,0.2249,0.5063,0.4308,0.0,0.0,False
ROW00107467,TXN0046340,2026-03-04,14:27:32,SKU0861,Store C,Retail,4.0,1.7928,1.4458,0.347,1.1384,0.3073,0.1992,0.1,False
ROW00107518,TXN0046363,2026-03-04,18:40:22,SKU1629,Store C,Retail,2.0,0.166,0.166,0.0,0.166,0.0,0.0,0.0,False
ROW00107554,TXN0046376,2026-03-05,19:28:21,SKU0861,Store A,Retail,1.0,0.498,0.4016,0.0964,0.332,0.0696,0.0,0.0,False
ROW00107636,TXN0046407,2026-03-05,18:34:05,SKU1321,Store B,Retail,1.0,1.411,1.1379,0.2731,0.6225,0.5154,0.0,0.0,False
ROW00107637,TXN0046407,2026-03-05,18:34:05,SKU1384,Store B,Retail,1.0,0.996,0.8032,0.1928,0.4897,0.3135,0.0,0.0,False
ROW00107652,TXN0046413,2026-03-05,19:15:56,SKU1744,Store B,Retail,1.0,0.083,0.083,0.0,0.083,0.0,0.0,0.0,False
ROW00107662,TXN0046418,2026-03-05,10:15:13,SKU1647,Store C,Retail,1.0,2.241,1.8072,0.4338,1.0458,0.7614,0.0,0.0,False
ROW00107695,TXN0046432,2026-03-05,14:23:27,SKU1200,Store C,Retail,1.0,1.162,0.9371,0.2249,0.5395,0.3976,0.0,0.0,False
ROW00107727,TXN0046446,2026-03-05,13:16:20,SKU0655,Warehouse,Wholesale,60.0,84.66,68.2742,16.3858,25.9458,42.3284,14.94,0.15,False
ROW00107754,TXN0046456,2026-03-06,14:34:51,SKU0659,Store A,Retail,3.0,2.241,1.8072,0.4338,0.8147,0.9925,0.249,0.1,False
ROW00107766,TXN0046461,2026-03-06,16:12:24,SKU0725,Store A,Retail,1.0,2.407,1.9411,0.4659,0.8674,1.0738,0.0,0.0,False
ROW00107794,TXN0046476,2026-03-06,18:16:49,SKU0438,Store A,Retail,1.0,0.083,0.0669,0.0161,0.0264,0.0405,0.166,0.6667,False
ROW00107833,TXN0046494,2026-03-06,14:28:48,SKU1611,Store B,Retail,1.0,1.411,1.1379,0.2731,0.664,0.4739,0.0,0.0,False
ROW00107874,TXN0046514,2026-03-06,16:52:18,SKU0182,Store B,Retail,2.0,0.083,0.0669,0.0161,0.0385,0.0284,0.249,0.75,False
ROW00107886,TXN0046519,2026-03-06,16:57:14,SKU1435,Store B,Retail,1.0,0.913,0.7363,0.1767,0.4482,0.2881,0.0,0.0,False
ROW00107904,TXN0046528,2026-03-06,18:10:23,SKU1728,Store B,Retail,1.0,2.158,1.7403,0.4177,1.5687,0.1716,1.162,0.35,False
ROW00107957,TXN0046552,2026-03-06,14:20:23,SKU0659,Store C,Retail,2.0,1.66,1.3387,0.3213,0.5432,0.7956,0.0,0.0,False
ROW00107970,TXN0046559,2026-03-06,14:50:15,SKU1627,Store C,Retail,1.0,0.747,0.6024,0.1446,0.664,-0.0616,0.664,0.4706,False
ROW00108002,TXN0046575,2026-03-06,18:52:38,SKU0122,Store C,Retail,1.0,1.826,1.4726,0.3534,0.5588,0.9137,0.0,0.0,False
ROW00108023,TXN0046584,2026-03-07,12:05:47,SKU1027,Store A,Retail,1.0,0.747,0.6024,0.1446,0.332,0.2704,0.0,0.0,False
ROW00108038,TXN0046589,2026-03-07,12:46:47,SKU0702,Store A,Retail,2.0,2.324,1.8742,0.4498,0.7005,1.1737,0.0,0.0,False
ROW00108071,TXN0046603,2026-03-07,13:29:43,SKU1719,Store A,Retail,1.0,2.8386,2.2892,0.5494,1.4525,0.8367,0.3154,0.1,False
ROW00108108,TXN0046619,2026-03-07,15:14:24,SKU0146,Store A,Retail,1.0,0.913,0.7363,0.1767,0.3403,0.396,0.0,0.0,False
ROW00108136,TXN0046630,2026-03-07,16:17:27,SKU1629,Store A,Retail,1.0,0.083,0.083,0.0,0.083,0.0,0.0,0.0,False
ROW00108137,TXN0046631,2026-03-07,16:18:12,SKU0182,Store A,Retail,4.0,0.166,0.1339,0.0321,0.077,0.0569,0.498,0.75,False
ROW00108202,TXN0046652,2026-03-07,10:07:01,SKU1647,Store B,Retail,2.0,4.0338,3.2531,0.7807,2.0916,1.1615,0.4482,0.1,False
ROW00108217,TXN0046657,2026-03-07,11:15:45,SKU1647,Store B,Retail,1.0,2.241,1.8072,0.4338,1.0458,0.7614,0.0,0.0,False
ROW00108280,TXN0046687,2026-03-07,13:45:53,SKU1050,Store B,Retail,1.0,1.245,1.0041,0.2409,0.3234,0.6807,0.0,0.0,False
ROW00108291,TXN0046692,2026-03-07,13:56:29,SKU1729,Store B,Retail,1.0,3.32,2.6774,0.6426,1.5687,1.1087,0.0,0.0,False
ROW00108334,TXN0046713,2026-03-07,16:05:07,SKU1765,Store B,Retail,1.0,2.158,1.7403,0.4177,0.6391,1.1012,0.0,0.0,False
ROW00108351,TXN0046721,2026-03-07,16:58:22,SKU0711,Store B,Retail,1.0,0.747,0.6024,0.1446,0.2905,0.3119,0.0,0.0,False
ROW00108362,TXN0046725,2026-03-07,17:37:01,SKU1569,Store B,Retail,1.0,1.162,0.9371,0.2249,0.5063,0.4308,0.0,0.0,False
ROW00108445,TXN0046763,2026-03-07,13:20:24,SKU0325,Store C,Retail,2.0,2.822,2.2758,0.5462,1.4356,0.8402,0.0,0.0,False
ROW00108505,TXN0046783,2026-03-07,15:57:54,SKU0725,Store C,Retail,1.0,2.407,1.9411,0.4659,0.8674,1.0738,0.0,0.0,False
ROW00108511,TXN0046784,2026-03-07,16:00:24,SKU0655,Store C,Retail,2.0,3.32,2.6774,0.6426,0.8649,1.8126,0.0,0.0,False
ROW00108519,TXN0046787,2026-03-07,16:03:40,SKU0144,Store C,Retail,1.0,0.3735,0.3012,0.0723,0.1231,0.1781,0.0,0.0,False
ROW00108551,TXN0046807,2026-03-07,17:29:43,SKU0861,Store C,Retail,-1.0,-0.3984,-0.3213,-0.0771,-0.2846,-0.0367,-0.0996,0.2,True
ROW00108557,TXN0046809,2026-03-07,17:49:30,SKU1765,Store C,Retail,1.0,2.158,1.7403,0.4177,0.6391,1.1012,0.0,0.0,False
ROW00108605,TXN0046829,2026-03-08,11:25:37,SKU1592,Store A,Retail,1.0,1.162,0.9371,0.2249,0.415,0.5221,0.0,0.0,False
ROW00108619,TXN0046831,2026-03-08,11:29:26,SKU1598,Store A,Retail,1.0,2.656,2.1419,0.5141,1.3695,0.7724,0.0,0.0,False
ROW00108645,TXN0046839,2026-03-08,12:44:57,SKU1629,Store A,Retail,1.0,0.083,0.083,0.0,0.083,0.0,0.0,0.0,False
ROW00108721,TXN0046873,2026-03-08,18:01:58,SKU0633,Store A,Retail,1.0,1.7928,1.4458,0.347,0.7968,0.649,0.1992,0.1,False
ROW00108740,TXN0046878,2026-03-08,10:49:22,SKU1039,Store B,Retail,1.0,4.399,3.5476,0.8514,1.8177,1.7299,0.0,0.0,False
ROW00108747,TXN0046883,2026-03-08,11:29:43,SKU0050,Store B,Retail,1.0,2.988,2.4097,0.5783,0.7055,1.7042,0.0,0.0,False
ROW00108754,TXN0046885,2026-03-08,11:54:58,SKU0661,Store B,Retail,1.0,1.245,1.0041,0.2409,0.415,0.5891,0.0,0.0,False
ROW00108792,TXN0046899,2026-03-08,13:31:09,SKU1611,Store B,Retail,1.0,1.411,1.1379,0.2731,0.664,0.4739,0.0,0.0,False
ROW00108804,TXN0046907,2026-03-08,14:12:13,SKU1031,Store B,Retail,1.0,2.656,2.1419,0.5141,1.3446,0.7973,0.0,0.0,False
ROW00108887,TXN0046943,2026-03-08,17:00:49,SKU0189,Store B,Retail,1.0,0.083,0.0669,0.0161,0.0264,0.0405,0.166,0.6667,False
ROW00108918,TXN0046958,2026-03-08,10:35:30,SKU1502,Store C,Retail,3.0,2.49,2.0081,0.4819,0.691,1.3171,0.0,0.0,False
ROW00108961,TXN0046977,2026-03-08,14:53:20,SKU1425,Store C,Retail,1.0,1.66,1.3387,0.3213,0.7387,0.6,0.0,0.0,False
ROW00108975,TXN0046983,2026-03-08,15:52:33,SKU1790,Store C,Retail,1.0,2.324,1.8742,0.4498,1.3695,0.5047,0.581,0.2,False
ROW00109039,TXN0047010,2026-03-09,17:27:17,SKU1031,Store A,Retail,1.0,2.656,2.1419,0.5141,1.3446,0.7973,0.0,0.0,False
ROW00109067,TXN0047016,2026-03-09,18:39:45,SKU1763,Store A,Retail,1.0,0.0,0.0,0.0,0.0,0.0,0.0,0.0,False
ROW00109121,TXN0047044,2026-03-09,18:18:26,SKU1261,Store B,Retail,1.0,1.162,0.9371,0.2249,0.5644,0.3727,0.0,0.0,False
ROW00109122,TXN0047045,2026-03-09,18:18:44,SKU0861,Store B,Retail,1.0,0.498,0.4016,0.0964,0.332,0.0696,0.0,0.0,False
ROW00109160,TXN0047065,2026-03-09,17:47:02,SKU0070,Store C,Retail,1.0,1.577,1.2718,0.3052,0.6225,0.6493,0.0,0.0,False
ROW00109168,TXN0047070,2026-03-09,10:31:36,SKU0664,Warehouse,Wholesale,30.0,98.1857,79.182,19.0037,57.3696,21.8124,28.8043,0.2268,False
ROW00109242,TXN0047095,2026-03-10,18:32:24,SKU1436,Store A,Retail,1.0,0.2241,0.1807,0.0434,0.0743,0.1064,0.0249,0.1,False
ROW00109252,TXN0047101,2026-03-10,18:52:42,SKU1510,Store A,Retail,1.0,0.747,0.6024,0.1446,0.3818,0.2206,0.0,0.0,False
ROW00109255,TXN0047103,2026-03-10,19:30:55,SKU1253,Store A,Retail,1.0,1.3446,1.0844,0.2602,0.5976,0.4868,0.1494,0.1,False
ROW00109282,TXN0047113,2026-03-10,14:34:11,SKU0841,Store B,Retail,1.0,0.2573,0.2075,0.0498,0.1909,0.0166,0.0332,0.1143,False
ROW00109298,TXN0047121,2026-03-10,16:37:11,SKU0145,Store B,Retail,1.0,0.3735,0.3012,0.0723,0.1231,0.1781,0.0,0.0,False
ROW00109338,TXN0047141,2026-03-10,12:31:15,SKU1238,Store C,Retail,1.0,0.166,0.1339,0.0321,0.415,-0.2811,0.996,0.8571,False
ROW00109367,TXN0047157,2026-03-10,16:48:41,SKU0438,Store C,Retail,2.0,0.166,0.1339,0.0321,0.0528,0.0811,0.332,0.6667,False
ROW00109405,TXN0047177,2026-03-10,09:38:15,SKU0666,Warehouse,Wholesale,15.0,49.0928,39.591,9.5018,28.6848,10.9062,14.4022,0.2268,False
ROW00109434,TXN0047184,2026-03-11,14:38:53,SKU1423,Store A,Retail,1.0,0.996,0.8032,0.1928,0.4814,0.3218,0.0,0.0,False
ROW00109441,TXN0047187,2026-03-11,15:02:42,SKU0662,Store A,Retail,1.0,1.577,1.2718,0.3052,0.747,0.5248,0.0,0.0,False
ROW00109480,TXN0047204,2026-03-11,18:33:34,SKU1394,Store A,Retail,1.0,2.075,1.6734,0.4016,0.7138,0.9596,0.0,0.0,False
ROW00109541,TXN0047223,2026-03-11,13:20:44,SKU0964,Store B,Retail,1.0,3.486,2.8113,0.6747,1.4566,1.3546,0.0,0.0,False
ROW00109550,TXN0047227,2026-03-11,15:30:14,SKU1518,Store B,Retail,1.0,0.498,0.4016,0.0964,0.3818,0.0198,0.249,0.3333,False
ROW00109568,TXN0047240,2026-03-11,16:51:13,SKU0709,Store B,Retail,1.0,0.83,0.6694,0.1606,0.2,0.4694,0.0,0.0,False
ROW00109678,TXN0047281,2026-03-11,18:38:49,SKU1326,Store C,Retail,1.0,1.411,1.1379,0.2731,0.6225,0.5154,0.0,0.0,False
ROW00109684,TXN0047285,2026-03-11,18:51:44,SKU1613,Store C,Retail,1.0,1.411,1.1379,0.2731,0.498,0.6399,0.0,0.0,False
ROW00109686,TXN0047286,2026-03-11,19:24:15,SKU0726,Store C,Retail,1.0,2.1663,1.747,0.4193,0.8674,0.8796,0.2407,0.1,False
ROW00109689,TXN0047287,2026-03-11,09:57:57,SKU0863,Warehouse,Wholesale,12.0,9.2628,7.47,1.7928,5.1792,2.2908,5.6772,0.38,False
ROW00109732,TXN0047302,2026-03-12,16:49:32,SKU0260,Store A,Retail,1.0,1.826,1.4726,0.3534,0.7171,0.7555,0.0,0.0,False
ROW00109748,TXN0047309,2026-03-12,19:04:01,SKU1607,Store A,Retail,1.0,1.411,1.1379,0.2731,0.664,0.4739,0.0,0.0,False
ROW00109781,TXN0047327,2026-03-12,15:54:03,SKU0798,Store B,Retail,1.0,3.154,2.5435,0.6105,1.2865,1.257,0.0,0.0,False
ROW00109814,TXN0047343,2026-03-12,12:32:50,SKU0317,Store C,Retail,1.0,1.411,1.1379,0.2731,0.7177,0.4202,0.0,0.0,False
ROW00109826,TXN0047349,2026-03-12,15:18:33,SKU0248,Store C,Retail,1.0,1.577,1.2718,0.3052,0.679,0.5928,0.0,0.0,False
ROW00109863,TXN0047364,2026-03-12,10:58:58,SKU0398,Warehouse,Wholesale,1.0,2.407,1.9411,0.4659,0.996,0.9451,0.0,0.0,False
ROW00109889,TXN0047371,2026-03-13,14:59:29,SKU1744,Store A,Retail,2.0,0.166,0.166,0.0,0.166,0.0,0.0,0.0,False
ROW00109930,TXN0047384,2026-03-13,16:42:13,SKU1507,Store A,Retail,1.0,1.079,0.8702,0.2088,0.4814,0.3888,0.0,0.0,False
ROW00109933,TXN0047385,2026-03-13,16:56:05,SKU1322,Store A,Retail,1.0,1.2699,1.0241,0.2458,0.6225,0.4016,0.1411,0.1,False
ROW00109953,TXN0047396,2026-03-13,18:08:38,SKU0441,Store A,Retail,1.0,0.083,0.0669,0.0161,0.0243,0.0426,0.166,0.6667,False
ROW00109991,TXN0047409,2026-03-13,11:23:17,SKU0668,Store B,Retail,1.0,3.32,2.6774,0.6426,1.9123,0.7651,0.913,0.2157,False
ROW00110023,TXN0047422,2026-03-13,14:58:19,SKU0858,Store B,Retail,1.0,0.747,0.6024,0.1446,0.3021,0.3003,0.0,0.0,False
ROW00110061,TXN0047434,2026-03-13,17:14:50,SKU0692,Store B,Retail,1.0,0.498,0.4016,0.0964,0.21,0.1916,0.0,0.0,False
ROW00110112,TXN0047456,2026-03-13,12:44:20,SKU0803,Store C,Retail,2.0,2.656,2.1419,0.5141,0.4814,1.6605,0.0,0.0,False
ROW00110174,TXN0047478,2026-03-13,18:00:13,SKU1557,Store C,Retail,1.0,1.162,0.9371,0.2249,0.3901,0.547,0.0,0.0,False
ROW00110175,TXN0047479,2026-03-13,18:00:30,SKU0662,Store C,Retail,1.0,1.577,1.2718,0.3052,0.747,0.5248,0.0,0.0,False
ROW00110184,TXN0047483,2026-03-13,18:35:44,SKU1443,Store C,Retail,1.0,0.913,0.7363,0.1767,0.4482,0.2881,0.0,0.0,False
ROW00110211,TXN0047492,2026-03-14,10:13:36,SKU1030,Store A,Retail,1.0,0.664,0.5355,0.1285,0.4399,0.0956,0.249,0.2727,False
ROW00110212,TXN0047492,2026-03-14,10:13:36,SKU1423,Store A,Retail,1.0,0.7968,0.6426,0.1542,0.4814,0.1612,0.1992,0.2,False
ROW00110239,TXN0047504,2026-03-14,13:02:27,SKU0899,Store A,Retail,1.0,0.4482,0.3615,0.0867,0.1577,0.2038,0.0498,0.1,False
ROW00110244,TXN0047505,2026-03-14,13:07:53,SKU1299,Store A,Retail,1.0,1.162,0.9371,0.2249,0.5395,0.3976,0.0,0.0,False
ROW00110250,TXN0047506,2026-03-14,13:19:10,SKU1629,Store A,Retail,2.0,0.166,0.166,0.0,0.166,0.0,0.0,0.0,False
ROW00110336,TXN0047544,2026-03-14,16:55:55,SKU1013,Store A,Retail,1.0,0.913,0.7363,0.1767,0.4648,0.2715,0.249,0.2143,False
ROW00110427,TXN0047581,2026-03-14,14:23:01,SKU0096,Store B,Retail,1.0,0.913,0.7363,0.1767,0.3735,0.3628,0.0,0.0,False
ROW00110449,TXN0047587,2026-03-14,15:24:32,SKU1685,Store B,Retail,1.0,2.324,1.8742,0.4498,0.996,0.8782,0.166,0.0667,False
ROW00110483,TXN0047606,2026-03-14,18:13:12,SKU0633,Store B,Retail,1.0,1.992,1.6065,0.3855,0.7968,0.8097,0.0,0.0,False
ROW00110504,TXN0047613,2026-03-14,19:23:32,SKU1615,Store B,Retail,1.0,1.411,1.1379,0.2731,0.664,0.4739,0.0,0.0,False
ROW00110539,TXN0047628,2026-03-14,13:26:12,SKU1321,Store C,Retail,1.0,1.411,1.1379,0.2731,0.6225,0.5154,0.0,0.0,False
ROW00110549,TXN0047632,2026-03-14,13:33:56,SKU0146,Store C,Retail,1.0,0.913,0.7363,0.1767,0.3403,0.396,0.0,0.0,False
ROW00110573,TXN0047648,2026-03-14,15:07:56,SKU0081,Store C,Retail,2.0,2.49,2.0081,0.4819,1.245,0.7631,0.83,0.25,False
ROW00110602,TXN0047659,2026-03-14,16:41:22,SKU0666,Store C,Retail,1.0,4.233,3.4137,0.8193,1.9123,1.5014,0.0,0.0,False
ROW00110678,TXN0047692,2026-03-15,13:40:26,SKU1460,Store A,Retail,1.0,1.162,0.9371,0.2249,0.5644,0.3727,0.0,0.0,False
ROW00110739,TXN0047720,2026-03-15,17:56:09,SKU1629,Store A,Retail,1.0,0.083,0.083,0.0,0.083,0.0,0.0,0.0,False
ROW00110743,TXN0047721,2026-03-15,17:57:18,SKU0663,Store A,Retail,1.0,2.075,1.6734,0.4016,0.9379,0.7355,0.0,0.0,False
ROW00110755,TXN0047722,2026-03-15,18:03:11,SKU1787,Store A,Retail,1.0,2.905,2.3428,0.5622,1.3695,0.9733,0.0,0.0,False
ROW00110766,TXN0047727,2026-03-15,11:38:34,SKU0668,Store B,Retail,1.0,3.32,2.6774,0.6426,1.9123,0.7651,0.913,0.2157,False
ROW00110778,TXN0047731,2026-03-15,13:12:25,SKU0583,Store B,Retail,3.0,0.249,0.2008,0.0482,0.0747,0.1261,0.249,0.5,False
ROW00110805,TXN0047744,2026-03-15,15:31:31,SKU1629,Store B,Retail,1.0,0.083,0.083,0.0,0.083,0.0,0.0,0.0,False
ROW00110882,TXN0047780,2026-03-15,13:47:27,SKU1394,Store C,Retail,1.0,2.075,1.6734,0.4016,0.7138,0.9596,0.0,0.0,False
ROW00110902,TXN0047790,2026-03-15,15:37:36,SKU0613,Store C,Retail,1.0,1.162,0.9371,0.2249,0.5561,0.381,0.0,0.0,False
ROW00110915,TXN0047799,2026-03-15,16:25:13,SKU1513,Store C,Retail,1.0,0.6723,0.5422,0.1301,0.3818,0.1604,0.0747,0.1,False
ROW00110940,TXN0047810,2026-03-16,15:03:38,SKU0989,Store A,Retail,1.0,2.49,2.0081,0.4819,1.1205,0.8876,0.0,0.0,False
ROW00110998,TXN0047837,2026-03-16,15:46:39,SKU0668,Store B,Retail,1.0,3.32,2.6774,0.6426,1.9123,0.7651,0.913,0.2157,False
ROW00111027,TXN0047848,2026-03-16,18:21:37,SKU1274,Store B,Retail,1.0,1.66,1.3387,0.3213,0.8217,0.517,0.0,0.0,False
ROW00111077,TXN0047876,2026-03-16,17:11:35,SKU0831,Store C,Retail,2.0,0.996,0.8032,0.1928,0.3403,0.4629,0.0,0.0,False
ROW00111081,TXN0047877,2026-03-16,17:52:39,SKU0633,Store C,Retail,1.0,1.992,1.6065,0.3855,0.7968,0.8097,0.0,0.0,False
ROW00111098,TXN0047884,2026-03-16,15:43:18,SKU1787,Warehouse,Wholesale,1.0,2.324,1.8742,0.4498,1.3695,0.5047,0.581,0.2,False
ROW00111163,TXN0047911,2026-03-17,19:46:35,SKU0841,Store A,Retail,1.0,0.2573,0.2075,0.0498,0.1909,0.0166,0.0332,0.1143,False
ROW00111168,TXN0047912,2026-03-17,20:17:05,SKU1744,Store A,Retail,1.0,0.083,0.083,0.0,0.083,0.0,0.0,0.0,False
ROW00111179,TXN0047921,2026-03-17,12:25:02,SKU1299,Store B,Retail,1.0,1.162,0.9371,0.2249,0.5395,0.3976,0.0,0.0,False
ROW00111218,TXN0047942,2026-03-17,16:38:21,SKU0155,Store B,Retail,1.0,1.494,1.2048,0.2892,0.332,0.8728,0.0,0.0,False
ROW00111267,TXN0047963,2026-03-17,15:40:40,SKU1410,Store C,Retail,1.0,1.328,1.0709,0.2571,0.7387,0.3322,0.332,0.2,False
ROW00111272,TXN0047966,2026-03-17,17:51:34,SKU1485,Store C,Retail,10.0,2.49,2.0081,0.4819,1.2782,0.7299,0.83,0.25,False
ROW00111287,TXN0047975,2026-03-17,09:17:28,SKU0666,Warehouse,Wholesale,15.0,49.0928,39.591,9.5018,28.6848,10.9062,14.4022,0.2268,False
ROW00111307,TXN0047979,2026-03-18,13:51:43,SKU1687,Store A,Retail,1.0,0.498,0.4016,0.0964,0.3486,0.053,0.415,0.4545,False
ROW00111320,TXN0047983,2026-03-18,16:23:13,SKU0519,Store A,Retail,4.0,1.1952,0.9639,0.2313,0.3184,0.6455,0.1328,0.1,False
ROW00111371,TXN0047998,2026-03-18,14:30:56,SKU0867,Store B,Retail,20.0,0.83,0.6694,0.1606,0.3552,0.3142,0.83,0.5,False
ROW00111404,TXN0048018,2026-03-18,19:18:54,SKU0803,Store B,Retail,1.0,1.328,1.0709,0.2571,0.2407,0.8302,0.0,0.0,False
ROW00111418,TXN0048025,2026-03-18,12:22:10,SKU1790,Store C,Retail,1.0,2.324,1.8742,0.4498,1.3695,0.5047,0.581,0.2,False
ROW00111448,TXN0048039,2026-03-18,18:25:38,SKU1789,Store C,Retail,1.0,2.324,1.8742,0.4498,1.328,0.5462,0.166,0.0667,False
ROW00111473,TXN0048050,2026-03-19,13:57:22,SKU0583,Store A,Retail,2.0,0.166,0.1339,0.0321,0.0501,0.0837,0.166,0.5,False
ROW00111488,TXN0048059,2026-03-19,15:23:58,SKU0784,Store A,Retail,1.0,0.8217,0.6627,0.159,0.3984,0.2643,0.0913,0.1,False
ROW00111545,TXN0048081,2026-03-19,18:53:08,SKU1416,Store A,Retail,1.0,1.079,0.8702,0.2088,0.4777,0.3925,0.0,0.0,False
ROW00111551,TXN0048085,2026-03-19,19:46:48,SKU0144,Store A,Retail,1.0,0.332,0.2678,0.0642,0.1231,0.1447,0.0415,0.1111,False
ROW00111580,TXN0048092,2026-03-19,10:33:48,SKU0121,Store B,Retail,3.0,5.976,4.8194,1.1566,2.0709,2.7485,0.0,0.0,False
ROW00111585,TXN0048094,2026-03-19,11:48:59,SKU0105,Store B,Retail,1.0,0.913,0.7363,0.1767,0.3735,0.3628,0.0,0.0,False
ROW00111646,TXN0048126,2026-03-19,10:31:16,SKU1326,Store C,Retail,1.0,1.411,1.1379,0.2731,0.6225,0.5154,0.0,0.0,False
ROW00111676,TXN0048133,2026-03-19,13:22:04,SKU1364,Store C,Retail,1.0,1.8675,1.506,0.3615,0.7885,0.7175,0.2075,0.1,False
ROW00111754,TXN0048160,2026-03-19,19:28:48,SKU0095,Store C,Retail,1.0,0.913,0.7363,0.1767,0.3735,0.3628,0.0,0.0,False
ROW00111755,TXN0048160,2026-03-19,19:28:48,SKU0119,Store C,Retail,1.0,1.494,1.2048,0.2892,0.5153,0.6896,0.0,0.0,False
ROW00111763,TXN0048164,2026-03-20,12:58:37,SKU0086,Store A,Retail,1.0,0.913,0.7363,0.1767,0.3735,0.3628,0.0,0.0,False
ROW00111804,TXN0048181,2026-03-20,18:04:26,SKU0582,Store A,Retail,1.0,0.415,0.3347,0.0803,0.0913,0.2434,0.0,0.0,False
ROW00111818,TXN0048185,2026-03-20,18:15:39,SKU0189,Store A,Retail,2.0,0.166,0.1339,0.0321,0.0528,0.0811,0.332,0.6667,False
ROW00111872,TXN0048204,2026-03-20,13:08:25,SKU1629,Store B,Retail,2.0,0.166,0.166,0.0,0.166,0.0,0.0,0.0,False
ROW00111875,TXN0048207,2026-03-20,14:37:46,SKU0166,Store B,Retail,1.0,1.66,1.3387,0.3213,0.415,0.9237,0.0,0.0,False
ROW00111902,TXN0048218,2026-03-20,16:17:55,SKU1259,Store B,Retail,1.0,2.905,2.3428,0.5622,1.3529,0.9899,0.0,0.0,False
ROW00111949,TXN0048242,2026-03-20,10:47:51,SKU0633,Store C,Retail,1.0,1.992,1.6065,0.3855,0.7968,0.8097,0.0,0.0,False
ROW00112015,TXN0048267,2026-03-20,16:43:47,SKU1729,Store C,Retail,1.0,3.32,2.6774,0.6426,1.5687,1.1087,0.0,0.0,False
ROW00112036,TXN0048277,2026-03-20,18:50:56,SKU1408,Store C,Retail,1.0,1.66,1.3387,0.3213,0.7387,0.6,0.0,0.0,False
ROW00112047,TXN0048283,2026-03-20,12:59:35,SKU1030,Warehouse,Wholesale,80.0,49.4016,39.84,9.5616,35.192,4.648,23.6384,0.3236,False
ROW00112076,TXN0048292,2026-03-21,13:22:51,SKU1790,Store A,Retail,1.0,2.324,1.8742,0.4498,1.4027,0.4715,0.581,0.2,False
ROW00112079,TXN0048293,2026-03-21,13:28:50,SKU1719,Store A,Retail,1.0,3.154,2.5435,0.6105,1.4525,1.091,0.0,0.0,False
ROW00112089,TXN0048300,2026-03-21,14:15:14,SKU0712,Store A,Retail,1.0,1.245,1.0041,0.2409,0.3071,0.697,0.0,0.0,False
ROW00112101,TXN0048304,2026-03-21,16:15:53,SKU0858,Store A,Retail,1.0,0.747,0.6024,0.1446,0.3021,0.3003,0.0,0.0,False
ROW00112178,TXN0048334,2026-03-21,12:54:18,SKU0519,Store B,Retail,1.0,0.332,0.2678,0.0642,0.0796,0.1882,0.0,0.0,False
ROW00112189,TXN0048340,2026-03-21,13:56:10,SKU0659,Store B,Retail,1.0,0.83,0.6694,0.1606,0.2716,0.3978,0.0,0.0,False
ROW00112228,TXN0048356,2026-03-21,15:45:59,SKU0798,Store B,Retail,1.0,3.154,2.5435,0.6105,1.2865,1.257,0.0,0.0,False
ROW00112240,TXN0048362,2026-03-21,16:43:58,SKU1031,Store B,Retail,1.0,2.656,2.1419,0.5141,1.3446,0.7973,0.0,0.0,False
ROW00112254,TXN0048371,2026-03-21,17:43:55,SKU0681,Store B,Retail,2.0,2.324,1.8742,0.4498,0.7653,1.109,0.0,0.0,False
ROW00112307,TXN0048391,2026-03-21,11:15:54,SKU1687,Store C,Retail,2.0,0.996,0.8032,0.1928,0.6972,0.106,0.83,0.4545,False
ROW00112365,TXN0048420,2026-03-21,16:25:13,SKU0987,Store C,Retail,1.0,0.83,0.6694,0.1606,0.4897,0.1797,0.332,0.2857,False
ROW00112387,TXN0048431,2026-03-21,18:00:23,SKU1744,Store C,Retail,1.0,0.083,0.083,0.0,0.083,0.0,0.0,0.0,False
ROW00112416,TXN0048451,2026-03-21,18:54:44,SKU1321,Store C,Retail,1.0,1.411,1.1379,0.2731,0.6225,0.5154,0.0,0.0,False
ROW00112438,TXN0048465,2026-03-22,12:00:44,SKU0081,Store A,Retail,1.0,1.245,1.0041,0.2409,0.6225,0.3816,0.415,0.25,False
ROW00112472,TXN0048480,2026-03-22,14:33:05,SKU0681,Store A,Retail,1.0,1.0458,0.8434,0.2024,0.3826,0.4607,0.1162,0.1,False
ROW00112484,TXN0048486,2026-03-22,14:52:41,SKU0122,Store A,Retail,1.0,1.6434,1.3253,0.3181,0.5588,0.7665,0.1826,0.1,False
ROW00112559,TXN0048516,2026-03-22,15:32:05,SKU1436,Store A,Retail,2.0,0.498,0.4016,0.0964,0.1486,0.2531,0.0,0.0,False
ROW00112579,TXN0048523,2026-03-22,11:43:35,SKU1687,Store B,Retail,3.0,1.494,1.2048,0.2892,1.0458,0.159,1.245,0.4545,False
ROW00112634,TXN0048550,2026-03-22,15:41:13,SKU1629,Store B,Retail,2.0,0.166,0.166,0.0,0.166,0.0,0.0,0.0,False
ROW00112641,TXN0048555,2026-03-22,15:46:50,SKU1252,Store B,Retail,1.0,0.83,0.6694,0.1606,0.6142,0.0552,0.664,0.4444,False
ROW00112664,TXN0048559,2026-03-22,16:29:06,SKU0441,Store B,Retail,1.0,0.083,0.0669,0.0161,0.0243,0.0426,0.166,0.6667,False
ROW00112681,TXN0048567,2026-03-22,17:23:28,SKU0725,Store B,Retail,1.0,2.1663,1.747,0.4193,0.8674,0.8796,0.2407,0.1,False
ROW00112719,TXN0048577,2026-03-22,10:43:56,SKU0841,Store C,Retail,1.0,0.2905,0.2343,0.0562,0.1909,0.0434,0.0,0.0,False
ROW00112749,TXN0048593,2026-03-22,13:58:42,SKU1321,Store C,Retail,1.0,1.411,1.1379,0.2731,0.6225,0.5154,0.0,0.0,False
ROW00112766,TXN0048596,2026-03-22,14:10:05,SKU0451,Store C,Retail,1.0,1.66,1.3387,0.3213,0.4587,0.88,0.0,0.0,False
ROW00112778,TXN0048601,2026-03-22,14:34:53,SKU1322,Store C,Retail,1.0,1.2699,1.0241,0.2458,0.6225,0.4016,0.1411,0.1,False
ROW00112833,TXN0048627,2026-03-23,11:52:28,SKU0094,Store A,Retail,1.0,0.8217,0.6627,0.159,0.3735,0.2892,0.0913,0.1,False
ROW00112879,TXN0048643,2026-03-23,18:03:23,SKU1321,Store A,Retail,2.0,2.822,2.2758,0.5462,1.245,1.0308,0.0,0.0,False
ROW00112922,TXN0048668,2026-03-23,15:56:02,SKU0867,Store B,Retail,40.0,1.66,1.3387,0.3213,0.7105,0.6282,1.66,0.5,False
ROW00112934,TXN0048671,2026-03-23,16:05:13,SKU0858,Store B,Retail,1.0,0.6723,0.5422,0.1301,0.3021,0.24,0.0747,0.1,False
ROW00112993,TXN0048707,2026-03-23,15:46:24,SKU1424,Store C,Retail,1.0,0.249,0.2008,0.0482,0.0743,0.1265,0.0,0.0,False
ROW00113000,TXN0048708,2026-03-23,15:47:54,SKU1787,Store C,Retail,1.0,2.905,2.3428,0.5622,1.3695,0.9733,0.0,0.0,False
ROW00113034,TXN0048726,2026-03-23,19:51:20,SKU0095,Store C,Retail,1.0,0.913,0.7363,0.1767,0.3735,0.3628,0.0,0.0,False
ROW00113088,TXN0048746,2026-03-24,17:57:16,SKU0438,Store A,Retail,2.0,0.166,0.1339,0.0321,0.0528,0.0811,0.332,0.6667,False
ROW00113100,TXN0048751,2026-03-24,18:41:33,SKU1321,Store A,Retail,1.0,1.411,1.1379,0.2731,0.6225,0.5154,0.0,0.0,False
ROW00113130,TXN0048767,2026-03-24,14:45:32,SKU1321,Store B,Retail,1.0,1.411,1.1379,0.2731,0.6225,0.5154,0.0,0.0,False
ROW00113168,TXN0048785,2026-03-24,19:54:43,SKU1321,Store B,Retail,1.0,1.411,1.1379,0.2731,0.6225,0.5154,0.0,0.0,False
ROW00113204,TXN0048808,2026-03-24,19:42:00,SKU0189,Store C,Retail,3.0,0.249,0.2008,0.0482,0.0792,0.1216,0.498,0.6667,False
ROW00113217,TXN0048809,2026-03-24,09:19:56,SKU1730,Warehouse,Wholesale,12.0,34.0871,27.4896,6.5975,18.8244,8.6652,5.7529,0.1444,False
ROW00113234,TXN0048819,2026-03-25,15:48:59,SKU0710,Store A,Retail,1.0,0.913,0.7363,0.1767,0.3154,0.4209,0.0,0.0,False
ROW00113262,TXN0048833,2026-03-25,10:08:55,SKU0863,Store B,Retail,1.0,0.6225,0.502,0.1205,0.4316,0.0704,0.6225,0.5,False
ROW00113271,TXN0048837,2026-03-25,13:45:34,SKU0108,Store B,Retail,1.0,0.913,0.7363,0.1767,0.3735,0.3628,0.0,0.0,False
ROW00113349,TXN0048870,2026-03-25,16:12:34,SKU0064,Store C,Retail,1.0,0.8217,0.6627,0.159,0.3735,0.2892,0.0913,0.1,False
ROW00113369,TXN0048879,2026-03-26,12:40:04,SKU1306,Store A,Retail,2.0,8.3,6.6935,1.6065,3.818,2.8755,0.0,0.0,False
ROW00113382,TXN0048884,2026-03-26,17:11:48,SKU0474,Store A,Retail,1.0,0.415,0.3347,0.0803,0.1826,0.1521,0.0,0.0,False
ROW00113420,TXN0048893,2026-03-26,10:54:21,SKU1301,Store B,Retail,1.0,3.7848,3.0522,0.7326,2.241,0.8112,0.9462,0.2,False
ROW00113463,TXN0048910,2026-03-26,14:53:19,SKU1446,Store B,Retail,6.0,5.478,4.4178,1.0602,2.6892,1.7286,0.0,0.0,False
ROW00113488,TXN0048923,2026-03-26,17:25:36,SKU1030,Store B,Retail,1.0,0.664,0.5355,0.1285,0.4399,0.0956,0.249,0.2727,False
ROW00113499,TXN0048930,2026-03-26,10:12:57,SKU1641,Store C,Retail,1.0,0.83,0.6694,0.1606,0.6391,0.0303,0.415,0.3333,False
ROW00113520,TXN0048939,2026-03-26,16:28:56,SKU0659,Store C,Retail,2.0,1.494,1.2048,0.2892,0.5432,0.6617,0.166,0.1,False
ROW00113588,TXN0048970,2026-03-27,15:28:16,SKU1048,Store A,Retail,1.0,1.245,1.0041,0.2409,0.4281,0.5759,0.0,0.0,False
ROW00113597,TXN0048973,2026-03-27,16:24:07,SKU1549,Store A,Retail,1.0,1.162,0.9371,0.2249,0.5063,0.4308,0.0,0.0,False
ROW00113633,TXN0048990,2026-03-27,20:39:19,SKU1598,Store A,Retail,1.0,2.656,2.1419,0.5141,1.3695,0.7724,0.0,0.0,False
ROW00113647,TXN0048994,2026-03-27,12:58:00,SKU1744,Store B,Retail,1.0,0.083,0.083,0.0,0.083,0.0,0.0,0.0,False
ROW00113660,TXN0049001,2026-03-27,15:15:16,SKU0709,Store B,Retail,1.0,0.83,0.6694,0.1606,0.2,0.4694,0.0,0.0,False
ROW00113701,TXN0049017,2026-03-27,18:23:58,SKU1562,Store B,Retail,1.0,0.8217,0.6627,0.159,0.4067,0.256,0.0913,0.1,False
ROW00113762,TXN0049045,2026-03-27,16:17:50,SKU1687,Store C,Retail,1.0,0.498,0.4016,0.0964,0.3486,0.053,0.415,0.4545,False
ROW00113785,TXN0049049,2026-03-27,17:28:51,SKU1240,Store C,Retail,1.0,0.166,0.1339,0.0321,0.415,-0.2811,0.996,0.8571,False
ROW00113794,TXN0049054,2026-03-27,18:22:44,SKU0148,Store C,Retail,1.0,0.913,0.7363,0.1767,0.3569,0.3794,0.0,0.0,False
ROW00113813,TXN0049064,2026-03-27,09:03:17,SKU0703,Warehouse,Wholesale,15.0,9.2628,7.47,1.7928,5.1045,2.3655,5.6772,0.38,False
ROW00113827,TXN0049069,2026-03-28,11:23:00,SKU0841,Store A,Retail,1.0,0.2905,0.2343,0.0562,0.1909,0.0434,0.0,0.0,False
ROW00113834,TXN0049071,2026-03-28,12:08:06,SKU1321,Store A,Retail,1.0,1.411,1.1379,0.2731,0.6225,0.5154,0.0,0.0,False
ROW00113851,TXN0049082,2026-03-28,13:30:51,SKU0438,Store A,Retail,2.0,0.166,0.1339,0.0321,0.0528,0.0811,0.332,0.6667,False
ROW00113907,TXN0049114,2026-03-28,18:23:27,SKU0761,Store A,Retail,1.0,1.3446,1.0844,0.2602,0.5976,0.4868,0.1494,0.1,False
ROW00113936,TXN0049126,2026-03-28,11:50:58,SKU1610,Store B,Retail,1.0,1.411,1.1379,0.2731,0.664,0.4739,0.0,0.0,False
ROW00113984,TXN0049149,2026-03-28,14:33:15,SKU0858,Store B,Retail,1.0,0.747,0.6024,0.1446,0.3021,0.3003,0.0,0.0,False
ROW00114020,TXN0049164,2026-03-28,15:38:16,SKU0635,Store B,Retail,1.0,1.992,1.6065,0.3855,0.7138,0.8927,0.0,0.0,False
ROW00114030,TXN0049168,2026-03-28,15:46:58,SKU0658,Store B,Retail,2.0,1.66,1.3387,0.3213,0.5432,0.7956,0.0,0.0,False
ROW00114058,TXN0049177,2026-03-28,17:36:04,SKU1084,Store B,Retail,1.0,1.245,1.0041,0.2409,0.3196,0.6845,0.0,0.0,False
ROW00114104,TXN0049195,2026-03-28,19:38:18,SKU1629,Store B,Retail,2.0,0.166,0.166,0.0,0.166,0.0,0.0,0.0,False
ROW00114136,TXN0049210,2026-03-28,11:06:00,SKU1425,Store C,Retail,2.0,3.32,2.6774,0.6426,1.4774,1.2,0.0,0.0,False
ROW00114139,TXN0049211,2026-03-28,11:07:24,SKU0836,Store C,Retail,1.0,2.075,1.6734,0.4016,0.9296,0.7438,2.0335,0.4949,False
ROW00114232,TXN0049251,2026-03-28,17:04:39,SKU1370,Store C,Retail,1.0,0.83,0.6694,0.1606,0.4067,0.2627,0.0,0.0,False
ROW00114244,TXN0049257,2026-03-28,17:07:20,SKU0519,Store C,Retail,1.0,0.332,0.2678,0.0642,0.0796,0.1882,0.0,0.0,False
ROW00114263,TXN0049263,2026-03-28,17:32:43,SKU0247,Store C,Retail,1.0,1.577,1.2718,0.3052,0.7719,0.4999,0.0,0.0,False
ROW00114306,TXN0049272,2026-03-28,19:39:52,SKU0861,Store C,Retail,3.0,1.494,1.2048,0.2892,0.8538,0.351,0.0,0.0,False
ROW00114324,TXN0049283,2026-03-29,14:52:49,SKU0821,Store A,Retail,1.0,0.166,0.1339,0.0321,0.0636,0.0703,0.0,0.0,False
ROW00114388,TXN0049304,2026-03-29,17:14:54,SKU1326,Store A,Retail,1.0,1.411,1.1379,0.2731,0.6225,0.5154,0.0,0.0,False
ROW00114411,TXN0049312,2026-03-29,18:51:25,SKU0064,Store A,Retail,1.0,0.913,0.7363,0.1767,0.3735,0.3628,0.0,0.0,False
ROW00114424,TXN0049317,2026-03-29,12:13:33,SKU0325,Store B,Retail,1.0,1.411,1.1379,0.2731,0.7178,0.4201,0.0,0.0,False
ROW00114465,TXN0049340,2026-03-29,15:59:02,SKU0509,Store B,Retail,1.0,1.992,1.6065,0.3855,0.6432,0.9632,0.0,0.0,False
ROW00114490,TXN0049352,2026-03-29,18:07:40,SKU0640,Store B,Retail,1.0,1.66,1.3387,0.3213,0.6201,0.7186,0.0,0.0,False
ROW00114525,TXN0049365,2026-03-29,10:38:46,SKU0660,Store C,Retail,1.0,2.158,1.7403,0.4177,0.7945,0.9459,0.0,0.0,False
ROW00114543,TXN0049376,2026-03-29,13:04:04,SKU0679,Store C,Retail,1.0,1.245,1.0041,0.2409,0.498,0.5061,0.0,0.0,False
ROW00114570,TXN0049384,2026-03-29,14:16:56,SKU0438,Store C,Retail,1.0,0.083,0.0669,0.0161,0.0264,0.0405,0.166,0.6667,False
ROW00114621,TXN0049406,2026-03-29,17:26:53,SKU0661,Store C,Retail,1.0,0.996,0.8032,0.1928,0.415,0.3882,0.249,0.2,False
ROW00114675,TXN0049429,2026-03-30,16:18:59,SKU1546,Store A,Retail,1.0,0.747,0.6024,0.1446,0.3818,0.2206,0.0,0.0,False
ROW00114679,TXN0049432,2026-03-30,17:12:47,SKU1321,Store A,Retail,1.0,1.411,1.1379,0.2731,0.6225,0.5154,0.0,0.0,False
ROW00114682,TXN0049434,2026-03-30,18:14:50,SKU1511,Store A,Retail,1.0,0.747,0.6024,0.1446,0.3818,0.2206,0.0,0.0,False
ROW00114748,TXN0049470,2026-03-30,16:00:33,SKU0863,Store B,Retail,1.0,0.6225,0.502,0.1205,0.4316,0.0704,0.6225,0.5,False
ROW00114774,TXN0049482,2026-03-30,19:22:50,SKU0232,Store B,Retail,2.0,1.328,1.0709,0.2571,0.2656,0.8053,0.0,0.0,False
ROW00114822,TXN0049510,2026-03-30,19:15:32,SKU0519,Store C,Retail,2.0,0.5976,0.4819,0.1157,0.1592,0.3227,0.0664,0.1,False
ROW00114825,TXN0049511,2026-03-30,19:33:47,SKU1436,Store C,Retail,1.0,0.249,0.2008,0.0482,0.0743,0.1265,0.0,0.0,False
ROW00114850,TXN0049518,2026-03-31,17:34:15,SKU1216,Store A,Retail,1.0,0.9296,0.7497,0.1799,0.3619,0.3878,0.2324,0.2,False
ROW00114858,TXN0049520,2026-03-31,17:50:39,SKU1789,Store A,Retail,1.0,2.324,1.8742,0.4498,1.328,0.5462,0.166,0.0667,False
ROW00114921,TXN0049551,2026-03-31,16:51:48,SKU0519,Store B,Retail,1.0,0.332,0.2678,0.0642,0.0796,0.1882,0.0,0.0,False
ROW00114926,TXN0049552,2026-03-31,16:55:23,SKU1629,Store B,Retail,1.0,0.083,0.083,0.0,0.083,0.0,0.0,0.0,False
ROW00114976,TXN0049571,2026-03-31,12:02:28,SKU0863,Store C,Retail,2.0,1.245,1.0041,0.2409,0.8632,0.1409,1.245,0.5,False
ROW00114992,TXN0049577,2026-03-31,14:36:53,SKU0325,Store C,Retail,4.0,5.644,4.5516,1.0924,2.8711,1.6805,0.0,0.0,False
ROW00115045,TXN0049596,2026-03-31,11:53:02,SKU1332,Warehouse,Wholesale,12.0,11.7329,9.462,2.2709,6.8724,2.5896,2.2111,0.1586,False
ROW00115088,TXN0049614,2026-04-01,18:11:29,SKU1663,Store A,Retail,1.0,1.245,1.0041,0.2409,1.0241,-0.02,1.162,0.4828,False
ROW00115100,TXN0049616,2026-04-01,18:48:39,SKU0668,Store A,Retail,1.0,3.32,2.6774,0.6426,1.9123,0.7651,0.913,0.2157,False
ROW00115121,TXN0049627,2026-04-01,12:40:05,SKU1404,Store B,Retail,1.0,0.996,0.8032,0.1928,0.381,0.4222,0.0,0.0,False
ROW00115127,TXN0049630,2026-04-01,12:47:43,SKU1611,Store B,Retail,2.0,2.822,2.2758,0.5462,1.328,0.9478,0.0,0.0,False
ROW00115191,TXN0049662,2026-04-01,11:43:26,SKU0070,Store C,Retail,1.0,1.577,1.2718,0.3052,0.6225,0.6493,0.0,0.0,False
ROW00115199,TXN0049663,2026-04-01,11:57:18,SKU1460,Store C,Retail,1.0,1.162,0.9371,0.2249,0.5644,0.3727,0.0,0.0,False
ROW00115286,TXN0049697,2026-04-02,16:21:16,SKU0841,Store A,Retail,1.0,0.2905,0.2343,0.0562,0.1909,0.0434,0.0,0.0,False
ROW00115298,TXN0049701,2026-04-02,16:56:49,SKU0655,Store A,Retail,1.0,1.66,1.3387,0.3213,0.4324,0.9063,0.0,0.0,False
ROW00115303,TXN0049703,2026-04-02,17:20:48,SKU1562,Store A,Retail,1.0,0.913,0.7363,0.1767,0.4067,0.3296,0.0,0.0,False
ROW00115305,TXN0049704,2026-04-02,17:25:35,SKU1013,Store A,Retail,1.0,0.913,0.7363,0.1767,0.4648,0.2715,0.249,0.2143,False
ROW00115387,TXN0049734,2026-04-02,13:09:48,SKU1715,Store B,Retail,1.0,1.328,1.0709,0.2571,0.5063,0.5646,0.0,0.0,False
ROW00115410,TXN0049745,2026-04-02,14:43:09,SKU1321,Store B,Retail,1.0,1.2699,1.0241,0.2458,0.6225,0.4016,0.1411,0.1,False
ROW00115448,TXN0049764,2026-04-02,17:15:30,SKU0532,Store B,Retail,1.0,3.071,2.4766,0.5944,0.9794,1.4972,0.0,0.0,False
ROW00115472,TXN0049776,2026-04-02,17:31:12,SKU0710,Store B,Retail,2.0,1.826,1.4726,0.3534,0.6308,0.8418,0.0,0.0,False
ROW00115494,TXN0049784,2026-04-02,18:49:17,SKU1701,Store B,Retail,3.0,3.237,2.6105,0.6265,1.4691,1.1414,0.0,0.0,False
ROW00115539,TXN0049804,2026-04-02,13:00:06,SKU0928,Store C,Retail,2.0,6.474,5.2209,1.2531,2.8884,2.3325,0.0,0.0,False
ROW00115545,TXN0049806,2026-04-02,13:17:37,SKU1408,Store C,Retail,1.0,1.66,1.3387,0.3213,0.7387,0.6,0.0,0.0,False
ROW00115565,TXN0049815,2026-04-02,14:01:49,SKU0713,Store C,Retail,1.0,1.245,1.0041,0.2409,0.3071,0.697,0.0,0.0,False
ROW00115615,TXN0049833,2026-04-02,18:33:31,SKU1744,Store C,Retail,1.0,0.083,0.083,0.0,0.083,0.0,0.0,0.0,False
ROW00115639,TXN0049847,2026-04-03,11:52:56,SKU0438,Store A,Retail,8.0,0.664,0.5355,0.1285,0.2112,0.3244,1.328,0.6667,False
ROW00115652,TXN0049849,2026-04-03,12:47:19,SKU0441,Store A,Retail,1.0,0.083,0.0669,0.0161,0.0243,0.0426,0.166,0.6667,False
ROW00115659,TXN0049851,2026-04-03,12:48:21,SKU0631,Store A,Retail,1.0,0.83,0.6694,0.1606,0.2824,0.3869,0.0,0.0,False
ROW00115669,TXN0049856,2026-04-03,13:50:04,SKU0441,Store A,Retail,6.0,0.498,0.4016,0.0964,0.1459,0.2557,0.996,0.6667,False
ROW00115706,TXN0049872,2026-04-03,15:44:30,SKU0007,Store A,Retail,1.0,0.581,0.4685,0.1125,0.2094,0.2591,0.0,0.0,False
ROW00115793,TXN0049917,2026-04-03,13:45:18,SKU1787,Store B,Retail,1.0,2.905,2.3428,0.5622,1.3695,0.9733,0.0,0.0,False
ROW00115807,TXN0049922,2026-04-03,14:34:50,SKU0228,Store B,Retail,2.0,0.498,0.4016,0.0964,0.1203,0.2813,0.0,0.0,False
ROW00115825,TXN0049931,2026-04-03,15:12:12,SKU1510,Store B,Retail,2.0,1.494,1.2048,0.2892,0.7636,0.4412,0.0,0.0,False
ROW00115833,TXN0049935,2026-04-03,15:23:08,SKU1725,Store B,Retail,1.0,2.158,1.7403,0.4177,1.5687,0.1716,1.162,0.35,False
ROW00115853,TXN0049940,2026-04-03,15:27:41,SKU1077,Store B,Retail,1.0,1.66,1.3387,0.3213,0.4755,0.8632,0.0,0.0,False
ROW00115972,TXN0050006,2026-04-03,14:58:57,SKU0228,Store C,Retail,1.0,0.249,0.2008,0.0482,0.0602,0.1406,0.0,0.0,False
ROW00115977,TXN0050009,2026-04-03,15:14:31,SKU1787,Store C,Retail,1.0,2.905,2.3428,0.5622,1.3695,0.9733,0.0,0.0,False
ROW00115992,TXN0050016,2026-04-03,15:57:34,SKU1536,Store C,Retail,1.0,0.996,0.8032,0.1928,0.4233,0.3799,0.0,0.0,False
ROW00116016,TXN0050029,2026-04-04,12:00:29,SKU1546,Store A,Retail,1.0,0.747,0.6024,0.1446,0.3818,0.2206,0.0,0.0,False
ROW00116043,TXN0050041,2026-04-04,14:36:48,SKU1208,Store A,Retail,1.0,2.324,1.8742,0.4498,1.0458,0.8284,0.0,0.0,False
ROW00116048,TXN0050042,2026-04-04,14:37:58,SKU1558,Store A,Retail,2.0,1.494,1.2048,0.2892,0.7636,0.4412,0.0,0.0,False
ROW00116096,TXN0050063,2026-04-04,17:17:26,SKU1249,Store A,Retail,1.0,0.747,0.6024,0.1446,0.3154,0.287,0.0,0.0,False
ROW00116130,TXN0050075,2026-04-04,11:38:59,SKU0659,Store B,Retail,1.0,0.83,0.6694,0.1606,0.2716,0.3978,0.0,0.0,False
ROW00116167,TXN0050091,2026-04-04,14:30:58,SKU0899,Store B,Retail,2.0,0.8964,0.7229,0.1735,0.3154,0.4075,0.0996,0.1,False
ROW00116226,TXN0050112,2026-04-04,16:09:27,SKU1013,Store B,Retail,1.0,0.913,0.7363,0.1767,0.4648,0.2715,0.249,0.2143,False
ROW00116238,TXN0050115,2026-04-04,16:27:06,SKU1629,Store B,Retail,1.0,0.083,0.083,0.0,0.083,0.0,0.0,0.0,False
ROW00116263,TXN0050120,2026-04-04,17:02:45,SKU0583,Store B,Retail,1.0,0.083,0.0669,0.0161,0.0249,0.042,0.083,0.5,False
ROW00116265,TXN0050120,2026-04-04,17:02:45,SKU1790,Store B,Retail,1.0,2.324,1.8742,0.4498,1.3695,0.5047,0.581,0.2,False
ROW00116324,TXN0050151,2026-04-04,11:04:33,SKU1283,Store C,Retail,1.0,0.664,0.5355,0.1285,0.2988,0.2367,0.0,0.0,False
ROW00116326,TXN0050152,2026-04-04,11:05:33,SKU0861,Store C,Retail,1.0,0.498,0.4016,0.0964,0.2846,0.117,0.0,0.0,False
ROW00116331,TXN0050157,2026-04-04,11:18:44,SKU1543,Store C,Retail,2.0,3.32,2.6774,0.6426,1.6102,1.0672,0.0,0.0,False
ROW00116335,TXN0050160,2026-04-04,11:20:09,SKU1077,Store C,Retail,1.0,1.66,1.3387,0.3213,0.4755,0.8632,0.0,0.0,False
ROW00116363,TXN0050172,2026-04-04,12:37:46,SKU1253,Store C,Retail,1.0,1.162,0.9371,0.2249,0.5976,0.3395,0.332,0.2222,False
ROW00116418,TXN0050202,2026-04-04,14:56:12,SKU0803,Store C,Retail,1.0,1.328,1.0709,0.2571,0.2407,0.8302,0.0,0.0,False
ROW00116503,TXN0050241,2026-04-04,17:26:32,SKU0678,Store C,Retail,2.0,3.652,2.9452,0.7068,0.8234,2.1218,0.0,0.0,False
ROW00116505,TXN0050242,2026-04-04,17:28:05,SKU0861,Store C,Retail,2.0,0.996,0.8032,0.1928,0.5692,0.234,0.0,0.0,False
ROW00116547,TXN0050267,2026-04-05,10:26:51,SKU0761,Store A,Retail,1.0,1.494,1.2048,0.2892,0.5976,0.6072,0.0,0.0,False
ROW00116559,TXN0050272,2026-04-05,12:26:53,SKU0664,Store A,Retail,1.0,3.32,2.6774,0.6426,1.9123,0.7651,0.913,0.2157,False
ROW00116577,TXN0050280,2026-04-05,13:02:58,SKU0519,Store A,Retail,4.0,1.328,1.0709,0.2571,0.3184,0.7526,0.0,0.0,False
ROW00116600,TXN0050287,2026-04-05,13:55:02,SKU0659,Store A,Retail,1.0,0.83,0.6694,0.1606,0.2716,0.3978,0.0,0.0,False
ROW00116702,TXN0050322,2026-04-05,12:52:15,SKU0441,Store B,Retail,1.0,0.083,0.0669,0.0161,0.0243,0.0426,0.166,0.6667,False
ROW00116724,TXN0050335,2026-04-05,16:11:58,SKU0711,Store B,Retail,1.0,0.747,0.6024,0.1446,0.2905,0.3119,0.0,0.0,False
ROW00116728,TXN0050337,2026-04-05,16:28:49,SKU0986,Store B,Retail,1.0,1.494,1.2048,0.2892,0.6059,0.5989,0.0,0.0,False
ROW00116782,TXN0050363,2026-04-05,11:11:43,SKU0166,Store C,Retail,1.0,1.66,1.3387,0.3213,0.415,0.9237,0.0,0.0,False
ROW00116827,TXN0050382,2026-04-05,12:10:53,SKU1790,Store C,Retail,1.0,2.324,1.8742,0.4498,1.3695,0.5047,0.581,0.2,False
ROW00116910,TXN0050404,2026-04-05,14:10:39,SKU1466,Store C,Retail,1.0,3.154,2.5435,0.6105,1.2865,1.257,0.0,0.0,False
ROW00116911,TXN0050405,2026-04-05,14:12:55,SKU1384,Store C,Retail,1.0,0.996,0.8032,0.1928,0.4897,0.3135,0.0,0.0,False
ROW00116922,TXN0050411,2026-04-05,14:35:03,SKU0804,Store C,Retail,2.0,2.656,2.1419,0.5141,0.5478,1.5941,0.0,0.0,False
ROW00116926,TXN0050412,2026-04-05,14:37:21,SKU0070,Store C,Retail,1.0,1.577,1.2718,0.3052,0.6225,0.6493,0.0,0.0,False
ROW00116936,TXN0050414,2026-04-05,14:46:33,SKU0583,Store C,Retail,1.0,0.083,0.0669,0.0161,0.0251,0.0418,0.083,0.5,False
ROW00117001,TXN0050438,2026-04-05,16:35:31,SKU1416,Store C,Retail,1.0,1.079,0.8702,0.2088,0.4777,0.3925,0.0,0.0,False
ROW00117016,TXN0050445,2026-04-06,10:38:16,SKU0438,Store A,Retail,1.0,0.083,0.0669,0.0161,0.0264,0.0405,0.166,0.6667,False
ROW00117019,TXN0050446,2026-04-06,10:38:41,SKU0189,Store A,Retail,1.0,0.083,0.0669,0.0161,0.0264,0.0405,0.166,0.6667,False
ROW00117067,TXN0050466,2026-04-06,12:54:31,SKU0936,Store B,Retail,1.0,9.0885,7.3294,1.7591,4.5982,2.7312,0.0,0.0,False
ROW00117075,TXN0050467,2026-04-06,13:32:43,SKU0841,Store B,Retail,1.0,0.2905,0.2343,0.0562,0.1909,0.0434,0.0,0.0,False
ROW00117173,TXN0050520,2026-04-06,13:41:45,SKU1606,Store C,Retail,1.0,1.411,1.1379,0.2731,0.664,0.4739,0.0,0.0,False
ROW00117199,TXN0050531,2026-04-06,15:51:11,SKU0260,Store C,Retail,1.0,1.826,1.4726,0.3534,0.7171,0.7555,0.0,0.0,False
ROW00117220,TXN0050541,2026-04-06,18:54:03,SKU1592,Store C,Retail,1.0,1.162,0.9371,0.2249,0.415,0.5221,0.0,0.0,False
ROW00117228,TXN0050546,2026-04-07,13:40:34,SKU0898,Store A,Retail,1.0,7.387,5.9572,1.4298,3.3449,2.6123,0.0,0.0,False
ROW00117231,TXN0050547,2026-04-07,13:43:23,SKU0108,Store A,Retail,1.0,0.913,0.7363,0.1767,0.3735,0.3628,0.0,0.0,False
ROW00117281,TXN0050567,2026-04-07,12:49:12,SKU0879,Store B,Retail,2.0,0.332,0.2678,0.0642,0.0622,0.2055,0.083,0.2,False
ROW00117295,TXN0050577,2026-04-07,15:13:10,SKU0532,Store B,Retail,1.0,3.071,2.4766,0.5944,0.9794,1.4972,0.0,0.0,False
ROW00117325,TXN0050591,2026-04-07,10:13:57,SKU1615,Store C,Retail,1.0,1.411,1.1379,0.2731,0.664,0.4739,0.0,0.0,False
ROW00117352,TXN0050608,2026-04-07,17:27:49,SKU1711,Store C,Retail,1.0,1.328,1.0709,0.2571,0.5063,0.5646,0.0,0.0,False
ROW00117380,TXN0050621,2026-04-07,08:59:32,SKU0532,Warehouse,Wholesale,12.0,20.9957,16.932,4.0637,11.7528,5.1792,15.8563,0.4303,False
ROW00117413,TXN0050627,2026-04-08,13:17:37,SKU0801,Store A,Retail,2.0,2.8386,2.2892,0.5494,1.245,1.0442,0.3154,0.1,False
ROW00117447,TXN0050642,2026-04-08,16:11:23,SKU0613,Store A,Retail,1.0,1.162,0.9371,0.2249,0.5561,0.381,0.0,0.0,False
ROW00117465,TXN0050652,2026-04-08,18:17:15,SKU0841,Store A,Retail,1.0,0.2905,0.2343,0.0562,0.1909,0.0434,0.0,0.0,False
ROW00117496,TXN0050665,2026-04-08,11:45:48,SKU0633,Store B,Retail,1.0,1.992,1.6065,0.3855,0.7968,0.8097,0.0,0.0,False
ROW00117543,TXN0050688,2026-04-08,17:36:29,SKU1766,Store B,Retail,1.0,1.9422,1.5663,0.3759,0.7945,0.7718,0.2158,0.1,False
ROW00117556,TXN0050693,2026-04-08,18:10:59,SKU1663,Store B,Retail,1.0,1.245,1.0041,0.2409,1.0241,-0.02,1.162,0.4828,False
ROW00117595,TXN0050718,2026-04-08,15:13:42,SKU0635,Store C,Retail,1.0,1.992,1.6065,0.3855,0.7138,0.8927,0.0,0.0,False
ROW00117614,TXN0050725,2026-04-08,17:32:14,SKU1787,Store C,Retail,1.0,2.324,1.8742,0.4498,1.3695,0.5047,0.581,0.2,False
ROW00117660,TXN0050748,2026-04-09,19:48:09,SKU1629,Store A,Retail,1.0,0.083,0.083,0.0,0.083,0.0,0.0,0.0,False
ROW00117688,TXN0050758,2026-04-09,12:42:26,SKU0863,Store B,Retail,2.0,1.245,1.0041,0.2409,0.8632,0.1409,1.245,0.5,False
ROW00117693,TXN0050761,2026-04-09,13:04:28,SKU1744,Store B,Retail,1.0,0.083,0.083,0.0,0.083,0.0,0.0,0.0,False
ROW00117711,TXN0050769,2026-04-09,14:46:28,SKU0086,Store B,Retail,1.0,0.8217,0.6627,0.159,0.3735,0.2892,0.0913,0.1,False
ROW00117778,TXN0050798,2026-04-09,12:38:15,SKU0007,Store C,Retail,3.0,1.743,1.4056,0.3374,0.6282,0.7774,0.0,0.0,False
ROW00117831,TXN0050823,2026-04-10,14:58:14,SKU0681,Store A,Retail,1.0,1.0458,0.8434,0.2024,0.3826,0.4607,0.1162,0.1,False
ROW00117847,TXN0050828,2026-04-10,17:04:19,SKU0710,Store A,Retail,1.0,0.913,0.7363,0.1767,0.3154,0.4209,0.0,0.0,False
ROW00117869,TXN0050833,2026-04-10,19:17:52,SKU0091,Store A,Retail,1.0,0.913,0.7363,0.1767,0.3735,0.3628,0.0,0.0,False
ROW00117899,TXN0050838,2026-04-10,10:41:30,SKU1761,Store B,Retail,1.0,1.328,1.0709,0.2571,0.5063,0.5646,0.0,0.0,False
ROW00117973,TXN0050868,2026-04-10,17:44:11,SKU1270,Store B,Retail,1.0,1.3446,1.0844,0.2602,0.6142,0.4702,0.1494,0.1,False
ROW00117974,TXN0050868,2026-04-10,17:44:11,SKU1790,Store B,Retail,1.0,2.324,1.8742,0.4498,1.3695,0.5047,0.581,0.2,False
ROW00118031,TXN0050894,2026-04-10,14:38:40,SKU0863,Store C,Retail,1.0,0.6225,0.502,0.1205,0.4316,0.0704,0.6225,0.5,False
ROW00118078,TXN0050917,2026-04-10,18:26:14,SKU0883,Store C,Retail,2.0,0.2988,0.2409,0.0579,0.1411,0.0998,0.0332,0.1,False
ROW00118082,TXN0050919,2026-04-10,19:15:43,SKU1049,Store C,Retail,1.0,1.245,1.0041,0.2409,0.3583,0.6457,0.0,0.0,False
ROW00118094,TXN0050925,2026-04-10,12:33:42,SKU0668,Warehouse,Wholesale,15.0,49.0928,39.591,9.5018,28.6848,10.9062,14.4022,0.2268,False
ROW00118111,TXN0050938,2026-04-11,13:42:12,SKU0019,Store A,Retail,1.0,13.197,10.6428,2.5542,5.1203,5.5225,0.0,0.0,False
ROW00118201,TXN0050971,2026-04-11,18:32:15,SKU1711,Store A,Retail,1.0,1.328,1.0709,0.2571,0.5063,0.5646,0.0,0.0,False
ROW00118218,TXN0050977,2026-04-11,20:40:32,SKU0784,Store A,Retail,1.0,0.913,0.7363,0.1767,0.3984,0.3379,0.0,0.0,False
ROW00118223,TXN0050979,2026-04-11,20:44:30,SKU1787,Store A,Retail,1.0,2.905,2.3428,0.5622,1.3695,0.9733,0.0,0.0,False
ROW00118236,TXN0050980,2026-04-11,10:53:20,SKU1663,Store A,Retail,1.0,1.245,1.0041,0.2409,1.0241,-0.02,1.162,0.4828,False
ROW00118260,TXN0050991,2026-04-11,12:22:08,SKU0861,Store B,Retail,1.0,0.498,0.4016,0.0964,0.2846,0.117,0.0,0.0,False
ROW00118273,TXN0050996,2026-04-11,12:59:55,SKU0681,Store B,Retail,1.0,1.162,0.9371,0.2249,0.3826,0.5544,0.0,0.0,False
ROW00118309,TXN0051012,2026-04-11,15:08:43,SKU0861,Store B,Retail,2.0,0.996,0.8032,0.1928,0.5692,0.234,0.0,0.0,False
ROW00118336,TXN0051021,2026-04-11,17:14:15,SKU1444,Store B,Retail,1.0,0.8217,0.6627,0.159,0.4482,0.2145,0.0913,0.1,False
ROW00118372,TXN0051040,2026-04-11,10:45:02,SKU1715,Store C,Retail,1.0,1.328,1.0709,0.2571,0.5063,0.5646,0.0,0.0,False
ROW00118419,TXN0051066,2026-04-11,13:42:48,SKU0861,Store C,Retail,1.0,0.498,0.4016,0.0964,0.2846,0.117,0.0,0.0,False
ROW00118431,TXN0051073,2026-04-11,14:47:35,SKU0982,Store C,Retail,1.0,1.328,1.0709,0.2571,0.5063,0.5646,0.0,0.0,False
ROW00118475,TXN0051095,2026-04-11,16:09:19,SKU0861,Store C,Retail,1.0,0.498,0.4016,0.0964,0.2846,0.117,0.0,0.0,False
ROW00118546,TXN0051127,2026-04-12,14:57:41,SKU1615,Store A,Retail,1.0,1.411,1.1379,0.2731,0.664,0.4739,0.0,0.0,False
ROW00118549,TXN0051128,2026-04-12,15:15:14,SKU1077,Store A,Retail,1.0,1.66,1.3387,0.3213,0.4755,0.8632,0.0,0.0,False
ROW00118562,TXN0051133,2026-04-12,16:49:39,SKU0564,Store A,Retail,1.0,1.66,1.3387,0.3213,0.4897,0.849,0.0,0.0,False
ROW00118626,TXN0051157,2026-04-12,14:23:34,SKU1629,Store B,Retail,2.0,0.166,0.166,0.0,0.166,0.0,0.0,0.0,False
ROW00118644,TXN0051162,2026-04-12,14:55:41,SKU1424,Store B,Retail,1.0,0.2241,0.1807,0.0434,0.0743,0.1064,0.0249,0.1,False
ROW00118651,TXN0051163,2026-04-12,14:57:51,SKU0153,Store B,Retail,1.0,0.3154,0.2544,0.061,0.1231,0.1313,0.0581,0.1556,False
ROW00118682,TXN0051178,2026-04-12,17:53:10,SKU1444,Store B,Retail,1.0,0.913,0.7363,0.1767,0.4482,0.2881,0.0,0.0,False
ROW00118737,TXN0051204,2026-04-12,12:57:57,SKU1606,Store C,Retail,1.0,1.411,1.1379,0.2731,0.664,0.4739,0.0,0.0,False
ROW00118760,TXN0051216,2026-04-12,13:50:18,SKU0953,Store C,Retail,1.0,2.407,1.9411,0.4659,0.8674,1.0738,0.0,0.0,False
ROW00118768,TXN0051219,2026-04-12,13:54:20,SKU0841,Store C,Retail,1.0,0.2905,0.2343,0.0562,0.1909,0.0434,0.0,0.0,False
ROW00118812,TXN0051239,2026-04-12,17:21:18,SKU1687,Store C,Retail,1.0,0.498,0.4016,0.0964,0.3486,0.053,0.415,0.4545,False
ROW00118840,TXN0051250,2026-04-13,14:30:30,SKU1741,Store A,Retail,1.0,0.083,0.083,0.0,0.083,0.0,0.0,0.0,False
ROW00118851,TXN0051253,2026-04-13,15:15:39,SKU1364,Store A,Retail,1.0,2.075,1.6734,0.4016,0.7885,0.8849,0.0,0.0,False
ROW00118866,TXN0051256,2026-04-13,16:05:42,SKU1212,Store A,Retail,1.0,1.494,1.2048,0.2892,0.8217,0.3831,0.166,0.1,False
ROW00118906,TXN0051274,2026-04-13,10:26:12,SKU0883,Store B,Retail,10.0,1.66,1.3387,0.3213,0.7055,0.6332,0.0,0.0,False
ROW00118931,TXN0051286,2026-04-13,13:20:01,SKU1629,Store B,Retail,1.0,0.083,0.083,0.0,0.083,0.0,0.0,0.0,False
ROW00118943,TXN0051294,2026-04-13,14:07:30,SKU1606,Store B,Retail,1.0,1.411,1.1379,0.2731,0.664,0.4739,0.0,0.0,False
ROW00118979,TXN0051310,2026-04-13,16:00:17,SKU0712,Store B,Retail,1.0,1.245,1.0041,0.2409,0.3071,0.697,0.0,0.0,False
ROW00119030,TXN0051338,2026-04-13,10:35:44,SKU1077,Store C,Retail,1.0,1.66,1.3387,0.3213,0.4755,0.8632,0.0,0.0,False
ROW00119034,TXN0051339,2026-04-13,10:42:18,SKU1446,Store C,Retail,1.0,0.913,0.7363,0.1767,0.4482,0.2881,0.0,0.0,False
ROW00119062,TXN0051352,2026-04-13,13:28:41,SKU1629,Store C,Retail,1.0,0.083,0.083,0.0,0.083,0.0,0.0,0.0,False
ROW00119157,TXN0051397,2026-04-14,14:50:17,SKU1404,Store A,Retail,1.0,0.996,0.8032,0.1928,0.381,0.4222,0.0,0.0,False
ROW00119172,TXN0051402,2026-04-14,15:25:01,SKU1716,Store A,Retail,1.0,1.328,1.0709,0.2571,0.498,0.5729,0.0,0.0,False
ROW00119179,TXN0051406,2026-04-14,17:42:52,SKU0883,Store A,Retail,1.0,0.1494,0.1205,0.0289,0.0706,0.05,0.0166,0.1,False
ROW00119215,TXN0051420,2026-04-14,06:00:55,SKU0247,Store A,Retail,1.0,1.577,1.2718,0.3052,0.7719,0.4999,0.0,0.0,False
ROW00119249,TXN0051431,2026-04-14,12:18:16,SKU0105,Store B,Retail,1.0,0.913,0.7363,0.1767,0.3735,0.3628,0.0,0.0,False
ROW00119264,TXN0051440,2026-04-14,13:40:18,SKU0260,Store B,Retail,2.0,3.652,2.9452,0.7068,1.4342,1.5109,0.0,0.0,False
ROW00119283,TXN0051452,2026-04-14,15:01:05,SKU0157,Store B,Retail,1.0,0.913,0.7363,0.1767,0.3569,0.3794,0.0,0.0,False
ROW00119285,TXN0051452,2026-04-14,15:01:05,SKU1049,Store B,Retail,1.0,1.245,1.0041,0.2409,0.3583,0.6457,0.0,0.0,False
ROW00119287,TXN0051453,2026-04-14,15:04:36,SKU0709,Store B,Retail,1.0,0.83,0.6694,0.1606,0.2,0.4694,0.0,0.0,False
ROW00119383,TXN0051501,2026-04-14,14:58:54,SKU0008,Store C,Retail,1.0,0.581,0.4685,0.1125,0.2094,0.2591,0.0,0.0,False
ROW00119413,TXN0051517,2026-04-14,09:54:46,SKU1648,Warehouse,Wholesale,9.0,18.5256,14.94,3.5856,10.3833,4.5567,2.3904,0.1143,False
ROW00119427,TXN0051521,2026-04-15,12:16:58,SKU1629,Store A,Retail,1.0,0.083,0.083,0.0,0.083,0.0,0.0,0.0,False
ROW00119514,TXN0051558,2026-04-15,18:43:13,SKU0438,Store A,Retail,1.0,0.083,0.0669,0.0161,0.0264,0.0405,0.166,0.6667,False
ROW00119517,TXN0051560,2026-04-15,20:35:16,SKU0713,Store A,Retail,1.0,1.245,1.0041,0.2409,0.3071,0.697,0.0,0.0,False
ROW00119564,TXN0051588,2026-04-15,14:48:31,SKU1559,Store B,Retail,1.0,0.6723,0.5422,0.1301,0.3818,0.1604,0.0747,0.1,False
ROW00119576,TXN0051593,2026-04-15,15:05:02,SKU1030,Store B,Retail,2.0,1.328,1.0709,0.2571,0.8798,0.1911,0.498,0.2727,False
ROW00119610,TXN0051608,2026-04-15,17:30:26,SKU1513,Store B,Retail,1.0,0.747,0.6024,0.1446,0.3818,0.2206,0.0,0.0,False
ROW00119619,TXN0051612,2026-04-15,17:32:26,SKU0692,Store B,Retail,1.0,0.498,0.4016,0.0964,0.21,0.1916,0.0,0.0,False
ROW00119670,TXN0051633,2026-04-15,13:31:45,SKU1759,Store C,Retail,1.0,1.328,1.0709,0.2571,0.5063,0.5646,0.0,0.0,False
ROW00119678,TXN0051638,2026-04-15,14:59:39,SKU1629,Store C,Retail,1.0,0.083,0.083,0.0,0.083,0.0,0.0,0.0,False
ROW00119716,TXN0051659,2026-04-15,15:58:10,SKU1030,Warehouse,Wholesale,5.0,3.32,2.6774,0.6426,2.1995,0.4779,1.245,0.2727,False
ROW00119720,TXN0051661,2026-04-16,11:43:19,SKU1618,Store A,Retail,1.0,0.996,0.8032,0.1928,0.498,0.3052,0.0,0.0,False
ROW00119762,TXN0051680,2026-04-16,16:24:34,SKU1663,Store A,Retail,2.0,2.49,2.0081,0.4819,2.0481,-0.04,2.324,0.4828,False
ROW00119792,TXN0051693,2026-04-16,19:52:31,SKU0841,Store A,Retail,1.0,0.2905,0.2343,0.0562,0.1909,0.0434,0.0,0.0,False
ROW00119836,TXN0051708,2026-04-16,13:52:10,SKU0952,Store B,Retail,1.0,2.1663,1.747,0.4193,0.8922,0.8547,0.2407,0.1,False
ROW00119848,TXN0051712,2026-04-16,14:02:40,SKU0232,Store B,Retail,1.0,0.664,0.5355,0.1285,0.1328,0.4027,0.0,0.0,False
ROW00119890,TXN0051735,2026-04-16,16:22:46,SKU0711,Store B,Retail,1.0,0.747,0.6024,0.1446,0.2905,0.3119,0.0,0.0,False
ROW00119944,TXN0051763,2026-04-16,19:27:02,SKU1384,Store B,Retail,1.0,0.996,0.8032,0.1928,0.4897,0.3135,0.0,0.0,False
ROW00119945,TXN0051764,2026-04-16,19:38:28,SKU0583,Store B,Retail,2.0,0.166,0.1339,0.0321,0.0501,0.0837,0.166,0.5,False
ROW00119990,TXN0051785,2026-04-16,15:02:42,SKU0635,Store C,Retail,1.0,1.992,1.6065,0.3855,0.7138,0.8927,0.0,0.0,False
ROW00120014,TXN0051797,2026-04-16,17:16:33,SKU1322,Store C,Retail,1.0,1.411,1.1379,0.2731,0.6225,0.5154,0.0,0.0,False
ROW00120020,TXN0051798,2026-04-16,18:07:33,SKU1687,Store C,Retail,3.0,1.494,1.2048,0.2892,1.0458,0.159,1.245,0.4545,False
ROW00120037,TXN0051811,2026-04-17,12:23:10,SKU0189,Store A,Retail,1.0,0.083,0.0669,0.0161,0.0264,0.0405,0.166,0.6667,False
ROW00120055,TXN0051817,2026-04-17,14:56:45,SKU0438,Store A,Retail,4.0,0.332,0.2678,0.0642,0.1056,0.1622,0.664,0.6667,False
ROW00120095,TXN0051831,2026-04-17,17:39:08,SKU1216,Store A,Retail,1.0,1.0458,0.8434,0.2024,0.3619,0.4815,0.1162,0.1,False
ROW00120124,TXN0051842,2026-04-17,10:47:12,SKU0867,Store B,Retail,1.0,0.0415,0.0334,0.0081,0.0181,0.0154,0.0415,0.5,False
ROW00120133,TXN0051846,2026-04-17,12:00:29,SKU1715,Store B,Retail,1.0,1.328,1.0709,0.2571,0.5063,0.5646,0.0,0.0,False
ROW00120142,TXN0051851,2026-04-17,12:35:13,SKU1233,Store B,Retail,1.0,1.245,1.0041,0.2409,0.5146,0.4895,0.0,0.0,False
ROW00120175,TXN0051862,2026-04-17,14:39:54,SKU0678,Store B,Retail,1.0,1.826,1.4726,0.3534,0.4117,1.0609,0.0,0.0,False
ROW00120178,TXN0051862,2026-04-17,14:39:54,SKU1787,Store B,Retail,1.0,2.905,2.3428,0.5622,1.3695,0.9733,0.0,0.0,False
ROW00120273,TXN0051911,2026-04-17,19:16:39,SKU0692,Store B,Retail,1.0,0.498,0.4016,0.0964,0.21,0.1916,0.0,0.0,False
ROW00120291,TXN0051918,2026-04-17,12:18:49,SKU1364,Store C,Retail,1.0,2.075,1.6734,0.4016,0.7885,0.8849,0.0,0.0,False
ROW00120352,TXN0051946,2026-04-17,19:46:45,SKU0658,Store C,Retail,1.0,0.83,0.6694,0.1606,0.2716,0.3978,0.0,0.0,False
ROW00120383,TXN0051959,2026-04-18,12:26:31,SKU1271,Store A,Retail,1.0,2.075,1.6734,0.4016,0.9047,0.7687,0.0,0.0,False
ROW00120400,TXN0051972,2026-04-18,15:20:22,SKU0698,Store A,Retail,1.0,1.7181,1.3856,0.3325,0.6032,0.7824,0.1909,0.1,False
ROW00120436,TXN0051987,2026-04-18,20:22:22,SKU1050,Store A,Retail,1.0,1.245,1.0041,0.2409,0.3234,0.6807,0.0,0.0,False
ROW00120473,TXN0051998,2026-04-18,12:04:36,SKU1207,Store B,Retail,1.0,2.0916,1.6868,0.4048,1.0458,0.641,0.2324,0.1,False
ROW00120500,TXN0052004,2026-04-18,13:32:01,SKU1013,Store B,Retail,2.0,1.826,1.4726,0.3534,0.9296,0.543,0.498,0.2143,False
ROW00120548,TXN0052027,2026-04-18,17:00:31,SKU1513,Store B,Retail,1.0,0.747,0.6024,0.1446,0.3818,0.2206,0.0,0.0,False
ROW00120560,TXN0052035,2026-04-18,17:40:15,SKU0140,Store B,Retail,1.0,1.826,1.4726,0.3534,0.913,0.5596,0.0,0.0,False
ROW00120577,TXN0052044,2026-04-18,10:05:35,SKU0711,Store C,Retail,1.0,0.747,0.6024,0.1446,0.2905,0.3119,0.0,0.0,False
ROW00120587,TXN0052047,2026-04-18,11:23:24,SKU0001,Store C,Retail,5.0,0.83,0.6694,0.1606,0.2166,0.4528,0.415,0.3333,False
ROW00120617,TXN0052059,2026-04-18,13:11:29,SKU0861,Store C,Retail,1.0,0.498,0.4016,0.0964,0.2846,0.117,0.0,0.0,False
ROW00120654,TXN0052075,2026-04-18,14:36:24,SKU0248,Store C,Retail,1.0,1.577,1.2718,0.3052,0.679,0.5928,0.0,0.0,False
ROW00120777,TXN0052125,2026-04-18,18:35:36,SKU0519,Store C,Retail,4.0,1.328,1.0709,0.2571,0.3184,0.7526,0.0,0.0,False
ROW00120788,TXN0052131,2026-04-18,19:53:08,SKU0518,Store C,Retail,1.0,0.581,0.4685,0.1125,0.2229,0.2456,0.0,0.0,False
ROW00120794,TXN0052131,2026-04-18,19:53:08,SKU0950,Store C,Retail,1.0,0.498,0.4016,0.0964,0.1743,0.2273,0.0,0.0,False
ROW00120830,TXN0052141,2026-04-19,13:03:06,SKU1404,Store A,Retail,1.0,0.996,0.8032,0.1928,0.381,0.4222,0.0,0.0,False
ROW00120838,TXN0052141,2026-04-19,13:03:06,SKU1787,Store A,Retail,1.0,2.905,2.3428,0.5622,1.3695,0.9733,0.0,0.0,False
ROW00120839,TXN0052142,2026-04-19,13:19:51,SKU1260,Store A,Retail,1.0,0.9711,0.7831,0.188,0.5644,0.2187,0.1079,0.1,False
ROW00120895,TXN0052160,2026-04-19,15:48:33,SKU1607,Store A,Retail,1.0,1.411,1.1379,0.2731,0.664,0.4739,0.0,0.0,False
ROW00120936,TXN0052178,2026-04-19,18:17:40,SKU1614,Store A,Retail,1.0,1.411,1.1379,0.2731,0.664,0.4739,0.0,0.0,False
ROW00120954,TXN0052186,2026-04-19,10:57:42,SKU0728,Store B,Retail,1.0,2.1663,1.747,0.4193,0.8922,0.8547,0.2407,0.1,False
ROW00120992,TXN0052204,2026-04-19,15:55:16,SKU0655,Store B,Retail,2.0,3.32,2.6774,0.6426,0.8649,1.8126,0.0,0.0,False
ROW00121043,TXN0052233,2026-04-19,11:54:34,SKU1305,Store C,Retail,1.0,2.075,1.6734,0.4016,0.6225,1.0509,0.0,0.0,False
ROW00121095,TXN0052256,2026-04-19,14:03:56,SKU0583,Store C,Retail,6.0,0.498,0.4016,0.0964,0.1504,0.2512,0.498,0.5,False
ROW00121104,TXN0052260,2026-04-19,14:22:43,SKU1370,Store C,Retail,1.0,0.83,0.6694,0.1606,0.4067,0.2627,0.0,0.0,False
ROW00121119,TXN0052267,2026-04-19,14:57:15,SKU0147,Store C,Retail,2.0,1.826,1.4726,0.3534,0.6806,0.792,0.0,0.0,False
ROW00121168,TXN0052286,2026-04-19,17:16:15,SKU0841,Store C,Retail,1.0,0.2324,0.1874,0.045,0.1909,-0.0035,0.0581,0.2,False
ROW00121190,TXN0052301,2026-04-20,16:18:31,SKU0664,Store A,Retail,1.0,3.32,2.6774,0.6426,1.9123,0.7651,0.913,0.2157,False
ROW00121193,TXN0052301,2026-04-20,16:18:31,SKU0805,Store A,Retail,1.0,1.1952,0.9639,0.2313,0.2739,0.69,0.1328,0.1,False
ROW00121214,TXN0052309,2026-04-20,17:53:38,SKU1200,Store A,Retail,1.0,1.162,0.9371,0.2249,0.5395,0.3976,0.0,0.0,False
ROW00121315,TXN0052346,2026-04-20,17:41:18,SKU0692,Store B,Retail,1.0,0.498,0.4016,0.0964,0.21,0.1916,0.0,0.0,False
ROW00121322,TXN0052349,2026-04-20,19:15:09,SKU0655,Store B,Retail,1.0,1.66,1.3387,0.3213,0.4324,0.9063,0.0,0.0,False
ROW00121355,TXN0052353,2026-04-20,11:30:02,SKU1513,Store C,Retail,2.0,1.494,1.2048,0.2892,0.7636,0.4412,0.0,0.0,False
ROW00121373,TXN0052364,2026-04-20,15:05:40,SKU0708,Store C,Retail,1.0,0.996,0.8032,0.1928,0.366,0.4372,0.0,0.0,False
ROW00121404,TXN0052376,2026-04-20,18:58:32,SKU0583,Store C,Retail,3.0,0.249,0.2008,0.0482,0.0752,0.1256,0.249,0.5,False
ROW00121411,TXN0052381,2026-04-20,16:09:14,SKU1030,Warehouse,Wholesale,13.0,8.6984,7.0148,1.6836,5.7187,1.2961,3.1706,0.2671,False
ROW00121434,TXN0052396,2026-04-21,19:35:46,SKU0582,Store A,Retail,1.0,0.415,0.3347,0.0803,0.0913,0.2434,0.0,0.0,False
ROW00121479,TXN0052421,2026-04-21,18:18:48,SKU1790,Store B,Retail,1.0,2.324,1.8742,0.4498,1.3695,0.5047,0.581,0.2,False
ROW00121490,TXN0052429,2026-04-21,19:06:19,SKU0144,Store B,Retail,1.0,0.3735,0.3012,0.0723,0.1231,0.1781,0.0,0.0,False
ROW00121513,TXN0052441,2026-04-21,16:42:43,SKU0710,Store C,Retail,1.0,0.913,0.7363,0.1767,0.3154,0.4209,0.0,0.0,False
ROW00121526,TXN0052447,2026-04-21,16:32:28,SKU1501,Warehouse,Wholesale,48.0,35.0758,28.2869,6.7889,23.5056,4.7813,24.6842,0.4131,False
ROW00121553,TXN0052457,2026-04-22,13:31:59,SKU1536,Store A,Retail,2.0,1.7928,1.4458,0.347,0.8466,0.5992,0.1992,0.1,False
ROW00121579,TXN0052468,2026-04-22,16:28:13,SKU1618,Store A,Retail,1.0,0.996,0.8032,0.1928,0.498,0.3052,0.0,0.0,False
ROW00121606,TXN0052478,2026-04-22,19:58:01,SKU1216,Store A,Retail,1.0,1.0458,0.8434,0.2024,0.3619,0.4815,0.1162,0.1,False
ROW00121649,TXN0052497,2026-04-22,14:38:19,SKU1744,Store B,Retail,1.0,0.083,0.083,0.0,0.083,0.0,0.0,0.0,False
ROW00121651,TXN0052498,2026-04-22,14:39:13,SKU0867,Store B,Retail,6.0,0.249,0.2008,0.0482,0.1086,0.0922,0.249,0.5,False
ROW00121700,TXN0052517,2026-04-22,18:02:36,SKU0863,Store B,Retail,1.0,0.6225,0.502,0.1205,0.4316,0.0704,0.6225,0.5,False
ROW00121705,TXN0052520,2026-04-22,18:35:51,SKU0709,Store B,Retail,1.0,0.83,0.6694,0.1606,0.2,0.4694,0.0,0.0,False
ROW00121741,TXN0052533,2026-04-22,12:28:51,SKU1629,Store C,Retail,1.0,0.083,0.083,0.0,0.083,0.0,0.0,0.0,False
ROW00121783,TXN0052559,2026-04-23,14:47:22,SKU0982,Store A,Retail,1.0,1.328,1.0709,0.2571,0.5063,0.5646,0.0,0.0,False
ROW00121808,TXN0052570,2026-04-23,10:27:04,SKU0635,Store B,Retail,1.0,1.7928,1.4458,0.347,0.7138,0.732,0.1992,0.1,False
ROW00121858,TXN0052592,2026-04-23,16:50:31,SKU0583,Store B,Retail,5.0,0.415,0.3347,0.0803,0.1253,0.2093,0.415,0.5,False
ROW00121881,TXN0052604,2026-04-23,19:22:46,SKU0438,Store B,Retail,1.0,0.083,0.0669,0.0161,0.0264,0.0405,0.166,0.6667,False
ROW00121928,TXN0052626,2026-04-23,15:51:35,SKU0800,Store C,Retail,3.0,9.462,7.6306,1.8314,3.6105,4.0201,0.0,0.0,False
ROW00121941,TXN0052635,2026-04-23,18:50:41,SKU1555,Store C,Retail,1.0,1.66,1.3387,0.3213,0.8466,0.4921,0.0,0.0,False
ROW00121948,TXN0052639,2026-04-24,14:28:39,SKU1629,Store A,Retail,2.0,0.166,0.166,0.0,0.166,0.0,0.0,0.0,False
ROW00121967,TXN0052647,2026-04-24,17:23:47,SKU1563,Store A,Retail,1.0,0.913,0.7363,0.1767,0.4067,0.3296,0.0,0.0,False
ROW00122054,TXN0052688,2026-04-24,14:56:24,SKU0702,Store B,Retail,1.0,1.162,0.9371,0.2249,0.3503,0.5868,0.0,0.0,False
ROW00122091,TXN0052705,2026-04-24,17:33:51,SKU0652,Store B,Retail,1.0,1.245,1.0041,0.2409,0.4084,0.5957,0.0,0.0,False
ROW00122117,TXN0052716,2026-04-24,19:26:43,SKU1610,Store B,Retail,1.0,1.411,1.1379,0.2731,0.664,0.4739,0.0,0.0,False
ROW00122131,TXN0052718,2026-04-24,19:38:11,SKU1618,Store B,Retail,2.0,1.992,1.6065,0.3855,0.996,0.6105,0.0,0.0,False
ROW00122164,TXN0052728,2026-04-24,13:01:00,SKU1274,Store C,Retail,1.0,1.66,1.3387,0.3213,0.8217,0.517,0.0,0.0,False
ROW00122214,TXN0052748,2026-04-24,17:09:03,SKU0841,Store C,Retail,1.0,0.2905,0.2343,0.0562,0.1909,0.0434,0.0,0.0,False
ROW00122217,TXN0052748,2026-04-24,17:09:03,SKU1398,Store C,Retail,1.0,0.249,0.2008,0.0482,0.0743,0.1265,0.0,0.0,False
ROW00122236,TXN0052756,2026-04-25,12:37:51,SKU0841,Store A,Retail,1.0,0.2905,0.2343,0.0562,0.1909,0.0434,0.0,0.0,False
ROW00122286,TXN0052777,2026-04-25,16:34:25,SKU1715,Store A,Retail,1.0,1.328,1.0709,0.2571,0.5063,0.5646,0.0,0.0,False
ROW00122295,TXN0052781,2026-04-25,17:20:50,SKU0095,Store A,Retail,1.0,0.913,0.7363,0.1767,0.3735,0.3628,0.0,0.0,False
ROW00122342,TXN0052801,2026-04-25,20:42:46,SKU0867,Store A,Retail,4.0,0.166,0.1339,0.0321,0.071,0.0628,0.166,0.5,False
ROW00122363,TXN0052813,2026-04-25,13:08:22,SKU1513,Store B,Retail,1.0,0.747,0.6024,0.1446,0.3818,0.2206,0.0,0.0,False
ROW00122380,TXN0052822,2026-04-25,14:24:43,SKU0728,Store B,Retail,1.0,1.9256,1.5529,0.3727,0.8922,0.6607,0.4814,0.2,False
ROW00122404,TXN0052833,2026-04-25,15:31:02,SKU0519,Store B,Retail,1.0,0.332,0.2678,0.0642,0.0796,0.1882,0.0,0.0,False
ROW00122428,TXN0052843,2026-04-25,16:14:03,SKU0248,Store B,Retail,1.0,1.577,1.2718,0.3052,0.679,0.5928,0.0,0.0,False
ROW00122432,TXN0052844,2026-04-25,16:14:36,SKU1509,Store B,Retail,1.0,0.747,0.6024,0.1446,0.3818,0.2206,0.0,0.0,False
ROW00122514,TXN0052885,2026-04-25,11:59:10,SKU0655,Store C,Retail,1.0,1.66,1.3387,0.3213,0.4324,0.9063,0.0,0.0,False
ROW00122534,TXN0052898,2026-04-25,13:28:39,SKU1554,Store C,Retail,1.0,2.905,2.3428,0.5622,1.4027,0.9401,0.0,0.0,False
ROW00122573,TXN0052913,2026-04-25,15:19:07,SKU1274,Store C,Retail,1.0,1.66,1.3387,0.3213,0.8217,0.517,0.0,0.0,False
ROW00122654,TXN0052946,2026-04-25,17:26:27,SKU1074,Store C,Retail,1.0,1.328,1.0709,0.2571,0.7968,0.2741,0.332,0.2,False
ROW00122655,TXN0052947,2026-04-25,17:29:04,SKU0668,Store C,Retail,1.0,3.32,2.6774,0.6426,1.9123,0.7651,0.913,0.2157,False
ROW00122663,TXN0052951,2026-04-25,17:53:11,SKU0798,Store C,Retail,1.0,3.154,2.5435,0.6105,1.2865,1.257,0.0,0.0,False
ROW00122708,TXN0052971,2026-04-26,14:27:43,SKU0441,Store A,Retail,1.0,0.083,0.0669,0.0161,0.0243,0.0426,0.166,0.6667,False
ROW00122723,TXN0052980,2026-04-26,15:24:22,SKU0519,Store A,Retail,1.0,0.332,0.2678,0.0642,0.0796,0.1882,0.0,0.0,False
ROW00122759,TXN0052996,2026-04-26,18:09:23,SKU1030,Store A,Retail,1.0,0.664,0.5355,0.1285,0.4399,0.0956,0.249,0.2727,False
ROW00122779,TXN0053005,2026-04-26,18:55:36,SKU1768,Store A,Retail,1.0,2.158,1.7403,0.4177,0.7945,0.9459,0.0,0.0,False
ROW00122781,TXN0053007,2026-04-26,10:51:43,SKU1513,Store B,Retail,1.0,0.747,0.6024,0.1446,0.3818,0.2206,0.0,0.0,False
ROW00122813,TXN0053027,2026-04-26,15:04:07,SKU0438,Store B,Retail,1.0,0.083,0.0669,0.0161,0.0264,0.0405,0.166,0.6667,False
ROW00122874,TXN0053062,2026-04-26,12:28:42,SKU0564,Store C,Retail,1.0,1.66,1.3387,0.3213,0.4897,0.849,0.0,0.0,False
ROW00122879,TXN0053064,2026-04-26,12:32:49,SKU0652,Store C,Retail,1.0,1.245,1.0041,0.2409,0.4084,0.5957,0.0,0.0,False
ROW00122936,TXN0053088,2026-04-26,16:31:44,SKU0007,Store C,Retail,1.0,0.581,0.4685,0.1125,0.2094,0.2591,0.0,0.0,False
ROW00122953,TXN0053097,2026-04-27,11:04:03,SKU0583,Store A,Retail,2.0,0.166,0.1339,0.0321,0.0501,0.0837,0.166,0.5,False
ROW00122977,TXN0053109,2026-04-27,15:45:15,SKU1511,Store A,Retail,2.0,1.494,1.2048,0.2892,0.7636,0.4412,0.0,0.0,False
ROW00122989,TXN0053114,2026-04-27,16:26:19,SKU0664,Store A,Retail,1.0,3.32,2.6774,0.6426,1.9123,0.7651,0.913,0.2157,False
ROW00123032,TXN0053135,2026-04-27,13:17:18,SKU0549,Store B,Retail,4.0,1.66,1.3386,0.3214,2.2908,-0.9522,5.644,0.7727,False
ROW00123072,TXN0053155,2026-04-27,19:36:33,SKU0087,Store B,Retail,1.0,0.913,0.7363,0.1767,0.3735,0.3628,0.0,0.0,False
ROW00123074,TXN0053157,2026-04-27,09:48:37,SKU0861,Store C,Retail,1.0,0.3984,0.3213,0.0771,0.2846,0.0367,0.0996,0.2,False
ROW00123080,TXN0053159,2026-04-27,10:22:38,SKU1432,Store C,Retail,1.0,1.577,1.2718,0.3052,0.7553,0.5165,0.0,0.0,False
ROW00123123,TXN0053176,2026-04-27,15:39:21,SKU0939,Store C,Retail,1.0,14.857,11.9815,2.8755,11.5702,0.4113,7.5115,0.3358,False
ROW00123212,TXN0053216,2026-04-28,19:01:43,SKU0441,Store A,Retail,1.0,0.083,0.0669,0.0161,0.0243,0.0426,0.166,0.6667,False
ROW00123215,TXN0053217,2026-04-28,19:02:21,SKU0883,Store A,Retail,1.0,0.166,0.1339,0.0321,0.0706,0.0633,0.0,0.0,False
ROW00123253,TXN0053238,2026-04-28,14:44:59,SKU1077,Store B,Retail,1.0,1.66,1.3387,0.3213,0.4755,0.8632,0.0,0.0,False
ROW00123284,TXN0053258,2026-04-28,18:15:21,SKU0982,Store B,Retail,1.0,1.328,1.0709,0.2571,0.5063,0.5646,0.0,0.0,False
ROW00123337,TXN0053280,2026-04-28,14:40:34,SKU0981,Store C,Retail,2.0,1.328,1.0709,0.2571,0.581,0.4899,0.0,0.0,False
ROW00123362,TXN0053291,2026-04-28,18:58:29,SKU1787,Store C,Retail,1.0,2.905,2.3428,0.5622,1.3695,0.9733,0.0,0.0,False
ROW00123369,TXN0053292,2026-04-28,08:44:00,SKU1730,Warehouse,Wholesale,12.0,34.0871,27.4896,6.5975,12.8484,14.6412,5.7529,0.1444,False
ROW00123415,TXN0053312,2026-04-29,14:57:35,SKU0899,Store A,Retail,1.0,0.498,0.4016,0.0964,0.1577,0.2439,0.0,0.0,False
ROW00123419,TXN0053315,2026-04-29,15:56:00,SKU0583,Store A,Retail,2.0,0.166,0.1339,0.0321,0.0501,0.0837,0.166,0.5,False
ROW00123440,TXN0053326,2026-04-29,17:40:13,SKU0519,Store A,Retail,2.0,0.664,0.5355,0.1285,0.1592,0.3763,0.0,0.0,False
ROW00123476,TXN0053345,2026-04-29,12:47:25,SKU1274,Store B,Retail,1.0,1.494,1.2048,0.2892,0.8217,0.3831,0.166,0.1,False
ROW00123525,TXN0053372,2026-04-29,17:51:58,SKU0146,Store B,Retail,1.0,0.913,0.7363,0.1767,0.3403,0.396,0.0,0.0,False
ROW00123537,TXN0053381,2026-04-29,18:21:55,SKU1723,Store B,Retail,1.0,2.988,2.4097,0.5783,1.5687,0.841,0.332,0.1,False
ROW00123599,TXN0053416,2026-04-29,18:24:52,SKU0147,Store C,Retail,1.0,0.913,0.7363,0.1767,0.3403,0.396,0.0,0.0,False
ROW00123606,TXN0053419,2026-04-29,19:17:37,SKU1013,Store C,Retail,1.0,0.913,0.7363,0.1767,0.4648,0.2715,0.249,0.2143,False
ROW00123632,TXN0053427,2026-04-30,14:33:06,SKU0153,Store A,Retail,1.0,0.3735,0.3012,0.0723,0.1231,0.1781,0.0,0.0,False
ROW00123640,TXN0053433,2026-04-30,15:48:12,SKU1629,Store A,Retail,2.0,0.166,0.166,0.0,0.166,0.0,0.0,0.0,False
ROW00123698,TXN0053456,2026-04-30,11:13:56,SKU0709,Store B,Retail,1.0,0.83,0.6694,0.1606,0.2,0.4694,0.0,0.0,False
ROW00123746,TXN0053477,2026-04-30,18:11:12,SKU0569,Store B,Retail,3.0,0.8715,0.7028,0.1687,0.0251,0.6777,3.1125,0.7812,False
ROW00123764,TXN0053486,2026-04-30,11:31:35,SKU1074,Store C,Retail,1.0,0.996,0.8032,0.1928,0.7968,0.0064,0.664,0.4,False
ROW00123812,TXN0053509,2026-05-01,12:01:16,SKU1629,Store A,Retail,2.0,0.166,0.166,0.0,0.166,0.0,0.0,0.0,False
ROW00123873,TXN0053532,2026-05-01,15:34:13,SKU0086,Store A,Retail,1.0,0.913,0.7363,0.1767,0.3735,0.3628,0.0,0.0,False
ROW00123882,TXN0053532,2026-05-01,15:34:13,SKU1558,Store A,Retail,1.0,0.747,0.6024,0.1446,0.3818,0.2206,0.0,0.0,False
ROW00123888,TXN0053535,2026-05-01,16:08:29,SKU0899,Store A,Retail,1.0,0.498,0.4016,0.0964,0.1577,0.2439,0.0,0.0,False
ROW00123955,TXN0053566,2026-05-01,11:10:49,SKU0583,Store B,Retail,1.0,0.083,0.0669,0.0161,0.0251,0.0418,0.083,0.5,False
ROW00123959,TXN0053570,2026-05-01,12:11:57,SKU1485,Store B,Retail,5.0,1.245,1.0041,0.2409,0.6391,0.365,0.415,0.25,False
ROW00123989,TXN0053583,2026-05-01,14:22:07,SKU1077,Store B,Retail,1.0,1.66,1.3387,0.3213,0.4755,0.8632,0.0,0.0,False
ROW00124067,TXN0053616,2026-05-01,18:44:36,SKU0323,Store B,Retail,1.0,1.411,1.1379,0.2731,0.7178,0.4201,0.0,0.0,False
ROW00124089,TXN0053622,2026-05-01,10:53:28,SKU1237,Store C,Retail,1.0,1.1205,0.9036,0.2169,0.4897,0.4139,0.1245,0.1,False
ROW00124111,TXN0053626,2026-05-01,11:54:18,SKU1328,Store C,Retail,2.0,2.822,2.2758,0.5462,1.245,1.0308,0.0,0.0,False
ROW00124113,TXN0053627,2026-05-01,11:55:30,SKU1606,Store C,Retail,1.0,1.411,1.1379,0.2731,0.664,0.4739,0.0,0.0,False
ROW00124166,TXN0053655,2026-05-01,16:36:47,SKU0655,Store C,Retail,1.0,1.66,1.3387,0.3213,0.4324,0.9063,0.0,0.0,False
ROW00124210,TXN0053680,2026-05-01,18:25:23,SKU0123,Store C,Retail,1.0,1.162,0.9371,0.2249,0.3652,0.5719,0.0,0.0,False
ROW00124223,TXN0053689,2026-05-01,15:40:42,SKU1030,Warehouse,Wholesale,20.0,13.28,10.7097,2.5703,8.798,1.9117,4.98,0.2727,False
ROW00124235,TXN0053694,2026-05-02,12:09:22,SKU1026,Store A,Retail,1.0,0.747,0.6024,0.1446,0.332,0.2704,0.0,0.0,False
ROW00124267,TXN0053706,2026-05-02,13:46:48,SKU0655,Store A,Retail,1.0,1.66,1.3387,0.3213,0.4324,0.9063,0.0,0.0,False
ROW00124338,TXN0053739,2026-05-02,18:41:27,SKU1328,Store A,Retail,1.0,1.411,1.1379,0.2731,0.6225,0.5154,0.0,0.0,False
ROW00124344,TXN0053741,2026-05-02,18:55:29,SKU1051,Store A,Retail,2.0,2.656,2.1419,0.5141,0.8798,1.2621,0.0,0.0,False
ROW00124406,TXN0053772,2026-05-02,16:52:53,SKU1332,Store B,Retail,1.0,1.162,0.9371,0.2249,0.5727,0.3644,0.0,0.0,False
ROW00124421,TXN0053780,2026-05-02,17:35:12,SKU0153,Store B,Retail,1.0,0.3735,0.3012,0.0723,0.1231,0.1781,0.0,0.0,False
ROW00124423,TXN0053781,2026-05-02,17:56:00,SKU0681,Store B,Retail,1.0,1.162,0.9371,0.2249,0.3826,0.5544,0.0,0.0,False
ROW00124438,TXN0053791,2026-05-02,10:34:11,SKU0519,Store C,Retail,1.0,0.332,0.2678,0.0642,0.0796,0.1882,0.0,0.0,False
ROW00124473,TXN0053802,2026-05-02,11:58:49,SKU1768,Store C,Retail,1.0,2.158,1.7403,0.4177,0.7945,0.9459,0.0,0.0,False
ROW00124541,TXN0053832,2026-05-02,15:10:11,SKU0519,Store C,Retail,3.0,0.996,0.8032,0.1928,0.2388,0.5644,0.0,0.0,False
ROW00124542,TXN0053832,2026-05-02,15:10:11,SKU0633,Store C,Retail,3.0,5.976,4.8194,1.1566,2.3904,2.429,0.0,0.0,False
ROW00124586,TXN0053847,2026-05-02,16:29:30,SKU0228,Store C,Retail,1.0,0.249,0.2008,0.0482,0.0602,0.1406,0.0,0.0,False
ROW00124598,TXN0053855,2026-05-02,17:11:48,SKU1701,Store C,Retail,2.0,2.158,1.7403,0.4177,0.9794,0.7609,0.0,0.0,False
ROW00124611,TXN0053859,2026-05-02,17:38:33,SKU1741,Store C,Retail,1.0,0.083,0.083,0.0,0.083,0.0,0.0,0.0,False
ROW00124658,TXN0053874,2026-05-02,18:52:40,SKU1597,Store C,Retail,1.0,2.656,2.1419,0.5141,1.3695,0.7724,0.0,0.0,False
ROW00124673,TXN0053880,2026-05-03,10:57:55,SKU0655,Store A,Retail,1.0,1.66,1.3387,0.3213,0.4324,0.9063,0.0,0.0,False
ROW00124679,TXN0053882,2026-05-03,11:34:10,SKU1051,Store A,Retail,1.0,1.328,1.0709,0.2571,0.4399,0.631,0.0,0.0,False
ROW00124687,TXN0053883,2026-05-03,13:18:26,SKU1713,Store A,Retail,1.0,1.1952,0.9639,0.2313,0.5146,0.4493,0.1328,0.1,False
ROW00124780,TXN0053923,2026-05-03,13:12:48,SKU1787,Store B,Retail,2.0,5.81,4.6855,1.1245,2.739,1.9465,0.0,0.0,False
ROW00124782,TXN0053925,2026-05-03,13:14:12,SKU1077,Store B,Retail,1.0,1.66,1.3387,0.3213,0.4755,0.8632,0.0,0.0,False
ROW00124798,TXN0053929,2026-05-03,14:36:18,SKU1472,Store B,Retail,1.0,1.1205,0.9036,0.2169,0.4897,0.4139,0.1245,0.1,False
ROW00124916,TXN0053982,2026-05-03,13:10:11,SKU0441,Store C,Retail,1.0,0.083,0.0669,0.0161,0.0243,0.0426,0.166,0.6667,False
ROW00124934,TXN0053986,2026-05-03,13:34:30,SKU0668,Store C,Retail,1.0,3.32,2.6774,0.6426,1.9123,0.7651,0.913,0.2157,False
ROW00124953,TXN0053993,2026-05-03,14:12:49,SKU1077,Store C,Retail,1.0,1.66,1.3387,0.3213,0.4755,0.8632,0.0,0.0,False
ROW00124956,TXN0053995,2026-05-03,14:16:39,SKU0831,Store C,Retail,1.0,0.498,0.4016,0.0964,0.1701,0.2315,0.0,0.0,False
ROW00125024,TXN0054024,2026-05-04,15:44:06,SKU0247,Store A,Retail,1.0,1.4193,1.1446,0.2747,0.7719,0.3727,0.1577,0.1,False
ROW00125027,TXN0054024,2026-05-04,15:44:06,SKU0986,Store A,Retail,1.0,1.3446,1.0844,0.2602,0.6059,0.4785,0.1494,0.1,False
ROW00125060,TXN0054032,2026-05-04,20:25:19,SKU0582,Store A,Retail,1.0,0.3735,0.3012,0.0723,0.0913,0.2099,0.0415,0.1,False
ROW00125090,TXN0054046,2026-05-04,15:47:17,SKU0652,Store B,Retail,1.0,1.1205,0.9036,0.2169,0.4084,0.4953,0.1245,0.1,False
ROW00125094,TXN0054048,2026-05-04,16:21:11,SKU0189,Store B,Retail,2.0,0.166,0.1339,0.0321,0.0528,0.0811,0.332,0.6667,False
ROW00125134,TXN0054066,2026-05-04,12:05:49,SKU0708,Store C,Retail,1.0,0.996,0.8032,0.1928,0.366,0.4372,0.0,0.0,False
ROW00125137,TXN0054066,2026-05-04,12:05:49,SKU1328,Store C,Retail,1.0,1.411,1.1379,0.2731,0.6225,0.5154,0.0,0.0,False
ROW00125231,TXN0054115,2026-05-05,19:11:34,SKU1398,Store A,Retail,1.0,0.2241,0.1807,0.0434,0.0743,0.1064,0.0249,0.1,False
ROW00125251,TXN0054124,2026-05-05,19:51:59,SKU0883,Store A,Retail,3.0,0.498,0.4016,0.0964,0.2116,0.19,0.0,0.0,False
ROW00125254,TXN0054126,2026-05-05,20:01:11,SKU0702,Store A,Retail,2.0,2.0916,1.6868,0.4048,0.7005,0.9863,0.2324,0.1,False
ROW00125310,TXN0054148,2026-05-05,16:10:15,SKU1384,Store B,Retail,1.0,0.996,0.8032,0.1928,0.4897,0.3135,0.0,0.0,False
ROW00125332,TXN0054159,2026-05-05,19:53:55,SKU1744,Store B,Retail,1.0,0.083,0.083,0.0,0.083,0.0,0.0,0.0,False
ROW00125336,TXN0054163,2026-05-05,12:18:33,SKU0841,Store C,Retail,1.0,0.2905,0.2343,0.0562,0.1909,0.0434,0.0,0.0,False
ROW00125342,TXN0054165,2026-05-05,13:41:11,SKU0841,Store C,Retail,1.0,0.2573,0.2075,0.0498,0.1909,0.0166,0.0332,0.1143,False
ROW00125390,TXN0054186,2026-05-05,15:29:43,SKU1744,Warehouse,Wholesale,12.0,0.996,0.996,0.0,0.996,0.0,0.0,0.0,False
ROW00125393,TXN0054187,2026-05-06,11:32:09,SKU0585,Store A,Retail,1.0,1.494,1.2048,0.2892,0.7885,0.4163,0.166,0.1,False
ROW00125447,TXN0054216,2026-05-06,20:33:40,SKU0438,Store A,Retail,2.0,0.166,0.1339,0.0321,0.0528,0.0811,0.332,0.6667,False
ROW00125478,TXN0054229,2026-05-06,12:33:04,SKU1322,Store B,Retail,1.0,1.411,1.1379,0.2731,0.6225,0.5154,0.0,0.0,False
ROW00125504,TXN0054244,2026-05-06,15:03:25,SKU1026,Store B,Retail,1.0,0.747,0.6024,0.1446,0.332,0.2704,0.0,0.0,False
ROW00125551,TXN0054265,2026-05-06,18:42:06,SKU1424,Store B,Retail,1.0,0.249,0.2008,0.0482,0.0743,0.1265,0.0,0.0,False
ROW00125627,TXN0054305,2026-05-06,16:44:38,SKU0821,Store C,Retail,1.0,0.166,0.1339,0.0321,0.0636,0.0703,0.0,0.0,False
ROW00125642,TXN0054313,2026-05-06,18:41:14,SKU0108,Store C,Retail,1.0,0.913,0.7363,0.1767,0.3735,0.3628,0.0,0.0,False
ROW00125646,TXN0054316,2026-05-06,19:01:00,SKU1049,Store C,Retail,1.0,1.245,1.0041,0.2409,0.3583,0.6457,0.0,0.0,False
ROW00125661,TXN0054324,2026-05-07,10:28:02,SKU0086,Store A,Retail,1.0,0.8217,0.6627,0.159,0.3735,0.2892,0.0913,0.1,False
ROW00125670,TXN0054325,2026-05-07,11:45:52,SKU0841,Store A,Retail,1.0,0.2905,0.2343,0.0562,0.1909,0.0434,0.0,0.0,False
ROW00125683,TXN0054329,2026-05-07,13:28:38,SKU0841,Store A,Retail,1.0,0.2905,0.2343,0.0562,0.1909,0.0434,0.0,0.0,False
ROW00125766,TXN0054365,2026-05-07,13:02:29,SKU1629,Store B,Retail,2.0,0.166,0.166,0.0,0.166,0.0,0.0,0.0,False
ROW00125771,TXN0054368,2026-05-07,14:09:26,SKU1325,Store B,Retail,1.0,1.411,1.1379,0.2731,0.6225,0.5154,0.0,0.0,False
ROW00125838,TXN0054405,2026-05-07,14:36:14,SKU1483,Store C,Retail,1.0,1.245,1.0041,0.2409,0.5312,0.4729,0.0,0.0,False
ROW00125860,TXN0054416,2026-05-07,16:20:35,SKU0991,Store C,Retail,1.0,1.328,1.0709,0.2571,0.5063,0.5646,0.0,0.0,False
ROW00125882,TXN0054422,2026-05-07,12:43:05,SKU0668,Warehouse,Wholesale,45.0,147.2785,118.773,28.5055,86.0544,32.7186,43.2065,0.2268,False
ROW00125914,TXN0054431,2026-05-08,14:42:53,SKU0861,Store A,Retail,1.0,0.498,0.4016,0.0964,0.2846,0.117,0.0,0.0,False
ROW00125963,TXN0054450,2026-05-08,18:01:17,SKU1416,Store A,Retail,1.0,1.079,0.8702,0.2088,0.4777,0.3925,0.0,0.0,False
ROW00125986,TXN0054459,2026-05-08,19:48:08,SKU1323,Store A,Retail,1.0,1.411,1.1379,0.2731,0.6225,0.5154,0.0,0.0,False
ROW00126006,TXN0054467,2026-05-08,20:42:20,SKU0569,Store A,Retail,1.0,0.2905,0.2343,0.0562,0.0084,0.2259,1.0375,0.7812,False
ROW00126046,TXN0054480,2026-05-08,15:32:20,SKU1327,Store B,Retail,1.0,1.411,1.1379,0.2731,0.6225,0.5154,0.0,0.0,False
ROW00126073,TXN0054488,2026-05-08,16:50:50,SKU0709,Store B,Retail,1.0,0.83,0.6694,0.1606,0.2,0.4694,0.0,0.0,False
ROW00126075,TXN0054489,2026-05-08,17:03:48,SKU1436,Store B,Retail,1.0,0.249,0.2008,0.0482,0.0743,0.1265,0.0,0.0,False
ROW00126097,TXN0054496,2026-05-08,18:11:03,SKU1096,Store B,Retail,1.0,1.494,1.2048,0.2892,0.415,0.7898,0.0,0.0,False
ROW00126138,TXN0054512,2026-05-08,13:01:47,SKU0841,Store C,Retail,1.0,0.2573,0.2075,0.0498,0.1909,0.0166,0.0332,0.1143,False
ROW00126176,TXN0054523,2026-05-08,15:36:37,SKU0189,Store C,Retail,3.0,0.249,0.2008,0.0482,0.0792,0.1216,0.498,0.6667,False
ROW00126196,TXN0054530,2026-05-08,15:58:12,SKU1744,Store C,Retail,1.0,0.083,0.083,0.0,0.083,0.0,0.0,0.0,False
ROW00126209,TXN0054536,2026-05-08,16:45:25,SKU1613,Store C,Retail,1.0,1.411,1.1379,0.2731,0.664,0.4739,0.0,0.0,False
ROW00126258,TXN0054550,2026-05-09,12:08:48,SKU1216,Store A,Retail,1.0,1.162,0.9371,0.2249,0.3619,0.5752,0.0,0.0,False
ROW00126294,TXN0054569,2026-05-09,14:41:52,SKU0841,Store A,Retail,1.0,0.2905,0.2343,0.0562,0.1909,0.0434,0.0,0.0,False
ROW00126314,TXN0054576,2026-05-09,15:22:54,SKU0666,Store A,Retail,1.0,4.233,3.4137,0.8193,1.9123,1.5014,0.0,0.0,False
ROW00126341,TXN0054587,2026-05-09,17:17:13,SKU1322,Store A,Retail,1.0,1.2699,1.0241,0.2458,0.6225,0.4016,0.1411,0.1,False
ROW00126344,TXN0054587,2026-05-09,17:17:13,SKU1328,Store A,Retail,1.0,1.2699,1.0241,0.2458,0.6225,0.4016,0.1411,0.1,False
ROW00126361,TXN0054593,2026-05-09,17:50:02,SKU0438,Store A,Retail,1.0,0.083,0.0669,0.0161,0.0264,0.0405,0.166,0.6667,False
ROW00126496,TXN0054639,2026-05-09,14:54:40,SKU0899,Store B,Retail,1.0,0.498,0.4016,0.0964,0.1577,0.2439,0.0,0.0,False
ROW00126506,TXN0054644,2026-05-09,15:50:50,SKU1233,Store B,Retail,1.0,1.245,1.0041,0.2409,0.5146,0.4895,0.0,0.0,False
ROW00126551,TXN0054661,2026-05-09,18:43:55,SKU1734,Store B,Retail,1.0,1.494,1.2048,0.2892,0.415,0.7898,0.0,0.0,False
ROW00126558,TXN0054667,2026-05-09,18:56:44,SKU0982,Store B,Retail,1.0,1.328,1.0709,0.2571,0.5063,0.5646,0.0,0.0,False
ROW00126587,TXN0054678,2026-05-09,11:17:24,SKU0105,Store C,Retail,1.0,0.913,0.7363,0.1767,0.3735,0.3628,0.0,0.0,False
ROW00126596,TXN0054680,2026-05-09,11:49:08,SKU0126,Store C,Retail,1.0,1.826,1.4726,0.3534,0.6377,0.8349,0.0,0.0,False
ROW00126610,TXN0054688,2026-05-09,13:11:57,SKU0232,Store C,Retail,1.0,0.664,0.5355,0.1285,0.1328,0.4027,0.0,0.0,False
ROW00126640,TXN0054701,2026-05-09,14:32:59,SKU0474,Store C,Retail,1.0,0.415,0.3347,0.0803,0.1826,0.1521,0.0,0.0,False
ROW00126716,TXN0054729,2026-05-09,17:13:47,SKU0583,Store C,Retail,9.0,0.747,0.6024,0.1446,0.2256,0.3768,0.747,0.5,False
ROW00126744,TXN0054744,2026-05-10,12:10:33,SKU0228,Store A,Retail,1.0,0.249,0.2008,0.0482,0.0602,0.1406,0.0,0.0,False
ROW00126778,TXN0054758,2026-05-10,14:19:01,SKU1025,Store A,Retail,2.0,1.494,1.2048,0.2892,0.664,0.5408,0.0,0.0,False
ROW00126819,TXN0054781,2026-05-10,17:45:46,SKU0001,Store A,Retail,4.0,0.664,0.5355,0.1285,0.1733,0.3622,0.332,0.3333,False
ROW00126882,TXN0054801,2026-05-10,15:01:13,SKU1416,Store B,Retail,1.0,1.079,0.8702,0.2088,0.4777,0.3925,0.0,0.0,False
ROW00126899,TXN0054808,2026-05-10,15:49:14,SKU0095,Store B,Retail,1.0,0.913,0.7363,0.1767,0.3735,0.3628,0.0,0.0,False
ROW00126926,TXN0054820,2026-05-10,17:08:16,SKU1079,Store B,Retail,1.0,1.577,1.2718,0.3052,0.3776,0.8942,0.0,0.0,False
ROW00126933,TXN0054823,2026-05-10,17:21:23,SKU1325,Store B,Retail,1.0,1.411,1.1379,0.2731,0.6225,0.5154,0.0,0.0,False
ROW00126968,TXN0054840,2026-05-10,10:41:09,SKU1283,Store C,Retail,2.0,1.328,1.0709,0.2571,0.5976,0.4733,0.0,0.0,False
ROW00127011,TXN0054859,2026-05-10,14:05:34,SKU0841,Store C,Retail,1.0,0.2905,0.2343,0.0562,0.1909,0.0434,0.0,0.0,False
ROW00127052,TXN0054877,2026-05-10,15:05:28,SKU0228,Store C,Retail,1.0,0.083,0.0669,0.0161,0.0602,0.0067,0.166,0.6667,False
ROW00127086,TXN0054891,2026-05-10,16:17:09,SKU1511,Store C,Retail,2.0,1.3446,1.0844,0.2602,0.7636,0.3208,0.1494,0.1,False
ROW00127094,TXN0054893,2026-05-10,16:36:14,SKU1559,Store C,Retail,1.0,0.747,0.6024,0.1446,0.3818,0.2206,0.0,0.0,False
ROW00127103,TXN0054896,2026-05-10,16:48:06,SKU1327,Store C,Retail,1.0,1.411,1.1379,0.2731,0.6225,0.5154,0.0,0.0,False
ROW00127158,TXN0054919,2026-05-11,16:06:12,SKU1711,Store A,Retail,1.0,1.328,1.0709,0.2571,0.5063,0.5646,0.0,0.0,False
ROW00127166,TXN0054923,2026-05-11,16:53:19,SKU0681,Store A,Retail,2.0,2.324,1.8742,0.4498,0.7653,1.109,0.0,0.0,False
ROW00127231,TXN0054960,2026-05-11,19:32:40,SKU0653,Store B,Retail,1.0,1.826,1.4726,0.3534,0.4067,1.0659,0.0,0.0,False
ROW00127263,TXN0054982,2026-05-11,17:01:21,SKU1597,Store C,Retail,1.0,2.656,2.1419,0.5141,1.3695,0.7724,0.0,0.0,False
ROW00127269,TXN0054987,2026-05-11,19:00:40,SKU0681,Store C,Retail,1.0,1.162,0.9371,0.2249,0.3826,0.5544,0.0,0.0,False
ROW00127310,TXN0055004,2026-05-12,13:51:17,SKU1326,Store A,Retail,1.0,1.411,1.1379,0.2731,0.6225,0.5154,0.0,0.0,False
ROW00127318,TXN0055009,2026-05-12,15:26:24,SKU1766,Store A,Retail,1.0,1.826,1.4726,0.3534,0.7945,0.6781,0.332,0.1538,False
ROW00127340,TXN0055019,2026-05-12,18:11:46,SKU1365,Store A,Retail,1.0,0.332,0.2678,0.0642,0.1411,0.1267,0.0,0.0,False
ROW00127368,TXN0055032,2026-05-12,11:58:33,SKU1322,Store B,Retail,2.0,2.822,2.2758,0.5462,1.245,1.0308,0.0,0.0,False
ROW00127408,TXN0055053,2026-05-12,16:33:46,SKU0189,Store B,Retail,1.0,0.083,0.0669,0.0161,0.0264,0.0405,0.166,0.6667,False
ROW00127449,TXN0055065,2026-05-12,18:48:04,SKU0100,Store B,Retail,2.0,0.332,0.2678,0.0642,0.1487,0.119,0.166,0.3333,False
ROW00127467,TXN0055071,2026-05-12,12:06:59,SKU1482,Store C,Retail,1.0,1.245,1.0041,0.2409,0.5312,0.4729,0.0,0.0,False
ROW00127527,TXN0055092,2026-05-12,17:09:53,SKU0983,Store C,Retail,1.0,1.328,1.0709,0.2571,0.5063,0.5646,0.0,0.0,False
ROW00127529,TXN0055094,2026-05-12,17:10:51,SKU1715,Store C,Retail,1.0,1.328,1.0709,0.2571,0.5063,0.5646,0.0,0.0,False
ROW00127536,TXN0055097,2026-05-12,17:56:13,SKU1687,Store C,Retail,2.0,0.996,0.8032,0.1928,0.6972,0.106,0.83,0.4545,False
ROW00127574,TXN0055114,2026-05-12,10:44:42,SKU1501,Warehouse,Wholesale,24.0,17.5376,14.1432,3.3944,11.7528,2.3904,12.3424,0.4131,False
ROW00127595,TXN0055121,2026-05-13,13:45:35,SKU0858,Store A,Retail,1.0,0.498,0.4016,0.0964,0.3021,0.0995,0.249,0.3333,False
ROW00127602,TXN0055122,2026-05-13,14:41:24,SKU1305,Store A,Retail,1.0,1.8675,1.506,0.3615,0.6225,0.8835,0.2075,0.1,False
ROW00127637,TXN0055135,2026-05-13,18:43:32,SKU1613,Store A,Retail,1.0,0.996,0.8032,0.1928,0.664,0.1392,0.415,0.2941,False
ROW00127669,TXN0055148,2026-05-13,12:08:18,SKU0713,Store B,Retail,1.0,1.245,1.0041,0.2409,0.3071,0.697,0.0,0.0,False
ROW00127672,TXN0055149,2026-05-13,12:20:18,SKU0631,Store B,Retail,1.0,0.83,0.6694,0.1606,0.2824,0.3869,0.0,0.0,False
ROW00127729,TXN0055181,2026-05-13,13:46:47,SKU0154,Store C,Retail,2.0,2.324,1.8742,0.4498,0.664,1.2102,0.0,0.0,False
ROW00127737,TXN0055184,2026-05-13,14:38:10,SKU0806,Store C,Retail,1.0,1.328,1.0709,0.2571,0.2739,0.797,0.0,0.0,False
ROW00127795,TXN0055210,2026-05-14,10:28:49,SKU0711,Store A,Retail,1.0,0.747,0.6024,0.1446,0.2905,0.3119,0.0,0.0,False
ROW00127844,TXN0055228,2026-05-14,17:53:07,SKU1599,Store A,Retail,1.0,2.656,2.1419,0.5141,1.3695,0.7724,0.0,0.0,False
ROW00127876,TXN0055247,2026-05-14,13:33:58,SKU1787,Store B,Retail,1.0,2.905,2.3428,0.5622,1.3695,0.9733,0.0,0.0,False
ROW00127921,TXN0055272,2026-05-14,18:19:23,SKU1629,Store B,Retail,1.0,0.083,0.083,0.0,0.083,0.0,0.0,0.0,False
ROW00127951,TXN0055290,2026-05-14,12:20:21,SKU1323,Store C,Retail,1.0,1.411,1.1379,0.2731,0.6225,0.5154,0.0,0.0,False
ROW00127971,TXN0055299,2026-05-14,14:07:00,SKU0861,Store C,Retail,1.0,0.498,0.4016,0.0964,0.2846,0.117,0.0,0.0,False
ROW00127985,TXN0055304,2026-05-14,14:26:44,SKU1685,Store C,Retail,2.0,3.32,2.6774,0.6426,1.992,0.6854,1.66,0.3333,False
ROW00128000,TXN0055311,2026-05-14,15:03:01,SKU0165,Store C,Retail,2.0,2.49,2.0081,0.4819,0.83,1.1781,0.83,0.25,False
ROW00128015,TXN0055314,2026-05-14,15:18:08,SKU0094,Store C,Retail,1.0,0.8217,0.6627,0.159,0.3735,0.2892,0.0913,0.1,False
ROW00128101,TXN0055343,2026-05-15,13:32:11,SKU0519,Store A,Retail,2.0,0.664,0.5355,0.1285,0.1592,0.3763,0.0,0.0,False
ROW00128162,TXN0055359,2026-05-15,17:16:49,SKU1629,Store A,Retail,1.0,0.083,0.083,0.0,0.083,0.0,0.0,0.0,False
ROW00128178,TXN0055366,2026-05-15,18:35:37,SKU1759,Store A,Retail,1.0,1.328,1.0709,0.2571,0.5063,0.5646,0.0,0.0,False
ROW00128180,TXN0055367,2026-05-15,18:42:16,SKU0652,Store A,Retail,1.0,1.245,1.0041,0.2409,0.4084,0.5957,0.0,0.0,False
ROW00128218,TXN0055381,2026-05-15,11:42:47,SKU0061,Store B,Retail,1.0,0.747,0.6024,0.1446,0.3403,0.2621,0.0,0.0,False
ROW00128285,TXN0055389,2026-05-15,13:20:06,SKU0021,Store B,Retail,1.0,22.327,18.0056,4.3214,10.2663,7.7393,0.0,0.0,False
ROW00128332,TXN0055399,2026-05-15,15:59:18,SKU1613,Store B,Retail,1.0,1.411,1.1379,0.2731,0.664,0.4739,0.0,0.0,False
ROW00128348,TXN0055403,2026-05-15,16:28:32,SKU1028,Store B,Retail,1.0,1.0458,0.8434,0.2024,0.5229,0.3205,0.1162,0.1,False
ROW00128374,TXN0055413,2026-05-15,18:25:14,SKU1436,Store B,Retail,1.0,0.249,0.2008,0.0482,0.0743,0.1265,0.0,0.0,False
ROW00128394,TXN0055419,2026-05-15,19:12:52,SKU1328,Store B,Retail,1.0,1.411,1.1379,0.2731,0.6225,0.5154,0.0,0.0,False
ROW00128436,TXN0055444,2026-05-15,13:10:12,SKU1326,Store C,Retail,1.0,1.411,1.1379,0.2731,0.6225,0.5154,0.0,0.0,False
ROW00128446,TXN0055447,2026-05-15,13:22:19,SKU0841,Store C,Retail,1.0,0.2905,0.2343,0.0562,0.1909,0.0434,0.0,0.0,False
ROW00128514,TXN0055479,2026-05-15,17:05:33,SKU1485,Store C,Retail,15.0,3.735,3.0121,0.7229,1.9173,1.0948,1.245,0.25,False
ROW00128515,TXN0055480,2026-05-15,17:06:24,SKU0146,Store C,Retail,1.0,0.913,0.7363,0.1767,0.3403,0.396,0.0,0.0,False
ROW00128541,TXN0055488,2026-05-15,17:12:41,SKU1615,Store C,Retail,1.0,1.411,1.1379,0.2731,0.664,0.4739,0.0,0.0,False
ROW00128558,TXN0055496,2026-05-15,17:44:25,SKU1723,Store C,Retail,1.0,2.905,2.3428,0.5622,1.5687,0.7741,0.415,0.125,False
ROW00128608,TXN0055513,2026-05-15,19:48:03,SKU0668,Store C,Retail,1.0,3.32,2.6774,0.6426,1.9123,0.7651,0.913,0.2157,False
ROW00128628,TXN0055522,2026-05-16,13:49:41,SKU0803,Store A,Retail,1.0,1.328,1.0709,0.2571,0.2407,0.8302,0.0,0.0,False
ROW00128682,TXN0055542,2026-05-16,17:08:53,SKU1260,Store A,Retail,1.0,1.079,0.8702,0.2088,0.5644,0.3058,0.0,0.0,False
ROW00128685,TXN0055543,2026-05-16,17:47:52,SKU1325,Store A,Retail,1.0,1.411,1.1379,0.2731,0.6225,0.5154,0.0,0.0,False
ROW00128706,TXN0055558,2026-05-16,11:39:40,SKU0841,Store B,Retail,1.0,0.2573,0.2075,0.0498,0.1909,0.0166,0.0332,0.1143,False
ROW00128707,TXN0055558,2026-05-16,11:39:40,SKU0982,Store B,Retail,1.0,1.1952,0.9639,0.2313,0.5063,0.4576,0.1328,0.1,False
ROW00128768,TXN0055586,2026-05-16,16:43:47,SKU0858,Store B,Retail,2.0,0.996,0.8032,0.1928,0.6042,0.199,0.498,0.3333,False
ROW00128791,TXN0055596,2026-05-16,18:58:21,SKU1050,Store B,Retail,1.0,1.245,1.0041,0.2409,0.3234,0.6807,0.0,0.0,False
ROW00128823,TXN0055606,2026-05-16,10:37:08,SKU1759,Store C,Retail,1.0,1.328,1.0709,0.2571,0.5063,0.5646,0.0,0.0,False
ROW00128855,TXN0055621,2026-05-16,12:45:56,SKU0841,Store C,Retail,1.0,0.2905,0.2343,0.0562,0.1909,0.0434,0.0,0.0,False
ROW00128939,TXN0055649,2026-05-16,14:35:16,SKU1588,Store C,Retail,1.0,1.1952,0.9639,0.2313,0.5063,0.4576,0.1328,0.1,False
ROW00128950,TXN0055654,2026-05-16,15:38:28,SKU1466,Store C,Retail,1.0,3.154,2.5435,0.6105,1.2865,1.257,0.0,0.0,False
ROW00128980,TXN0055666,2026-05-16,16:48:48,SKU1051,Store C,Retail,1.0,1.328,1.0709,0.2571,0.4399,0.631,0.0,0.0,False
ROW00129000,TXN0055674,2026-05-16,17:49:40,SKU1606,Store C,Retail,1.0,1.411,1.1379,0.2731,0.664,0.4739,0.0,0.0,False
ROW00129014,TXN0055677,2026-05-16,18:06:09,SKU0146,Store C,Retail,1.0,0.913,0.7363,0.1767,0.3403,0.396,0.0,0.0,False
ROW00129046,TXN0055695,2026-05-16,19:59:18,SKU0831,Store C,Retail,1.0,0.498,0.4016,0.0964,0.1701,0.2315,0.0,0.0,False
ROW00129052,TXN0055697,2026-05-16,20:01:42,SKU0803,Store C,Retail,1.0,1.328,1.0709,0.2571,0.2407,0.8302,0.0,0.0,False
ROW00129094,TXN0055717,2026-05-17,13:13:14,SKU1048,Store A,Retail,1.0,1.245,1.0041,0.2409,0.4067,0.5974,0.0,0.0,False
ROW00129098,TXN0055719,2026-05-17,14:19:41,SKU1013,Store A,Retail,1.0,0.913,0.7363,0.1767,0.4648,0.2715,0.249,0.2143,False
ROW00129111,TXN0055722,2026-05-17,14:37:59,SKU1613,Store A,Retail,1.0,0.996,0.8032,0.1928,0.664,0.1392,0.415,0.2941,False
ROW00129127,TXN0055726,2026-05-17,14:48:48,SKU0635,Store A,Retail,1.0,1.992,1.6065,0.3855,0.7138,0.8927,0.0,0.0,False
ROW00129197,TXN0055757,2026-05-17,10:42:34,SKU1559,Store B,Retail,1.0,0.747,0.6024,0.1446,0.3818,0.2206,0.0,0.0,False
ROW00129272,TXN0055790,2026-05-17,15:49:54,SKU0247,Store B,Retail,1.0,1.577,1.2718,0.3052,0.679,0.5928,0.0,0.0,False
ROW00129289,TXN0055799,2026-05-17,16:39:36,SKU0668,Store B,Retail,1.0,3.32,2.6774,0.6426,1.9123,0.7651,0.913,0.2157,False
ROW00129290,TXN0055799,2026-05-17,16:39:36,SKU0831,Store B,Retail,3.0,1.3446,1.0844,0.2602,0.5104,0.5739,0.1494,0.1,False
ROW00129329,TXN0055821,2026-05-17,11:16:20,SKU1616,Store C,Retail,1.0,1.411,1.1379,0.2731,0.664,0.4739,0.0,0.0,False
ROW00129377,TXN0055849,2026-05-17,13:30:42,SKU0831,Store C,Retail,1.0,0.415,0.3347,0.0803,0.1701,0.1645,0.083,0.1667,False
ROW00129385,TXN0055855,2026-05-17,13:54:34,SKU1323,Store C,Retail,1.0,1.411,1.1379,0.2731,0.6225,0.5154,0.0,0.0,False
ROW00129412,TXN0055870,2026-05-17,14:56:29,SKU1629,Store C,Retail,1.0,0.083,0.083,0.0,0.083,0.0,0.0,0.0,False
ROW00129438,TXN0055890,2026-05-17,16:40:33,SKU0652,Store C,Retail,1.0,1.245,1.0041,0.2409,0.4084,0.5957,0.0,0.0,False
ROW00129463,TXN0055901,2026-05-18,12:43:34,SKU0841,Store A,Retail,1.0,0.2905,0.2343,0.0562,0.1909,0.0434,0.0,0.0,False
ROW00129504,TXN0055918,2026-05-18,19:21:36,SKU0880,Store A,Retail,1.0,0.083,0.0669,0.0161,0.0198,0.0471,0.0,0.0,False
ROW00129562,TXN0055942,2026-05-18,16:36:16,SKU1325,Store B,Retail,1.0,1.411,1.1379,0.2731,0.6225,0.5154,0.0,0.0,False
ROW00129565,TXN0055943,2026-05-18,16:38:00,SKU0659,Store B,Retail,1.0,0.83,0.6694,0.1606,0.2716,0.3978,0.0,0.0,False
ROW00129566,TXN0055943,2026-05-18,16:38:00,SKU1051,Store B,Retail,1.0,1.328,1.0709,0.2571,0.4399,0.631,0.0,0.0,False
ROW00129627,TXN0055973,2026-05-18,11:24:17,SKU1364,Store C,Retail,1.0,2.075,1.6734,0.4016,0.7885,0.8849,0.0,0.0,False
ROW00129677,TXN0055997,2026-05-18,16:42:52,SKU0509,Store C,Retail,1.0,1.992,1.6065,0.3855,0.6432,0.9632,0.0,0.0,False
ROW00129702,TXN0056004,2026-05-18,19:15:08,SKU1324,Store C,Retail,1.0,1.411,1.1379,0.2731,0.6225,0.5154,0.0,0.0,False
ROW00129712,TXN0056010,2026-05-19,13:18:38,SKU1501,Store A,Retail,1.0,1.245,1.0041,0.2409,0.4897,0.5144,0.0,0.0,False
ROW00129718,TXN0056013,2026-05-19,15:07:25,SKU0228,Store A,Retail,1.0,0.249,0.2008,0.0482,0.0602,0.1406,0.0,0.0,False
ROW00129789,TXN0056038,2026-05-19,13:38:35,SKU1788,Store B,Retail,1.0,2.324,1.8742,0.4498,1.328,0.5462,0.166,0.0667,False
ROW00129792,TXN0056039,2026-05-19,13:57:40,SKU1328,Store B,Retail,1.0,1.411,1.1379,0.2731,0.6225,0.5154,0.0,0.0,False
ROW00129807,TXN0056044,2026-05-19,16:11:07,SKU1077,Store B,Retail,4.0,6.64,5.3548,1.2852,1.902,3.4528,0.0,0.0,False
ROW00129852,TXN0056067,2026-05-19,14:29:08,SKU0831,Store C,Retail,1.0,0.498,0.4016,0.0964,0.1701,0.2315,0.0,0.0,False
ROW00129881,TXN0056083,2026-05-19,18:54:23,SKU0086,Store C,Retail,1.0,0.913,0.7363,0.1767,0.3735,0.3628,0.0,0.0,False
ROW00129903,TXN0056090,2026-05-19,09:13:07,SKU1744,Warehouse,Wholesale,36.0,2.988,2.988,0.0,2.988,0.0,0.0,0.0,False
ROW00129943,TXN0056111,2026-05-20,18:30:20,SKU1216,Store A,Retail,2.0,2.324,1.8742,0.4498,0.7238,1.1505,0.0,0.0,False
ROW00129946,TXN0056113,2026-05-20,19:58:15,SKU0680,Store A,Retail,1.0,3.071,2.4766,0.5944,0.7619,1.7148,0.0,0.0,False
ROW00129963,TXN0056121,2026-05-20,12:26:45,SKU0635,Store B,Retail,1.0,1.5936,1.2852,0.3084,0.7138,0.5714,0.3984,0.2,False
ROW00129976,TXN0056126,2026-05-20,13:40:57,SKU0806,Store B,Retail,1.0,1.328,1.0709,0.2571,0.2739,0.797,0.0,0.0,False
ROW00130050,TXN0056166,2026-05-20,14:27:54,SKU1735,Store C,Retail,1.0,1.494,1.2048,0.2892,0.415,0.7898,0.0,0.0,False
ROW00130075,TXN0056176,2026-05-20,16:29:33,SKU0260,Store C,Retail,1.0,1.4608,1.1781,0.2827,0.7171,0.461,0.3652,0.2,False
ROW00130079,TXN0056176,2026-05-20,16:29:33,SKU1077,Store C,Retail,1.0,1.328,1.0709,0.2571,0.4755,0.5954,0.332,0.2,False
ROW00130120,TXN0056195,2026-05-20,14:57:51,SKU1365,Warehouse,Wholesale,8.0,2.1248,1.7135,0.4113,1.1288,0.5847,0.5312,0.2,False
ROW00130154,TXN0056206,2026-05-21,16:02:23,SKU1077,Store A,Retail,1.0,1.66,1.3387,0.3213,0.4755,0.8632,0.0,0.0,False
ROW00130169,TXN0056215,2026-05-21,20:19:15,SKU0569,Store A,Retail,1.0,0.2905,0.2343,0.0562,0.0084,0.2259,1.0375,0.7812,False
ROW00130178,TXN0056220,2026-05-21,12:22:50,SKU1216,Store B,Retail,1.0,1.0458,0.8434,0.2024,0.3619,0.4815,0.1162,0.1,False
ROW00130218,TXN0056241,2026-05-21,15:24:38,SKU0564,Store B,Retail,1.0,1.66,1.3387,0.3213,0.4897,0.849,0.0,0.0,False
ROW00130276,TXN0056264,2026-05-21,18:23:40,SKU1506,Store B,Retail,1.0,0.9711,0.7831,0.188,0.4814,0.3017,0.1079,0.1,False
ROW00130282,TXN0056269,2026-05-21,19:42:15,SKU0681,Store B,Retail,1.0,1.0458,0.8434,0.2024,0.3826,0.4607,0.1162,0.1,False
ROW00130294,TXN0056277,2026-05-21,12:45:44,SKU0861,Store C,Retail,1.0,0.498,0.4016,0.0964,0.2846,0.117,0.0,0.0,False
ROW00130306,TXN0056283,2026-05-21,13:24:42,SKU0548,Store C,Retail,1.0,0.747,0.6024,0.1446,0.5727,0.0297,1.079,0.5909,False
ROW00130351,TXN0056302,2026-05-21,14:56:23,SKU0145,Store C,Retail,2.0,0.747,0.6024,0.1446,0.2462,0.3562,0.0,0.0,False
ROW00130372,TXN0056317,2026-05-21,12:34:45,SKU0081,Warehouse,Wholesale,168.0,52.29,52.29,0.0,104.58,-52.29,172.6151,0.7675,False
ROW00130412,TXN0056338,2026-05-22,16:56:59,SKU1609,Store A,Retail,1.0,1.411,1.1379,0.2731,0.664,0.4739,0.0,0.0,False
ROW00130424,TXN0056345,2026-05-22,18:36:10,SKU0863,Store A,Retail,1.0,0.498,0.4016,0.0964,0.4316,-0.03,0.747,0.6,False
ROW00130437,TXN0056348,2026-05-22,18:48:13,SKU1384,Store A,Retail,1.0,0.8964,0.7229,0.1735,0.4897,0.2332,0.0996,0.1,False
ROW00130457,TXN0056360,2026-05-22,13:26:43,SKU0232,Store B,Retail,1.0,0.664,0.5355,0.1285,0.1328,0.4027,0.0,0.0,False
ROW00130471,TXN0056367,2026-05-22,14:41:50,SKU1559,Store B,Retail,2.0,1.494,1.2048,0.2892,0.7636,0.4412,0.0,0.0,False
ROW00130532,TXN0056400,2026-05-22,10:59:11,SKU0841,Store C,Retail,1.0,0.2905,0.2343,0.0562,0.1909,0.0434,0.0,0.0,False
ROW00130562,TXN0056412,2026-05-22,14:17:15,SKU0087,Store C,Retail,3.0,2.739,2.2089,0.5301,1.1205,1.0884,0.0,0.0,False
ROW00130567,TXN0056412,2026-05-22,14:17:15,SKU0861,Store C,Retail,4.0,1.992,1.6065,0.3855,1.1384,0.468,0.0,0.0,False
ROW00130569,TXN0056413,2026-05-22,14:21:16,SKU0653,Store C,Retail,1.0,1.826,1.4726,0.3534,0.4067,1.0659,0.0,0.0,False
ROW00130656,TXN0056453,2026-05-23,10:22:55,SKU0652,Store A,Retail,1.0,1.245,1.0041,0.2409,0.4084,0.5957,0.0,0.0,False
ROW00130683,TXN0056465,2026-05-23,14:10:12,SKU1098,Store A,Retail,1.0,1.328,1.0709,0.2571,0.6557,0.4152,0.0,0.0,False
ROW00130710,TXN0056480,2026-05-23,16:11:05,SKU0007,Store A,Retail,2.0,1.162,0.9371,0.2249,0.4188,0.5183,0.0,0.0,False
ROW00130752,TXN0056498,2026-05-23,11:48:44,SKU1090,Store B,Retail,3.0,7.221,5.8234,1.3976,4.2579,1.5655,0.0,0.0,False
ROW00130771,TXN0056508,2026-05-23,13:26:46,SKU1025,Store B,Retail,2.0,1.494,1.2048,0.2892,0.664,0.5408,0.0,0.0,False
ROW00130792,TXN0056516,2026-05-23,15:12:11,SKU1327,Store B,Retail,1.0,1.411,1.1379,0.2731,0.6225,0.5154,0.0,0.0,False
ROW00130902,TXN0056568,2026-05-23,13:57:11,SKU0982,Store C,Retail,1.0,1.328,1.0709,0.2571,0.5063,0.5646,0.0,0.0,False
ROW00130926,TXN0056579,2026-05-23,14:57:50,SKU0564,Store C,Retail,2.0,3.32,2.6774,0.6426,0.9794,1.698,0.0,0.0,False
ROW00130933,TXN0056582,2026-05-23,15:12:47,SKU0105,Store C,Retail,1.0,0.913,0.7363,0.1767,0.3735,0.3628,0.0,0.0,False
ROW00130950,TXN0056590,2026-05-23,16:42:02,SKU0519,Store C,Retail,1.0,0.332,0.2678,0.0642,0.0796,0.1882,0.0,0.0,False
ROW00130961,TXN0056597,2026-05-23,16:54:14,SKU1050,Store C,Retail,1.0,1.245,1.0041,0.2409,0.3071,0.697,0.0,0.0,False
ROW00130994,TXN0056617,2026-05-23,17:32:13,SKU0652,Store C,Retail,1.0,1.245,1.0041,0.2409,0.4084,0.5957,0.0,0.0,False
ROW00131042,TXN0056636,2026-05-23,18:08:45,SKU1651,Store C,Retail,1.0,3.652,2.9452,0.7068,1.9588,0.9864,0.913,0.2,False
ROW00131068,TXN0056645,2026-05-23,18:45:14,SKU0863,Store C,Retail,1.0,0.498,0.4016,0.0964,0.4316,-0.03,0.747,0.6,False
ROW00131090,TXN0056659,2026-05-24,11:04:00,SKU0569,Store A,Retail,2.0,0.581,0.4685,0.1125,0.0168,0.4518,2.075,0.7812,False
ROW00131102,TXN0056664,2026-05-24,13:39:03,SKU1611,Store A,Retail,1.0,1.411,1.1379,0.2731,0.664,0.4739,0.0,0.0,False
ROW00131174,TXN0056690,2026-05-24,16:49:28,SKU1513,Store A,Retail,1.0,0.6723,0.5422,0.1301,0.3818,0.1604,0.0747,0.1,False
ROW00131217,TXN0056705,2026-05-24,14:28:16,SKU1629,Store B,Retail,2.0,0.166,0.166,0.0,0.166,0.0,0.0,0.0,False
ROW00131234,TXN0056712,2026-05-24,16:40:38,SKU1077,Store B,Retail,1.0,1.66,1.3387,0.3213,0.4755,0.8632,0.0,0.0,False
ROW00131346,TXN0056761,2026-05-24,12:42:30,SKU1079,Store C,Retail,1.0,1.577,1.2718,0.3052,0.3776,0.8942,0.0,0.0,False
ROW00131353,TXN0056765,2026-05-24,13:16:06,SKU0583,Store C,Retail,2.0,0.166,0.1339,0.0321,0.0501,0.0837,0.166,0.5,False
ROW00131395,TXN0056793,2026-05-24,14:26:54,SKU1079,Store C,Retail,1.0,1.577,1.2718,0.3052,0.3776,0.8942,0.0,0.0,False
ROW00131439,TXN0056809,2026-05-24,15:03:13,SKU0841,Store C,Retail,1.0,0.2905,0.2343,0.0562,0.1909,0.0434,0.0,0.0,False
ROW00131442,TXN0056810,2026-05-24,15:04:27,SKU0157,Store C,Retail,1.0,0.913,0.7363,0.1767,0.3569,0.3794,0.0,0.0,False
ROW00131491,TXN0056839,2026-05-24,16:29:07,SKU1463,Store C,Retail,1.0,0.996,0.8032,0.1928,0.4233,0.3799,0.0,0.0,False
ROW00131505,TXN0056844,2026-05-24,16:36:01,SKU0122,Store C,Retail,1.0,1.826,1.4726,0.3534,0.5588,0.9137,0.0,0.0,False
ROW00131513,TXN0056848,2026-05-24,16:43:49,SKU1715,Store C,Retail,1.0,1.328,1.0709,0.2571,0.5063,0.5646,0.0,0.0,False
ROW00131545,TXN0056865,2026-05-24,17:33:19,SKU0121,Store C,Retail,1.0,1.992,1.6065,0.3855,0.6903,0.9162,0.0,0.0,False
ROW00131563,TXN0056874,2026-05-24,18:00:24,SKU0100,Store C,Retail,2.0,0.166,0.1339,0.0321,0.1487,-0.0149,0.332,0.6667,False
ROW00131578,TXN0056881,2026-05-25,13:09:23,SKU0147,Store A,Retail,1.0,0.913,0.7363,0.1767,0.3403,0.396,0.0,0.0,False
ROW00131603,TXN0056894,2026-05-25,16:01:19,SKU0863,Store A,Retail,1.0,0.498,0.4016,0.0964,0.4316,-0.03,0.747,0.6,False
ROW00131655,TXN0056914,2026-05-25,19:21:15,SKU1611,Store A,Retail,1.0,1.1288,0.9103,0.2185,0.664,0.2463,0.2822,0.2,False
ROW00131660,TXN0056915,2026-05-25,13:38:00,SKU1325,Store B,Retail,1.0,1.411,1.1379,0.2731,0.6225,0.5154,0.0,0.0,False
ROW00131711,TXN0056939,2026-05-25,11:10:50,SKU0518,Store C,Retail,1.0,0.581,0.4685,0.1125,0.2229,0.2456,0.0,0.0,False
ROW00131754,TXN0056954,2026-05-25,16:58:55,SKU1416,Store C,Retail,1.0,1.079,0.8702,0.2088,0.4777,0.3925,0.0,0.0,False
ROW00131790,TXN0056975,2026-05-26,15:02:07,SKU0519,Store A,Retail,1.0,0.332,0.2678,0.0642,0.0796,0.1882,0.0,0.0,False
ROW00131797,TXN0056977,2026-05-26,15:03:57,SKU1687,Store A,Retail,3.0,1.494,1.2048,0.2892,1.0458,0.159,1.245,0.4545,False
ROW00131843,TXN0056990,2026-05-26,19:37:58,SKU0519,Store A,Retail,1.0,0.332,0.2678,0.0642,0.0796,0.1882,0.0,0.0,False
ROW00131887,TXN0057008,2026-05-26,13:25:26,SKU0858,Store B,Retail,2.0,0.996,0.8032,0.1928,0.6042,0.199,0.498,0.3333,False
ROW00131889,TXN0057009,2026-05-26,13:41:30,SKU1482,Store B,Retail,1.0,1.245,1.0041,0.2409,0.5312,0.4729,0.0,0.0,False
ROW00131895,TXN0057012,2026-05-26,14:07:36,SKU0248,Store B,Retail,1.0,1.577,1.2718,0.3052,0.679,0.5928,0.0,0.0,False
ROW00131991,TXN0057055,2026-05-26,17:07:42,SKU1098,Store C,Retail,1.0,1.328,1.0709,0.2571,0.6557,0.4152,0.0,0.0,False
ROW00132004,TXN0057061,2026-05-26,19:42:43,SKU1096,Store C,Retail,1.0,1.1952,0.9639,0.2313,0.415,0.5489,0.2988,0.2,False
ROW00132005,TXN0057062,2026-05-26,09:36:50,SKU0666,Warehouse,Wholesale,45.0,147.2785,118.773,28.5055,86.0544,32.7186,43.2065,0.2268,False
ROW00132015,TXN0057064,2026-05-27,12:41:26,SKU1202,Store A,Retail,1.0,2.241,1.8072,0.4338,1.2367,0.5705,0.249,0.1,False
ROW00132071,TXN0057095,2026-05-27,13:22:03,SKU0145,Store B,Retail,1.0,0.3735,0.3012,0.0723,0.1231,0.1781,0.0,0.0,False
ROW00132115,TXN0057120,2026-05-27,18:51:44,SKU1013,Store B,Retail,1.0,0.913,0.7363,0.1767,0.4648,0.2715,0.249,0.2143,False
ROW00132126,TXN0057125,2026-05-27,11:03:47,SKU0616,Store C,Retail,1.0,1.0458,0.8434,0.2024,0.5395,0.3039,0.1162,0.1,False
ROW00132147,TXN0057134,2026-05-27,13:32:35,SKU1789,Store C,Retail,1.0,1.66,1.3387,0.3213,1.328,0.0107,0.83,0.3333,False
ROW00132195,TXN0057162,2026-05-27,12:32:38,SKU0019,Warehouse,Wholesale,16.0,118.856,118.856,0.0,81.9243,36.9317,62.1338,0.3433,False
ROW00132229,TXN0057174,2026-05-28,16:37:23,SKU1685,Store A,Retail,1.0,1.66,1.3387,0.3213,0.996,0.3427,0.83,0.3333,False
ROW00132236,TXN0057180,2026-05-28,17:48:52,SKU0713,Store A,Retail,2.0,2.49,2.0081,0.4819,0.6142,1.3939,0.0,0.0,False
ROW00132274,TXN0057194,2026-05-28,20:19:20,SKU0248,Store A,Retail,1.0,1.577,1.2718,0.3052,0.679,0.5928,0.0,0.0,False
ROW00132363,TXN0057232,2026-05-28,17:54:48,SKU0867,Store B,Retail,4.0,0.166,0.1339,0.0321,0.0724,0.0615,0.166,0.5,False
ROW00132371,TXN0057234,2026-05-28,19:40:37,SKU0568,Store B,Retail,1.0,3.4362,2.7711,0.6651,1.7015,1.0696,0.3818,0.1,False
ROW00132372,TXN0057234,2026-05-28,19:40:37,SKU0728,Store B,Retail,1.0,2.1663,1.747,0.4193,0.8922,0.8547,0.2407,0.1,False
ROW00132400,TXN0057248,2026-05-28,13:48:28,SKU1013,Store C,Retail,1.0,0.913,0.7363,0.1767,0.4648,0.2715,0.249,0.2143,False
ROW00132410,TXN0057253,2026-05-28,15:28:44,SKU0398,Store C,Retail,2.0,3.8512,3.1058,0.7454,1.992,1.1138,0.9628,0.2,False
ROW00132475,TXN0057285,2026-05-29,15:23:55,SKU1615,Store A,Retail,1.0,1.411,1.1379,0.2731,0.664,0.4739,0.0,0.0,False
ROW00132479,TXN0057286,2026-05-29,15:30:44,SKU0652,Store A,Retail,1.0,1.1205,0.9036,0.2169,0.4084,0.4953,0.1245,0.1,False
ROW00132540,TXN0057309,2026-05-29,19:15:06,SKU1744,Store A,Retail,1.0,0.083,0.083,0.0,0.083,0.0,0.0,0.0,False
ROW00132545,TXN0057312,2026-05-29,19:40:52,SKU1485,Store A,Retail,5.0,1.245,1.0041,0.2409,0.6391,0.365,0.415,0.25,False
ROW00132584,TXN0057329,2026-05-29,13:45:06,SKU1513,Store B,Retail,1.0,0.747,0.6024,0.1446,0.3818,0.2206,0.0,0.0,False
ROW00132589,TXN0057331,2026-05-29,14:32:28,SKU0879,Store B,Retail,2.0,0.249,0.2008,0.0482,0.0622,0.1385,0.0,0.0,False
ROW00132615,TXN0057344,2026-05-29,18:06:38,SKU1730,Store B,Retail,1.0,3.32,2.6774,0.6426,1.0707,1.6067,0.0,0.0,False
ROW00132677,TXN0057365,2026-05-29,14:41:47,SKU1327,Store C,Retail,1.0,1.411,1.1379,0.2731,0.6225,0.5154,0.0,0.0,False
ROW00132687,TXN0057372,2026-05-29,16:25:40,SKU0655,Store C,Retail,1.0,1.66,1.3387,0.3213,0.4324,0.9063,0.0,0.0,False
ROW00132785,TXN0057406,2026-05-30,17:16:10,SKU0664,Store A,Retail,1.0,3.32,2.6774,0.6426,1.9123,0.7651,0.913,0.2157,False
ROW00132798,TXN0057410,2026-05-30,18:44:05,SKU1084,Store A,Retail,1.0,1.245,1.0041,0.2409,0.3196,0.6845,0.0,0.0,False
ROW00132805,TXN0057413,2026-05-30,20:07:23,SKU0064,Store A,Retail,1.0,0.8217,0.6627,0.159,0.3735,0.2892,0.0913,0.1,False
ROW00132810,TXN0057415,2026-05-30,10:14:09,SKU1730,Store B,Retail,1.0,2.988,2.4097,0.5783,1.0707,1.339,0.332,0.1,False
ROW00132835,TXN0057424,2026-05-30,13:11:00,SKU0189,Store B,Retail,4.0,0.332,0.2678,0.0642,0.1056,0.1622,0.664,0.6667,False
ROW00132910,TXN0057460,2026-05-30,18:30:19,SKU1324,Store B,Retail,1.0,1.411,1.1379,0.2731,0.6225,0.5154,0.0,0.0,False
ROW00132939,TXN0057473,2026-05-30,20:06:33,SKU1768,Store B,Retail,1.0,2.158,1.7403,0.4177,0.7945,0.9459,0.0,0.0,False
ROW00132987,TXN0057495,2026-05-30,15:20:53,SKU1328,Store C,Retail,1.0,1.411,1.1379,0.2731,0.6225,0.5154,0.0,0.0,False
ROW00133011,TXN0057506,2026-05-30,17:26:13,SKU0121,Store C,Retail,1.0,1.992,1.6065,0.3855,0.6903,0.9162,0.0,0.0,False
ROW00133024,TXN0057514,2026-05-30,19:41:38,SKU0841,Store C,Retail,1.0,0.2905,0.2343,0.0562,0.1909,0.0434,0.0,0.0,False
ROW00133117,TXN0057544,2026-05-31,16:34:49,SKU1617,Store A,Retail,1.0,0.996,0.8032,0.1928,0.498,0.3052,0.0,0.0,False
ROW00133118,TXN0057544,2026-05-31,16:34:49,SKU1629,Store A,Retail,1.0,0.083,0.083,0.0,0.083,0.0,0.0,0.0,False
ROW00133123,TXN0057546,2026-05-31,16:35:36,SKU1629,Store A,Retail,1.0,0.083,0.083,0.0,0.083,0.0,0.0,0.0,False
ROW00133169,TXN0057566,2026-05-31,14:49:44,SKU0189,Store B,Retail,1.0,0.083,0.0669,0.0161,0.0264,0.0405,0.166,0.6667,False
ROW00133171,TXN0057566,2026-05-31,14:49:44,SKU0441,Store B,Retail,1.0,0.083,0.0669,0.0161,0.0243,0.0426,0.166,0.6667,False
ROW00133220,TXN0057594,2026-05-31,18:38:48,SKU1332,Store B,Retail,1.0,1.162,0.9371,0.2249,0.5727,0.3644,0.166,0.125,False
ROW00133230,TXN0057596,2026-05-31,10:18:08,SKU1216,Store C,Retail,1.0,1.162,0.9371,0.2249,0.3619,0.5752,0.0,0.0,False
ROW00133235,TXN0057598,2026-05-31,10:50:44,SKU1102,Store C,Retail,2.0,2.49,2.0081,0.4819,3.0544,-1.0463,3.486,0.5833,False
ROW00133265,TXN0057617,2026-05-31,13:14:47,SKU1761,Store C,Retail,1.0,1.328,1.0709,0.2571,0.5063,0.5646,0.0,0.0,False
ROW00133283,TXN0057627,2026-05-31,14:34:07,SKU1050,Store C,Retail,1.0,1.245,1.0041,0.2409,0.3071,0.697,0.0,0.0,False
ROW00133367,TXN0057666,2026-06-01,16:09:50,SKU0681,Store A,Retail,1.0,1.162,0.9371,0.2249,0.3826,0.5544,0.0,0.0,False
ROW00133373,TXN0057667,2026-06-01,16:27:04,SKU1629,Store A,Retail,1.0,0.083,0.083,0.0,0.083,0.0,0.0,0.0,False
ROW00133413,TXN0057679,2026-06-01,19:15:40,SKU1559,Store A,Retail,1.0,0.747,0.6024,0.1446,0.3818,0.2206,0.0,0.0,False
ROW00133467,TXN0057705,2026-06-01,14:18:10,SKU1034,Store B,Retail,1.0,0.5395,0.4351,0.1044,0.2656,0.1695,0.0,0.0,False
ROW00133469,TXN0057706,2026-06-01,14:22:25,SKU1384,Store B,Retail,1.0,0.996,0.8032,0.1928,0.4897,0.3135,0.0,0.0,False
ROW00133517,TXN0057730,2026-06-01,17:57:59,SKU1716,Store B,Retail,1.0,1.328,1.0709,0.2571,0.498,0.5729,0.0,0.0,False
ROW00133525,TXN0057732,2026-06-01,18:27:28,SKU1735,Store B,Retail,1.0,1.494,1.2048,0.2892,0.415,0.7898,0.0,0.0,False
ROW00133568,TXN0057749,2026-06-01,14:17:53,SKU0509,Store C,Retail,1.0,1.992,1.6065,0.3855,0.6432,0.9632,0.0,0.0,False
ROW00133582,TXN0057754,2026-06-01,14:44:18,SKU0713,Store C,Retail,1.0,1.245,1.0041,0.2409,0.3071,0.697,0.0,0.0,False
ROW00133627,TXN0057778,2026-06-01,18:59:06,SKU1462,Store C,Retail,1.0,0.996,0.8032,0.1928,0.4233,0.3799,0.0,0.0,False
ROW00133641,TXN0057785,2026-06-01,09:22:34,SKU0666,Warehouse,Wholesale,45.0,147.2752,118.7703,28.5049,86.0544,32.7159,43.2098,0.2268,False
ROW00133651,TXN0057786,2026-06-02,10:38:00,SKU1685,Store A,Retail,2.0,3.32,2.6774,0.6426,1.992,0.6854,1.66,0.3333,False
ROW00133674,TXN0057792,2026-06-02,13:57:52,SKU1009,Store A,Retail,1.0,1.245,1.0041,0.2409,0.4648,0.5393,0.0,0.0,False
ROW00133710,TXN0057811,2026-06-02,18:41:35,SKU0681,Store A,Retail,1.0,1.162,0.9371,0.2249,0.3826,0.5544,0.0,0.0,False
ROW00133787,TXN0057845,2026-06-02,16:17:17,SKU0981,Store B,Retail,1.0,0.664,0.5355,0.1285,0.2905,0.245,0.0,0.0,False
ROW00133812,TXN0057851,2026-06-02,17:36:07,SKU0247,Store B,Retail,1.0,1.577,1.2718,0.3052,0.679,0.5928,0.0,0.0,False
ROW00133820,TXN0057858,2026-06-02,18:42:01,SKU0583,Store B,Retail,1.0,0.083,0.0669,0.0161,0.0251,0.0418,0.083,0.5,False
ROW00133844,TXN0057871,2026-06-02,13:04:44,SKU1723,Store C,Retail,1.0,2.905,2.3428,0.5622,1.5687,0.7741,0.415,0.125,False
ROW00133867,TXN0057878,2026-06-02,14:51:31,SKU1239,Store C,Retail,2.0,0.166,0.1339,0.0321,0.83,-0.6961,2.158,0.9286,False
ROW00133914,TXN0057900,2026-06-02,19:03:49,SKU0880,Store C,Retail,2.0,0.166,0.1339,0.0321,0.0397,0.0942,0.0,0.0,False
ROW00133927,TXN0057907,2026-06-02,09:39:19,SKU0653,Warehouse,Wholesale,12.0,8.2748,6.6732,1.6016,4.8804,1.7928,13.6372,0.6224,False
ROW00133965,TXN0057926,2026-06-03,15:45:46,SKU0692,Store A,Retail,4.0,1.992,1.6065,0.3855,0.84,0.7665,0.0,0.0,False
ROW00133969,TXN0057928,2026-06-03,15:50:15,SKU0867,Store A,Retail,1.0,0.0415,0.0334,0.0081,0.0181,0.0154,0.0415,0.5,False
ROW00133995,TXN0057937,2026-06-03,18:22:32,SKU0247,Store A,Retail,1.0,1.162,0.9371,0.2249,0.7719,0.1652,0.415,0.2632,False
ROW00134063,TXN0057976,2026-06-03,17:00:00,SKU1096,Store B,Retail,1.0,1.3446,1.0844,0.2602,0.415,0.6694,0.1494,0.1,False
ROW00134065,TXN0057976,2026-06-03,17:00:00,SKU1730,Store B,Retail,1.0,2.988,2.4097,0.5783,1.0707,1.339,0.332,0.1,False
ROW00134067,TXN0057977,2026-06-03,17:25:38,SKU0232,Store B,Retail,1.0,0.664,0.5355,0.1285,0.1328,0.4027,0.0,0.0,False
ROW00134122,TXN0058007,2026-06-03,11:24:16,SKU1743,Store C,Retail,1.0,0.083,0.083,0.0,0.083,0.0,0.0,0.0,False
ROW00134192,TXN0058038,2026-06-03,16:36:41,SKU0519,Store C,Retail,1.0,0.332,0.2678,0.0642,0.0796,0.1882,0.0,0.0,False
ROW00134212,TXN0058045,2026-06-03,17:52:18,SKU1743,Store C,Retail,1.0,0.083,0.083,0.0,0.083,0.0,0.0,0.0,False
ROW00134245,TXN0058064,2026-06-04,13:50:02,SKU0660,Store A,Retail,1.0,1.9422,1.5663,0.3759,0.7945,0.7718,0.2158,0.1,False
ROW00134264,TXN0058075,2026-06-04,16:17:25,SKU0583,Store A,Retail,4.0,0.332,0.2678,0.0642,0.1003,0.1675,0.332,0.5,False
ROW00134294,TXN0058092,2026-06-04,20:26:57,SKU0189,Store A,Retail,1.0,0.083,0.0669,0.0161,0.0264,0.0405,0.166,0.6667,False
ROW00134331,TXN0058110,2026-06-04,13:04:39,SKU0152,Store B,Retail,1.0,0.332,0.2678,0.0642,0.1231,0.1447,0.0415,0.1111,False
ROW00134371,TXN0058134,2026-06-04,18:03:40,SKU0123,Store B,Retail,2.0,1.9754,1.5931,0.3823,0.7304,0.8627,0.3486,0.15,False
ROW00134384,TXN0058140,2026-06-04,19:33:55,SKU1327,Store B,Retail,1.0,1.411,1.1379,0.2731,0.6225,0.5154,0.0,0.0,False
ROW00134448,TXN0058170,2026-06-04,16:07:27,SKU1234,Store C,Retail,1.0,1.909,1.5395,0.3695,0.5146,1.0249,0.0,0.0,False
ROW00134473,TXN0058179,2026-06-04,18:02:17,SKU0681,Store C,Retail,1.0,1.162,0.9371,0.2249,0.3826,0.5544,0.0,0.0,False
ROW00134488,TXN0058189,2026-06-04,19:53:45,SKU1485,Store C,Retail,1.0,0.332,0.2678,0.0642,0.1278,0.1399,0.0,0.0,False
ROW00134528,TXN0058206,2026-06-05,17:04:04,SKU0664,Store A,Retail,1.0,3.32,2.6774,0.6426,1.9123,0.7651,0.913,0.2157,False
ROW00134535,TXN0058208,2026-06-05,17:50:57,SKU1232,Store A,Retail,2.0,0.664,0.5355,0.1285,0.2656,0.2699,0.0,0.0,False
ROW00134554,TXN0058214,2026-06-05,18:54:42,SKU1463,Store A,Retail,1.0,0.996,0.8032,0.1928,0.4233,0.3799,0.0,0.0,False
ROW00134597,TXN0058232,2026-06-05,13:01:52,SKU0123,Store B,Retail,2.0,2.324,1.8742,0.4498,0.7304,1.1438,0.0,0.0,False
ROW00134660,TXN0058251,2026-06-05,17:47:12,SKU0681,Store B,Retail,1.0,1.162,0.9371,0.2249,0.3826,0.5544,0.0,0.0,False
ROW00134683,TXN0058264,2026-06-05,19:51:16,SKU0139,Store B,Retail,1.0,1.66,1.3387,0.3213,0.747,0.5917,0.0,0.0,False
ROW00134684,TXN0058264,2026-06-05,19:51:16,SKU1084,Store B,Retail,1.0,1.245,1.0041,0.2409,0.3196,0.6845,0.0,0.0,False
ROW00134709,TXN0058280,2026-06-05,12:15:38,SKU0984,Store C,Retail,2.0,4.15,3.3468,0.8032,1.826,1.5208,0.0,0.0,False
ROW00134731,TXN0058292,2026-06-05,13:19:12,SKU1536,Store C,Retail,2.0,1.992,1.6065,0.3855,0.8466,0.7599,0.0,0.0,False
ROW00134760,TXN0058306,2026-06-05,15:24:38,SKU0612,Store C,Retail,1.0,1.162,0.9371,0.2249,0.5395,0.3976,0.0,0.0,False
ROW00134805,TXN0058321,2026-06-05,17:05:50,SKU0248,Store C,Retail,1.0,1.577,1.2718,0.3052,0.679,0.5928,0.0,0.0,False
ROW00134827,TXN0058332,2026-06-05,18:42:43,SKU0861,Store C,Retail,3.0,1.3446,1.0844,0.2602,0.8538,0.2306,0.1494,0.1,False
ROW00134840,TXN0058338,2026-06-05,11:48:34,SKU1783,Warehouse,Wholesale,5.0,43.7825,35.3084,8.4741,26.145,9.1634,18.4675,0.2967,False
ROW00134868,TXN0058350,2026-06-06,12:12:56,SKU0189,Store A,Retail,10.0,0.83,0.6694,0.1606,0.2639,0.4055,1.66,0.6667,False
ROW00134878,TXN0058355,2026-06-06,13:46:47,SKU0569,Store A,Retail,3.0,0.8715,0.7028,0.1687,0.0251,0.6777,3.1125,0.7812,False
ROW00134916,TXN0058372,2026-06-06,17:07:55,SKU0867,Store A,Retail,25.0,1.0375,0.8367,0.2008,0.4524,0.3844,1.0375,0.5,False
ROW00134959,TXN0058393,2026-06-06,11:26:06,SKU1506,Store B,Retail,1.0,1.079,0.8702,0.2088,0.4814,0.3888,0.0,0.0,False
ROW00134993,TXN0058403,2026-06-06,13:31:47,SKU0154,Store B,Retail,1.0,1.0458,0.8434,0.2024,0.332,0.5114,0.1162,0.1,False
ROW00135022,TXN0058415,2026-06-06,15:15:44,SKU1745,Store B,Retail,1.0,0.083,0.083,0.0,0.083,0.0,0.0,0.0,False
ROW00135027,TXN0058419,2026-06-06,15:17:51,SKU1051,Store B,Retail,1.0,1.328,1.0709,0.2571,0.4399,0.631,0.0,0.0,False
ROW00135104,TXN0058451,2026-06-06,17:49:05,SKU0438,Store B,Retail,1.0,0.083,0.0669,0.0161,0.0264,0.0405,0.166,0.6667,False
ROW00135111,TXN0058454,2026-06-06,18:23:09,SKU1485,Store B,Retail,5.0,1.245,1.0041,0.2409,0.6391,0.365,0.415,0.25,False
ROW00135192,TXN0058490,2026-06-06,13:56:44,SKU1024,Store C,Retail,1.0,1.162,0.9371,0.2249,0.5229,0.4142,0.0,0.0,False
ROW00135213,TXN0058499,2026-06-06,15:03:02,SKU1202,Store C,Retail,1.0,2.49,2.0081,0.4819,1.2367,0.7714,0.0,0.0,False
ROW00135219,TXN0058504,2026-06-06,15:44:42,SKU0125,Store C,Retail,2.0,3.652,2.9452,0.7068,1.0831,1.862,0.0,0.0,False
ROW00135230,TXN0058507,2026-06-06,15:50:33,SKU0692,Store C,Retail,3.0,1.494,1.2048,0.2892,0.63,0.5749,0.0,0.0,False
ROW00135242,TXN0058515,2026-06-06,16:17:30,SKU1513,Store C,Retail,1.0,0.747,0.6024,0.1446,0.3818,0.2206,0.0,0.0,False
ROW00135320,TXN0058547,2026-06-07,14:03:49,SKU1051,Store A,Retail,1.0,1.328,1.0709,0.2571,0.4399,0.631,0.0,0.0,False
ROW00135324,TXN0058548,2026-06-07,14:35:07,SKU0144,Store A,Retail,1.0,0.3735,0.3012,0.0723,0.1231,0.1781,0.0,0.0,False
ROW00135361,TXN0058564,2026-06-07,18:29:11,SKU1026,Store A,Retail,1.0,0.747,0.6024,0.1446,0.332,0.2704,0.0,0.0,False
ROW00135391,TXN0058574,2026-06-07,11:36:39,SKU0463,Store B,Retail,2.0,0.996,0.8032,0.1928,0.3154,0.4878,0.0,0.0,False
ROW00135435,TXN0058595,2026-06-07,16:23:37,SKU1084,Store B,Retail,1.0,1.245,1.0041,0.2409,0.3196,0.6845,0.0,0.0,False
ROW00135436,TXN0058595,2026-06-07,16:23:37,SKU1687,Store B,Retail,1.0,0.498,0.4016,0.0964,0.3486,0.053,0.415,0.4545,False
ROW00135480,TXN0058618,2026-06-07,10:45:50,SKU0713,Store C,Retail,1.0,1.245,1.0041,0.2409,0.3071,0.697,0.0,0.0,False
ROW00135548,TXN0058652,2026-06-07,15:00:00,SKU0991,Store C,Retail,1.0,1.328,1.0709,0.2571,0.5063,0.5646,0.0,0.0,False
ROW00135555,TXN0058657,2026-06-07,15:42:47,SKU1629,Store C,Retail,2.0,0.166,0.166,0.0,0.166,0.0,0.0,0.0,False
ROW00135584,TXN0058669,2026-06-07,17:43:34,SKU1485,Store C,Retail,10.0,2.49,2.0081,0.4819,1.2782,0.7299,0.83,0.25,False
ROW00135599,TXN0058674,2026-06-08,12:21:42,SKU1326,Store A,Retail,1.0,1.411,1.1379,0.2731,0.6225,0.5154,0.0,0.0,False
ROW00135664,TXN0058704,2026-06-08,19:16:38,SKU1322,Store A,Retail,1.0,1.411,1.1379,0.2731,0.6225,0.5154,0.0,0.0,False
ROW00135669,TXN0058706,2026-06-08,20:34:56,SKU0841,Store A,Retail,1.0,0.2324,0.1874,0.045,0.1826,0.0048,0.0581,0.2,False
ROW00135701,TXN0058724,2026-06-08,15:29:41,SKU0569,Store B,Retail,1.0,0.2905,0.2343,0.0562,0.0084,0.2259,1.0375,0.7812,False
ROW00135737,TXN0058738,2026-06-08,17:57:25,SKU1416,Store B,Retail,1.0,1.079,0.8702,0.2088,0.4777,0.3925,0.0,0.0,False
ROW00135741,TXN0058742,2026-06-08,18:11:08,SKU0147,Store B,Retail,1.0,0.913,0.7363,0.1767,0.3403,0.396,0.0,0.0,False
ROW00135788,TXN0058763,2026-06-08,11:15:56,SKU1050,Store C,Retail,1.0,1.245,1.0041,0.2409,0.3071,0.697,0.0,0.0,False
ROW00135821,TXN0058785,2026-06-08,15:32:19,SKU0798,Store C,Retail,2.0,6.308,5.0871,1.2209,2.573,2.5141,0.0,0.0,False
ROW00135860,TXN0058803,2026-06-08,19:34:06,SKU1744,Store C,Retail,1.0,0.083,0.083,0.0,0.083,0.0,0.0,0.0,False
ROW00135874,TXN0058810,2026-06-09,13:05:51,SKU0123,Store A,Retail,2.0,2.324,1.8742,0.4498,0.7304,1.1438,0.0,0.0,False
ROW00135899,TXN0058822,2026-06-09,15:27:32,SKU0583,Store A,Retail,1.0,0.083,0.0669,0.0161,0.0251,0.0418,0.083,0.5,False
ROW00135937,TXN0058839,2026-06-09,17:36:40,SKU1598,Store A,Retail,1.0,2.656,2.1419,0.5141,1.3695,0.7724,0.0,0.0,False
ROW00135966,TXN0058854,2026-06-09,19:16:08,SKU0841,Store A,Retail,1.0,0.2656,0.2142,0.0514,0.1826,0.0316,0.0249,0.0857,False
ROW00136026,TXN0058884,2026-06-09,12:39:01,SKU0144,Store B,Retail,1.0,0.3735,0.3012,0.0723,0.1231,0.1781,0.0,0.0,False
ROW00136042,TXN0058891,2026-06-09,13:06:20,SKU1216,Store B,Retail,2.0,2.324,1.8742,0.4498,0.7238,1.1505,0.0,0.0,False
ROW00136078,TXN0058911,2026-06-09,15:04:33,SKU1404,Store B,Retail,1.0,0.996,0.8032,0.1928,0.381,0.4222,0.0,0.0,False
ROW00136095,TXN0058918,2026-06-09,15:08:57,SKU1559,Store B,Retail,1.0,0.6723,0.5422,0.1301,0.3818,0.1604,0.0747,0.1,False
ROW00136108,TXN0058927,2026-06-09,15:17:35,SKU1210,Store B,Retail,1.0,2.241,1.8072,0.4338,1.1537,0.6535,0.0,0.0,False
ROW00136136,TXN0058946,2026-06-09,17:43:19,SKU0901,Store B,Retail,2.0,0.996,0.8032,0.1928,0.5096,0.2936,0.332,0.25,False
ROW00136208,TXN0058978,2026-06-09,11:58:35,SKU0232,Store C,Retail,1.0,0.664,0.5355,0.1285,0.1328,0.4027,0.0,0.0,False
ROW00136230,TXN0058985,2026-06-09,14:06:11,SKU1663,Store C,Retail,1.0,0.83,0.6694,0.1606,1.0241,-0.3547,1.577,0.6552,False
ROW00136281,TXN0059011,2026-06-09,18:08:21,SKU0209,Store C,Retail,2.0,1.162,0.9371,0.2249,1.0292,-0.0921,1.328,0.5333,False
ROW00136299,TXN0059016,2026-06-09,11:28:09,SKU0681,Warehouse,Wholesale,24.0,22.2307,17.928,4.3027,9.1831,8.7449,5.6573,0.2029,False
ROW00136331,TXN0059026,2026-06-10,11:48:14,SKU0152,Store A,Retail,1.0,0.3735,0.3012,0.0723,0.1231,0.1781,0.0,0.0,False
ROW00136356,TXN0059037,2026-06-10,14:34:53,SKU0064,Store A,Retail,1.0,0.913,0.7363,0.1767,0.3735,0.3628,0.0,0.0,False
ROW00136396,TXN0059053,2026-06-10,16:05:04,SKU0156,Store A,Retail,1.0,0.913,0.7363,0.1767,0.3403,0.396,0.0,0.0,False
ROW00136435,TXN0059063,2026-06-10,18:52:58,SKU1729,Store A,Retail,1.0,3.32,2.6774,0.6426,1.1952,1.4822,0.0,0.0,False
ROW00136450,TXN0059070,2026-06-10,11:22:33,SKU0438,Store B,Retail,2.0,0.166,0.1339,0.0321,0.0528,0.0811,0.332,0.6667,False
ROW00136463,TXN0059076,2026-06-10,12:26:45,SKU1573,Store B,Retail,1.0,2.988,2.4097,0.5783,1.4608,0.9489,0.0,0.0,False
ROW00136529,TXN0059111,2026-06-10,16:33:48,SKU0791,Store B,Retail,1.0,1.2035,0.9706,0.2329,0.747,0.2236,0.0,0.0,False
ROW00136564,TXN0059128,2026-06-10,18:02:06,SKU0986,Store B,Retail,1.0,1.494,1.2048,0.2892,0.6059,0.5989,0.0,0.0,False
ROW00136605,TXN0059154,2026-06-10,12:54:50,SKU0569,Store C,Retail,1.0,0.2905,0.2343,0.0562,0.0084,0.2259,1.0375,0.7812,False
ROW00136610,TXN0059155,2026-06-10,13:00:32,SKU1787,Store C,Retail,1.0,2.905,2.3428,0.5622,1.3695,0.9733,0.0,0.0,False
ROW00136619,TXN0059160,2026-06-10,13:42:37,SKU1051,Store C,Retail,1.0,1.328,1.0709,0.2571,0.4399,0.631,0.0,0.0,False
ROW00136696,TXN0059198,2026-06-11,12:16:39,SKU0652,Store A,Retail,1.0,1.245,1.0041,0.2409,0.4084,0.5957,0.0,0.0,False
ROW00136707,TXN0059205,2026-06-11,13:41:16,SKU0874,Store A,Retail,1.0,0.332,0.2678,0.0642,0.1245,0.1433,0.0,0.0,False
ROW00136714,TXN0059208,2026-06-11,14:20:41,SKU0583,Store A,Retail,3.0,0.249,0.2008,0.0482,0.0752,0.1256,0.249,0.5,False
ROW00136799,TXN0059245,2026-06-11,20:09:05,SKU0678,Store A,Retail,2.0,3.2868,2.6506,0.6362,0.8234,1.8272,0.3652,0.1,False
ROW00136821,TXN0059248,2026-06-11,23:57:10,SKU1763,Store A,Retail,1.0,3.7018,2.9853,0.7165,0.0,2.9853,0.0,0.0,False
ROW00136920,TXN0059305,2026-06-11,16:39:40,SKU0991,Store B,Retail,1.0,1.328,1.0709,0.2571,0.5063,0.5646,0.0,0.0,False
ROW00136925,TXN0059307,2026-06-11,17:19:08,SKU0792,Store B,Retail,1.0,1.2035,0.9706,0.2329,0.747,0.2236,0.0,0.0,False
ROW00136931,TXN0059311,2026-06-11,17:31:05,SKU0189,Store B,Retail,1.0,0.083,0.0669,0.0161,0.0264,0.0405,0.166,0.6667,False
ROW00136933,TXN0059311,2026-06-11,17:31:05,SKU0441,Store B,Retail,3.0,0.249,0.2008,0.0482,0.073,0.1278,0.498,0.6667,False
ROW00136944,TXN0059317,2026-06-11,18:05:41,SKU1729,Store B,Retail,1.0,3.32,2.6774,0.6426,1.1952,1.4822,0.0,0.0,False
ROW00136980,TXN0059337,2026-06-11,10:03:18,SKU0519,Store C,Retail,4.0,1.328,1.0709,0.2571,0.3184,0.7526,0.0,0.0,False
ROW00136988,TXN0059340,2026-06-11,10:06:22,SKU0633,Store C,Retail,1.0,1.992,1.6065,0.3855,0.7968,0.8097,0.0,0.0,False
ROW00137030,TXN0059359,2026-06-11,11:23:35,SKU1022,Store C,Retail,1.0,1.66,1.3387,0.3213,0.5665,0.7722,0.0,0.0,False
ROW00137115,TXN0059393,2026-06-11,18:33:16,SKU0668,Store C,Retail,1.0,3.32,2.6774,0.6426,1.9123,0.7651,0.913,0.2157,False
ROW00137119,TXN0059395,2026-06-12,11:07:04,SKU0738,Store A,Retail,1.0,1.494,1.2048,0.2892,0.6391,0.5657,0.0,0.0,False
ROW00137159,TXN0059409,2026-06-12,13:42:08,SKU1420,Store A,Retail,1.0,0.913,0.7363,0.1767,0.4482,0.2881,0.0,0.0,False
ROW00137165,TXN0059411,2026-06-12,13:44:09,SKU0064,Store A,Retail,1.0,0.913,0.7363,0.1767,0.3735,0.3628,0.0,0.0,False
ROW00137211,TXN0059428,2026-06-12,18:40:45,SKU0583,Store A,Retail,1.0,0.083,0.0669,0.0161,0.0251,0.0418,0.083,0.5,False
ROW00137229,TXN0059439,2026-06-12,10:38:51,SKU0713,Store B,Retail,2.0,2.49,2.0081,0.4819,0.6142,1.3939,0.0,0.0,False
ROW00137232,TXN0059440,2026-06-12,10:53:40,SKU1629,Store B,Retail,1.0,0.083,0.083,0.0,0.083,0.0,0.0,0.0,False
ROW00137276,TXN0059459,2026-06-12,13:14:42,SKU1002,Store B,Retail,1.0,1.1205,0.9036,0.2169,0.747,0.1566,0.1245,0.1,False
ROW00137363,TXN0059504,2026-06-12,17:44:30,SKU0668,Store B,Retail,1.0,3.32,2.6774,0.6426,1.9123,0.7651,0.913,0.2157,False
ROW00137388,TXN0059513,2026-06-12,18:27:21,SKU1030,Store B,Retail,2.0,1.328,1.0709,0.2571,0.8798,0.1911,0.498,0.2727,False
ROW00137401,TXN0059518,2026-06-12,19:00:20,SKU0232,Store B,Retail,1.0,0.664,0.5355,0.1285,0.1328,0.4027,0.0,0.0,False
ROW00137475,TXN0059552,2026-06-12,15:32:09,SKU0147,Store C,Retail,1.0,0.664,0.5355,0.1285,0.3403,0.1952,0.249,0.2727,False
ROW00137481,TXN0059552,2026-06-12,15:32:09,SKU1629,Store C,Retail,1.0,0.083,0.083,0.0,0.083,0.0,0.0,0.0,False
ROW00137497,TXN0059561,2026-06-12,16:38:40,SKU0738,Store C,Retail,2.0,2.988,2.4097,0.5783,1.2782,1.1315,0.0,0.0,False
ROW00137506,TXN0059566,2026-06-12,16:43:16,SKU0228,Store C,Retail,1.0,0.249,0.2008,0.0482,0.0602,0.1406,0.0,0.0,False
ROW00137553,TXN0059586,2026-06-12,15:37:06,SKU0144,Warehouse,Wholesale,24.0,5.9282,4.7808,1.1474,2.9541,1.8267,3.0358,0.3387,False
ROW00137600,TXN0059592,2026-06-13,12:29:58,SKU1784,Store A,Retail,0.018,0.2241,0.1807,0.0434,0.0926,0.0881,0.0,0.0,False
ROW00137652,TXN0059610,2026-06-13,15:40:23,SKU0655,Store A,Retail,2.0,3.32,2.6774,0.6426,0.8649,1.8126,0.0,0.0,False
ROW00137672,TXN0059618,2026-06-13,16:50:47,SKU1783,Store A,Retail,0.052,0.581,0.4685,0.1125,0.2719,0.1966,0.0664,0.1026,False
ROW00137702,TXN0059630,2026-06-13,18:55:38,SKU0801,Store A,Retail,1.0,1.577,1.2718,0.3052,0.6225,0.6493,0.0,0.0,False
ROW00137724,TXN0059634,2026-06-13,20:39:35,SKU1735,Store A,Retail,1.0,1.494,1.2048,0.2892,0.415,0.7898,0.0,0.0,False
ROW00137730,TXN0059637,2026-06-13,12:28:19,SKU1701,Store B,Retail,2.0,2.158,1.7403,0.4177,0.9794,0.7609,0.0,0.0,False
ROW00137733,TXN0059638,2026-06-13,12:29:46,SKU1002,Store B,Retail,2.0,2.49,2.0081,0.4819,1.494,0.5141,0.0,0.0,False
ROW00137746,TXN0059646,2026-06-13,14:06:46,SKU0583,Store B,Retail,1.0,0.083,0.0669,0.0161,0.0251,0.0418,0.083,0.5,False
ROW00137830,TXN0059669,2026-06-13,18:31:21,SKU1687,Store B,Retail,1.0,0.498,0.4016,0.0964,0.3486,0.053,0.415,0.4545,False
ROW00137923,TXN0059711,2026-06-13,15:15:16,SKU1036,Store C,Retail,1.0,4.399,3.5476,0.8514,1.8177,1.7299,0.0,0.0,False
ROW00137925,TXN0059711,2026-06-13,15:15:16,SKU1324,Store C,Retail,2.0,2.822,2.2758,0.5462,1.245,1.0308,0.0,0.0,False
ROW00137965,TXN0059731,2026-06-13,17:12:02,SKU0807,Store C,Retail,1.0,1.328,1.0709,0.2571,0.2739,0.797,0.0,0.0,False
ROW00137982,TXN0059741,2026-06-13,17:48:53,SKU1589,Store C,Retail,1.0,1.494,1.2048,0.2892,0.6059,0.5989,0.0,0.0,False
ROW00138001,TXN0059750,2026-06-13,19:37:47,SKU1629,Store C,Retail,2.0,0.166,0.166,0.0,0.166,0.0,0.0,0.0,False
ROW00138052,TXN0059770,2026-06-14,14:12:41,SKU0664,Store A,Retail,1.0,3.32,2.6774,0.6426,1.9123,0.7651,0.913,0.2157,False
ROW00138064,TXN0059775,2026-06-14,15:33:42,SKU1743,Store A,Retail,1.0,0.083,0.083,0.0,0.083,0.0,0.0,0.0,False
ROW00138076,TXN0059780,2026-06-14,16:10:06,SKU0189,Store A,Retail,1.0,0.083,0.0669,0.0161,0.0264,0.0405,0.166,0.6667,False
ROW00138122,TXN0059795,2026-06-14,18:53:07,SKU1629,Store A,Retail,1.0,0.083,0.083,0.0,0.083,0.0,0.0,0.0,False
ROW00138159,TXN0059811,2026-06-14,12:56:54,SKU1404,Store B,Retail,1.0,0.996,0.8032,0.1928,0.381,0.4222,0.0,0.0,False
ROW00138173,TXN0059816,2026-06-14,13:16:14,SKU1297,Store B,Retail,3.0,5.5776,4.4981,1.0795,3.0129,1.4852,1.3944,0.2,False
ROW00138212,TXN0059836,2026-06-14,16:14:51,SKU1629,Store B,Retail,2.0,0.166,0.166,0.0,0.166,0.0,0.0,0.0,False
ROW00138216,TXN0059839,2026-06-14,16:33:22,SKU1197,Store B,Retail,1.0,1.992,1.6065,0.3855,0.9469,0.6596,0.0,0.0,False
ROW00138250,TXN0059853,2026-06-14,17:36:50,SKU0583,Store B,Retail,2.0,0.166,0.1339,0.0321,0.0501,0.0837,0.166,0.5,False
ROW00138305,TXN0059882,2026-06-14,13:12:20,SKU0209,Store C,Retail,1.0,0.581,0.4685,0.1125,0.5146,-0.0461,0.664,0.5333,False
ROW00138387,TXN0059921,2026-06-14,17:31:52,SKU0124,Store C,Retail,1.0,1.826,1.4726,0.3534,0.507,0.9656,0.0,0.0,False
ROW00138400,TXN0059924,2026-06-14,17:47:17,SKU1613,Store C,Retail,1.0,1.162,0.9371,0.2249,0.664,0.2731,0.249,0.1765,False
ROW00138401,TXN0059924,2026-06-14,17:47:17,SKU1629,Store C,Retail,1.0,0.083,0.083,0.0,0.083,0.0,0.0,0.0,False
ROW00138406,TXN0059926,2026-06-15,10:29:42,SKU1744,Store A,Retail,1.0,0.083,0.083,0.0,0.083,0.0,0.0,0.0,False
ROW00138433,TXN0059936,2026-06-15,13:06:56,SKU0801,Store A,Retail,1.0,1.577,1.2718,0.3052,0.6225,0.6493,0.0,0.0,False
ROW00138455,TXN0059947,2026-06-15,16:27:32,SKU1328,Store A,Retail,1.0,1.411,1.1379,0.2731,0.6225,0.5154,0.0,0.0,False
ROW00138502,TXN0059968,2026-06-15,13:28:30,SKU1077,Store B,Retail,1.0,1.66,1.3387,0.3213,0.4755,0.8632,0.0,0.0,False
ROW00138513,TXN0059974,2026-06-15,14:09:44,SKU0153,Store B,Retail,1.0,0.332,0.2678,0.0642,0.1826,0.0852,0.0415,0.1111,False
ROW00138514,TXN0059974,2026-06-15,14:09:44,SKU0681,Store B,Retail,1.0,1.0458,0.8434,0.2024,0.3826,0.4607,0.1162,0.1,False
ROW00138573,TXN0060005,2026-06-15,10:45:35,SKU0209,Store C,Retail,1.0,0.581,0.4685,0.1125,0.5146,-0.0461,0.664,0.5333,False
ROW00138599,TXN0060020,2026-06-15,12:48:58,SKU1436,Store C,Retail,1.0,0.249,0.2008,0.0482,0.0743,0.1265,0.0,0.0,False
ROW00138611,TXN0060024,2026-06-15,13:35:24,SKU1049,Store C,Retail,2.0,2.49,2.0081,0.4819,0.7166,1.2915,0.0,0.0,False
ROW00138697,TXN0060058,2026-06-15,16:20:32,SKU1207,Store C,Retail,1.0,2.324,1.8742,0.4498,1.0458,0.8284,0.0,0.0,False
ROW00138718,TXN0060067,2026-06-15,17:25:29,SKU1744,Store C,Retail,1.0,0.083,0.083,0.0,0.083,0.0,0.0,0.0,False
ROW00138741,TXN0060081,2026-06-16,11:48:36,SKU0841,Store A,Retail,1.0,0.2905,0.2343,0.0562,0.1826,0.0517,0.0,0.0,False
ROW00138783,TXN0060097,2026-06-16,15:49:29,SKU0861,Store A,Retail,2.0,0.996,0.8032,0.1928,0.5692,0.234,0.0,0.0,False
ROW00138820,TXN0060113,2026-06-16,19:06:30,SKU1051,Store A,Retail,1.0,1.328,1.0709,0.2571,0.4399,0.631,0.0,0.0,False
ROW00138858,TXN0060133,2026-06-16,13:55:31,SKU1230,Store B,Retail,1.0,0.2075,0.1673,0.0402,0.0498,0.1175,0.0,0.0,False
ROW00138874,TXN0060142,2026-06-16,14:39:35,SKU0633,Store B,Retail,2.0,3.984,3.2129,0.7711,1.5936,1.6193,0.0,0.0,False
ROW00138907,TXN0060161,2026-06-16,18:30:50,SKU1229,Store B,Retail,1.0,0.2075,0.1673,0.0402,0.0498,0.1175,0.0,0.0,False
ROW00138936,TXN0060176,2026-06-16,10:32:06,SKU0738,Store C,Retail,1.0,1.494,1.2048,0.2892,0.6391,0.5657,0.0,0.0,False
ROW00138998,TXN0060203,2026-06-16,15:54:10,SKU1736,Store C,Retail,1.0,1.494,1.2048,0.2892,0.415,0.7898,0.0,0.0,False
ROW00139009,TXN0060209,2026-06-16,16:59:03,SKU1229,Store C,Retail,1.0,0.2075,0.1673,0.0402,0.0498,0.1175,0.0,0.0,False
ROW00139028,TXN0060219,2026-06-16,18:15:57,SKU0861,Store C,Retail,3.0,1.494,1.2048,0.2892,0.8538,0.351,0.0,0.0,False
ROW00139047,TXN0060228,2026-06-16,10:09:31,SKU0653,Warehouse,Wholesale,12.0,8.2748,6.6732,1.6016,4.8804,1.7928,13.6372,0.6224,False
ROW00139062,TXN0060230,2026-06-17,12:06:01,SKU0729,Store A,Retail,2.0,4.3326,3.4941,0.8385,1.7347,1.7594,0.4814,0.1,False
ROW00139098,TXN0060249,2026-06-17,16:48:51,SKU1729,Store A,Retail,1.0,3.32,2.6774,0.6426,1.1952,1.4822,0.0,0.0,False
ROW00139114,TXN0060259,2026-06-17,10:54:39,SKU0655,Store B,Retail,1.0,1.66,1.3387,0.3213,0.4324,0.9063,0.0,0.0,False
ROW00139118,TXN0060261,2026-06-17,12:08:45,SKU1022,Store B,Retail,1.0,1.66,1.3387,0.3213,0.5665,0.7722,0.0,0.0,False
ROW00139195,TXN0060302,2026-06-17,17:28:42,SKU0155,Store B,Retail,1.0,1.162,0.9371,0.2249,0.332,0.6051,0.0,0.0,False
ROW00139219,TXN0060311,2026-06-17,19:19:36,SKU1711,Store B,Retail,1.0,1.328,1.0709,0.2571,0.5063,0.5646,0.0,0.0,False
ROW00139258,TXN0060334,2026-06-17,12:58:32,SKU0906,Store C,Retail,2.0,4.814,3.8822,0.9318,1.411,2.4712,0.0,0.0,False
ROW00139260,TXN0060334,2026-06-17,12:58:32,SKU1618,Store C,Retail,1.0,0.996,0.8032,0.1928,0.498,0.3052,0.0,0.0,False
ROW00139326,TXN0060368,2026-06-17,15:53:02,SKU0228,Store C,Retail,2.0,0.166,0.1339,0.0321,0.1203,0.0135,0.332,0.6667,False
ROW00139335,TXN0060372,2026-06-17,16:03:24,SKU0668,Store C,Retail,1.0,3.32,2.6774,0.6426,1.9123,0.7651,0.913,0.2157,False
ROW00139342,TXN0060375,2026-06-17,16:30:22,SKU0863,Store C,Retail,1.0,0.498,0.4016,0.0964,0.4316,-0.03,0.747,0.6,False
ROW00139408,TXN0060410,2026-06-18,15:02:36,SKU0661,Store A,Retail,1.0,1.245,1.0041,0.2409,0.415,0.5891,0.0,0.0,False
ROW00139436,TXN0060422,2026-06-18,16:57:02,SKU1587,Store A,Retail,1.0,1.328,1.0709,0.2571,0.5063,0.5646,0.0,0.0,False
ROW00139446,TXN0060427,2026-06-18,18:13:14,SKU0878,Store A,Retail,1.0,0.3735,0.3012,0.0723,0.1992,0.102,0.0415,0.1,False
ROW00139486,TXN0060446,2026-06-18,11:07:14,SKU0583,Store B,Retail,2.0,0.166,0.1339,0.0321,0.0501,0.0837,0.166,0.5,False
ROW00139523,TXN0060466,2026-06-18,14:29:19,SKU1629,Store B,Retail,1.0,0.083,0.083,0.0,0.083,0.0,0.0,0.0,False
ROW00139536,TXN0060474,2026-06-18,15:11:59,SKU0996,Store B,Retail,0.028,0.2573,0.2075,0.0498,0.1237,0.0838,0.0249,0.0882,False
ROW00139561,TXN0060487,2026-06-18,17:14:13,SKU1261,Store B,Retail,1.0,1.162,0.9371,0.2249,0.5644,0.3727,0.0,0.0,False
ROW00139629,TXN0060512,2026-06-18,11:59:37,SKU0715,Store C,Retail,1.0,1.992,1.6065,0.3855,0.7387,0.8678,0.0,0.0,False
ROW00139670,TXN0060540,2026-06-18,18:11:49,SKU0863,Store C,Retail,1.0,0.498,0.4016,0.0964,0.4316,-0.03,0.747,0.6,False
ROW00139718,TXN0060564,2026-06-19,14:31:38,SKU1559,Store A,Retail,1.0,0.747,0.6024,0.1446,0.3818,0.2206,0.083,0.1,False
ROW00139750,TXN0060580,2026-06-19,18:05:11,SKU0519,Store A,Retail,4.0,1.328,1.0709,0.2571,0.3184,0.7526,0.0,0.0,False
ROW00139768,TXN0060589,2026-06-19,19:31:42,SKU1606,Store A,Retail,1.0,1.2699,1.0241,0.2458,0.664,0.3601,0.1411,0.1,False
ROW00139807,TXN0060613,2026-06-19,12:25:56,SKU0152,Store B,Retail,1.0,0.3735,0.3012,0.0723,0.1231,0.1781,0.0,0.0,False
ROW00139811,TXN0060615,2026-06-19,12:29:38,SKU0709,Store B,Retail,2.0,1.66,1.3387,0.3213,0.4001,0.9386,0.0,0.0,False
ROW00139816,TXN0060618,2026-06-19,13:24:22,SKU0463,Store B,Retail,1.0,0.498,0.4016,0.0964,0.1577,0.2439,0.0,0.0,False
ROW00139888,TXN0060651,2026-06-19,18:24:30,SKU1003,Store B,Retail,2.0,3.154,2.5435,0.6105,1.5272,1.0163,0.0,0.0,False
ROW00139911,TXN0060655,2026-06-19,19:01:40,SKU1735,Store B,Retail,1.0,1.494,1.2048,0.2892,0.415,0.7898,0.0,0.0,False
ROW00139952,TXN0060671,2026-06-19,13:09:59,SKU1077,Store C,Retail,1.0,1.66,1.3387,0.3213,0.4755,0.8632,0.0,0.0,False
ROW00139954,TXN0060672,2026-06-19,13:15:57,SKU0963,Store C,Retail,1.0,4.648,3.7484,0.8996,1.9422,1.8062,0.0,0.0,False
ROW00139997,TXN0060694,2026-06-19,16:28:47,SKU1744,Store C,Retail,1.0,0.083,0.083,0.0,0.083,0.0,0.0,0.0,False
ROW00140052,TXN0060719,2026-06-19,19:21:22,SKU0155,Store C,Retail,1.0,1.162,0.9371,0.2249,0.332,0.6051,0.0,0.0,False
ROW00140084,TXN0060732,2026-06-20,14:59:44,SKU0841,Store A,Retail,1.0,0.2573,0.2075,0.0498,0.1826,0.0249,0.0332,0.1143,False
ROW00140092,TXN0060734,2026-06-20,15:21:41,SKU0474,Store A,Retail,1.0,0.415,0.3347,0.0803,0.1826,0.1521,0.0,0.0,False
ROW00140136,TXN0060747,2026-06-20,19:35:52,SKU0583,Store A,Retail,2.0,0.166,0.1339,0.0321,0.0501,0.0837,0.166,0.5,False
ROW00140167,TXN0060760,2026-06-20,14:51:25,SKU1744,Store B,Retail,1.0,0.083,0.083,0.0,0.083,0.0,0.0,0.0,False
ROW00140187,TXN0060766,2026-06-20,15:42:42,SKU1090,Store B,Retail,2.0,4.814,3.8822,0.9318,2.8386,1.0436,0.0,0.0,False
ROW00140208,TXN0060772,2026-06-20,16:29:29,SKU1215,Store B,Retail,1.0,0.913,0.7363,0.1767,0.4233,0.313,0.0,0.0,False
ROW00140241,TXN0060794,2026-06-20,12:50:21,SKU1028,Store C,Retail,1.0,1.162,0.9371,0.2249,0.5229,0.4142,0.0,0.0,False
ROW00140258,TXN0060804,2026-06-20,13:48:02,SKU1686,Store C,Retail,1.0,1.162,0.9371,0.2249,0.4897,0.4474,0.249,0.1765,False
ROW00140273,TXN0060812,2026-06-20,14:34:39,SKU1197,Store C,Retail,1.0,1.992,1.6065,0.3855,0.9469,0.6596,0.0,0.0,False
ROW00140311,TXN0060834,2026-06-20,16:40:08,SKU0050,Store C,Retail,1.0,2.407,1.9411,0.4659,0.7055,1.2356,0.581,0.1944,False
ROW00140349,TXN0060855,2026-06-21,10:59:14,SKU1536,Store A,Retail,1.0,0.996,0.8032,0.1928,0.4233,0.3799,0.0,0.0,False
ROW00140382,TXN0060871,2026-06-21,14:56:09,SKU1323,Store A,Retail,1.0,1.411,1.1379,0.2731,0.6225,0.5154,0.0,0.0,False
ROW00140439,TXN0060898,2026-06-21,16:36:03,SKU0738,Store B,Retail,1.0,1.494,1.2048,0.2892,0.6391,0.5657,0.0,0.0,False
ROW00140450,TXN0060904,2026-06-21,10:04:02,SKU0518,Store C,Retail,1.0,0.581,0.4685,0.1125,0.2229,0.2456,0.0,0.0,False
ROW00140503,TXN0060922,2026-06-21,11:45:48,SKU0652,Store C,Retail,1.0,1.245,1.0041,0.2409,0.4084,0.5957,0.0,0.0,False
ROW00140510,TXN0060925,2026-06-21,11:58:16,SKU0569,Store C,Retail,2.0,0.166,0.1339,0.0321,0.0168,0.1171,2.49,0.9375,False
ROW00140534,TXN0060937,2026-06-21,12:43:28,SKU0879,Store C,Retail,3.0,0.3735,0.3012,0.0723,0.0934,0.2078,0.0,0.0,False
ROW00140573,TXN0060961,2026-06-21,16:15:04,SKU1034,Store C,Retail,3.0,1.6185,1.3053,0.3132,0.7968,0.5085,0.0,0.0,False
ROW00140594,TXN0060972,2026-06-22,12:27:12,SKU0260,Store A,Retail,2.0,3.652,2.9452,0.7068,1.4342,1.5109,0.0,0.0,False
ROW00140604,TXN0060977,2026-06-22,13:57:38,SKU1618,Store A,Retail,1.0,0.996,0.8032,0.1928,0.498,0.3052,0.0,0.0,False
ROW00140684,TXN0061008,2026-06-22,12:17:28,SKU0868,Store B,Retail,1.0,1.7181,1.3856,0.3325,1.1869,0.1987,0.1909,0.1,False
ROW00140743,TXN0061035,2026-06-22,20:00:39,SKU0260,Store B,Retail,1.0,1.826,1.4726,0.3534,0.7171,0.7555,0.0,0.0,False
ROW00140765,TXN0061046,2026-06-22,12:37:21,SKU1106,Store C,Retail,1.0,0.166,0.1339,0.0321,0.0415,0.0924,0.0,0.0,False
ROW00140809,TXN0061068,2026-06-22,15:51:03,SKU1743,Store C,Retail,1.0,0.083,0.083,0.0,0.083,0.0,0.0,0.0,False
ROW00140831,TXN0061080,2026-06-22,17:22:13,SKU0941,Store C,Retail,1.0,14.027,11.3121,2.7149,6.4068,4.9053,0.0,0.0,False
ROW00140867,TXN0061094,2026-06-22,19:56:57,SKU1323,Store C,Retail,1.0,1.411,1.1379,0.2731,0.6225,0.5154,0.0,0.0,False
ROW00140869,TXN0061095,2026-06-22,16:00:17,SKU0702,Warehouse,Wholesale,12.0,7.0397,5.6772,1.3625,4.2031,1.4741,6.9043,0.4951,False
ROW00140900,TXN0061110,2026-06-23,15:50:48,SKU1258,Store A,Retail,1.0,2.075,1.6734,0.4016,1.0375,0.6359,0.0,0.0,False
ROW00140912,TXN0061116,2026-06-23,10:09:25,SKU1084,Store C,Retail,2.0,2.49,2.0081,0.4819,0.6391,1.369,0.0,0.0,False
ROW00140915,TXN0061118,2026-06-23,10:36:30,SKU0189,Store C,Retail,1.0,0.083,0.0669,0.0161,0.0264,0.0405,0.166,0.6667,False
ROW00140968,TXN0061138,2026-06-23,14:17:51,SKU1096,Store C,Retail,1.0,1.494,1.2048,0.2892,0.415,0.7898,0.0,0.0,False
ROW00140995,TXN0061148,2026-06-23,15:21:42,SKU1790,Store C,Retail,1.0,2.324,1.8742,0.4498,1.3695,0.5047,0.581,0.2,False
ROW00141049,TXN0061177,2026-06-25,14:35:59,SKU0148,Store A,Retail,1.0,0.913,0.7363,0.1767,0.3569,0.3794,0.0,0.0,False
ROW00141052,TXN0061177,2026-06-25,14:35:59,SKU1398,Store A,Retail,2.0,0.498,0.4016,0.0964,0.1486,0.2531,0.0,0.0,False
ROW00141102,TXN0061191,2026-06-25,19:36:47,SKU0152,Store A,Retail,1.0,0.3735,0.3012,0.0723,0.1231,0.1781,0.0,0.0,False
ROW00141149,TXN0061213,2026-06-25,13:51:15,SKU1501,Store B,Retail,1.0,1.245,1.0041,0.2409,0.4897,0.5144,0.0,0.0,False
ROW00141153,TXN0061216,2026-06-25,14:08:32,SKU0441,Store B,Retail,1.0,0.083,0.0669,0.0161,0.0243,0.0426,0.166,0.6667,False
ROW00141174,TXN0061220,2026-06-25,15:29:38,SKU0878,Store B,Retail,1.0,0.415,0.3347,0.0803,0.1992,0.1355,0.0,0.0,False
ROW00141175,TXN0061221,2026-06-25,15:40:09,SKU0441,Store B,Retail,5.0,0.415,0.3347,0.0803,0.1216,0.2131,0.83,0.6667,False
ROW00141242,TXN0061254,2026-06-25,10:24:28,SKU0655,Store C,Retail,1.0,1.66,1.3387,0.3213,0.4324,0.9063,0.0,0.0,False
ROW00141244,TXN0061254,2026-06-25,10:24:28,SKU1197,Store C,Retail,1.0,1.992,1.6065,0.3855,0.9469,0.6596,0.0,0.0,False
ROW00141257,TXN0061259,2026-06-25,10:40:28,SKU1735,Store C,Retail,1.0,1.494,1.2048,0.2892,0.415,0.7898,0.0,0.0,False
ROW00141276,TXN0061266,2026-06-25,10:51:14,SKU1398,Store C,Retail,2.0,0.498,0.4016,0.0964,0.1486,0.2531,0.0,0.0,False
ROW00141306,TXN0061277,2026-06-25,11:50:28,SKU1598,Store C,Retail,1.0,2.656,2.1419,0.5141,1.3695,0.7724,0.0,0.0,False
ROW00141432,TXN0061338,2026-06-26,15:05:00,SKU0583,Store A,Retail,1.0,0.083,0.0669,0.0161,0.0251,0.0418,0.083,0.5,False
ROW00141438,TXN0061343,2026-06-26,15:48:38,SKU0916,Store A,Retail,0.082,0.4897,0.3949,0.0948,0.0,0.3949,0.0581,0.1061,False
ROW00141478,TXN0061354,2026-06-26,18:56:59,SKU0247,Store A,Retail,2.0,2.324,1.8742,0.4498,1.358,0.5162,0.83,0.2632,False
ROW00141498,TXN0061362,2026-06-26,12:10:29,SKU0841,Store B,Retail,1.0,0.2905,0.2343,0.0562,0.1909,0.0434,0.0,0.0,False
ROW00141500,TXN0061364,2026-06-26,12:24:58,SKU0438,Store B,Retail,1.0,0.083,0.0669,0.0161,0.0264,0.0405,0.166,0.6667,False
ROW00141540,TXN0061385,2026-06-26,14:53:55,SKU0883,Store B,Retail,5.0,0.83,0.6694,0.1606,0.3527,0.3166,0.0,0.0,False
ROW00141580,TXN0061406,2026-06-26,16:51:18,SKU0147,Store B,Retail,1.0,0.913,0.7363,0.1767,0.3403,0.396,0.0,0.0,False
ROW00141601,TXN0061416,2026-06-26,10:44:33,SKU1730,Store C,Retail,1.0,2.49,2.0081,0.4819,1.0707,0.9374,0.83,0.25,False
ROW00141610,TXN0061420,2026-06-26,11:01:41,SKU0841,Store C,Retail,1.0,0.2905,0.2343,0.0562,0.1826,0.0517,0.0,0.0,False
ROW00141634,TXN0061434,2026-06-26,12:42:54,SKU0569,Store C,Retail,1.0,0.083,0.0669,0.0161,0.0084,0.0585,1.245,0.9375,False
ROW00141642,TXN0061437,2026-06-26,13:14:00,SKU0583,Store C,Retail,2.0,0.166,0.1339,0.0321,0.0501,0.0837,0.166,0.5,False
ROW00141729,TXN0061477,2026-06-26,14:54:09,SKU1783,Warehouse,Wholesale,1.0,8.7565,7.0617,1.6948,5.229,1.8327,3.6935,0.2967,False
ROW00141772,TXN0061492,2026-06-27,17:43:49,SKU0681,Store A,Retail,1.0,1.162,0.9371,0.2249,0.3826,0.5544,0.0,0.0,False
ROW00141775,TXN0061493,2026-06-27,17:53:42,SKU1231,Store A,Retail,1.0,0.166,0.1339,0.0321,0.0498,0.0841,0.0,0.0,False
ROW00141786,TXN0061501,2026-06-27,19:26:52,SKU0569,Store A,Retail,2.0,0.166,0.1339,0.0321,0.0168,0.1171,2.49,0.9375,False
ROW00141845,TXN0061517,2026-06-27,14:02:47,SKU1686,Store B,Retail,1.0,1.162,0.9371,0.2249,0.4897,0.4474,0.249,0.1765,False
ROW00141890,TXN0061540,2026-06-27,17:20:33,SKU1416,Store B,Retail,3.0,3.237,2.6105,0.6265,1.433,1.1775,0.0,0.0,False
ROW00141904,TXN0061548,2026-06-27,19:09:57,SKU1365,Store B,Retail,1.0,0.332,0.2678,0.0642,0.1411,0.1267,0.0,0.0,False
ROW00141938,TXN0061564,2026-06-27,13:11:38,SKU0640,Store C,Retail,1.0,1.66,1.3387,0.3213,0.6201,0.7186,0.0,0.0,False
ROW00141961,TXN0061573,2026-06-27,14:13:48,SKU1598,Store C,Retail,1.0,2.656,2.1419,0.5141,1.3695,0.7724,0.0,0.0,False
ROW00142002,TXN0061591,2026-06-27,17:27:42,SKU1606,Store C,Retail,1.0,1.411,1.1379,0.2731,0.664,0.4739,0.0,0.0,False
ROW00142010,TXN0061593,2026-06-27,17:54:30,SKU1299,Store C,Retail,1.0,1.162,0.9371,0.2249,0.5395,0.3976,0.0,0.0,False
ROW00142057,TXN0061618,2026-06-28,14:47:44,SKU1328,Store A,Retail,1.0,1.411,1.1379,0.2731,0.6225,0.5154,0.0,0.0,False
ROW00142094,TXN0061629,2026-06-28,17:38:57,SKU0247,Store A,Retail,1.0,1.162,0.9371,0.2249,0.679,0.258,0.415,0.2632,False
ROW00142145,TXN0061647,2026-06-28,12:44:37,SKU1614,Store B,Retail,2.0,2.822,2.2758,0.5462,1.328,0.9478,0.0,0.0,False
ROW00142162,TXN0061654,2026-06-28,14:16:56,SKU1784,Store B,Retail,0.104,1.2948,1.0441,0.2507,0.5352,0.509,0.0,0.0,False
ROW00142169,TXN0061659,2026-06-28,15:00:14,SKU0583,Store B,Retail,1.0,0.083,0.0669,0.0161,0.0251,0.0418,0.083,0.5,False
ROW00142237,TXN0061697,2026-06-28,13:02:58,SKU0582,Store C,Retail,2.0,0.664,0.5355,0.1285,0.1826,0.3529,0.166,0.2,False
ROW00142293,TXN0061721,2026-06-28,16:57:40,SKU1084,Store C,Retail,1.0,1.245,1.0041,0.2409,0.3196,0.6845,0.0,0.0,False
ROW00142302,TXN0061726,2026-06-28,17:24:29,SKU0823,Store C,Retail,1.0,2.988,2.4097,0.5783,1.8177,0.592,0.747,0.2,False
ROW00142317,TXN0061736,2026-06-28,17:47:49,SKU1300,Store C,Retail,1.0,1.162,0.9371,0.2249,0.5395,0.3976,0.0,0.0,False
ROW00142338,TXN0061744,2026-06-29,11:57:21,SKU1629,Store A,Retail,1.0,0.083,0.083,0.0,0.083,0.0,0.0,0.0,False
ROW00142345,TXN0061748,2026-06-29,12:26:36,SKU1051,Store A,Retail,1.0,1.328,1.0709,0.2571,0.4399,0.631,0.0,0.0,False
ROW00142347,TXN0061749,2026-06-29,12:28:01,SKU0247,Store A,Retail,1.0,1.162,0.9371,0.2249,0.679,0.258,0.415,0.2632,False
ROW00142432,TXN0061790,2026-06-29,11:49:31,SKU0681,Store B,Retail,2.0,2.324,1.8742,0.4498,0.7653,1.109,0.0,0.0,False
ROW00142439,TXN0061793,2026-06-29,12:16:44,SKU0152,Store B,Retail,1.0,0.3735,0.3012,0.0723,0.1231,0.1781,0.0,0.0,False
ROW00142472,TXN0061806,2026-06-29,16:02:22,SKU1404,Store B,Retail,3.0,2.988,2.4097,0.5783,1.1429,1.2667,0.0,0.0,False
ROW00142576,TXN0061855,2026-06-29,15:29:37,SKU1034,Store C,Retail,1.0,0.5395,0.4351,0.1044,0.2656,0.1695,0.0,0.0,False
ROW00142587,TXN0061859,2026-06-29,15:54:38,SKU0841,Store C,Retail,1.0,0.2905,0.2343,0.0562,0.1826,0.0517,0.0,0.0,False
ROW00142590,TXN0061859,2026-06-29,15:54:38,SKU1466,Store C,Retail,1.0,3.154,2.5435,0.6105,1.2865,1.257,0.0,0.0,False
ROW00142617,TXN0061871,2026-06-29,19:02:52,SKU0982,Store C,Retail,1.0,1.328,1.0709,0.2571,0.5063,0.5646,0.0,0.0,False
ROW00142653,TXN0061888,2026-06-30,14:21:13,SKU0166,Store A,Retail,1.0,1.245,1.0041,0.2409,0.415,0.5891,0.415,0.25,False
ROW00142686,TXN0061901,2026-06-30,18:40:53,SKU0861,Store A,Retail,1.0,0.498,0.4016,0.0964,0.2846,0.117,0.0,0.0,False
ROW00142731,TXN0061920,2026-06-30,15:39:44,SKU1744,Store B,Retail,1.0,0.083,0.083,0.0,0.083,0.0,0.0,0.0,False
ROW00142746,TXN0061930,2026-06-30,16:59:37,SKU0906,Store B,Retail,3.0,7.221,5.8234,1.3976,2.1165,3.7069,0.0,0.0,False
ROW00142777,TXN0061944,2026-06-30,10:43:02,SKU0711,Store C,Retail,1.0,0.747,0.6024,0.1446,0.2905,0.3119,0.0,0.0,False
ROW00142803,TXN0061956,2026-06-30,12:08:22,SKU1787,Store C,Retail,1.0,2.905,2.3428,0.5622,1.2367,1.1061,0.0,0.0,False
ROW00142861,TXN0061986,2026-06-30,16:07:17,SKU0154,Store C,Retail,1.0,1.162,0.9371,0.2249,0.332,0.6051,0.0,0.0,False
ROW00142893,TXN0062004,2026-06-30,18:15:55,SKU0692,Store C,Retail,1.0,0.498,0.4016,0.0964,0.21,0.1916,0.0,0.0,False
ROW00142894,TXN0062005,2026-06-30,18:39:42,SKU0635,Store C,Retail,1.0,1.992,1.6065,0.3855,0.7138,0.8927,0.0,0.0,False
ROW00142912,TXN0062015,2026-06-30,13:30:07,SKU0666,Warehouse,Wholesale,15.0,49.0928,39.591,9.5018,28.6848,10.9062,14.4022,0.2268,False
ROW00142926,TXN0062017,2026-07-01,11:24:33,SKU1404,Store A,Retail,1.0,0.996,0.8032,0.1928,0.381,0.4222,0.0,0.0,False
ROW00142973,TXN0062041,2026-07-01,16:44:30,SKU0568,Store A,Retail,1.0,3.4362,2.7711,0.6651,1.7015,1.0696,0.3818,0.1,False
ROW00142977,TXN0062042,2026-07-01,17:18:51,SKU0189,Store A,Retail,1.0,0.083,0.0669,0.0161,0.0264,0.0405,0.166,0.6667,False
ROW00143035,TXN0062055,2026-07-01,12:06:59,SKU1629,Store B,Retail,1.0,0.083,0.083,0.0,0.083,0.0,0.0,0.0,False
ROW00143060,TXN0062064,2026-07-01,14:42:07,SKU1598,Store B,Retail,1.0,2.656,2.1419,0.5141,1.3695,0.7724,0.0,0.0,False
ROW00143067,TXN0062068,2026-07-01,15:18:59,SKU1013,Store B,Retail,1.0,1.1952,0.9639,0.2313,0.4648,0.4991,0.1328,0.1,False
ROW00143108,TXN0062092,2026-07-01,10:28:03,SKU1210,Store C,Retail,1.0,2.241,1.8072,0.4338,1.1537,0.6535,0.0,0.0,False
ROW00143162,TXN0062117,2026-07-01,12:52:06,SKU0738,Store C,Retail,1.0,1.494,1.2048,0.2892,0.6391,0.5657,0.0,0.0,False
ROW00143239,TXN0062159,2026-07-01,17:30:11,SKU0152,Store C,Retail,1.0,0.3735,0.3012,0.0723,0.1231,0.1781,0.0,0.0,False
ROW00143249,TXN0062164,2026-07-01,18:33:02,SKU0879,Store C,Retail,2.0,0.249,0.2008,0.0482,0.0622,0.1385,0.0,0.0,False
ROW00143252,TXN0062165,2026-07-01,18:40:43,SKU0991,Store C,Retail,1.0,1.328,1.0709,0.2571,0.5063,0.5646,0.0,0.0,False
ROW00143316,TXN0062197,2026-07-02,15:06:14,SKU0681,Store A,Retail,2.0,2.324,1.8742,0.4498,0.7653,1.109,0.0,0.0,False
ROW00143339,TXN0062206,2026-07-02,16:52:26,SKU0841,Store A,Retail,2.0,0.5229,0.4217,0.1012,0.3652,0.0565,0.0581,0.1,False
ROW00143358,TXN0062210,2026-07-02,17:37:14,SKU1768,Store A,Retail,1.0,2.158,1.7403,0.4177,0.7945,0.9459,0.0,0.0,False
ROW00143384,TXN0062223,2026-07-02,19:31:51,SKU1589,Store A,Retail,1.0,1.494,1.2048,0.2892,0.6059,0.5989,0.0,0.0,False
ROW00143400,TXN0062230,2026-07-02,12:43:12,SKU1364,Store B,Retail,2.0,4.15,3.3468,0.8032,1.577,1.7698,0.0,0.0,False
ROW00143454,TXN0062257,2026-07-02,19:31:05,SKU0803,Store B,Retail,4.0,5.312,4.2839,1.0281,0.9628,3.3211,0.0,0.0,False
ROW00143526,TXN0062288,2026-07-02,12:59:44,SKU0095,Store C,Retail,1.0,0.913,0.7363,0.1767,0.3735,0.3628,0.0,0.0,False
ROW00143551,TXN0062297,2026-07-02,14:26:47,SKU1236,Store C,Retail,1.0,1.245,1.0041,0.2409,0.4897,0.5144,0.0,0.0,False
ROW00143573,TXN0062307,2026-07-02,15:17:54,SKU0852,Store C,Retail,1.0,0.4565,0.3681,0.0884,0.2739,0.0942,0.0,0.0,False
ROW00143586,TXN0062314,2026-07-02,16:32:09,SKU1233,Store C,Retail,1.0,1.245,1.0041,0.2409,0.5146,0.4895,0.0,0.0,False
ROW00143627,TXN0062335,2026-07-02,19:31:53,SKU1615,Store C,Retail,1.0,1.411,1.1379,0.2731,0.664,0.4739,0.0,0.0,False
ROW00143650,TXN0062346,2026-07-03,15:10:23,SKU0583,Store A,Retail,1.0,0.083,0.0669,0.0161,0.0251,0.0418,0.083,0.5,False
ROW00143680,TXN0062357,2026-07-03,17:03:16,SKU1745,Store A,Retail,1.0,0.083,0.083,0.0,0.083,0.0,0.0,0.0,False
ROW00143702,TXN0062369,2026-07-03,19:58:53,SKU0248,Store A,Retail,1.0,1.577,1.2718,0.3052,0.679,0.5928,0.0,0.0,False
ROW00143713,TXN0062372,2026-07-03,12:45:40,SKU1404,Store B,Retail,1.0,0.8964,0.7229,0.1735,0.381,0.342,0.0996,0.1,False
ROW00143724,TXN0062376,2026-07-03,13:20:40,SKU0660,Store B,Retail,1.0,2.158,1.7403,0.4177,0.7945,0.9459,0.0,0.0,False
ROW00143751,TXN0062384,2026-07-03,15:11:28,SKU1701,Store B,Retail,1.0,0.9711,0.7831,0.188,0.4897,0.2934,0.1079,0.1,False
ROW00143831,TXN0062415,2026-07-03,18:34:32,SKU1384,Store B,Retail,-1.0,-0.996,-0.8032,-0.1928,-0.4897,-0.3135,0.0,0.0,True
ROW00143840,TXN0062423,2026-07-03,19:17:03,SKU1048,Store B,Retail,1.0,1.245,1.0041,0.2409,0.4067,0.5974,0.0,0.0,False
ROW00143875,TXN0062445,2026-07-03,11:04:12,SKU0654,Store C,Retail,1.0,1.826,1.4726,0.3534,0.3835,1.0891,0.0,0.0,False
ROW00143898,TXN0062461,2026-07-03,13:49:55,SKU0260,Store C,Retail,1.0,1.826,1.4726,0.3534,0.7171,0.7555,0.0,0.0,False
ROW00143938,TXN0062478,2026-07-03,15:54:59,SKU1079,Store C,Retail,1.0,1.577,1.2718,0.3052,0.3776,0.8942,0.0,0.0,False
ROW00143981,TXN0062496,2026-07-03,17:46:13,SKU1229,Store C,Retail,1.0,0.2075,0.1673,0.0402,0.0498,0.1175,0.0,0.0,False
ROW00143982,TXN0062496,2026-07-03,17:46:13,SKU1230,Store C,Retail,1.0,0.2075,0.1673,0.0402,0.0498,0.1175,0.0,0.0,False
ROW00144000,TXN0062506,2026-07-03,12:35:06,SKU1790,Warehouse,Wholesale,120.0,281.5858,227.0853,54.5005,148.404,78.6813,67.0142,0.1922,False
ROW00144011,TXN0062509,2026-07-04,10:42:47,SKU0698,Store A,Retail,1.0,1.909,1.5395,0.3695,0.6032,0.9363,0.0,0.0,False
ROW00144040,TXN0062519,2026-07-04,14:09:17,SKU0582,Store A,Retail,1.0,0.332,0.2678,0.0642,0.0913,0.1765,0.083,0.2,False
ROW00144047,TXN0062521,2026-07-04,14:10:36,SKU1629,Store A,Retail,1.0,0.083,0.083,0.0,0.083,0.0,0.0,0.0,False
ROW00144132,TXN0062559,2026-07-04,14:56:42,SKU0152,Store B,Retail,1.0,0.3735,0.3012,0.0723,0.1231,0.1781,0.0,0.0,False
ROW00144168,TXN0062578,2026-07-04,19:29:49,SKU1787,Store B,Retail,2.0,5.81,4.6855,1.1245,2.4734,2.2121,0.0,0.0,False
ROW00144199,TXN0062589,2026-07-04,12:34:15,SKU1384,Store C,Retail,1.0,0.996,0.8032,0.1928,0.4897,0.3135,0.0,0.0,False
ROW00144239,TXN0062605,2026-07-04,14:54:00,SKU0879,Store C,Retail,1.0,0.1245,0.1004,0.0241,0.0311,0.0693,0.0,0.0,False
ROW00144275,TXN0062621,2026-07-04,16:38:38,SKU0050,Store C,Retail,1.0,2.075,1.6734,0.4016,0.7055,0.9679,0.913,0.3056,False
ROW00144282,TXN0062626,2026-07-04,17:17:06,SKU1400,Store C,Retail,1.0,2.656,2.1419,0.5141,1.245,0.8969,0.0,0.0,False
ROW00144319,TXN0062639,2026-07-04,18:36:23,SKU0232,Store C,Retail,1.0,0.664,0.5355,0.1285,0.1328,0.4027,0.0,0.0,False
ROW00144343,TXN0062652,2026-07-04,19:07:54,SKU0681,Store C,Retail,1.0,1.162,0.9371,0.2249,0.3826,0.5544,0.0,0.0,False
ROW00144412,TXN0062690,2026-07-05,18:53:03,SKU0852,Store A,Retail,1.0,0.4565,0.3681,0.0884,0.2739,0.0942,0.0,0.0,False
ROW00144414,TXN0062690,2026-07-05,18:53:03,SKU1743,Store A,Retail,1.0,0.083,0.083,0.0,0.083,0.0,0.0,0.0,False
ROW00144478,TXN0062723,2026-07-05,17:36:31,SKU1001,Store B,Retail,1.0,0.581,0.4685,0.1125,0.2075,0.261,0.0,0.0,False
ROW00144494,TXN0062732,2026-07-05,18:28:48,SKU1049,Store B,Retail,1.0,1.245,1.0041,0.2409,0.3583,0.6457,0.0,0.0,False
ROW00144519,TXN0062740,2026-07-05,11:26:08,SKU1789,Store C,Retail,1.0,1.494,1.2048,0.2892,1.328,-0.1232,0.996,0.4,False
ROW00144527,TXN0062745,2026-07-05,11:59:43,SKU1744,Store C,Retail,1.0,0.083,0.083,0.0,0.083,0.0,0.0,0.0,False
ROW00144577,TXN0062758,2026-07-05,13:16:56,SKU1084,Store C,Retail,1.0,1.245,1.0041,0.2409,0.3196,0.6845,0.0,0.0,False
ROW00144611,TXN0062774,2026-07-05,14:20:20,SKU0863,Store C,Retail,1.0,0.498,0.4016,0.0964,0.4316,-0.03,0.747,0.6,False
ROW00144624,TXN0062783,2026-07-05,14:52:26,SKU0738,Store C,Retail,1.0,1.494,1.2048,0.2892,0.6391,0.5657,0.0,0.0,False
ROW00144664,TXN0062806,2026-07-05,16:02:45,SKU1402,Store C,Retail,2.0,0.83,0.6694,0.1606,0.2988,0.3706,0.0,0.0,False
ROW00144684,TXN0062817,2026-07-06,13:08:35,SKU1443,Store A,Retail,1.0,0.913,0.7363,0.1767,0.4482,0.2881,0.0,0.0,False
ROW00144695,TXN0062824,2026-07-06,15:22:32,SKU0841,Store A,Retail,1.0,0.2905,0.2343,0.0562,0.1826,0.0517,0.0,0.0,False
ROW00144733,TXN0062839,2026-07-06,17:03:51,SKU0713,Store A,Retail,1.0,1.245,1.0041,0.2409,0.3071,0.697,0.0,0.0,False
ROW00144765,TXN0062855,2026-07-06,11:40:46,SKU1425,Store B,Retail,1.0,1.66,1.3387,0.3213,0.7387,0.6,0.0,0.0,False
ROW00144813,TXN0062885,2026-07-06,15:00:39,SKU1049,Store B,Retail,1.0,1.245,1.0041,0.2409,0.3583,0.6457,0.0,0.0,False
ROW00144831,TXN0062897,2026-07-06,15:45:15,SKU1561,Store B,Retail,1.0,0.913,0.7363,0.1767,0.4067,0.3296,0.0,0.0,False
ROW00144832,TXN0062897,2026-07-06,15:45:15,SKU1606,Store B,Retail,1.0,1.411,1.1379,0.2731,0.664,0.4739,0.0,0.0,False
ROW00144883,TXN0062923,2026-07-06,10:30:21,SKU0984,Store C,Retail,1.0,2.075,1.6734,0.4016,0.913,0.7604,0.0,0.0,False
ROW00144894,TXN0062931,2026-07-06,12:46:11,SKU0878,Store C,Retail,1.0,0.415,0.3347,0.0803,0.1992,0.1355,0.0,0.0,False
ROW00144984,TXN0062969,2026-07-06,17:45:21,SKU0984,Store C,Retail,1.0,2.075,1.6734,0.4016,0.913,0.7604,0.0,0.0,False
ROW00144988,TXN0062972,2026-07-06,17:58:59,SKU0061,Store C,Retail,2.0,1.494,1.2048,0.2892,0.6806,0.5242,0.0,0.0,False
ROW00145048,TXN0063001,2026-07-07,13:35:08,SKU1629,Store A,Retail,1.0,0.083,0.083,0.0,0.083,0.0,0.0,0.0,False
ROW00145087,TXN0063019,2026-07-07,17:45:14,SKU1730,Store A,Retail,1.0,2.49,2.0081,0.4819,1.0707,0.9374,0.83,0.25,False
ROW00145089,TXN0063020,2026-07-07,18:16:49,SKU0852,Store A,Retail,1.0,0.4565,0.3681,0.0884,0.2739,0.0942,0.0,0.0,False
ROW00145091,TXN0063021,2026-07-07,18:17:23,SKU1606,Store A,Retail,2.0,2.822,2.2758,0.5462,1.328,0.9478,0.0,0.0,False
ROW00145180,TXN0063062,2026-07-07,15:19:44,SKU0709,Store B,Retail,1.0,0.83,0.6694,0.1606,0.2,0.4694,0.0,0.0,False
ROW00145244,TXN0063084,2026-07-07,16:34:46,SKU1049,Store B,Retail,1.0,1.245,1.0041,0.2409,0.3583,0.6457,0.0,0.0,False
ROW00145258,TXN0063093,2026-07-07,17:17:18,SKU1572,Store B,Retail,1.0,2.988,2.4097,0.5783,1.4608,0.9489,0.0,0.0,False
ROW00145271,TXN0063101,2026-07-07,17:50:05,SKU1521,Store B,Retail,1.0,1.66,1.3387,0.3213,0.7387,0.6,0.0,0.0,False
ROW00145295,TXN0063112,2026-07-07,18:42:08,SKU1598,Store B,Retail,1.0,2.656,2.1419,0.5141,1.3695,0.7724,0.0,0.0,False
ROW00145299,TXN0063113,2026-07-07,18:49:02,SKU1629,Store B,Retail,1.0,0.083,0.083,0.0,0.083,0.0,0.0,0.0,False
ROW00145323,TXN0063125,2026-07-07,11:05:24,SKU1384,Store C,Retail,1.0,0.996,0.8032,0.1928,0.4897,0.3135,0.0,0.0,False
ROW00145367,TXN0063148,2026-07-07,13:42:51,SKU0861,Store C,Retail,1.0,0.498,0.4016,0.0964,0.2846,0.117,0.0,0.0,False
ROW00145394,TXN0063163,2026-07-07,14:50:45,SKU0863,Store C,Retail,2.0,0.996,0.8032,0.1928,0.8632,-0.06,1.494,0.6,False
ROW00145397,TXN0063164,2026-07-07,14:53:49,SKU0841,Store C,Retail,1.0,0.2905,0.2343,0.0562,0.1826,0.0517,0.0,0.0,False
ROW00145403,TXN0063165,2026-07-07,14:54:27,SKU0635,Store C,Retail,1.0,1.992,1.6065,0.3855,0.7138,0.8927,0.0,0.0,False
ROW00145426,TXN0063177,2026-07-07,15:53:59,SKU0145,Store C,Retail,1.0,0.3735,0.3012,0.0723,0.1231,0.1781,0.0,0.0,False
ROW00145503,TXN0063209,2026-07-07,13:38:57,SKU1729,Warehouse,Wholesale,12.0,34.0871,27.4896,6.5975,14.3424,13.1472,5.7529,0.1444,False
ROW00145528,TXN0063218,2026-07-08,13:48:09,SKU1501,Store A,Retail,1.0,1.245,1.0041,0.2409,0.4897,0.5144,0.0,0.0,False
ROW00145533,TXN0063221,2026-07-08,13:57:30,SKU1084,Store A,Retail,1.0,1.245,1.0041,0.2409,0.3196,0.6845,0.0,0.0,False
ROW00145560,TXN0063230,2026-07-08,15:15:14,SKU0144,Store A,Retail,1.0,0.3735,0.3012,0.0723,0.1231,0.1781,0.0,0.0,False
ROW00145597,TXN0063240,2026-07-08,17:03:04,SKU1744,Store A,Retail,1.0,0.083,0.083,0.0,0.083,0.0,0.0,0.0,False
ROW00145619,TXN0063249,2026-07-08,18:16:39,SKU0841,Store A,Retail,2.0,0.581,0.4685,0.1125,0.3652,0.1033,0.0,0.0,False
ROW00145660,TXN0063257,2026-07-08,10:03:15,SKU1734,Store B,Retail,1.0,1.494,1.2048,0.2892,0.415,0.7898,0.0,0.0,False
ROW00145703,TXN0063279,2026-07-08,16:24:07,SKU1084,Store B,Retail,1.0,1.245,1.0041,0.2409,0.3196,0.6845,0.0,0.0,False
ROW00145705,TXN0063279,2026-07-08,16:24:07,SKU1404,Store B,Retail,2.0,1.992,1.6065,0.3855,0.7619,0.8445,0.0,0.0,False
ROW00145840,TXN0063320,2026-07-08,11:50:10,SKU0666,Store C,Retail,3.0,12.699,10.2411,2.4579,5.737,4.5042,0.0,0.0,False
ROW00145861,TXN0063324,2026-07-08,11:53:57,SKU0906,Store C,Retail,1.0,2.407,1.9411,0.4659,0.7055,1.2356,0.0,0.0,False
ROW00145899,TXN0063336,2026-07-08,13:03:24,SKU1217,Store C,Retail,1.0,0.5395,0.4351,0.1044,0.2739,0.1612,0.0,0.0,False
ROW00145906,TXN0063339,2026-07-08,13:51:23,SKU0681,Store C,Retail,1.0,1.162,0.9371,0.2249,0.3826,0.5544,0.0,0.0,False
ROW00145928,TXN0063349,2026-07-08,15:02:12,SKU1231,Store C,Retail,1.0,0.166,0.1339,0.0321,0.0498,0.0841,0.0,0.0,False
ROW00145970,TXN0063374,2026-07-08,18:21:52,SKU1615,Store C,Retail,1.0,1.411,1.1379,0.2731,0.664,0.4739,0.0,0.0,False
ROW00145978,TXN0063376,2026-07-08,18:23:18,SKU0738,Store C,Retail,1.0,1.494,1.2048,0.2892,0.6391,0.5657,0.0,0.0,False
ROW00146012,TXN0063390,2026-07-08,19:49:53,SKU1524,Store C,Retail,1.0,2.075,1.6734,0.4016,0.9296,0.7438,0.0,0.0,False
ROW00146024,TXN0063395,2026-07-09,12:03:47,SKU1436,Store A,Retail,6.0,1.494,1.2048,0.2892,0.4457,0.7591,0.0,0.0,False
ROW00146032,TXN0063399,2026-07-09,13:51:47,SKU1034,Store A,Retail,1.0,0.5395,0.4351,0.1044,0.2656,0.1695,0.0,0.0,False
ROW00146108,TXN0063427,2026-07-09,19:51:22,SKU0841,Store A,Retail,1.0,0.2656,0.2142,0.0514,0.1826,0.0316,0.0249,0.0857,False
ROW00146133,TXN0063437,2026-07-09,13:08:13,SKU1303,Store B,Retail,1.0,1.245,1.0041,0.2409,0.7304,0.2737,0.83,0.4,False
ROW00146137,TXN0063438,2026-07-09,13:20:13,SKU0583,Store B,Retail,3.0,0.249,0.2008,0.0482,0.0752,0.1256,0.249,0.5,False
ROW00146179,TXN0063457,2026-07-09,17:47:41,SKU1106,Store B,Retail,3.0,0.498,0.4016,0.0964,0.1245,0.2771,0.0,0.0,False
ROW00146230,TXN0063477,2026-07-09,10:44:41,SKU1735,Store C,Retail,1.0,1.494,1.2048,0.2892,0.415,0.7898,0.0,0.0,False
ROW00146268,TXN0063494,2026-07-09,11:28:18,SKU0582,Store C,Retail,1.0,0.332,0.2678,0.0642,0.0913,0.1765,0.083,0.2,False
ROW00146307,TXN0063510,2026-07-09,14:06:53,SKU1629,Store C,Retail,1.0,0.083,0.083,0.0,0.083,0.0,0.0,0.0,False
ROW00146359,TXN0063533,2026-07-09,15:42:19,SKU0140,Store C,Retail,1.0,1.826,1.4726,0.3534,0.913,0.5596,0.0,0.0,False
ROW00146386,TXN0063547,2026-07-09,16:49:00,SKU1502,Store C,Retail,1.0,0.83,0.6694,0.1606,0.2303,0.4391,0.0,0.0,False
ROW00146387,TXN0063548,2026-07-09,16:52:28,SKU1332,Store C,Retail,1.0,1.328,1.0709,0.2571,0.5727,0.4982,0.0,0.0,False
ROW00146393,TXN0063550,2026-07-09,16:59:36,SKU0738,Store C,Retail,1.0,1.494,1.2048,0.2892,0.6391,0.5657,0.0,0.0,False
ROW00146413,TXN0063562,2026-07-09,17:37:56,SKU1447,Store C,Retail,1.0,0.996,0.8032,0.1928,0.4814,0.3218,0.0,0.0,False
ROW00146461,TXN0063578,2026-07-10,12:03:22,SKU1401,Store A,Retail,1.0,2.656,2.1419,0.5141,1.245,0.8969,0.0,0.0,False
ROW00146470,TXN0063583,2026-07-10,13:35:35,SKU1745,Store A,Retail,1.0,0.083,0.083,0.0,0.083,0.0,0.0,0.0,False
ROW00146471,TXN0063583,2026-07-10,13:35:35,SKU1787,Store A,Retail,1.0,2.905,2.3428,0.5622,1.2367,1.1061,0.0,0.0,False
ROW00146566,TXN0063622,2026-07-10,13:20:42,SKU1234,Store B,Retail,1.0,1.909,1.5395,0.3695,0.5146,1.0249,0.0,0.0,False
ROW00146589,TXN0063633,2026-07-10,15:04:32,SKU1789,Store B,Retail,1.0,1.494,1.2048,0.2892,1.328,-0.1232,0.996,0.4,False
ROW00146597,TXN0063637,2026-07-10,15:14:48,SKU0702,Store B,Retail,1.0,1.162,0.9371,0.2249,0.3503,0.5868,0.0,0.0,False
ROW00146648,TXN0063656,2026-07-10,19:42:42,SKU1396,Store B,Retail,1.0,1.66,1.3387,0.3213,0.8466,0.4921,0.0,0.0,False
ROW00146678,TXN0063673,2026-07-10,11:40:40,SKU1513,Store C,Retail,1.0,0.83,0.6694,0.1606,0.3818,0.2876,0.0,0.0,False
ROW00146699,TXN0063685,2026-07-10,12:40:22,SKU1217,Store C,Retail,1.0,0.5395,0.4351,0.1044,0.2739,0.1612,0.0,0.0,False
ROW00146737,TXN0063696,2026-07-10,14:15:15,SKU1302,Store C,Retail,2.0,3.154,2.5435,0.6105,1.245,1.2985,0.996,0.24,False
ROW00146757,TXN0063708,2026-07-10,15:19:03,SKU0091,Store C,Retail,1.0,0.913,0.7363,0.1767,0.3735,0.3628,0.0,0.0,False
ROW00146834,TXN0063744,2026-07-10,18:57:39,SKU0094,Store C,Retail,1.0,0.913,0.7363,0.1767,0.3735,0.3628,0.0,0.0,False
ROW00146844,TXN0063752,2026-07-10,19:36:34,SKU1743,Store C,Retail,1.0,0.083,0.083,0.0,0.083,0.0,0.0,0.0,False
ROW00146845,TXN0063753,2026-07-10,14:25:56,SKU0668,Warehouse,Wholesale,15.0,49.0945,39.5923,9.5022,28.6848,10.9075,14.4005,0.2268,False
ROW00146924,TXN0063788,2026-07-11,16:30:24,SKU1629,Store A,Retail,1.0,0.083,0.083,0.0,0.083,0.0,0.0,0.0,False
ROW00146930,TXN0063791,2026-07-11,17:02:17,SKU1416,Store A,Retail,1.0,1.079,0.8702,0.2088,0.4777,0.3925,0.0,0.0,False
ROW00146935,TXN0063794,2026-07-11,18:07:01,SKU1332,Store A,Retail,1.0,1.328,1.0709,0.2571,0.5727,0.4982,0.0,0.0,False
ROW00146956,TXN0063799,2026-07-11,19:13:20,SKU0884,Store A,Retail,1.0,1.328,1.0709,0.2571,0.5113,0.5597,0.0,0.0,False
ROW00146981,TXN0063809,2026-07-11,12:49:46,SKU0841,Store B,Retail,1.0,0.2573,0.2075,0.0498,0.1909,0.0166,0.0332,0.1143,False
ROW00147023,TXN0063828,2026-07-11,17:20:18,SKU0839,Store B,Retail,5.0,1.245,1.0041,0.2409,0.4648,0.5393,0.0,0.0,False
ROW00147064,TXN0063845,2026-07-11,19:51:45,SKU1424,Store B,Retail,2.0,0.498,0.4016,0.0964,0.1486,0.2531,0.0,0.0,False
ROW00147100,TXN0063864,2026-07-11,11:19:04,SKU1277,Store C,Retail,1.0,1.66,1.3387,0.3213,0.8466,0.4921,0.0,0.0,False
ROW00147183,TXN0063900,2026-07-11,14:41:43,SKU1629,Store C,Retail,1.0,0.083,0.083,0.0,0.083,0.0,0.0,0.0,False
ROW00147193,TXN0063902,2026-07-11,14:48:05,SKU1216,Store C,Retail,1.0,1.162,0.9371,0.2249,0.3619,0.5752,0.0,0.0,False
ROW00147195,TXN0063902,2026-07-11,14:48:05,SKU1404,Store C,Retail,2.0,1.992,1.6065,0.3855,0.7619,0.8445,0.0,0.0,False
ROW00147216,TXN0063910,2026-07-11,15:38:06,SKU1098,Store C,Retail,1.0,1.328,1.0709,0.2571,0.6557,0.4152,0.0,0.0,False
ROW00147234,TXN0063920,2026-07-11,16:12:48,SKU1744,Store C,Retail,2.0,0.166,0.166,0.0,0.166,0.0,0.0,0.0,False
ROW00147310,TXN0063954,2026-07-11,19:42:57,SKU1370,Store C,Retail,1.0,0.83,0.6694,0.1606,0.4067,0.2627,0.0,0.0,False
ROW00147312,TXN0063955,2026-07-11,19:45:04,SKU1397,Store C,Retail,1.0,1.66,1.3387,0.3213,0.8466,0.4921,0.0,0.0,False
ROW00147313,TXN0063956,2026-07-12,10:47:41,SKU0884,Store A,Retail,1.0,1.0624,0.8568,0.2056,0.5113,0.3455,0.2656,0.2,False
ROW00147346,TXN0063967,2026-07-12,14:48:47,SKU1197,Store A,Retail,1.0,1.992,1.6065,0.3855,0.9469,0.6596,0.0,0.0,False
ROW00147377,TXN0063980,2026-07-12,12:18:05,SKU1090,Store B,Retail,1.0,2.407,1.9411,0.4659,1.0375,0.9036,0.0,0.0,False
ROW00147426,TXN0064000,2026-07-12,16:23:16,SKU0841,Store B,Retail,1.0,0.2905,0.2343,0.0562,0.1909,0.0434,0.0,0.0,False
ROW00147441,TXN0064004,2026-07-12,17:52:43,SKU1766,Store B,Retail,1.0,2.158,1.7403,0.4177,0.7945,0.9459,0.0,0.0,False
ROW00147524,TXN0064047,2026-07-12,16:20:35,SKU1616,Store C,Retail,1.0,1.411,1.1379,0.2731,0.664,0.4739,0.0,0.0,False
ROW00147528,TXN0064050,2026-07-12,16:58:50,SKU1555,Store C,Retail,1.0,1.66,1.3387,0.3213,0.8466,0.4921,0.0,0.0,False
ROW00147537,TXN0064053,2026-07-12,17:06:55,SKU1424,Store C,Retail,1.0,0.249,0.2008,0.0482,0.0743,0.1265,0.0,0.0,False
ROW00147571,TXN0064070,2026-07-13,14:30:05,SKU0616,Store A,Retail,1.0,1.162,0.9371,0.2249,0.5395,0.3976,0.0,0.0,False
ROW00147623,TXN0064081,2026-07-13,17:19:19,SKU1787,Store A,Retail,1.0,2.905,2.3428,0.5622,1.2367,1.1061,0.0,0.0,False
ROW00147637,TXN0064088,2026-07-13,18:05:11,SKU1001,Store A,Retail,1.0,0.581,0.4685,0.1125,0.2075,0.261,0.0,0.0,False
ROW00147648,TXN0064094,2026-07-13,19:54:25,SKU1084,Store A,Retail,1.0,1.245,1.0041,0.2409,0.3196,0.6845,0.0,0.0,False
ROW00147676,TXN0064103,2026-07-13,11:47:40,SKU0868,Store B,Retail,1.0,1.7181,1.3856,0.3325,1.1869,0.1987,0.1909,0.1,False
ROW00147682,TXN0064105,2026-07-13,12:42:45,SKU1645,Store B,Retail,1.0,2.3904,1.9278,0.4626,1.0873,0.8405,0.2656,0.1,False
ROW00147753,TXN0064128,2026-07-13,16:56:55,SKU0867,Store B,Retail,10.0,0.415,0.3347,0.0803,0.171,0.1637,0.415,0.5,False
ROW00147764,TXN0064134,2026-07-13,17:30:32,SKU1734,Store B,Retail,1.0,1.494,1.2048,0.2892,0.415,0.7898,0.0,0.0,False
ROW00147810,TXN0064158,2026-07-13,12:42:35,SKU1606,Store C,Retail,1.0,1.411,1.1379,0.2731,0.664,0.4739,0.0,0.0,False
ROW00147866,TXN0064180,2026-07-13,16:16:20,SKU0841,Store C,Retail,1.0,0.2905,0.2343,0.0562,0.1826,0.0517,0.0,0.0,False
ROW00147883,TXN0064189,2026-07-13,16:50:20,SKU1787,Store C,Retail,1.0,2.905,2.3428,0.5622,1.2367,1.1061,0.0,0.0,False
ROW00147937,TXN0064204,2026-07-13,18:19:44,SKU1404,Store C,Retail,1.0,0.996,0.8032,0.1928,0.381,0.4222,0.0,0.0,False
ROW00147939,TXN0064206,2026-07-13,18:28:34,SKU0640,Store C,Retail,1.0,1.66,1.3387,0.3213,0.6201,0.7186,0.0,0.0,False
ROW00148000,TXN0064229,2026-07-14,15:37:12,SKU1568,Store A,Retail,1.0,1.162,0.9371,0.2249,0.5063,0.4308,0.0,0.0,False
ROW00148004,TXN0064231,2026-07-14,15:40:23,SKU0583,Store A,Retail,10.0,0.83,0.6694,0.1606,0.2507,0.4187,0.83,0.5,False
ROW00148015,TXN0064238,2026-07-14,16:19:07,SKU0652,Store A,Retail,1.0,1.245,1.0041,0.2409,0.4084,0.5957,0.0,0.0,False
ROW00148063,TXN0064252,2026-07-14,21:51:24,SKU1477,Store A,Retail,1.0,1.245,1.0041,0.2409,0.5312,0.4729,0.0,0.0,False
ROW00148129,TXN0064272,2026-07-14,14:43:50,SKU1794,Store B,Retail,2.0,1.826,1.4726,0.3534,0.5976,0.875,0.0,0.0,False
ROW00148136,TXN0064276,2026-07-14,15:08:56,SKU1743,Store B,Retail,1.0,0.083,0.083,0.0,0.083,0.0,0.0,0.0,False
ROW00148153,TXN0064284,2026-07-14,16:41:43,SKU0725,Store B,Retail,1.0,2.407,1.9411,0.4659,0.8674,1.0738,0.0,0.0,False
ROW00148167,TXN0064294,2026-07-14,18:05:15,SKU0658,Store B,Retail,1.0,0.83,0.6694,0.1606,0.2716,0.3978,0.0,0.0,False
ROW00148231,TXN0064329,2026-07-14,12:52:14,SKU0474,Store C,Retail,1.0,0.415,0.3347,0.0803,0.1826,0.1521,0.0,0.0,False
ROW00148232,TXN0064329,2026-07-14,12:52:14,SKU1398,Store C,Retail,1.0,0.249,0.2008,0.0482,0.0743,0.1265,0.0,0.0,False
ROW00148272,TXN0064346,2026-07-14,14:22:00,SKU1332,Store C,Retail,1.0,1.328,1.0709,0.2571,0.5727,0.4982,0.0,0.0,False
ROW00148302,TXN0064356,2026-07-14,15:37:44,SKU1789,Store C,Retail,1.0,0.7885,0.6359,0.1526,1.328,-0.6921,1.7015,0.6833,False
ROW00148312,TXN0064360,2026-07-14,15:44:23,SKU0889,Store C,Retail,1.0,0.498,0.4016,0.0964,0.1743,0.2273,0.0,0.0,False
ROW00148351,TXN0064373,2026-07-14,16:54:02,SKU0660,Store C,Retail,1.0,2.158,1.7403,0.4177,0.7945,0.9459,0.0,0.0,False
ROW00148403,TXN0064394,2026-07-14,19:07:01,SKU1647,Store C,Retail,1.0,1.577,1.2718,0.3052,1.0458,0.226,0.664,0.2963,False
ROW00148414,TXN0064397,2026-07-14,13:40:05,SKU1744,Warehouse,Wholesale,24.0,1.992,1.992,0.0,1.992,0.0,0.0,0.0,False
ROW00148454,TXN0064417,2026-07-15,16:46:47,SKU1404,Store A,Retail,10.0,9.96,8.0322,1.9278,3.8097,4.2225,0.0,0.0,False
ROW00148481,TXN0064427,2026-07-15,20:22:20,SKU0878,Store A,Retail,1.0,0.4482,0.3615,0.0867,0.1992,0.1623,0.0498,0.1,False
ROW00148535,TXN0064460,2026-07-15,18:50:46,SKU1276,Store B,Retail,1.0,1.66,1.3387,0.3213,0.8466,0.4921,0.0,0.0,False
ROW00148544,TXN0064464,2026-07-15,19:15:56,SKU0839,Store B,Retail,6.0,1.494,1.2048,0.2892,0.5578,0.6471,0.0,0.0,False
ROW00148608,TXN0064500,2026-07-15,13:05:22,SKU0953,Store C,Retail,1.0,2.407,1.9411,0.4659,0.8674,1.0738,0.0,0.0,False
ROW00148633,TXN0064511,2026-07-15,14:27:32,SKU1629,Store C,Retail,1.0,0.083,0.083,0.0,0.083,0.0,0.0,0.0,False
ROW00148693,TXN0064541,2026-07-15,16:08:17,SKU1647,Store C,Retail,1.0,1.577,1.2718,0.3052,1.0458,0.226,0.664,0.2963,False
ROW00148694,TXN0064541,2026-07-15,16:08:17,SKU1648,Store C,Retail,1.0,1.577,1.2718,0.3052,1.1537,0.1181,0.747,0.3214,False
ROW00148714,TXN0064548,2026-07-15,17:13:36,SKU1230,Store C,Retail,1.0,0.2075,0.1673,0.0402,0.0498,0.1175,0.0,0.0,False
ROW00148735,TXN0064564,2026-07-15,18:34:50,SKU1649,Store C,Retail,1.0,1.577,1.2718,0.3052,1.1537,0.1181,0.747,0.3214,False
ROW00148741,TXN0064566,2026-07-15,18:40:10,SKU1370,Store C,Retail,1.0,0.83,0.6694,0.1606,0.4067,0.2627,0.0,0.0,False
ROW00148787,TXN0064583,2026-07-16,14:09:20,SKU1510,Store A,Retail,1.0,0.747,0.6024,0.1446,0.3818,0.2206,0.083,0.1,False
ROW00148788,TXN0064584,2026-07-16,14:46:56,SKU1303,Store A,Retail,1.0,1.245,1.0041,0.2409,0.6225,0.3816,0.83,0.4,False
ROW00148841,TXN0064597,2026-07-16,16:50:08,SKU1424,Store A,Retail,1.0,0.2241,0.1807,0.0434,0.0743,0.1064,0.0249,0.1,False
ROW00148888,TXN0064621,2026-07-16,12:58:01,SKU1560,Store B,Retail,1.0,0.913,0.7363,0.1767,0.4067,0.3296,0.0,0.0,False
ROW00148915,TXN0064637,2026-07-16,17:57:24,SKU0694,Store B,Retail,1.0,0.83,0.6694,0.1606,0.2158,0.4536,0.0,0.0,False
ROW00148953,TXN0064649,2026-07-16,10:32:02,SKU0612,Store C,Retail,1.0,1.162,0.9371,0.2249,0.5395,0.3976,0.0,0.0,False
ROW00148965,TXN0064657,2026-07-16,10:52:51,SKU0679,Store C,Retail,1.0,1.245,1.0041,0.2409,0.498,0.5061,0.0,0.0,False
ROW00149008,TXN0064678,2026-07-16,11:55:34,SKU0906,Store C,Retail,1.0,2.407,1.9411,0.4659,0.7055,1.2356,0.0,0.0,False
ROW00149086,TXN0064716,2026-07-16,16:12:39,SKU1735,Store C,Retail,1.0,1.494,1.2048,0.2892,0.415,0.7898,0.0,0.0,False
ROW00149092,TXN0064718,2026-07-16,16:17:13,SKU1400,Store C,Retail,1.0,2.656,2.1419,0.5141,1.245,0.8969,0.0,0.0,False
ROW00149095,TXN0064720,2026-07-16,16:21:51,SKU1647,Store C,Retail,1.0,1.577,1.2718,0.3052,1.0458,0.226,0.664,0.2963,False
ROW00149101,TXN0064723,2026-07-16,16:31:40,SKU1701,Store C,Retail,2.0,2.158,1.7403,0.4177,0.9794,0.7609,0.0,0.0,False
ROW00149155,TXN0064751,2026-07-16,19:02:02,SKU1629,Store C,Retail,1.0,0.083,0.083,0.0,0.083,0.0,0.0,0.0,False
ROW00149199,TXN0064766,2026-07-17,15:30:03,SKU0157,Store A,Retail,1.0,0.913,0.7363,0.1767,0.3569,0.3794,0.0,0.0,False
ROW00149222,TXN0064776,2026-07-17,20:01:12,SKU0839,Store A,Retail,2.0,0.4482,0.3615,0.0867,0.1859,0.1755,0.0498,0.1,False
ROW00149239,TXN0064785,2026-07-17,13:10:22,SKU1783,Store B,Retail,0.036,0.4482,0.3615,0.0867,0.1882,0.1732,0.0,0.0,False
ROW00149270,TXN0064792,2026-07-17,15:26:17,SKU1502,Store B,Retail,1.0,0.83,0.6694,0.1606,0.2303,0.4391,0.0,0.0,False
ROW00149402,TXN0064852,2026-07-17,16:31:27,SKU1436,Store C,Retail,1.0,0.249,0.2008,0.0482,0.0743,0.1265,0.0,0.0,False
ROW00149418,TXN0064860,2026-07-17,17:11:15,SKU0519,Store C,Retail,4.0,1.328,1.0709,0.2571,0.3184,0.7526,0.0,0.0,False
ROW00149439,TXN0064865,2026-07-17,17:29:16,SKU0980,Store C,Retail,2.0,0.747,0.6024,0.1446,0.6142,-0.0118,0.581,0.4375,False
ROW00149442,TXN0064868,2026-07-17,17:34:27,SKU1502,Store C,Retail,1.0,0.83,0.6694,0.1606,0.2303,0.4391,0.0,0.0,False
ROW00149445,TXN0064869,2026-07-17,17:39:50,SKU1521,Store C,Retail,1.0,1.66,1.3387,0.3213,0.7387,0.6,0.0,0.0,False
ROW00149466,TXN0064878,2026-07-17,19:19:45,SKU0738,Store C,Retail,1.0,1.494,1.2048,0.2892,0.6391,0.5657,0.0,0.0,False
ROW00149503,TXN0064894,2026-07-18,13:47:02,SKU1384,Store A,Retail,2.0,1.992,1.6065,0.3855,0.9794,0.6271,0.0,0.0,False
ROW00149535,TXN0064901,2026-07-18,15:47:12,SKU0189,Store A,Retail,2.0,0.166,0.1339,0.0321,0.0528,0.0811,0.332,0.6667,False
ROW00149553,TXN0064911,2026-07-18,19:05:13,SKU0867,Store A,Retail,2.0,0.083,0.0669,0.0161,0.0342,0.0327,0.083,0.5,False
ROW00149555,TXN0064913,2026-07-18,10:54:21,SKU1023,Store B,Retail,0.028,0.2241,0.1807,0.0434,0.1185,0.0622,0.0581,0.2059,False
ROW00149608,TXN0064940,2026-07-18,16:22:23,SKU0147,Store B,Retail,1.0,0.913,0.7363,0.1767,0.3403,0.396,0.0,0.0,False
ROW00149620,TXN0064946,2026-07-18,17:41:17,SKU1276,Store B,Retail,1.0,1.66,1.3387,0.3213,0.8466,0.4921,0.0,0.0,False
ROW00149659,TXN0064957,2026-07-18,10:20:30,SKU1521,Store C,Retail,1.0,1.66,1.3387,0.3213,0.7387,0.6,0.0,0.0,False
ROW00149666,TXN0064959,2026-07-18,10:35:31,SKU1436,Store C,Retail,1.0,0.249,0.2008,0.0482,0.0743,0.1265,0.0,0.0,False
ROW00149667,TXN0064960,2026-07-18,10:48:34,SKU0519,Store C,Retail,1.0,0.332,0.2678,0.0642,0.0796,0.1882,0.0,0.0,False
ROW00149680,TXN0064966,2026-07-18,11:57:10,SKU0841,Store C,Retail,1.0,0.2905,0.2343,0.0562,0.1826,0.0517,0.0,0.0,False
ROW00149690,TXN0064971,2026-07-18,12:07:03,SKU1315,Store C,Retail,1.0,1.66,1.3387,0.3213,0.8715,0.4672,0.0,0.0,False
ROW00149750,TXN0064996,2026-07-18,14:47:21,SKU0126,Store C,Retail,1.0,1.826,1.4726,0.3534,0.6377,0.8349,0.0,0.0,False
ROW00149824,TXN0065025,2026-07-18,17:52:32,SKU1502,Store C,Retail,1.0,0.83,0.6694,0.1606,0.2303,0.4391,0.0,0.0,False
ROW00149892,TXN0065047,2026-07-19,14:55:20,SKU0984,Store A,Retail,1.0,2.075,1.6734,0.4016,0.913,0.7604,0.0,0.0,False
ROW00149901,TXN0065049,2026-07-19,15:11:10,SKU0635,Store A,Retail,1.0,1.992,1.6065,0.3855,0.7138,0.8927,0.0,0.0,False
ROW00149963,TXN0065064,2026-07-19,17:38:33,SKU1788,Store A,Retail,1.0,0.7885,0.6359,0.1526,1.328,-0.6921,1.7015,0.6833,False
ROW00149984,TXN0065078,2026-07-19,15:15:29,SKU0724,Store B,Retail,1.0,2.407,1.9411,0.4659,0.8674,1.0738,0.0,0.0,False
ROW00150024,TXN0065094,2026-07-19,19:01:51,SKU1069,Store B,Retail,1.0,1.328,1.0709,0.2571,0.406,0.6649,0.0,0.0,False
ROW00150048,TXN0065104,2026-07-19,12:19:15,SKU1650,Store C,Retail,1.0,4.565,3.6815,0.8835,1.9588,1.7227,0.0,0.0,False
ROW00150062,TXN0065114,2026-07-19,13:01:04,SKU1744,Store C,Retail,1.0,0.083,0.083,0.0,0.083,0.0,0.0,0.0,False
ROW00150066,TXN0065117,2026-07-19,13:09:30,SKU1446,Store C,Retail,1.0,0.913,0.7363,0.1767,0.4482,0.2881,0.0,0.0,False
ROW00150117,TXN0065146,2026-07-19,16:11:26,SKU0655,Store C,Retail,1.0,1.66,1.3387,0.3213,0.4324,0.9063,0.0,0.0,False
ROW00150151,TXN0065164,2026-07-20,13:03:26,SKU0874,Store A,Retail,1.0,0.332,0.2678,0.0642,0.1245,0.1433,0.0,0.0,False
ROW00150232,TXN0065200,2026-07-20,17:34:25,SKU1711,Store A,Retail,1.0,1.328,1.0709,0.2571,0.5063,0.5646,0.0,0.0,False
ROW00150244,TXN0065206,2026-07-20,20:11:13,SKU1557,Store A,Retail,1.0,1.162,0.9371,0.2249,0.3901,0.547,0.0,0.0,False
ROW00150256,TXN0065214,2026-07-20,13:05:14,SKU0147,Store B,Retail,2.0,1.826,1.4726,0.3534,0.6806,0.792,0.0,0.0,False
ROW00150300,TXN0065233,2026-07-20,15:10:31,SKU1034,Store B,Retail,1.0,0.5395,0.4351,0.1044,0.2656,0.1695,0.0,0.0,False
ROW00150323,TXN0065248,2026-07-20,17:06:53,SKU0583,Store B,Retail,1.0,0.083,0.0669,0.0161,0.0251,0.0418,0.083,0.5,False
ROW00150339,TXN0065257,2026-07-20,18:20:14,SKU1416,Store B,Retail,1.0,0.9711,0.7831,0.188,0.4777,0.3054,0.1079,0.1,False
ROW00150403,TXN0065288,2026-07-20,12:11:06,SKU1744,Store C,Retail,2.0,0.166,0.166,0.0,0.166,0.0,0.0,0.0,False
ROW00150434,TXN0065301,2026-07-20,13:40:56,SKU1609,Store C,Retail,2.0,2.822,2.2758,0.5462,1.328,0.9478,0.0,0.0,False
ROW00150492,TXN0065332,2026-07-20,17:21:40,SKU0802,Store C,Retail,1.0,1.577,1.2718,0.3052,0.6225,0.6493,0.0,0.0,False
ROW00150520,TXN0065340,2026-07-20,18:04:14,SKU1744,Store C,Retail,1.0,0.083,0.083,0.0,0.083,0.0,0.0,0.0,False
ROW00150534,TXN0065348,2026-07-20,18:55:08,SKU1790,Store C,Retail,1.0,2.324,1.8742,0.4498,1.2367,0.6375,0.581,0.2,False
ROW00150549,TXN0065354,2026-07-20,19:27:26,SKU1422,Store C,Retail,1.0,0.996,0.8032,0.1928,0.4814,0.3218,0.0,0.0,False
ROW00150612,TXN0065378,2026-07-21,14:53:51,SKU0888,Store A,Retail,1.0,0.2075,0.1673,0.0402,0.0988,0.0686,0.0,0.0,False
ROW00150625,TXN0065382,2026-07-21,15:45:52,SKU1537,Store A,Retail,2.0,2.49,2.0081,0.4819,0.9628,1.0453,0.0,0.0,False
ROW00150651,TXN0065388,2026-07-21,16:40:51,SKU1088,Store A,Retail,1.0,0.498,0.4016,0.0964,0.3652,0.0364,0.332,0.4,False
ROW00150682,TXN0065401,2026-07-21,20:00:44,SKU0901,Store A,Retail,1.0,0.498,0.4016,0.0964,0.2548,0.1468,0.166,0.25,False
ROW00150697,TXN0065409,2026-07-21,13:15:15,SKU1401,Store B,Retail,1.0,2.656,2.1419,0.5141,1.245,0.8969,0.0,0.0,False
ROW00150776,TXN0065451,2026-07-21,19:15:38,SKU1106,Store B,Retail,6.0,0.996,0.8032,0.1928,0.249,0.5542,0.0,0.0,False
ROW00150779,TXN0065453,2026-07-21,19:21:45,SKU0702,Store B,Retail,1.0,1.162,0.9371,0.2249,0.3503,0.5868,0.0,0.0,False
ROW00150800,TXN0065463,2026-07-21,11:11:08,SKU1068,Store C,Retail,1.0,1.328,1.0709,0.2571,0.4374,0.6335,0.0,0.0,False
ROW00150821,TXN0065471,2026-07-21,12:37:31,SKU1506,Store C,Retail,1.0,1.079,0.8702,0.2088,0.4814,0.3888,0.0,0.0,False
ROW00150897,TXN0065493,2026-07-21,15:01:48,SKU1564,Store C,Retail,1.0,0.747,0.6024,0.1446,0.2905,0.3119,0.0,0.0,False
ROW00150922,TXN0065500,2026-07-21,15:24:12,SKU1518,Store C,Retail,1.0,0.83,0.6694,0.1606,0.3818,0.2876,0.0,0.0,False
ROW00150954,TXN0065514,2026-07-21,16:15:52,SKU0867,Store C,Retail,1.0,0.0415,0.0334,0.0081,0.0181,0.0154,0.0415,0.5,False
ROW00150989,TXN0065531,2026-07-21,17:13:42,SKU0890,Store C,Retail,1.0,1.66,1.3387,0.3213,0.4955,0.8432,0.0,0.0,False
ROW00150992,TXN0065531,2026-07-21,17:13:42,SKU1384,Store C,Retail,1.0,0.996,0.8032,0.1928,0.4897,0.3135,0.0,0.0,False
ROW00151007,TXN0065534,2026-07-21,17:16:38,SKU1229,Store C,Retail,2.0,0.415,0.3347,0.0803,0.0996,0.2351,0.0,0.0,False
ROW00151020,TXN0065539,2026-07-21,17:31:49,SKU0841,Store C,Retail,1.0,0.2905,0.2343,0.0562,0.1826,0.0517,0.0,0.0,False
ROW00151075,TXN0065560,2026-07-21,14:25:54,SKU1790,Warehouse,Wholesale,24.0,56.3178,45.4176,10.9002,29.6808,15.7368,13.4022,0.1922,False
ROW00151104,TXN0065572,2026-07-22,13:57:54,SKU1424,Store A,Retail,6.0,1.494,1.2048,0.2892,0.4457,0.7591,0.0,0.0,False
ROW00151157,TXN0065599,2026-07-22,20:29:39,SKU1784,Store A,Retail,0.018,0.1826,0.1472,0.0354,0.0926,0.0546,0.0415,0.1852,False
ROW00151158,TXN0065600,2026-07-22,20:32:40,SKU1174,Store A,Retail,1.0,0.5976,0.4819,0.1157,0.2573,0.2246,0.1494,0.2,False
ROW00151207,TXN0065624,2026-07-22,15:53:19,SKU0807,Store B,Retail,2.0,2.656,2.1419,0.5141,0.5478,1.5941,0.0,0.0,False
ROW00151235,TXN0065638,2026-07-22,18:01:33,SKU1744,Store B,Retail,1.0,0.083,0.083,0.0,0.083,0.0,0.0,0.0,False
ROW00151256,TXN0065647,2026-07-22,19:35:28,SKU0007,Store B,Retail,1.0,0.581,0.4685,0.1125,0.2094,0.2591,0.0,0.0,False
ROW00151307,TXN0065671,2026-07-22,14:06:08,SKU0980,Store C,Retail,2.0,0.747,0.6024,0.1446,0.6142,-0.0118,0.581,0.4375,False
ROW00151308,TXN0065672,2026-07-22,14:18:17,SKU1501,Store C,Retail,2.0,2.49,2.0081,0.4819,0.9794,1.0287,0.0,0.0,False
ROW00151333,TXN0065680,2026-07-22,15:05:19,SKU1416,Store C,Retail,2.0,2.158,1.7403,0.4177,0.9553,0.785,0.0,0.0,False
ROW00151397,TXN0065704,2026-07-22,17:25:59,SKU1384,Store C,Retail,2.0,1.992,1.6065,0.3855,0.9794,0.6271,0.0,0.0,False
ROW00151412,TXN0065715,2026-07-22,18:16:52,SKU0891,Store C,Retail,-1.0,-1.162,-0.9371,-0.2249,-0.3644,-0.5727,0.0,0.0,True
ROW00151443,TXN0065729,2026-07-22,19:51:14,SKU0891,Store C,Retail,1.0,1.162,0.9371,0.2249,0.3644,0.5727,0.0,0.0,False
ROW00151467,TXN0065740,2026-07-23,14:49:48,SKU0950,Store A,Retail,1.0,0.498,0.4016,0.0964,0.1743,0.2273,0.0,0.0,False
ROW00151502,TXN0065751,2026-07-23,17:30:05,SKU0583,Store A,Retail,2.0,0.166,0.1339,0.0321,0.0501,0.0837,0.166,0.5,False
ROW00151532,TXN0065767,2026-07-23,20:43:46,SKU1370,Store A,Retail,1.0,0.83,0.6694,0.1606,0.4067,0.2627,0.0,0.0,False
ROW00151553,TXN0065776,2026-07-23,13:27:27,SKU0841,Store B,Retail,1.0,0.2905,0.2343,0.0562,0.1909,0.0434,0.0,0.0,False
ROW00151566,TXN0065777,2026-07-23,13:32:44,SKU0980,Store B,Retail,1.0,0.3735,0.3012,0.0723,0.3071,-0.0059,0.2905,0.4375,False
ROW00151567,TXN0065777,2026-07-23,13:32:44,SKU1000,Store B,Retail,1.0,0.5976,0.4819,0.1157,0.249,0.2329,0.0664,0.1,False
ROW00151635,TXN0065818,2026-07-23,10:55:44,SKU1513,Store C,Retail,2.0,1.66,1.3387,0.3213,0.7636,0.5751,0.0,0.0,False
ROW00151655,TXN0065826,2026-07-23,11:35:17,SKU0841,Store C,Retail,1.0,0.2905,0.2343,0.0562,0.1826,0.0517,0.0,0.0,False
ROW00151696,TXN0065846,2026-07-23,12:32:57,SKU1501,Store C,Retail,1.0,1.245,1.0041,0.2409,0.4897,0.5144,0.0,0.0,False
ROW00151721,TXN0065856,2026-07-23,13:54:53,SKU1524,Store C,Retail,1.0,2.075,1.6734,0.4016,0.9296,0.7438,0.0,0.0,False
ROW00151734,TXN0065863,2026-07-23,14:06:03,SKU1050,Store C,Retail,1.0,1.245,1.0041,0.2409,0.3071,0.697,0.0,0.0,False
ROW00151756,TXN0065872,2026-07-23,14:48:11,SKU1197,Store C,Retail,1.0,1.992,1.6065,0.3855,0.9469,0.6596,0.0,0.0,False
ROW00151813,TXN0065902,2026-07-23,17:29:42,SKU0100,Store C,Retail,3.0,0.1245,0.1004,0.0241,0.2231,-0.1227,0.6225,0.8333,False
ROW00151864,TXN0065920,2026-07-24,14:20:01,SKU0666,Store A,Retail,1.0,3.32,2.6774,0.6426,1.9123,0.7651,0.913,0.2157,False
ROW00151881,TXN0065926,2026-07-24,15:22:33,SKU1788,Store A,Retail,2.0,1.577,1.2718,0.3052,2.656,-1.3842,3.403,0.6833,False
ROW00151919,TXN0065937,2026-07-24,17:49:55,SKU1084,Store A,Retail,1.0,1.245,1.0041,0.2409,0.3196,0.6845,0.0,0.0,False
